convention,scale,pool,dim,lam,n_train,n_dev,n_test,n_zero_train,n_zero_test,budget,prevalence,n_over_d,clean_train_logloss,clean_dev_logloss,clean_test_logloss,clean_train_acc,clean_dev_acc,clean_test_acc,clean_theta_norm,clean_hessian_cond,clean_grad_norm,pois_test_logloss,pois_test_acc,pois_theta_norm,pois_grad_norm,theta_dist,theta_cos,uninf_loss,clean_beats_uninf_test,fm_cleanhead_auroc,fm_cleanhead_auprc,fm_cleanhead_prec_at_b,fm_cleanhead_recall_at_b,fm_cleanhead_prec_lift,fm_cleanhead_n_tied_at_cut,fm_cleanhead_n_hits_at_b,si_cleanhead_auroc,si_cleanhead_auprc,si_cleanhead_prec_at_b,si_cleanhead_recall_at_b,si_cleanhead_prec_lift,si_cleanhead_n_tied_at_cut,si_cleanhead_n_hits_at_b,fm_refit_auroc,fm_refit_auprc,fm_refit_prec_at_b,fm_refit_recall_at_b,fm_refit_prec_lift,fm_refit_n_tied_at_cut,fm_refit_n_hits_at_b,si_refit_auroc,si_refit_auprc,si_refit_prec_at_b,si_refit_recall_at_b,si_refit_prec_lift,si_refit_n_tied_at_cut,si_refit_n_hits_at_b,refit_marg_mean_reversed,refit_marg_mean_retained,refit_marg_excess_reversed,refit_frac_reversed_positive,cleanhead_marg_mean_reversed,cleanhead_marg_mean_retained,cleanhead_marg_excess_reversed,cleanhead_frac_reversed_positive,inverted_separation_fm_refit
cat,n300,0,32,1e-06,183,79,2058,38,296,27,0.14754098360655737,5.71875,0.5322019227499937,0.7311347509704442,0.7815612776410628,0.7049180327868853,0.5822784810126582,0.5626822157434402,41.132836101529,21.92103536742951,3.316168514293596e-09,1.0331485844653447,0.6000971817298348,63.84197937465436,8.086039087972056e-10,47.9469908065618,0.6604707535317624,0.6931471805599453,False,0.7490503323836657,0.5352735792018973,0.5185185185185185,0.5185185185185185,0.3709775349119611,1,14,0.7894112060778727,0.5951984417110401,0.48148148148148145,0.48148148148148145,0.3339404978749241,1,13,0.2580721747388414,0.0989876920051616,0.0,0.0,-0.14754098360655737,1,0,0.34449192782526117,0.10950784094008346,0.037037037037037035,0.037037037037037035,-0.11050394656952034,1,1,3.9900865794999216,2.3494906306184804,1.6405959488814412,1.0,-1.2434828051321674,1.0250616862322648,-2.268544491364432,0.4444444444444444,0.7419278252611585
cat,n300,0,32,1e-05,183,79,2058,38,296,27,0.14754098360655737,5.71875,0.5330600659558153,0.7115213137146954,0.7582457783028046,0.6994535519125683,0.5949367088607594,0.5626822157434402,36.850058104843654,17.549104008067562,5.585104768439899e-10,0.9275099329630906,0.6020408163265306,52.024028590738176,1.5750835360459525e-09,39.07689290818227,0.6617907324041391,0.6931471805599453,False,0.74667616334283,0.5455151818094865,0.5185185185185185,0.5185185185185185,0.3709775349119611,1,14,0.785375118708452,0.5861587850448814,0.48148148148148145,0.48148148148148145,0.3339404978749241,1,13,0.24548907882241217,0.09794624583770518,0.0,0.0,-0.14754098360655737,1,0,0.34591642924976257,0.10934685464846726,0.037037037037037035,0.037037037037037035,-0.11050394656952034,1,1,3.523618457742402,1.9772452924076636,1.5463731653347386,1.0,-1.1067044920600355,0.9346472372922217,-2.0413517293522574,0.4444444444444444,0.7545109211775878
cat,n300,0,32,0.0001,183,79,2058,38,296,27,0.14754098360655737,5.71875,0.550437789899799,0.6587420693246695,0.6921089569707138,0.7049180327868853,0.6075949367088608,0.5748299319727891,21.878319216060408,7.454278113740854,1.2955959315746856e-09,0.7362295343279558,0.6073858114674441,27.628377903140137,4.808452996646697e-10,21.9519665121407,0.6287398471868522,0.6931471805599453,True,0.724596391263058,0.5344591240970006,0.5185185185185185,0.5185185185185185,0.3709775349119611,1,14,0.7773029439696106,0.5644459235028171,0.4444444444444444,0.4444444444444444,0.29690346083788705,1,12,0.1932573599240266,0.0931045584366778,0.0,0.0,-0.14754098360655737,1,0,0.38271604938271603,0.11794836395472955,0.0,0.0,-0.14754098360655737,1,0,2.4296950478435853,1.1405104133419453,1.28918463450164,1.0,-0.6131335992549481,0.6060323742843783,-1.2191659735393263,0.4444444444444444,0.8067426400759734
cat,n300,0,32,0.001,183,79,2058,38,296,27,0.14754098360655737,5.71875,0.6112751038624776,0.6527867542427772,0.6674912485192689,0.7158469945355191,0.620253164556962,0.5816326530612245,7.445608244304506,2.438143460683916,3.5246672797839657e-10,0.6479115922446997,0.608843537414966,10.038698825521298,8.564289691746689e-11,8.806451668163898,0.5261876208100726,0.6931471805599453,True,0.6818613485280152,0.4917860941239458,0.4444444444444444,0.4444444444444444,0.29690346083788705,1,12,0.7440645773979108,0.5193692478510378,0.4074074074074074,0.4074074074074074,0.25986642380085,1,11,0.1590693257359924,0.09038621193198246,0.0,0.0,-0.14754098360655737,1,0,0.5498575498575499,0.17394905383583043,0.2222222222222222,0.2222222222222222,0.07468123861566484,1,6,1.143564868118629,0.4340490107079073,0.7095158574107217,1.0,-0.15137056262376478,0.2371699812391963,-0.3885405438629611,0.4444444444444444,0.8409306742640076
cat,n300,0,32,0.01,183,79,2058,38,296,27,0.14754098360655737,5.71875,0.6732675697840094,0.6806205555199597,0.6840031611733933,0.6885245901639344,0.6582278481012658,0.5966958211856171,1.361586672722257,1.2148900981427884,5.046336027747557e-12,0.6695802762750438,0.6141885325558795,2.2073788380722377,1.4356848477005183e-10,1.827161657709756,0.563612957323868,0.6931471805599453,True,0.6184710351377019,0.3744737866392536,0.3333333333333333,0.3333333333333333,0.18579234972677594,1,9,0.7340930674264008,0.418741971160035,0.37037037037037035,0.37037037037037035,0.22282938676381298,1,10,0.14767331433998102,0.08965040111700823,0.0,0.0,-0.14754098360655737,1,0,0.7034662867996201,0.34739904128879034,0.2962962962962963,0.2962962962962963,0.1487553126897389,1,8,0.26971289534504295,0.09545501875234468,0.17425787659269826,1.0,-0.003485635233451833,0.04920611514976871,-0.05269175038322055,0.5555555555555556,0.852326685660019
cat,n300,0,32,0.1,183,79,2058,38,296,27,0.14754098360655737,5.71875,0.6907612614953609,0.6915514867419226,0.6919589294846128,0.6721311475409836,0.6835443037974683,0.6015549076773566,0.15386814704785215,1.0227176103767583,2.844854668416247e-11,0.6897697313612559,0.6122448979591837,0.26795603043662203,5.5440289214651555e-12,0.21623472070949978,0.5908138143917274,0.6931471805599453,True,0.5892687559354226,0.34779631363010216,0.3333333333333333,0.3333333333333333,0.18579234972677594,1,9,0.7274453941120608,0.31031635713070205,0.37037037037037035,0.37037037037037035,0.22282938676381298,1,10,0.14577397910731243,0.0895486633722005,0.0,0.0,-0.14754098360655737,1,0,0.7241215574548908,0.30510616276674735,0.37037037037037035,0.37037037037037035,0.22282938676381298,1,10,0.0329999285746255,0.011562798502348839,0.02143713007227666,1.0,0.0006077431600614449,0.00574604265279413,-0.005138299492732685,0.6296296296296297,0.8542260208926875
cat,n300,0,32,1.0,183,79,2058,38,296,27,0.14754098360655737,5.71875,0.6929035747054018,0.6929831342293388,0.6930247553167239,0.6612021857923497,0.6835443037974683,0.6025267249757046,0.015601779781826036,1.0022814870150116,2.5865885186756804e-09,0.6927950486352801,0.6122448979591837,0.02740820295915735,1.1894122051744834e-12,0.022053367602221124,0.5943103293246004,0.6931471805599453,True,0.585707502374169,0.34345384239523397,0.3333333333333333,0.3333333333333333,0.18579234972677594,1,9,0.7272079772079773,0.30435326325696743,0.37037037037037035,0.37037037037037035,0.22282938676381298,1,10,0.1452991452991453,0.08952708001728381,0.0,0.0,-0.14754098360655737,1,0,0.7267331433998101,0.30416926496899355,0.37037037037037035,0.37037037037037035,0.22282938676381298,1,10,0.003377918486334241,0.0011823118518282417,0.002195606634505999,1.0,7.42116699308135e-05,0.0005848276657281222,-0.0005106159957973086,0.6296296296296297,0.8547008547008547
cat,n300,0,64,1e-06,183,79,2058,38,296,27,0.14754098360655737,2.859375,0.37921541198218767,0.865224684114927,1.178288219611223,0.819672131147541,0.6329113924050633,0.5524781341107872,108.289399020719,121.65234206243035,1.193674952299981e-09,1.6003757174962854,0.575801749271137,142.09242928350608,2.163173220904006e-09,118.2826313683409,0.5825031071984392,0.6931471805599453,False,0.9135802469135802,0.786797132610337,0.7037037037037037,0.7037037037037037,0.5561627200971464,1,19,0.9264007597340931,0.8601779340008151,0.7407407407407407,0.7407407407407407,0.5931997571341834,1,20,0.31552706552706555,0.1049346706400902,0.0,0.0,-0.14754098360655737,1,0,0.34710351377018045,0.10940609128136296,0.0,0.0,-0.14754098360655737,1,0,7.366944900880812,4.528522558344901,2.838422342535911,1.0,-3.6910553020782775,2.488111034807656,-6.179166336885933,0.1111111111111111,0.6844729344729344
cat,n300,0,64,1e-05,183,79,2058,38,296,27,0.14754098360655737,2.859375,0.39283331974461194,0.7353986012791934,0.9262808760392915,0.8142076502732241,0.6075949367088608,0.5626822157434402,69.431560380155,42.80193661135879,1.0116264771725215e-09,1.0551610545946855,0.5903790087463557,74.24008528211978,6.368366348267186e-10,60.52480217159377,0.6469050691880472,0.6931471805599453,False,0.9040835707502374,0.7772827568707924,0.6296296296296297,0.6296296296296297,0.4820886460230723,1,17,0.9171415004748338,0.8398755253543034,0.7407407407407407,0.7407407407407407,0.5931997571341834,1,20,0.28300094966761635,0.10134170805562358,0.0,0.0,-0.14754098360655737,1,0,0.3402184235517569,0.10826036295509675,0.0,0.0,-0.14754098360655737,1,0,4.5030376961632,2.7176277071698336,1.7854099889933663,1.0,-2.392164544875888,1.7693896808455667,-4.161554225721455,0.14814814814814814,0.7169990503323836
cat,n300,0,64,0.0001,183,79,2058,38,296,27,0.14754098360655737,2.859375,0.4532038577024334,0.6193457930889378,0.7147299573276267,0.7759562841530054,0.6835443037974683,0.5680272108843537,31.10440212832351,9.54220431531487,1.1351979515379355e-09,0.7524161908335294,0.6030126336248786,32.21171387922073,1.2782633332640285e-09,26.59342697002045,0.6476864823319656,0.6931471805599453,False,0.8751187084520418,0.7183626260598521,0.5925925925925926,0.5925925925925926,0.4450516089860352,1,16,0.8767806267806267,0.7317040332909885,0.5925925925925926,0.5925925925925926,0.4450516089860352,1,16,0.23171889838556506,0.09660259757897045,0.0,0.0,-0.14754098360655737,1,0,0.37464387464387466,0.11394824473007627,0.0,0.0,-0.14754098360655737,1,0,2.536181956865325,1.3421660110204456,1.1940159458448796,1.0,-1.0717622403704827,0.9063828962420035,-1.9781451366124863,0.2222222222222222,0.768281101614435
cat,n300,0,64,0.001,183,79,2058,38,296,27,0.14754098360655737,2.859375,0.5733650569400547,0.6288243766887994,0.6643300081236357,0.7377049180327869,0.6835443037974683,0.5884353741496599,9.357664423816729,2.7366418397697307,2.034427263305813e-10,0.6489912883219563,0.608843537414966,10.817952156859684,5.316891322900743e-10,9.583544214661467,0.5568941984569921,0.6931471805599453,True,0.7941595441595442,0.6239287770165015,0.5185185185185185,0.5185185185185185,0.3709775349119611,1,14,0.7813390313390314,0.5994822343656779,0.5185185185185185,0.5185185185185185,0.3709775349119611,1,14,0.18209876543209877,0.09185875097196776,0.0,0.0,-0.14754098360655737,1,0,0.5306267806267806,0.15383426036740494,0.07407407407407407,0.07407407407407407,-0.0734669095324833,1,2,1.1410541072657236,0.48598081860822073,0.6550732886575029,1.0,-0.2850324151733008,0.3154459131978638,-0.6004783283711645,0.37037037037037035,0.8179012345679012
cat,n300,0,64,0.01,183,79,2058,38,296,27,0.14754098360655737,2.859375,0.6676044394450599,0.6763167537685075,0.6829044383262163,0.726775956284153,0.6708860759493671,0.5947521865889213,1.552504622078617,1.2460151344400894,3.22736498833865e-11,0.6693225995805495,0.608357628765792,2.2756163978983874,2.1197535456797053e-10,1.895207886581303,0.5656658876987396,0.6931471805599453,True,0.7200854700854701,0.48013748091909086,0.4444444444444444,0.4444444444444444,0.29690346083788705,1,12,0.7226970560303894,0.44104497074716525,0.4074074074074074,0.4074074074074074,0.25986642380085,1,11,0.15645773979107314,0.09030294875806161,0.0,0.0,-0.14754098360655737,1,0,0.6837606837606838,0.3097191522225946,0.2962962962962963,0.2962962962962963,0.1487553126897389,1,8,0.2698509655007153,0.10285962986407085,0.16699133563664445,1.0,-0.021183300488156153,0.05965984872078682,-0.08084314920894298,0.4444444444444444,0.8435422602089269
cat,n300,0,64,0.1,183,79,2058,38,296,27,0.14754098360655737,2.859375,0.6901677039964115,0.691080360284174,0.6918303501429186,0.7158469945355191,0.6835443037974683,0.5932944606413995,0.1720480936518689,1.0253914011850431,6.558496886222459e-11,0.6897303149400983,0.6112730806608357,0.2739719011169671,1.1416312045254607e-11,0.22242525256582765,0.5854098163606559,0.6931471805599453,True,0.6925451092117759,0.4306923522546838,0.4074074074074074,0.4074074074074074,0.25986642380085,1,11,0.7122507122507122,0.3098353028008385,0.4074074074074074,0.4074074074074074,0.25986642380085,1,11,0.150997150997151,0.0900816229886143,0.0,0.0,-0.14754098360655737,1,0,0.7084520417853751,0.30415684758341643,0.4074074074074074,0.4074074074074074,0.25986642380085,1,11,0.0330169885119349,0.012327181017480484,0.02068980749445442,1.0,-0.0012226363635621993,0.006824271049298289,-0.008046907412860488,0.5185185185185185,0.849002849002849
cat,n300,0,64,1.0,183,79,2058,38,296,27,0.14754098360655737,2.859375,0.6928439366914139,0.6929355541955075,0.6930116787723475,0.7158469945355191,0.6835443037974683,0.5947521865889213,0.017408131592225654,1.0025439752615135,7.216125270483506e-12,0.6927909421841093,0.6107871720116618,0.027999990963077807,2.1851069524116096e-12,0.02266473120559157,0.5881412792363906,0.6931471805599453,True,0.6899335232668566,0.42444738577707497,0.4074074074074074,0.4074074074074074,0.25986642380085,1,11,0.7113010446343779,0.3003940384078427,0.4074074074074074,0.4074074074074074,0.25986642380085,1,11,0.15004748338081672,0.0900050864712876,0.0,0.0,-0.14754098360655737,1,0,0.7110636277302944,0.30029924322120777,0.4074074074074074,0.4074074074074074,0.25986642380085,1,11,0.0033796171162286037,0.0012589726021289664,0.0021206445140996375,1.0,-0.0001094572982618007,0.0006929833981701991,-0.0008024406964319997,0.5185185185185185,0.8499525166191833
cat,n300,0,128,1e-06,183,79,2058,38,296,27,0.14754098360655737,1.4296875,0.05665837148023253,2.0030333033534977,2.418392019504288,0.9890710382513661,0.6962025316455697,0.5568513119533528,294.364807038069,146.89140675384093,6.812833472176382e-10,2.2836530561994652,0.5830903790087464,265.2474023741064,1.4525850693032687e-09,234.43039220297482,0.6534955702524328,0.6931471805599453,False,1.0,1.0,1.0,1.0,0.8524590163934427,1,27,1.0,1.0,1.0,1.0,0.8524590163934427,1,27,0.38698955365622034,0.11712553942314861,0.0,0.0,-0.14754098360655737,1,0,0.3986229819563153,0.11961690543878171,0.0,0.0,-0.14754098360655737,1,0,9.54096546953577,6.244856487825239,3.296108981710531,1.0,-8.904718006323725,5.791372539539397,-14.696090545863122,0.0,0.6130104463437797
cat,n300,0,128,1e-05,183,79,2058,38,296,27,0.14754098360655737,1.4296875,0.16142501473115073,0.9823830614988996,1.1956176235503613,0.9672131147540983,0.6708860759493671,0.5558794946550049,120.88664792053937,44.17762420499635,6.986080579629462e-10,1.1595849840814325,0.5894071914480078,108.89459196712036,2.1378752344536998e-09,87.3757559980077,0.7154827946658402,0.6931471805599453,False,0.9957264957264957,0.9835732742709486,0.9259259259259259,0.9259259259259259,0.7783849423193685,1,25,0.9988129154795822,0.9942129629629629,0.9629629629629629,0.9629629629629629,0.8154219793564055,1,26,0.2932098765432099,0.10184984727216512,0.0,0.0,-0.14754098360655737,1,0,0.32336182336182334,0.10591995677691417,0.0,0.0,-0.14754098360655737,1,0,4.5502110947676515,3.327189814368611,1.2230212803990406,1.0,-3.8270444077394012,2.7819477872363167,-6.608992194975718,0.037037037037037035,0.7067901234567902
cat,n300,0,128,0.0001,183,79,2058,38,296,27,0.14754098360655737,1.4296875,0.3373251790249634,0.6411839980108971,0.7471431064513246,0.8961748633879781,0.6455696202531646,0.5602526724975705,42.23460084577492,11.549626038821254,9.085842043628283e-10,0.7599389434847671,0.5962099125364432,40.64205124813622,6.000225496976459e-10,32.24085671458823,0.6979504407427987,0.6931471805599453,False,0.9667616334283001,0.9325298808780145,0.8888888888888888,0.8888888888888888,0.7413479052823315,1,24,0.9617758784425451,0.9420966797237723,0.8888888888888888,0.8888888888888888,0.7413479052823315,1,24,0.2053656220322887,0.09366142729810448,0.0,0.0,-0.14754098360655737,1,0,0.2849002849002849,0.10101229605883164,0.0,0.0,-0.14754098360655737,1,0,2.6163632116763966,1.570145668200338,1.0462175434760586,1.0,-1.3696579882151252,1.2042407567149718,-2.573898744930097,0.1111111111111111,0.7946343779677113
cat,n300,0,128,0.001,183,79,2058,38,296,27,0.14754098360655737,1.4296875,0.5473190916224439,0.625554980494291,0.6653359008108983,0.825136612021858,0.6582278481012658,0.5884353741496599,10.593494768222579,3.0623804996129906,2.954556490718172e-10,0.6479950090485035,0.6107871720116618,11.782897608784639,1.0895449540670937e-09,10.195680256479598,0.5892664592015416,0.6931471805599453,True,0.8810541310541311,0.7414216597367255,0.6296296296296297,0.6296296296296297,0.4820886460230723,1,17,0.8537511870845205,0.6722655040907712,0.5555555555555556,0.5555555555555556,0.4080145719489982,1,15,0.1664292497625831,0.0909473144000217,0.0,0.0,-0.14754098360655737,1,0,0.4748338081671415,0.1351709890736096,0.07407407407407407,0.07407407407407407,-0.0734669095324833,1,2,1.1800051755293384,0.5367147746713423,0.643290400857996,1.0,-0.33845932513658544,0.3703299551926329,-0.7087892803292184,0.2222222222222222,0.8335707502374169
cat,n300,0,128,0.01,183,79,2058,38,296,27,0.14754098360655737,1.4296875,0.6646067127043511,0.6756170700152019,0.6829268494971588,0.7759562841530054,0.6582278481012658,0.5986394557823129,1.6457345733048423,1.2645759356258979,7.828644666371314e-11,0.6688639596065681,0.60932944606414,2.339443222387686,3.8210069368250984e-10,1.9390277836264784,0.5742195206029852,0.6931471805599453,True,0.7730294396961064,0.5513126069485078,0.48148148148148145,0.48148148148148145,0.3339404978749241,1,13,0.7279202279202279,0.44781165984292787,0.4444444444444444,0.4444444444444444,0.29690346083788705,1,12,0.14838556505223172,0.08993096222208556,0.0,0.0,-0.14754098360655737,1,0,0.6745014245014245,0.2975473200784245,0.2962962962962963,0.2962962962962963,0.1487553126897389,1,8,0.27553411924533333,0.10888024818582058,0.16665387105951274,1.0,-0.02704536352615941,0.06571584260580658,-0.09276120613196599,0.4444444444444444,0.8516144349477683
cat,n300,0,128,0.1,183,79,2058,38,296,27,0.14754098360655737,1.4296875,0.6898635870592853,0.691005214116379,0.6918326457316528,0.7650273224043715,0.6835443037974683,0.598153547133139,0.18066567373367692,1.0269309326012312,9.288068503172886e-11,0.689672949462837,0.607871720116618,0.2794304681840302,1.6956145371882202e-11,0.22626866941954488,0.5895388470399118,0.6931471805599453,True,0.7457264957264957,0.49368048588261537,0.48148148148148145,0.48148148148148145,0.3339404978749241,1,13,0.7082146248812915,0.3090628992419059,0.4074074074074074,0.4074074074074074,0.25986642380085,1,11,0.14767331433998102,0.08994604046220019,0.0,0.0,-0.14754098360655737,1,0,0.7051282051282052,0.30526249530761135,0.4074074074074074,0.4074074074074074,0.25986642380085,1,11,0.03359584195368243,0.012936556584737179,0.020659285368945256,1.0,-0.0018139842198011925,0.007435809971926126,-0.009249794191727318,0.5185185185185185,0.852326685660019
cat,n300,0,128,1.0,183,79,2058,38,296,27,0.14754098360655737,1.4296875,0.6928134809526084,0.6929279869929339,0.6930119123254606,0.7650273224043715,0.6835443037974683,0.598153547133139,0.01826190434992813,1.0026945573305386,9.118341028727482e-12,0.6927850659333827,0.607871720116618,0.028535448013460862,3.095960573149153e-12,0.023042817035791422,0.5918094133661769,0.6931471805599453,True,0.7412155745489079,0.4891064868255239,0.48148148148148145,0.48148148148148145,0.3339404978749241,1,13,0.7070275403608737,0.30024652877524993,0.4074074074074074,0.4074074074074074,0.25986642380085,1,11,0.14743589743589744,0.08993299159418948,0.0,0.0,-0.14754098360655737,1,0,0.7067901234567902,0.3001668982608368,0.4074074074074074,0.4074074074074074,0.25986642380085,1,11,0.0034375734833631097,0.0013199735457872274,0.0021175999375758823,1.0,-0.00016864383682528786,0.0007541972561898044,-0.0009228410930150922,0.5185185185185185,0.8525641025641025
cat,n300,0,256,1e-06,183,79,2058,38,296,27,0.14754098360655737,0.71484375,0.023744731628739715,2.0377262987019082,2.1104237334121443,1.0,0.569620253164557,0.5626822157434402,260.4629544729353,80.7052445295431,3.317053938818525e-10,2.0382030725020988,0.5932944606413995,246.72568696768556,7.827621009305759e-10,152.7978963050185,0.8198145111540956,0.6931471805599453,False,1.0,1.0,1.0,1.0,0.8524590163934427,1,27,1.0,1.0,1.0,1.0,0.8524590163934427,1,27,0.3311965811965812,0.10696629042402374,0.0,0.0,-0.14754098360655737,1,0,0.3385565052231719,0.10803235188848861,0.0,0.0,-0.14754098360655737,1,0,6.683208412484775,5.6240465903463654,1.0591618221384094,1.0,-6.061212453156405,4.895692368262963,-10.956904821419368,0.0,0.6688034188034189
cat,n300,0,256,1e-05,183,79,2058,38,296,27,0.14754098360655737,0.71484375,0.10682143353024005,1.1277181040030517,1.2299355188759913,0.994535519125683,0.6075949367088608,0.5573372206025268,127.50194595455544,38.82904024129351,6.507699271668537e-10,1.188386786521398,0.5957240038872692,116.20591874932333,8.2190151563372e-10,81.53823227962617,0.779944941277867,0.6931471805599453,False,1.0,1.0,1.0,1.0,0.8524590163934427,1,27,1.0,1.0,1.0,1.0,0.8524590163934427,1,27,0.2744539411206078,0.10003229289368362,0.0,0.0,-0.14754098360655737,1,0,0.2924976258309592,0.10223081484365341,0.0,0.0,-0.14754098360655737,1,0,4.288926955380496,3.3393181694723704,0.9496087859081253,1.0,-3.3849146435992656,2.810656775344289,-6.195571418943555,0.0,0.7255460588793923
cat,n300,0,256,0.0001,183,79,2058,38,296,27,0.14754098360655737,0.71484375,0.30998514466867555,0.6743441698856237,0.760133019130091,0.9562841530054644,0.6582278481012658,0.5728862973760933,44.89705385525602,12.498957248402316,1.568193542631823e-09,0.7677090432058684,0.6005830903790087,42.37662793844701,1.15442245301938e-09,33.147196720955215,0.7129211901440439,0.6931471805599453,False,0.9867046533713201,0.9677519118308591,0.9259259259259259,0.9259259259259259,0.7783849423193685,1,25,0.9840930674264008,0.967836144989703,0.9259259259259259,0.9259259259259259,0.7783849423193685,1,25,0.21035137701804368,0.09424660142396056,0.0,0.0,-0.14754098360655737,1,0,0.24477682811016144,0.09720000796892728,0.0,0.0,-0.14754098360655737,1,0,2.6098982490160316,1.6082705650560405,1.0016276839599911,1.0,-1.4243515793872854,1.258779993984827,-2.6831315733721124,0.037037037037037035,0.7896486229819564
cat,n300,0,256,0.001,183,79,2058,38,296,27,0.14754098360655737,0.71484375,0.543243405915315,0.6270954328530496,0.6654402369797218,0.8360655737704918,0.5949367088607594,0.5845481049562682,10.781020316220413,3.1705356652668475,4.2202491934139073e-10,0.6481511977901052,0.6103012633624878,11.89614851239121,1.2148564823623322e-09,10.24963699675635,0.5952848813332806,0.6931471805599453,True,0.8969610636277303,0.7650144600429563,0.6666666666666666,0.6666666666666666,0.5191256830601092,1,18,0.8630104463437797,0.6813331156550771,0.5555555555555556,0.5555555555555556,0.4080145719489982,1,15,0.16832858499525166,0.09110949094048502,0.0,0.0,-0.14754098360655737,1,0,0.44753086419753085,0.12952530586383404,0.07407407407407407,0.07407407407407407,-0.0734669095324833,1,2,1.1793306708647318,0.5432886214013742,0.6360420494633575,1.0,-0.3468257033476469,0.3785412984091276,-0.7253670017567745,0.2222222222222222,0.8316714150047484
cat,n300,0,256,0.01,183,79,2058,38,296,27,0.14754098360655737,0.71484375,0.664181882007109,0.6756554002373301,0.6828727973761785,0.7868852459016393,0.6582278481012658,0.6044703595724004,1.658576391092775,1.2692509736040778,8.621223909106776e-11,0.6688064815511293,0.6098153547133139,2.34570702196776,4.3165842534136095e-10,1.9421134287061552,0.5759379274651282,0.6931471805599453,True,0.7822886989553656,0.5578665693984673,0.48148148148148145,0.48148148148148145,0.3339404978749241,1,13,0.7288698955365622,0.4482541627700409,0.4444444444444444,0.4444444444444444,0.29690346083788705,1,12,0.14909781576448244,0.0899659556629807,0.0,0.0,-0.14754098360655737,1,0,0.6730769230769231,0.29716366061804794,0.2962962962962963,0.2962962962962963,0.1487553126897389,1,8,0.2754976854657908,0.10957705153845214,0.16592063392733863,1.0,-0.027896313437003467,0.06656640612310538,-0.09446271956010885,0.4074074074074074,0.8509021842355176
cat,n300,0,256,0.1,183,79,2058,38,296,27,0.14754098360655737,0.71484375,0.6898209718246189,0.6910068664896999,0.6918259656271959,0.7704918032786885,0.6835443037974683,0.6015549076773566,0.1818411130413084,1.0273112326279163,9.670419576173933e-11,0.6896649848736975,0.6103012633624878,0.2799580497810118,3.0827473021539567e-09,0.22653498514482204,0.5905234763878034,0.6931471805599453,True,0.7537986704653371,0.4986008883342504,0.48148148148148145,0.48148148148148145,0.3339404978749241,1,13,0.7089268755935423,0.3092654757998257,0.4074074074074074,0.4074074074074074,0.25986642380085,1,11,0.14719848053181386,0.08991600966344986,0.0,0.0,-0.14754098360655737,1,0,0.7056030389363722,0.3054217296919609,0.4074074074074074,0.4074074074074074,0.25986642380085,1,11,0.03359231896037788,0.013006421605671793,0.020585897354706083,1.0,-0.0018992596499960962,0.0075210438262450574,-0.009420303476241154,0.48148148148148145,0.8528015194681862
cat,n300,0,256,1.0,183,79,2058,38,296,27,0.14754098360655737,0.71484375,0.6928092181435936,0.6929281279079862,0.6930112296790716,0.7704918032786885,0.6835443037974683,0.6015549076773566,0.018378245615253915,1.0027316906961081,9.377215630224508e-12,0.6927842421627304,0.6107871720116618,0.028587132864313924,3.20727674451473e-12,0.02306898003321487,0.5927182592727613,0.6931471805599453,True,0.7492877492877493,0.4933157552404892,0.48148148148148145,0.48148148148148145,0.3339404978749241,1,13,0.7075023741690408,0.3003694748187566,0.4074074074074074,0.4074074074074074,0.25986642380085,1,11,0.1469610636277303,0.08989086066458805,0.0,0.0,-0.14754098360655737,1,0,0.7075023741690408,0.3003694748187566,0.4074074074074074,0.4074074074074074,0.25986642380085,1,11,0.0034372211394051557,0.0013269613947712875,0.002110259744633868,1.0,-0.00017717324042397,0.0007627223307160975,-0.0009398955711400675,0.5185185185185185,0.8530389363722697
cat,n300,0,384,1e-06,183,79,2058,38,296,27,0.14754098360655737,0.4765625,0.023744731628739715,2.037726298701916,2.1104237334121483,1.0,0.569620253164557,0.5626822157434402,260.4629544729353,80.70524452954304,3.317053938818525e-10,2.0382030725021014,0.5932944606413995,246.72568696768556,7.827621009305759e-10,152.7978963050185,0.8198145111540956,0.6931471805599453,False,1.0,1.0,1.0,1.0,0.8524590163934427,1,27,1.0,1.0,1.0,1.0,0.8524590163934427,1,27,0.3311965811965812,0.10696629042402374,0.0,0.0,-0.14754098360655737,1,0,0.3385565052231719,0.10803235188848861,0.0,0.0,-0.14754098360655737,1,0,6.683208412484775,5.6240465903463654,1.0591618221384094,1.0,-6.061212453156405,4.895692368262963,-10.956904821419368,0.0,0.6688034188034189
cat,n300,0,384,1e-05,183,79,2058,38,296,27,0.14754098360655737,0.4765625,0.10682143353024005,1.1277181040030535,1.2299355188759924,0.994535519125683,0.6075949367088608,0.5573372206025268,127.50194595455544,38.82904024129355,6.507699271668537e-10,1.188386786521399,0.5957240038872692,116.20591874932333,8.2190151563372e-10,81.53823227962617,0.779944941277867,0.6931471805599453,False,1.0,1.0,1.0,1.0,0.8524590163934427,1,27,1.0,1.0,1.0,1.0,0.8524590163934427,1,27,0.2744539411206078,0.10003229289368362,0.0,0.0,-0.14754098360655737,1,0,0.2924976258309592,0.10223081484365341,0.0,0.0,-0.14754098360655737,1,0,4.288926955380496,3.3393181694723704,0.9496087859081253,1.0,-3.3849146435992656,2.810656775344289,-6.195571418943555,0.0,0.7255460588793923
cat,n300,0,384,0.0001,183,79,2058,38,296,27,0.14754098360655737,0.4765625,0.30998514466867555,0.6743441698856237,0.7601330191300911,0.9562841530054644,0.6582278481012658,0.5728862973760933,44.89705385525602,12.498957248402325,1.568193542631823e-09,0.7677090432058686,0.6005830903790087,42.37662793844701,1.15442245301938e-09,33.147196720955215,0.7129211901440439,0.6931471805599453,False,0.9867046533713201,0.9677519118308591,0.9259259259259259,0.9259259259259259,0.7783849423193685,1,25,0.9840930674264008,0.967836144989703,0.9259259259259259,0.9259259259259259,0.7783849423193685,1,25,0.21035137701804368,0.09424660142396056,0.0,0.0,-0.14754098360655737,1,0,0.24477682811016144,0.09720000796892728,0.0,0.0,-0.14754098360655737,1,0,2.6098982490160316,1.6082705650560405,1.0016276839599911,1.0,-1.4243515793872854,1.258779993984827,-2.6831315733721124,0.037037037037037035,0.7896486229819564
cat,n300,0,384,0.001,183,79,2058,38,296,27,0.14754098360655737,0.4765625,0.543243405915315,0.6270954328530496,0.6654402369797218,0.8360655737704918,0.5949367088607594,0.5845481049562682,10.781020316220413,3.1705356652668497,4.2202491934139073e-10,0.6481511977901052,0.6103012633624878,11.89614851239121,1.2148564823623322e-09,10.24963699675635,0.5952848813332806,0.6931471805599453,True,0.8969610636277303,0.7650144600429563,0.6666666666666666,0.6666666666666666,0.5191256830601092,1,18,0.8630104463437797,0.6813331156550771,0.5555555555555556,0.5555555555555556,0.4080145719489982,1,15,0.16832858499525166,0.09110949094048502,0.0,0.0,-0.14754098360655737,1,0,0.44753086419753085,0.12952530586383404,0.07407407407407407,0.07407407407407407,-0.0734669095324833,1,2,1.1793306708647318,0.5432886214013742,0.6360420494633575,1.0,-0.3468257033476469,0.3785412984091276,-0.7253670017567745,0.2222222222222222,0.8316714150047484
cat,n300,0,384,0.01,183,79,2058,38,296,27,0.14754098360655737,0.4765625,0.664181882007109,0.6756554002373301,0.6828727973761785,0.7868852459016393,0.6582278481012658,0.6044703595724004,1.658576391092775,1.2692509736040785,8.621223909106776e-11,0.6688064815511293,0.6098153547133139,2.34570702196776,4.3165842534136095e-10,1.9421134287061552,0.5759379274651282,0.6931471805599453,True,0.7822886989553656,0.5578665693984673,0.48148148148148145,0.48148148148148145,0.3339404978749241,1,13,0.7288698955365622,0.4482541627700409,0.4444444444444444,0.4444444444444444,0.29690346083788705,1,12,0.14909781576448244,0.0899659556629807,0.0,0.0,-0.14754098360655737,1,0,0.6730769230769231,0.29716366061804794,0.2962962962962963,0.2962962962962963,0.1487553126897389,1,8,0.2754976854657908,0.10957705153845214,0.16592063392733863,1.0,-0.027896313437003467,0.06656640612310538,-0.09446271956010885,0.4074074074074074,0.8509021842355176
cat,n300,0,384,0.1,183,79,2058,38,296,27,0.14754098360655737,0.4765625,0.6898209718246189,0.6910068664896999,0.6918259656271959,0.7704918032786885,0.6835443037974683,0.6015549076773566,0.1818411130413084,1.0273112326279172,9.670419576173933e-11,0.6896649848736975,0.6103012633624878,0.2799580497810118,3.0827473021539567e-09,0.22653498514482204,0.5905234763878034,0.6931471805599453,True,0.7537986704653371,0.4986008883342504,0.48148148148148145,0.48148148148148145,0.3339404978749241,1,13,0.7089268755935423,0.3092654757998257,0.4074074074074074,0.4074074074074074,0.25986642380085,1,11,0.14719848053181386,0.08991600966344986,0.0,0.0,-0.14754098360655737,1,0,0.7056030389363722,0.3054217296919609,0.4074074074074074,0.4074074074074074,0.25986642380085,1,11,0.03359231896037788,0.013006421605671793,0.020585897354706083,1.0,-0.0018992596499960962,0.0075210438262450574,-0.009420303476241154,0.48148148148148145,0.8528015194681862
cat,n300,0,384,1.0,183,79,2058,38,296,27,0.14754098360655737,0.4765625,0.6928092181435936,0.6929281279079862,0.6930112296790716,0.7704918032786885,0.6835443037974683,0.6015549076773566,0.018378245615253915,1.0027316906961088,9.377215630224508e-12,0.6927842421627304,0.6107871720116618,0.028587132864313924,3.20727674451473e-12,0.02306898003321487,0.5927182592727613,0.6931471805599453,True,0.7492877492877493,0.4933157552404892,0.48148148148148145,0.48148148148148145,0.3339404978749241,1,13,0.7075023741690408,0.3003694748187566,0.4074074074074074,0.4074074074074074,0.25986642380085,1,11,0.1469610636277303,0.08989086066458805,0.0,0.0,-0.14754098360655737,1,0,0.7075023741690408,0.3003694748187566,0.4074074074074074,0.4074074074074074,0.25986642380085,1,11,0.0034372211394051557,0.0013269613947712875,0.002110259744633868,1.0,-0.00017717324042397,0.0007627223307160975,-0.0009398955711400675,0.5185185185185185,0.8530389363722697
cat,n300,1,32,1e-06,181,78,2058,41,296,27,0.14917127071823205,5.65625,0.5961583350135967,0.7333351679215234,0.671810550239403,0.6740331491712708,0.5512820512820513,0.5991253644314869,20.90239818576329,14.86944883792178,3.062754904956746e-09,0.9421590614042276,0.6132167152575316,48.64982432383779,3.38739763221007e-09,47.25842371872726,0.28043965297148377,0.6931471805599453,True,0.6563251563251563,0.30131244650404243,0.37037037037037035,0.37037037037037035,0.2211990996521383,1,10,0.7746512746512747,0.4776903496220407,0.37037037037037035,0.37037037037037035,0.2211990996521383,1,10,0.1996151996151996,0.09308603361924446,0.0,0.0,-0.14917127071823205,1,0,0.23496873496873497,0.0979403962244193,0.037037037037037035,0.037037037037037035,-0.11213423368119502,1,1,5.445716933659559,2.1063902181031398,3.339326715556419,1.0,-0.04146340675046296,0.5686157854583478,-0.6100791922088108,0.4444444444444444,0.8003848003848004
cat,n300,1,32,1e-05,181,78,2058,41,296,27,0.14917127071823205,5.65625,0.5962574509093072,0.7280360056026829,0.66955661486652,0.6629834254143646,0.5512820512820513,0.6005830903790087,19.99625803356508,13.485542186734945,2.0332533573603395e-09,0.8823699004557539,0.6137026239067055,42.60957928834957,5.331384077464049e-10,41.11058560350059,0.30829020868024387,0.6931471805599453,True,0.6522366522366523,0.27495521338114187,0.3333333333333333,0.3333333333333333,0.18416206261510126,1,9,0.7736892736892736,0.4539811286676012,0.37037037037037035,0.37037037037037035,0.2211990996521383,1,10,0.19937469937469937,0.09315772029481388,0.0,0.0,-0.14917127071823205,1,0,0.2405002405002405,0.09905894193447791,0.07407407407407407,0.07407407407407407,-0.07509719664415798,1,2,4.800023262736127,1.8855216911840469,2.91450157155208,1.0,-0.02601812537117647,0.5506509138307173,-0.5766690392018937,0.48148148148148145,0.8006253006253006
cat,n300,1,32,0.0001,181,78,2058,41,296,27,0.14917127071823205,5.65625,0.6002939239391206,0.701955810446504,0.6595541911933941,0.6629834254143646,0.5641025641025641,0.6010689990281827,14.943684471414421,7.345602120700797,9.461804120943985e-10,0.7316986838383943,0.6171039844509232,25.497754797037825,8.660011923765321e-10,23.51286373183114,0.42069404746477584,0.6931471805599453,True,0.6212121212121212,0.23557082889795852,0.25925925925925924,0.25925925925925924,0.11008798854102719,1,7,0.7679172679172679,0.4333751835263601,0.37037037037037035,0.37037037037037035,0.2211990996521383,1,10,0.19624819624819625,0.09334172203737706,0.0,0.0,-0.14917127071823205,1,0,0.2801827801827802,0.10510249295110892,0.07407407407407407,0.07407407407407407,-0.07509719664415798,1,2,2.948335543553698,1.2227656984786166,1.7255698450750816,1.0,0.0634571134647718,0.4482887091424136,-0.3848315956776418,0.5185185185185185,0.8037518037518038
cat,n300,1,32,0.001,181,78,2058,41,296,27,0.14917127071823205,5.65625,0.6305129531510284,0.6775343188172495,0.6574924028552412,0.6243093922651933,0.5641025641025641,0.607871720116618,6.184030198464728,2.6103798912641643,2.396873488235941e-10,0.6479108000636349,0.6205053449951409,10.342178231043471,9.680554405189782e-11,8.066739172600858,0.6264476363784964,0.6931471805599453,True,0.4636844636844637,0.13493865251773612,0.07407407407407407,0.07407407407407407,-0.07509719664415798,1,2,0.7027417027417028,0.3154600652077859,0.3333333333333333,0.3333333333333333,0.18416206261510126,1,9,0.20057720057720058,0.09469396339376572,0.0,0.0,-0.14917127071823205,1,0,0.4973544973544973,0.14123133847258598,0.07407407407407407,0.07407407407407407,-0.07509719664415798,1,2,1.241662743784528,0.5369432816180203,0.7047194621665077,1.0,0.18889298159489554,0.24231001785100828,-0.05341703625611274,0.8148148148148148,0.7994227994227994
cat,n300,1,32,0.01,181,78,2058,41,296,27,0.14917127071823205,5.65625,0.6748740455119079,0.6855181659131562,0.679913518553813,0.6022099447513812,0.5769230769230769,0.6137026239067055,1.2850635625590876,1.2527978622765672,2.324586817057411e-10,0.666898782351443,0.6234207968901846,2.455666332008232,6.109016141842769e-10,1.6136879688296053,0.8045310118173298,0.6931471805599453,True,0.3374218374218374,0.11136533344534977,0.0,0.0,-0.14917127071823205,1,0,0.6736411736411736,0.22301184850339623,0.18518518518518517,0.18518518518518517,0.03601391446695312,1,5,0.20033670033670034,0.0952911832591644,0.0,0.0,-0.14917127071823205,1,0,0.6469456469456469,0.19929287753543862,0.2222222222222222,0.2222222222222222,0.07305095150399016,1,6,0.30054666127709767,0.12949550277106386,0.1710511585060338,1.0,0.08345631583664605,0.061745040070692495,0.021711275765953553,1.0,0.7996632996632996
cat,n300,1,32,0.1,181,78,2058,41,296,27,0.14917127071823205,5.65625,0.6907769311101392,0.6920751866452927,0.6913587362889891,0.5966850828729282,0.5769230769230769,0.6141885325558795,0.15306544012439463,1.0268259126476285,1.2742407275029428e-11,0.6891954124108176,0.6209912536443148,0.30676426803427354,2.7640780831138606e-11,0.19596715575360335,0.8426174634304341,0.6931471805599453,True,0.3136123136123136,0.10869452366486579,0.0,0.0,-0.14917127071823205,1,0,0.6738816738816739,0.2115974609646898,0.18518518518518517,0.18518518518518517,0.03601391446695312,1,5,0.19817219817219817,0.09521150111102755,0.0,0.0,-0.14917127071823205,1,0,0.671957671957672,0.21030093076901138,0.18518518518518517,0.18518518518518517,0.03601391446695312,1,5,0.037667060872991605,0.01617872434157945,0.021488336531412154,1.0,0.011232652393548271,0.00760527465066059,0.0036273777428876813,1.0,0.8018278018278018
cat,n300,1,32,1.0,181,78,2058,41,296,27,0.14917127071823205,5.65625,0.6929026599816727,0.6930356365113923,0.6929619007378129,0.5966850828729282,0.5769230769230769,0.6141885325558795,0.01562795252181651,1.0026944639289,3.130971619409455e-12,0.692732344728377,0.619533527696793,0.031500513952678985,3.6886016250833106e-12,0.020068662723484385,0.8468245693721292,0.6931471805599453,True,0.3114478114478115,0.10841799044644494,0.0,0.0,-0.14917127071823205,1,0,0.6736411736411736,0.21207562096643923,0.18518518518518517,0.18518518518518517,0.03601391446695312,1,5,0.1976911976911977,0.09519138524580029,0.0,0.0,-0.14917127071823205,1,0,0.6724386724386724,0.21034829192221435,0.18518518518518517,0.18518518518518517,0.03601391446695312,1,5,0.0038690038016494185,0.0016611734910809406,0.002207830310568478,1.0,0.0011617967385279993,0.0007791500058721789,0.0003826467326558204,1.0,0.8023088023088023
cat,n300,1,64,1e-06,181,78,2058,41,296,27,0.14917127071823205,2.828125,0.4438189145358749,0.942014397312757,0.9281592237230271,0.7624309392265194,0.5128205128205128,0.5505344995140914,70.85778626551047,64.7939432849834,1.3534275759229789e-09,2.0548772661705343,0.6010689990281827,198.08908345581742,1.0403042466542477e-09,180.64197072283878,0.4142370240573635,0.6931471805599453,False,0.8516113516113516,0.7051734083370801,0.6666666666666666,0.6666666666666666,0.5174953959484345,1,18,0.879028379028379,0.7923636818966806,0.7037037037037037,0.7037037037037037,0.5545324329854717,1,19,0.2775372775372775,0.10123170700537674,0.0,0.0,-0.14917127071823205,1,0,0.3037518037518038,0.1048984518038955,0.0,0.0,-0.14917127071823205,1,0,13.316504394776011,6.069456012069286,7.247048382706725,1.0,-1.4755662504136462,1.6858965901174774,-3.1614628405311236,0.2222222222222222,0.7224627224627225
cat,n300,1,64,1e-05,181,78,2058,41,296,27,0.14917127071823205,2.828125,0.4481431284569235,0.8596936291642541,0.8406666474306425,0.7679558011049724,0.5641025641025641,0.5534499514091351,56.25575084431705,36.236685508946174,1.5052582369445822e-09,1.1416294695246043,0.6044703595724004,87.67966888969579,7.851294648996762e-10,78.32552397272237,0.47821184994484317,0.6931471805599453,False,0.847041847041847,0.6844975424651977,0.6296296296296297,0.6296296296296297,0.4804583589113976,1,17,0.877104377104377,0.7843731389801362,0.7037037037037037,0.7037037037037037,0.5545324329854717,1,19,0.2558922558922559,0.09907910859174933,0.0,0.0,-0.14917127071823205,1,0,0.3071188071188071,0.10548310777522471,0.0,0.0,-0.14917127071823205,1,0,6.545381642197765,3.125596173554375,3.41978546864339,1.0,-1.1468510711213742,1.4006609100249574,-2.5475119811463314,0.2222222222222222,0.7441077441077442
cat,n300,1,64,0.0001,181,78,2058,41,296,27,0.14917127071823205,2.828125,0.4889903520160378,0.728497166215772,0.7052856546453035,0.7458563535911602,0.5512820512820513,0.5704567541302236,28.30388149433256,10.856258683941471,1.4063788829906012e-09,0.7560834236750801,0.6073858114674441,33.05247541610031,9.227262483817775e-10,29.78970072503361,0.5377526533557377,0.6931471805599453,False,0.8121693121693122,0.6205244770973266,0.5925925925925926,0.5925925925925926,0.4434213218743605,1,16,0.8593073593073594,0.7250336334694271,0.6296296296296297,0.6296296296296297,0.4804583589113976,1,17,0.2291967291967292,0.09674244287465218,0.0,0.0,-0.14917127071823205,1,0,0.3342953342953343,0.10972169674963733,0.0,0.0,-0.14917127071823205,1,0,3.029529230845762,1.4829207419158812,1.546608488929881,1.0,-0.4757108315705835,0.810396560256784,-1.2861073918273676,0.2962962962962963,0.7708032708032708
cat,n300,1,64,0.001,181,78,2058,41,296,27,0.14917127071823205,2.828125,0.589913992695709,0.6766566916065192,0.6613265347226897,0.6961325966850829,0.5897435897435898,0.5884353741496599,8.572652252880381,3.013564618470949,5.302182050080649e-10,0.6498716275834842,0.6137026239067055,11.277597769399033,5.537352885264884e-10,9.128706325007808,0.6068608036021426,0.6931471805599453,True,0.6813371813371814,0.32294745860901236,0.3333333333333333,0.3333333333333333,0.18416206261510126,1,9,0.7633477633477633,0.5054958379696968,0.4444444444444444,0.4444444444444444,0.29527317372621237,1,12,0.21115921115921116,0.0958208108189774,0.0,0.0,-0.14917127071823205,1,0,0.48532948532948533,0.13760138678446487,0.07407407407407407,0.07407407407407407,-0.07509719664415798,1,2,1.263396048862283,0.5957664966621655,0.6676295522001175,1.0,0.043414995221856455,0.32598872027411707,-0.28257372505226064,0.5925925925925926,0.7888407888407889
cat,n300,1,64,0.01,181,78,2058,41,296,27,0.14917127071823205,2.828125,0.6691032619120189,0.6850193585343913,0.6799736950368276,0.6464088397790055,0.5897435897435898,0.6015549076773566,1.4896581394599386,1.2828628965598687,2.192435735053874e-10,0.6667188593931854,0.6229348882410107,2.5301285027593288,6.229243650272566e-10,1.7195694168072737,0.7513495337117345,0.6931471805599453,True,0.44252044252044254,0.12765610387554893,0.07407407407407407,0.07407407407407407,-0.07509719664415798,1,2,0.6786916786916787,0.24138336739823812,0.25925925925925924,0.25925925925925924,0.11008798854102719,1,7,0.2049062049062049,0.09571414143522573,0.0,0.0,-0.14917127071823205,1,0,0.6387686387686388,0.19514426181703415,0.18518518518518517,0.18518518518518517,0.03601391446695312,1,5,0.3061096821236199,0.13757849269088857,0.16853118943273132,1.0,0.06445480960841232,0.07220189932864417,-0.007747089720231845,0.9259259259259259,0.7950937950937951
cat,n300,1,64,0.1,181,78,2058,41,296,27,0.14917127071823205,2.828125,0.6901739356825959,0.6920143644228558,0.6913548398306837,0.6353591160220995,0.6025641025641025,0.60932944606414,0.17160673581824046,1.0293945866231966,1.5887038263251567e-11,0.6891610845722256,0.620019436345967,0.3131899934283862,6.392347950560418e-11,0.20540139486870604,0.7939929013266094,0.6931471805599453,True,0.3968253968253968,0.1191912308619202,0.0,0.0,-0.14917127071823205,1,0,0.6695526695526696,0.2128975763308242,0.18518518518518517,0.18518518518518517,0.03601391446695312,1,5,0.2041847041847042,0.0957119341770131,0.0,0.0,-0.14917127071823205,1,0,0.665945165945166,0.20970868482253163,0.18518518518518517,0.18518518518518517,0.03601391446695312,1,5,0.03825554092167885,0.0170150345055226,0.021240506416156248,1.0,0.009274373795333116,0.008681748317352066,0.00059262547798105,1.0,0.7958152958152958
cat,n300,1,64,1.0,181,78,2058,41,296,27,0.14917127071823205,2.828125,0.6928420868846406,0.6930294188657208,0.6929613860771464,0.6353591160220995,0.6025641025641025,0.6107871720116618,0.01745840251388036,1.0029458508517266,7.034246231810197e-12,0.6927287076389933,0.620019436345967,0.03213027038977936,6.649712326332747e-12,0.020996222689765868,0.7989300316441913,0.6931471805599453,True,0.39225589225589225,0.11853747688109674,0.0,0.0,-0.14917127071823205,1,0,0.6695526695526696,0.21170141929361733,0.18518518518518517,0.18518518518518517,0.03601391446695312,1,5,0.20322270322270322,0.09562443424766245,0.0,0.0,-0.14917127071823205,1,0,0.669071669071669,0.21149240747002446,0.18518518518518517,0.18518518518518517,0.03601391446695312,1,5,0.0039280106861476274,0.0017450538045520952,0.0021829568815955325,1.0,0.0009653751944758606,0.0008871225003022869,7.825269417357378e-05,1.0,0.7967772967772968
cat,n300,1,128,1e-06,181,78,2058,41,296,27,0.14917127071823205,1.4140625,0.06024201981320381,2.993857560686293,2.6441426797419414,0.988950276243094,0.5512820512820513,0.5529640427599611,303.11570982978907,180.74620815022374,6.569396834976404e-10,2.537270680300876,0.5864917395529641,271.9213115226202,3.451677192768153e-10,222.26395977479905,0.7062239165791263,0.6931471805599453,False,1.0,1.0,1.0,1.0,0.850828729281768,1,27,1.0,1.0,1.0,1.0,0.850828729281768,1,27,0.31385281385281383,0.10636889800514535,0.0,0.0,-0.14917127071823205,1,0,0.32275132275132273,0.10788808879644572,0.0,0.0,-0.14917127071823205,1,0,11.750012681479314,7.815832625742799,3.9341800557365145,1.0,-5.799816748911483,6.241519868869107,-12.04133661778059,0.0,0.6861471861471862
cat,n300,1,128,1e-05,181,78,2058,41,296,27,0.14917127071823205,1.4140625,0.1705638941539498,1.3478839344344027,1.2414963375456765,0.9447513812154696,0.5897435897435898,0.5587949465500486,120.87977793795622,52.26985011692068,7.142074074636195e-10,1.229970241440951,0.5991253644314869,108.01940067754234,7.22931246707907e-10,93.72888777692023,0.6699289010066585,0.6931471805599453,False,1.0,1.0,1.0,1.0,0.850828729281768,1,27,1.0,1.0,1.0,1.0,0.850828729281768,1,27,0.2857142857142857,0.10196147227127907,0.0,0.0,-0.14917127071823205,1,0,0.3075998075998076,0.10513035909636012,0.0,0.0,-0.14917127071823205,1,0,5.785191467814035,3.6687239785147665,2.1164674892992683,1.0,-2.8019610939488238,2.6990199202392477,-5.5009810141880715,0.0,0.7142857142857143
cat,n300,1,128,0.0001,181,78,2058,41,296,27,0.14917127071823205,1.4140625,0.34804554286846234,0.7942038489453376,0.7589679392328333,0.8950276243093923,0.6025641025641025,0.5704567541302236,42.49020688481213,14.239293664391033,1.6549501500879293e-09,0.7649567830266097,0.6112730806608357,38.781728233063205,7.858520751323962e-10,35.38050668836466,0.6243492411652336,0.6931471805599453,False,0.9884559884559885,0.9467833631189022,0.8518518518518519,0.8518518518518519,0.7026805811336199,1,23,0.9903799903799904,0.9716607543678862,0.9629629629629629,0.9629629629629629,0.8137916922447308,1,26,0.24362674362674364,0.09764263394863125,0.0,0.0,-0.14917127071823205,1,0,0.3075998075998076,0.10520128145692584,0.037037037037037035,0.037037037037037035,-0.11213423368119502,1,1,2.9212251890381222,1.6775961581911694,1.2436290308469529,1.0,-1.0360076666688431,1.1516812945267938,-2.187688961195637,0.037037037037037035,0.7563732563732564
cat,n300,1,128,0.001,181,78,2058,41,296,27,0.14917127071823205,1.4140625,0.5587827672018468,0.6741701625585176,0.6628145687491321,0.8121546961325967,0.5512820512820513,0.5957240038872692,10.14494031369871,3.4127257597934153,7.286992184692786e-10,0.6492068302528555,0.6098153547133139,11.97580135854735,4.785308505512249e-10,9.908297285583343,0.6097648162064835,0.6931471805599453,True,0.8229918229918229,0.5100020053797989,0.48148148148148145,0.48148148148148145,0.3323102107632494,1,13,0.867003367003367,0.6529255305880752,0.5185185185185185,0.5185185185185185,0.36934724780028644,1,14,0.21332371332371333,0.09592584448163992,0.0,0.0,-0.14917127071823205,1,0,0.43554593554593557,0.1256318532883979,0.037037037037037035,0.037037037037037035,-0.11213423368119502,1,1,1.2755991247594864,0.6373053195361872,0.6382938052232993,1.0,-0.05879240431949537,0.38532620789473665,-0.444118612214232,0.4074074074074074,0.7866762866762866
cat,n300,1,128,0.01,181,78,2058,41,296,27,0.14917127071823205,1.4140625,0.6655006911242565,0.6840877714667393,0.6798994944536955,0.7016574585635359,0.5897435897435898,0.6054421768707483,1.6053732677429642,1.3038130102020686,6.593076292585811e-11,0.6664192353343217,0.6185617103984451,2.576068427612832,8.757255811307954e-11,1.779503439049969,0.7310656806480698,0.6931471805599453,True,0.5108225108225108,0.14219405105775962,0.07407407407407407,0.07407407407407407,-0.07509719664415798,1,2,0.6897546897546898,0.25273542438290414,0.25925925925925924,0.25925925925925924,0.11008798854102719,1,7,0.20274170274170275,0.0954690870057344,0.0,0.0,-0.14917127071823205,1,0,0.6303511303511303,0.19222428560682536,0.18518518518518517,0.18518518518518517,0.03601391446695312,1,5,0.30911233671222,0.14266124094030228,0.16645109577191772,1.0,0.053180328001747934,0.07874373316414782,-0.025563405162399883,0.9259259259259259,0.7972582972582972
cat,n300,1,128,0.1,181,78,2058,41,296,27,0.14917127071823205,1.4140625,0.6898079085992609,0.6919057946397768,0.6913438532756156,0.6740331491712708,0.6025641025641025,0.6049562682215743,0.18195316295135341,1.031097844412185,2.3625090510338442e-11,0.6891230732698803,0.6229348882410107,0.3170384462414881,8.304883819191915e-11,0.2105949382292865,0.7737568279461533,0.6931471805599453,True,0.4434824434824435,0.1274340700104311,0.0,0.0,-0.14917127071823205,1,0,0.6712361712361712,0.21497655399559915,0.18518518518518517,0.18518518518518517,0.03601391446695312,1,5,0.2012987012987013,0.09541991800989706,0.0,0.0,-0.14917127071823205,1,0,0.6645021645021645,0.20937768793641498,0.18518518518518517,0.18518518518518517,0.03601391446695312,1,5,0.03856707121654776,0.01753132427743069,0.02103574693911707,1.0,0.008135791693909124,0.009343042783553423,-0.0012072510896442984,1.0,0.7987012987012987
cat,n300,1,128,1.0,181,78,2058,41,296,27,0.14917127071823205,1.4140625,0.6928054250199714,0.6930183778779753,0.6929602487411247,0.6740331491712708,0.6025641025641025,0.6054421768707483,0.018478514219078854,1.003111882273694,1.0765221753957292e-11,0.6927248094364462,0.6229348882410107,0.03250643393234784,8.10804768339537e-12,0.02150567846100185,0.7788208097209676,0.6931471805599453,True,0.4365079365079365,0.12617529747477357,0.0,0.0,-0.14917127071823205,1,0,0.6685906685906686,0.21143551395021612,0.18518518518518517,0.18518518518518517,0.03601391446695312,1,5,0.20153920153920155,0.09548140552167785,0.0,0.0,-0.14917127071823205,1,0,0.6683501683501684,0.211340935203952,0.18518518518518517,0.18518518518518517,0.03601391446695312,1,5,0.003959212044507663,0.0017967448205382839,0.0021624672239693794,1.0,0.0008514046411228327,0.0009533249987165062,-0.00010192035759367345,1.0,0.7984607984607984
cat,n300,1,256,1e-06,181,78,2058,41,296,27,0.14917127071823205,0.70703125,0.02570510178592456,2.2557792372360574,2.213272548718373,1.0,0.5897435897435898,0.531584062196307,266.7140909238643,100.71783806162836,5.411839689399971e-10,2.029076110734724,0.5728862973760933,237.25940316472781,4.230145785389068e-10,164.49563799693053,0.7930542038595839,0.6931471805599453,False,1.0,1.0,1.0,1.0,0.850828729281768,1,27,1.0,1.0,1.0,1.0,0.850828729281768,1,27,0.28066378066378067,0.10143961914322999,0.0,0.0,-0.14917127071823205,1,0,0.2852332852332852,0.10203123028005173,0.0,0.0,-0.14917127071823205,1,0,8.695213614598103,6.34791203528905,2.347301579309053,1.0,-4.690665517848832,5.011860505084301,-9.702526022933133,0.0,0.7193362193362194
cat,n300,1,256,1e-05,181,78,2058,41,296,27,0.14917127071823205,0.70703125,0.11330921323804123,1.3368490720067663,1.2548488512965827,1.0,0.6282051282051282,0.5495626822157434,129.49593223630245,50.47825362016582,1.6164957305574812e-09,1.188827810752536,0.5874635568513119,114.14461726621495,4.867565771599998e-10,89.48872966026325,0.7370803314477965,0.6931471805599453,False,1.0,1.0,1.0,1.0,0.850828729281768,1,27,1.0,1.0,1.0,1.0,0.850828729281768,1,27,0.2558922558922559,0.09872224218953382,0.0,0.0,-0.14917127071823205,1,0,0.26286676286676286,0.09935182893056774,0.0,0.0,-0.14917127071823205,1,0,5.363278606185282,3.578016152357478,1.7852624538278037,1.0,-2.6973847584661352,2.7610361842530033,-5.458420942719139,0.0,0.7441077441077442
cat,n300,1,256,0.0001,181,78,2058,41,296,27,0.14917127071823205,0.70703125,0.322783090886363,0.8144372913057024,0.7642363496084679,0.9502762430939227,0.5897435897435898,0.5680272108843537,44.99860825361067,16.035469296028126,1.4556799568172037e-09,0.7674572400463335,0.6049562682215743,41.24627072114908,1.1018904023078005e-09,35.99666177990924,0.6547245388476481,0.6931471805599453,False,0.9968734968734969,0.9832599851322024,0.9629629629629629,0.9629629629629629,0.8137916922447308,1,26,0.9978354978354979,0.9907407407407407,0.9629629629629629,0.9629629629629629,0.8137916922447308,1,26,0.23160173160173161,0.09664362103175919,0.0,0.0,-0.14917127071823205,1,0,0.26406926406926406,0.0994136295919634,0.0,0.0,-0.14917127071823205,1,0,2.927988419133461,1.7241287508174417,1.2038596683160192,1.0,-1.0440386343728774,1.213998359930532,-2.258036994303409,0.0,0.7683982683982684
cat,n300,1,256,0.001,181,78,2058,41,296,27,0.14917127071823205,0.70703125,0.5552425681697926,0.6765515350028815,0.6626043006274543,0.8232044198895028,0.5512820512820513,0.5913508260447036,10.315794788481846,3.5389180207096933,8.510297397572632e-10,0.6490529863820754,0.60932944606414,12.14209442063336,4.178692469988987e-10,9.953957865035612,0.617797149939353,0.6931471805599453,True,0.836940836940837,0.5253514067357995,0.5185185185185185,0.5185185185185185,0.36934724780028644,1,14,0.8734968734968735,0.6629136079759694,0.5185185185185185,0.5185185185185185,0.36934724780028644,1,14,0.2106782106782107,0.09577963808308969,0.0,0.0,-0.14917127071823205,1,0,0.40115440115440115,0.1194716980587376,0.037037037037037035,0.037037037037037035,-0.11213423368119502,1,1,1.2809463756836044,0.6460918320873897,0.6348545435962146,1.0,-0.0595600863366303,0.3936000198239141,-0.4531601061605444,0.4444444444444444,0.7893217893217893
cat,n300,1,256,0.01,181,78,2058,41,296,27,0.14917127071823205,0.70703125,0.665134859155807,0.6842869613984272,0.6798460054788045,0.7071823204419889,0.6025641025641025,0.6034985422740525,1.6167143068312235,1.3087697451252966,7.39029653551774e-11,0.6663386046739393,0.6180758017492711,2.5847809095864585,9.376764074657054e-11,1.7824112031289563,0.7320033586450071,0.6931471805599453,True,0.5144300144300145,0.14316890606098043,0.07407407407407407,0.07407407407407407,-0.07509719664415798,1,2,0.6895141895141895,0.25265014173183203,0.25925925925925924,0.25925925925925924,0.11008798854102719,1,7,0.2025012025012025,0.09545024357679113,0.0,0.0,-0.14917127071823205,1,0,0.6281866281866282,0.1915945094284488,0.18518518518518517,0.18518518518518517,0.03601391446695312,1,5,0.30974783150156615,0.14361078282252113,0.16613704867904502,1.0,0.053117888902353756,0.07959366784933161,-0.026475778946977856,0.9259259259259259,0.7974987974987975
cat,n300,1,256,0.1,181,78,2058,41,296,27,0.14917127071823205,0.70703125,0.6897712148560372,0.6919246107609716,0.6913377547682482,0.6740331491712708,0.6025641025641025,0.6054421768707483,0.18295860448409448,1.0314900060375514,2.5125631120402015e-11,0.6891128604664993,0.6185617103984451,0.3177523548348606,8.70493459490079e-11,0.21084357563982356,0.7739277561840706,0.6931471805599453,True,0.4466089466089466,0.12800818281861373,0.0,0.0,-0.14917127071823205,1,0,0.670995670995671,0.21486435090896858,0.18518518518518517,0.18518518518518517,0.03601391446695312,1,5,0.20105820105820105,0.09542850417355207,0.0,0.0,-0.14917127071823205,1,0,0.6647426647426647,0.20946084326009348,0.18518518518518517,0.18518518518518517,0.03601391446695312,1,5,0.038631134286310015,0.017626645611635926,0.02100448867467409,1.0,0.008129592296519564,0.00942821939164957,-0.0012986270951300064,1.0,0.798941798941799
cat,n300,1,256,1.0,181,78,2058,41,296,27,0.14917127071823205,0.70703125,0.6928017545663606,0.6930202458648089,0.692959629815042,0.6685082872928176,0.6025641025641025,0.6049562682215743,0.018577564463545977,1.0031500341491013,1.1212465717957428e-11,0.6927237613491085,0.620019436345967,0.032576096400824664,8.422602748641067e-12,0.021530037885520638,0.7789239303803634,0.6931471805599453,True,0.44035594035594033,0.1269092501674928,0.0,0.0,-0.14917127071823205,1,0,0.6685906685906686,0.21143379295978182,0.18518518518518517,0.18518518518518517,0.03601391446695312,1,5,0.20202020202020202,0.09556030989318517,0.0,0.0,-0.14917127071823205,1,0,0.6681096681096681,0.21121824614972418,0.18518518518518517,0.18518518518518517,0.03601391446695312,1,5,0.0039656200281680395,0.001806278993040593,0.0021593410351274465,1.0,0.0008507847954951318,0.0009618443678072279,-0.00011105957231209609,1.0,0.797979797979798
cat,n300,1,384,1e-06,181,78,2058,41,296,27,0.14917127071823205,0.4713541666666667,0.02570510178592456,2.255779237236071,2.2132725487183724,1.0,0.5897435897435898,0.531584062196307,266.7140909238643,100.71783806162841,5.411839689399971e-10,2.029076110734724,0.5728862973760933,237.25940316472781,4.230145785389068e-10,164.49563799693053,0.7930542038595839,0.6931471805599453,False,1.0,1.0,1.0,1.0,0.850828729281768,1,27,1.0,1.0,1.0,1.0,0.850828729281768,1,27,0.28066378066378067,0.10143961914322999,0.0,0.0,-0.14917127071823205,1,0,0.2852332852332852,0.10203123028005173,0.0,0.0,-0.14917127071823205,1,0,8.695213614598103,6.34791203528905,2.347301579309053,1.0,-4.690665517848832,5.011860505084301,-9.702526022933133,0.0,0.7193362193362194
cat,n300,1,384,1e-05,181,78,2058,41,296,27,0.14917127071823205,0.4713541666666667,0.11330921323804123,1.3368490720067696,1.2548488512965825,1.0,0.6282051282051282,0.5495626822157434,129.49593223630245,50.47825362016582,1.6164957305574812e-09,1.188827810752536,0.5874635568513119,114.14461726621495,4.867565771599998e-10,89.48872966026325,0.7370803314477965,0.6931471805599453,False,1.0,1.0,1.0,1.0,0.850828729281768,1,27,1.0,1.0,1.0,1.0,0.850828729281768,1,27,0.2558922558922559,0.09872224218953382,0.0,0.0,-0.14917127071823205,1,0,0.26286676286676286,0.09935182893056774,0.0,0.0,-0.14917127071823205,1,0,5.363278606185282,3.578016152357478,1.7852624538278037,1.0,-2.6973847584661352,2.7610361842530033,-5.458420942719139,0.0,0.7441077441077442
cat,n300,1,384,0.0001,181,78,2058,41,296,27,0.14917127071823205,0.4713541666666667,0.322783090886363,0.814437291305703,0.7642363496084679,0.9502762430939227,0.5897435897435898,0.5680272108843537,44.99860825361067,16.03546929602814,1.4556799568172037e-09,0.7674572400463334,0.6049562682215743,41.24627072114908,1.1018904023078005e-09,35.99666177990924,0.6547245388476481,0.6931471805599453,False,0.9968734968734969,0.9832599851322024,0.9629629629629629,0.9629629629629629,0.8137916922447308,1,26,0.9978354978354979,0.9907407407407407,0.9629629629629629,0.9629629629629629,0.8137916922447308,1,26,0.23160173160173161,0.09664362103175919,0.0,0.0,-0.14917127071823205,1,0,0.26406926406926406,0.0994136295919634,0.0,0.0,-0.14917127071823205,1,0,2.927988419133461,1.7241287508174417,1.2038596683160192,1.0,-1.0440386343728774,1.213998359930532,-2.258036994303409,0.0,0.7683982683982684
cat,n300,1,384,0.001,181,78,2058,41,296,27,0.14917127071823205,0.4713541666666667,0.5552425681697926,0.6765515350028815,0.6626043006274543,0.8232044198895028,0.5512820512820513,0.5913508260447036,10.315794788481846,3.5389180207096964,8.510297397572632e-10,0.6490529863820754,0.60932944606414,12.14209442063336,4.178692469988987e-10,9.953957865035612,0.617797149939353,0.6931471805599453,True,0.836940836940837,0.5253514067357995,0.5185185185185185,0.5185185185185185,0.36934724780028644,1,14,0.8734968734968735,0.6629136079759694,0.5185185185185185,0.5185185185185185,0.36934724780028644,1,14,0.2106782106782107,0.09577963808308969,0.0,0.0,-0.14917127071823205,1,0,0.40115440115440115,0.1194716980587376,0.037037037037037035,0.037037037037037035,-0.11213423368119502,1,1,1.2809463756836044,0.6460918320873897,0.6348545435962146,1.0,-0.0595600863366303,0.3936000198239141,-0.4531601061605444,0.4444444444444444,0.7893217893217893
cat,n300,1,384,0.01,181,78,2058,41,296,27,0.14917127071823205,0.4713541666666667,0.665134859155807,0.6842869613984272,0.6798460054788045,0.7071823204419889,0.6025641025641025,0.6034985422740525,1.6167143068312235,1.3087697451252964,7.39029653551774e-11,0.6663386046739393,0.6180758017492711,2.5847809095864585,9.376764074657054e-11,1.7824112031289563,0.7320033586450071,0.6931471805599453,True,0.5144300144300145,0.14316890606098043,0.07407407407407407,0.07407407407407407,-0.07509719664415798,1,2,0.6895141895141895,0.25265014173183203,0.25925925925925924,0.25925925925925924,0.11008798854102719,1,7,0.2025012025012025,0.09545024357679113,0.0,0.0,-0.14917127071823205,1,0,0.6281866281866282,0.1915945094284488,0.18518518518518517,0.18518518518518517,0.03601391446695312,1,5,0.30974783150156615,0.14361078282252113,0.16613704867904502,1.0,0.053117888902353756,0.07959366784933161,-0.026475778946977856,0.9259259259259259,0.7974987974987975
cat,n300,1,384,0.1,181,78,2058,41,296,27,0.14917127071823205,0.4713541666666667,0.6897712148560372,0.6919246107609716,0.6913377547682482,0.6740331491712708,0.6025641025641025,0.6054421768707483,0.18295860448409448,1.0314900060375518,2.5125631120402015e-11,0.6891128604664993,0.6185617103984451,0.3177523548348606,8.70493459490079e-11,0.21084357563982356,0.7739277561840706,0.6931471805599453,True,0.4466089466089466,0.12800818281861373,0.0,0.0,-0.14917127071823205,1,0,0.670995670995671,0.21486435090896858,0.18518518518518517,0.18518518518518517,0.03601391446695312,1,5,0.20105820105820105,0.09542850417355207,0.0,0.0,-0.14917127071823205,1,0,0.6647426647426647,0.20946084326009348,0.18518518518518517,0.18518518518518517,0.03601391446695312,1,5,0.038631134286310015,0.017626645611635926,0.02100448867467409,1.0,0.008129592296519564,0.00942821939164957,-0.0012986270951300064,1.0,0.798941798941799
cat,n300,1,384,1.0,181,78,2058,41,296,27,0.14917127071823205,0.4713541666666667,0.6928017545663606,0.6930202458648089,0.692959629815042,0.6685082872928176,0.6025641025641025,0.6049562682215743,0.018577564463545977,1.003150034149103,1.1212465717957428e-11,0.6927237613491085,0.620019436345967,0.032576096400824664,8.422602748641067e-12,0.021530037885520638,0.7789239303803634,0.6931471805599453,True,0.44035594035594033,0.1269092501674928,0.0,0.0,-0.14917127071823205,1,0,0.6685906685906686,0.21143379295978182,0.18518518518518517,0.18518518518518517,0.03601391446695312,1,5,0.20202020202020202,0.09556030989318517,0.0,0.0,-0.14917127071823205,1,0,0.6681096681096681,0.21121824614972418,0.18518518518518517,0.18518518518518517,0.03601391446695312,1,5,0.0039656200281680395,0.001806278993040593,0.0021593410351274465,1.0,0.0008507847954951318,0.0009618443678072279,-0.00011105957231209609,1.0,0.797979797979798
cat,n300,2,32,1e-06,190,81,2058,29,296,28,0.14736842105263157,5.9375,0.4375706823668683,0.8568215759740352,0.8138473446000789,0.8,0.6419753086419753,0.5694849368318756,47.48161773728924,29.900546401550358,8.029060575035431e-10,1.0064313771914117,0.45481049562682213,40.071094428234204,1.064332500126781e-09,37.74784674998903,0.6399781884115769,0.6931471805599453,False,0.9623015873015873,0.9303067982686296,0.8928571428571429,0.8928571428571429,0.7454887218045113,1,25,0.982363315696649,0.9554537724180581,0.8928571428571429,0.8928571428571429,0.7454887218045113,1,25,0.2735890652557319,0.10029617727634477,0.07142857142857142,0.07142857142857142,-0.07593984962406014,1,2,0.4651675485008818,0.15241015437473732,0.17857142857142858,0.17857142857142858,0.03120300751879701,1,5,2.5603503627097015,1.106723855947735,1.4536265067619665,0.9285714285714286,-4.425781706029637,1.3448688278589305,-5.770650533888568,0.07142857142857142,0.7264109347442681
cat,n300,2,32,1e-05,190,81,2058,29,296,28,0.14736842105263157,5.9375,0.43887442781764935,0.8177257946467746,0.7816884919937014,0.7842105263157895,0.6419753086419753,0.5670553935860059,41.63561667595458,21.96783691092696,3.066752410077635e-09,0.9723017182870481,0.45383867832847424,36.01073673416864,9.44943186277902e-10,33.34584196440078,0.6397369304541013,0.6931471805599453,False,0.9638447971781305,0.9332448628201381,0.8928571428571429,0.8928571428571429,0.7454887218045113,1,25,0.9830246913580247,0.9554745099032169,0.8928571428571429,0.8928571428571429,0.7454887218045113,1,25,0.26521164021164023,0.09915949966463726,0.07142857142857142,0.07142857142857142,-0.07593984962406014,1,2,0.4764109347442681,0.15539285669496414,0.17857142857142858,0.17857142857142858,0.03120300751879701,1,5,2.3904656299387352,0.9996744360234326,1.3907911939153026,0.9285714285714286,-4.003456723308159,1.1985823384420449,-5.202039061750204,0.07142857142857142,0.7347883597883598
cat,n300,2,32,0.0001,190,81,2058,29,296,28,0.14736842105263157,5.9375,0.4600965632591283,0.7250583973060537,0.7026912444412605,0.7842105263157895,0.6296296296296297,0.5738581146744413,24.994213951715658,8.295395861788998,3.711901176452118e-10,0.8668987753892972,0.4446064139941691,22.436194884937596,9.220789906311154e-10,21.108346616576302,0.6085606597015801,0.6931471805599453,False,0.9702380952380952,0.941745302489928,0.8928571428571429,0.8928571428571429,0.7454887218045113,1,25,0.9858906525573192,0.9575986929097529,0.8928571428571429,0.8928571428571429,0.7454887218045113,1,25,0.22178130511463845,0.09381984932300724,0.0,0.0,-0.14736842105263157,1,0,0.5304232804232805,0.16985533009637543,0.25,0.25,0.10263157894736843,1,7,1.8024484222727875,0.6300231307199854,1.172425291552802,0.9642857142857143,-2.7368355311654895,0.7510537925151402,-3.48788932368063,0.07142857142857142,0.7782186948853616
cat,n300,2,32,0.001,190,81,2058,29,296,28,0.14736842105263157,5.9375,0.540471809598551,0.676788527925726,0.6608314614990729,0.7789473684210526,0.654320987654321,0.5826044703595724,9.584946188776431,2.5043823205731943,2.8968569284103664e-10,0.7685339854183114,0.42565597667638483,8.602575276195244,7.478092922379733e-10,9.990161429594776,0.4006548557371397,0.6931471805599453,True,0.9885361552028219,0.9623075979198427,0.9285714285714286,0.9285714285714286,0.781203007518797,1,26,0.9814814814814815,0.9403255679119366,0.8928571428571429,0.8928571428571429,0.7454887218045113,1,25,0.12411816578483245,0.08626983239932802,0.0,0.0,-0.14736842105263157,1,0,0.6710758377425045,0.20672409769700303,0.07142857142857142,0.07142857142857142,-0.07593984962406014,1,2,1.0332857262930464,0.22719938887476254,0.8060863374182838,1.0,-1.3989534781092066,0.28390503386727095,-1.6828585119764776,0.0,0.8758818342151675
cat,n300,2,32,0.01,190,81,2058,29,296,28,0.14736842105263157,5.9375,0.6471626588063479,0.6831736027879536,0.6762261409948508,0.7315789473684211,0.654320987654321,0.6025267249757046,2.0274875574143256,1.2805433988826989,1.111088135554517e-10,0.710816353061921,0.40476190476190477,1.7728090840407291,9.60746621831163e-11,2.773092403244323,-0.060718048077165764,0.6931471805599453,True,0.9938271604938271,0.9675639506356386,0.8928571428571429,0.8928571428571429,0.7454887218045113,1,25,0.9232804232804233,0.7191758021623624,0.5714285714285714,0.5714285714285714,0.4240601503759398,1,16,0.057760141093474424,0.08280681782082266,0.0,0.0,-0.14736842105263157,1,0,0.8212081128747796,0.33154322111544365,0.32142857142857145,0.32142857142857145,0.1740601503759399,1,9,0.3075714173811077,0.03710953526191257,0.27046188211919514,1.0,-0.3922359751997982,0.05167820850053508,-0.44391418370033325,0.0,0.9422398589065256
cat,n300,2,32,0.1,190,81,2058,29,296,28,0.14736842105263157,5.9375,0.6870147326183975,0.6916657243933954,0.6906464028486756,0.7210526315789474,0.6172839506172839,0.6059280855199223,0.24600634753744538,1.0308189610131893,4.0859230005439775e-11,0.6952595735574137,0.3969873663751215,0.21294656490146827,3.025828717351603e-11,0.3597573426407088,-0.2248681910520638,0.6931471805599453,True,0.9942680776014109,0.9687522662522664,0.8928571428571429,0.8928571428571429,0.7454887218045113,1,25,0.8767636684303352,0.47765920874458084,0.4642857142857143,0.4642857142857143,0.3169172932330827,1,13,0.04828042328042328,0.08238851548989393,0.0,0.0,-0.14736842105263157,1,0,0.8628747795414462,0.43251653914763244,0.4642857142857143,0.4642857142857143,0.3169172932330827,1,13,0.04015142214402455,0.003964887855287014,0.03618653428873753,1.0,-0.050765581236326136,0.005799414139003274,-0.05656499537532941,0.0,0.9517195767195767
cat,n300,2,32,1.0,190,81,2058,29,296,28,0.14736842105263157,5.9375,0.6925118109460812,0.692991861878452,0.6928851315917918,0.7210526315789474,0.6172839506172839,0.6068999028182702,0.02518960042076131,1.003100159633979,9.149788282314476e-12,0.693362580798761,0.3945578231292517,0.021777185295674375,8.906599275515883e-12,0.037112284426214795,-0.2447868728939518,0.6931471805599453,True,0.9942680776014109,0.9687522662522664,0.8928571428571429,0.8928571428571429,0.7454887218045113,1,25,0.8686067019400353,0.44761303049787343,0.4642857142857143,0.4642857142857143,0.3169172932330827,1,13,0.04739858906525573,0.08234351249668526,0.0,0.0,-0.14736842105263157,1,0,0.8675044091710759,0.44492751861982816,0.4642857142857143,0.4642857142857143,0.3169172932330827,1,13,0.004144080572314587,0.0003990030068447286,0.0037450775654698583,1.0,-0.005235010863000903,0.0005875588572552551,-0.005822569720256158,0.0,0.9526014109347443
cat,n300,2,64,1e-06,190,81,2058,29,296,28,0.14736842105263157,2.96875,0.2991304600101018,1.7622387043745724,1.441826242323236,0.868421052631579,0.5679012345679012,0.565597667638484,136.0851208462052,143.91802410145593,3.803573068922006e-09,1.4022641264378082,0.4805636540330418,97.36509603505955,1.369784091458209e-09,109.6168146887661,0.6031451818483954,0.6931471805599453,False,0.9942680776014109,0.9706481605466589,0.8571428571428571,0.8571428571428571,0.7097744360902255,1,24,1.0,1.0,1.0,1.0,0.8526315789473684,1,28,0.29916225749559083,0.10257292702754829,0.03571428571428571,0.03571428571428571,-0.11165413533834585,1,1,0.3880070546737213,0.1201868842263232,0.07142857142857142,0.07142857142857142,-0.07593984962406014,1,2,5.146719074681615,2.506351313719461,2.6403677609621536,0.9642857142857143,-8.902308630436695,3.4875332086412136,-12.389841839077908,0.0,0.7008377425044092
cat,n300,2,64,1e-05,190,81,2058,29,296,28,0.14736842105263157,2.96875,0.3222877299117681,1.1807999873542985,1.0108203968059297,0.8631578947368421,0.5679012345679012,0.5612244897959183,77.84448623241008,45.90099622213303,3.173787246063783e-09,1.1237106507170431,0.47619047619047616,63.70730947406764,4.8630070505854685e-09,62.99339363581094,0.62007378456936,0.6931471805599453,False,0.9973544973544973,0.9862014036383783,0.9285714285714286,0.9285714285714286,0.781203007518797,1,26,0.9997795414462081,0.9987684729064039,0.9642857142857143,0.9642857142857143,0.8169172932330827,1,27,0.26521164021164023,0.0981995145962923,0.03571428571428571,0.03571428571428571,-0.11165413533834585,1,1,0.39440035273368607,0.12236270265502668,0.03571428571428571,0.03571428571428571,-0.11165413533834585,1,1,3.761444293976129,1.724685727681507,2.0367585662946217,0.9642857142857143,-5.819017116755956,2.1499266983448133,-7.9689438151007685,0.0,0.7347883597883598
cat,n300,2,64,0.0001,190,81,2058,29,296,28,0.14736842105263157,2.96875,0.395716501878995,0.7820103959778633,0.7354436894081607,0.8210526315789474,0.5802469135802469,0.5796890184645287,31.547384488184512,10.673223238899885,1.2014160270230608e-09,0.8790496290440056,0.4611273080660836,29.01861736615706,2.0433823994384663e-09,26.49234935686909,0.6201642958418953,0.6931471805599453,False,0.9933862433862434,0.9770311898344242,0.9285714285714286,0.9285714285714286,0.781203007518797,1,26,0.9949294532627866,0.981547619047619,0.9285714285714286,0.9285714285714286,0.781203007518797,1,26,0.2123015873015873,0.09270532776700932,0.0,0.0,-0.14736842105263157,1,0,0.43540564373897706,0.13395526969134122,0.10714285714285714,0.10714285714285714,-0.04022556390977443,1,3,2.1766805138899046,0.8452848095664446,1.33139570432346,1.0,-3.069742553411135,0.9797255283363691,-4.049468081747504,0.0,0.7876984126984127
cat,n300,2,64,0.001,190,81,2058,29,296,28,0.14736842105263157,2.96875,0.5182678173305371,0.6809242812805278,0.6645178573948227,0.8157894736842105,0.6296296296296297,0.5855199222546161,10.520592009359087,2.948525525462341,9.713420643782264e-10,0.7656573780667197,0.43488824101069,9.716126172819937,1.3501029352855147e-09,10.599915082251062,0.4535722419078419,0.6931471805599453,True,0.9947089947089947,0.979981952887538,0.9285714285714286,0.9285714285714286,0.781203007518797,1,26,0.9856701940035273,0.9543448286454143,0.8928571428571429,0.8928571428571429,0.7454887218045113,1,25,0.11838624338624339,0.08556202930926125,0.0,0.0,-0.14736842105263157,1,0,0.5870811287477954,0.16581812628089468,0.03571428571428571,0.03571428571428571,-0.11165413533834585,1,1,1.0993217597165306,0.2809623617722242,0.8183593979443063,1.0,-1.450004256177913,0.3355018936020583,-1.7855061497799714,0.0,0.8816137566137566
cat,n300,2,64,0.01,190,81,2058,29,296,28,0.14736842105263157,2.96875,0.6437918950466921,0.6834799385786744,0.6764157857953172,0.7631578947368421,0.6296296296296297,0.6049562682215743,2.107344045890067,1.3177456610883105,2.286029880340097e-10,0.7102150353392018,0.4096209912536443,1.8682099106928092,1.5004623855815824e-10,2.809528933787182,0.004782161681045197,0.6931471805599453,True,0.9971340388007055,0.9858812211753387,0.9285714285714286,0.9285714285714286,0.781203007518797,1,26,0.933641975308642,0.7926728830519357,0.6428571428571429,0.6428571428571429,0.4954887218045113,1,18,0.053130511463844794,0.08244928567166891,0.0,0.0,-0.14736842105263157,1,0,0.7947530864197531,0.30127626574878097,0.2857142857142857,0.2857142857142857,0.13834586466165413,1,8,0.3153281891553393,0.044225334957368426,0.27110285419797087,1.0,-0.398838158229097,0.05860015255513002,-0.45743831078422703,0.0,0.9468694885361552
cat,n300,2,64,0.1,190,81,2058,29,296,28,0.14736842105263157,2.96875,0.6866588465836856,0.6916937538665582,0.6906585640219608,0.7368421052631579,0.6296296296296297,0.608843537414966,0.25312215428804163,1.0339392936175775,6.612146672798339e-11,0.6951988172419076,0.40281827016520894,0.22149215673422315,4.8525131107093904e-11,0.36278017421412373,-0.16480866347582337,0.6931471805599453,True,0.9969135802469136,0.9836551692355263,0.9285714285714286,0.9285714285714286,0.781203007518797,1,26,0.8697089947089947,0.48607641941984775,0.5,0.5,0.3526315789473684,1,14,0.04409171075837742,0.082118944585487,0.0,0.0,-0.14736842105263157,1,0,0.8511904761904762,0.4266168227358949,0.5,0.5,0.3526315789473684,1,14,0.04095002140854947,0.0047010337884196745,0.03624898762012979,1.0,-0.05145510525525447,0.006516709226670096,-0.057971814481924566,0.0,0.9559082892416226
cat,n300,2,64,1.0,190,81,2058,29,296,28,0.14736842105263157,2.96875,0.6924760287284843,0.6929946339125168,0.6928862644137536,0.7368421052631579,0.6172839506172839,0.608357628765792,0.025889978443499127,1.0034046008795445,1.521508144206721e-11,0.6933565235516481,0.4013605442176871,0.02261918032460039,1.5801862384766395e-11,0.037407532008696544,-0.18562278208334126,0.6931471805599453,True,0.9966931216931217,0.982167073997431,0.9285714285714286,0.9285714285714286,0.781203007518797,1,26,0.8597883597883598,0.45318762987767547,0.5,0.5,0.3526315789473684,1,14,0.04343033509700176,0.08209778485503808,0.0,0.0,-0.14736842105263157,1,0,0.857363315696649,0.44270024783865713,0.5,0.5,0.3526315789473684,1,14,0.004224210343285515,0.00047287205059684913,0.003751338292688666,1.0,-0.00530423994040731,0.0006595438306508068,-0.005963783771058117,0.0,0.9565696649029982
cat,n300,2,128,1e-06,190,81,2058,29,296,28,0.14736842105263157,1.484375,0.04281950554716143,2.976050389134262,2.591319193166454,0.9947368421052631,0.5308641975308642,0.5471331389698737,273.1731595602247,203.91102642467712,9.153943726082432e-10,3.537916736832528,0.4747327502429543,273.99041018966193,1.0373968121356594e-09,195.12750313928188,0.7456533790619974,0.6931471805599453,False,1.0,1.0,1.0,1.0,0.8526315789473684,1,28,1.0,1.0,1.0,1.0,0.8526315789473684,1,28,0.23765432098765432,0.09492544010203233,0.0,0.0,-0.14736842105263157,1,0,0.2535273368606702,0.09691896340542687,0.0,0.0,-0.14736842105263157,1,0,15.004340077008903,6.400201176537069,8.604138900471835,1.0,-11.618468819488546,6.769806252000366,-18.388275071488913,0.0,0.7623456790123457
cat,n300,2,128,1e-05,190,81,2058,29,296,28,0.14736842105263157,1.484375,0.13280319571496801,1.374068038027253,1.2692163144078639,0.9789473684210527,0.5679012345679012,0.5568513119533528,112.3731344817788,58.44218425078089,7.614351437757963e-10,1.7054405537625656,0.4737609329446064,117.6150415695265,9.095020801765981e-10,78.9436811485522,0.76527446612646,0.6931471805599453,False,1.0,1.0,1.0,1.0,0.8526315789473684,1,28,1.0,1.0,1.0,1.0,0.8526315789473684,1,28,0.2400793650793651,0.09519977837210972,0.0,0.0,-0.14736842105263157,1,0,0.2808641975308642,0.1005160246194351,0.0,0.0,-0.14736842105263157,1,0,6.486349305723416,3.025885893582233,3.4604634121411832,1.0,-5.906229711421937,3.1413609222923884,-9.047590633714325,0.0,0.7599206349206349
cat,n300,2,128,0.0001,190,81,2058,29,296,28,0.14736842105263157,1.484375,0.28338716896206767,0.816503304340741,0.7829216879675087,0.9263157894736842,0.6049382716049383,0.5709426627793974,41.25883854544438,13.347839307848536,1.0494313317410414e-09,0.9534397108082296,0.47667638483965014,42.8253965970799,1.700223412529284e-09,29.971984936181354,0.7464903130933433,0.6931471805599453,False,0.9993386243386243,0.996170211379571,0.9642857142857143,0.9642857142857143,0.8169172932330827,1,27,1.0,1.0,1.0,1.0,0.8526315789473684,1,28,0.20149911816578484,0.09136070329601731,0.0,0.0,-0.14736842105263157,1,0,0.3481040564373898,0.1131697595484878,0.03571428571428571,0.03571428571428571,-0.11165413533834585,1,1,2.648526012197484,1.2683470510112385,1.3801789611862454,1.0,-3.0306681330689402,1.336699645461871,-4.367367778530811,0.0,0.7985008818342152
cat,n300,2,128,0.001,190,81,2058,29,296,28,0.14736842105263157,1.484375,0.4877220675961149,0.6814920238113031,0.6668315489511849,0.8368421052631579,0.6296296296296297,0.577259475218659,11.781875351160988,3.3390735138466154,5.207204615266126e-10,0.7663601741870527,0.4484936831875607,11.34750436666207,4.467948303185328e-10,10.945064858917302,0.5526913041502481,0.6931471805599453,True,0.9993386243386243,0.9963435374149661,0.9642857142857143,0.9642857142857143,0.8169172932330827,1,27,0.9971340388007055,0.9863636363636363,0.9285714285714286,0.9285714285714286,0.781203007518797,1,26,0.11507936507936507,0.08520541564568156,0.0,0.0,-0.14736842105263157,1,0,0.49096119929453264,0.1371561934032835,0.0,0.0,-0.14736842105263157,1,0,1.1552906273463053,0.36421949028339157,0.7910711370629138,1.0,-1.4526399047240173,0.4113757019634536,-1.864015606687471,0.0,0.8849206349206349
cat,n300,2,128,0.01,190,81,2058,29,296,28,0.14736842105263157,1.484375,0.6400162327356723,0.6830016325310478,0.6763483572243254,0.7842105263157895,0.6419753086419753,0.607871720116618,2.194373658155801,1.3451565583575142,4.123392707293387e-10,0.7099175724726452,0.4101068999028183,1.9820046383227425,1.8284206017275092e-10,2.8253562369758694,0.08748390387838391,0.6931471805599453,True,0.9988977072310405,0.9938332421091041,0.9285714285714286,0.9285714285714286,0.781203007518797,1,26,0.9490740740740741,0.8397530411331079,0.75,0.75,0.6026315789473684,1,21,0.05335097001763668,0.08244913535676388,0.0,0.0,-0.14736842105263157,1,0,0.7722663139329806,0.2782734430154061,0.2857142857142857,0.2857142857142857,0.13834586466165413,1,8,0.3205815250638078,0.0537471445563655,0.26683438050744235,1.0,-0.3997237124345449,0.06737428960420297,-0.46709800203874785,0.0,0.9466490299823633
cat,n300,2,128,0.1,190,81,2058,29,296,28,0.14736842105263157,1.484375,0.6862727402571807,0.6916344195471038,0.6906458003524812,0.7526315789473684,0.6296296296296297,0.6117589893100097,0.26063151252172817,1.0361226100458336,8.202729551042543e-11,0.6951659406081878,0.40281827016520894,0.2314229095387196,7.684416473464922e-11,0.364038756368389,-0.09150846308433,0.6931471805599453,True,0.9986772486772487,0.9929374527588813,0.9642857142857143,0.9642857142857143,0.8169172932330827,1,27,0.8736772486772487,0.5007971541350441,0.5,0.5,0.3526315789473684,1,14,0.04585537918871252,0.08219327470280134,0.0,0.0,-0.14736842105263157,1,0,0.8511904761904762,0.43256936341758995,0.5,0.5,0.3526315789473684,1,14,0.041478175979764616,0.005666389351549208,0.03581178662821541,1.0,-0.05154865171681854,0.007406949063199271,-0.05895560078001781,0.0,0.9541446208112875
cat,n300,2,128,1.0,190,81,2058,29,296,28,0.14736842105263157,1.484375,0.692437334294789,0.6929885698778703,0.6928849211813946,0.7526315789473684,0.6296296296296297,0.6107871720116618,0.026626721731243346,1.003616615134279,2.3317249277729453e-11,0.6933532127656271,0.40233236151603496,0.023595093010363465,2.4375274424274394e-11,0.03752994549893769,-0.1136361461259965,0.6931471805599453,True,0.9986772486772487,0.9929374527588813,0.9642857142857143,0.9642857142857143,0.8169172932330827,1,27,0.8602292768959435,0.457821234246018,0.5,0.5,0.3526315789473684,1,14,0.04497354497354497,0.08216705332713818,0.0,0.0,-0.14736842105263157,1,0,0.8580246913580247,0.4513100240785485,0.5,0.5,0.3526315789473684,1,14,0.004277088765419538,0.0005695413780036659,0.003707547387415872,1.0,-0.005313619053636613,0.0007486947590951631,-0.006062313812731776,0.0,0.955026455026455
cat,n300,2,256,1e-06,190,81,2058,29,296,28,0.14736842105263157,0.7421875,0.01627095036268389,2.4568144175549067,2.1486193931328614,1.0,0.5432098765432098,0.5388726919339164,227.79501110180922,85.21254881316911,6.793174289217242e-10,2.792941279196003,0.48104956268221577,234.8645403721441,2.613314112451046e-10,139.6127572242321,0.8183047566769452,0.6931471805599453,False,1.0,1.0,1.0,1.0,0.8526315789473684,1,28,1.0,1.0,1.0,1.0,0.8526315789473684,1,28,0.2665343915343915,0.09836569434589289,0.0,0.0,-0.14736842105263157,1,0,0.2808641975308642,0.10027212688459411,0.0,0.0,-0.14736842105263157,1,0,9.679250890617753,5.343445889517229,4.335805001100525,1.0,-9.282050067632278,5.381657782714417,-14.663707850346697,0.0,0.7334656084656085
cat,n300,2,256,1e-05,190,81,2058,29,296,28,0.14736842105263157,0.7421875,0.07913298155517343,1.442008413015044,1.2918958945209347,1.0,0.5308641975308642,0.5310981535471332,117.65213644450021,42.857344816743804,1.2788221970665973e-09,1.6355328898719261,0.4737609329446064,121.11856740482494,5.310366522355758e-10,74.07759360735983,0.8078762031459236,0.6931471805599453,False,1.0,1.0,1.0,1.0,0.8526315789473684,1,28,1.0,1.0,1.0,1.0,0.8526315789473684,1,28,0.24603174603174602,0.09583381615251226,0.0,0.0,-0.14736842105263157,1,0,0.27667548500881833,0.09975198628357859,0.0,0.0,-0.14736842105263157,1,0,5.4195846401339045,3.0321461906953213,2.387438449438583,1.0,-5.6375480295149405,3.1055778683292887,-8.74312589784423,0.0,0.753968253968254
cat,n300,2,256,0.0001,190,81,2058,29,296,28,0.14736842105263157,0.7421875,0.2520624324404429,0.8596378616529118,0.8000516200868342,0.9578947368421052,0.5925925925925926,0.5500485908649174,44.228259597695065,13.853428649508867,3.2236695468880387e-09,0.9684844047559645,0.4713313896987366,45.21077690419194,9.566723857939171e-10,30.50604258234517,0.7675394844593203,0.6931471805599453,False,1.0,1.0,1.0,1.0,0.8526315789473684,1,28,1.0,1.0,1.0,1.0,0.8526315789473684,1,28,0.1986331569664903,0.09114548737687699,0.0,0.0,-0.14736842105263157,1,0,0.2958553791887125,0.1039361282163788,0.07142857142857142,0.07142857142857142,-0.07593984962406014,1,2,2.588293975047949,1.3352478752595247,1.253046099788424,1.0,-3.060090735184889,1.4079878165720145,-4.4680785517569035,0.0,0.8013668430335097
cat,n300,2,256,0.001,190,81,2058,29,296,28,0.14736842105263157,0.7421875,0.4825865496505875,0.6863224551472219,0.667647603701374,0.8421052631578947,0.6296296296296297,0.5787172011661808,11.993310254011813,3.48687835053597,5.743178529069212e-10,0.7675352543460294,0.4543245869776482,11.533141900602889,7.862634518666362e-10,10.973916868961188,0.5654474429601735,0.6931471805599453,True,0.9995590828924162,0.9974929627023223,0.9642857142857143,0.9642857142857143,0.8169172932330827,1,27,0.9982363315696648,0.9909274193548387,0.9285714285714286,0.9285714285714286,0.781203007518797,1,26,0.11529982363315697,0.0852237963618733,0.0,0.0,-0.14736842105263157,1,0,0.4559082892416226,0.12977293738183732,0.0,0.0,-0.14736842105263157,1,0,1.1541427068678882,0.3747053335747132,0.779437373293175,1.0,-1.457695912625733,0.4227551679008464,-1.8804510805265793,0.0,0.8847001763668431
cat,n300,2,256,0.01,190,81,2058,29,296,28,0.14736842105263157,0.7421875,0.6394749575281921,0.6835014313937359,0.6763731066494086,0.8,0.6296296296296297,0.6044703595724004,2.206654121195957,1.352343846920649,4.3540415343323195e-10,0.7099675672006123,0.4110787172011662,1.9937037392061583,2.2387944417077425e-10,2.8265846858462917,0.0971261073444432,0.6931471805599453,True,0.9991181657848325,0.9950207860922147,0.9642857142857143,0.9642857142857143,0.8169172932330827,1,27,0.9506172839506173,0.8441241486988121,0.7857142857142857,0.7857142857142857,0.6383458646616541,1,22,0.05423280423280423,0.08249839707979115,0.0,0.0,-0.14736842105263157,1,0,0.7709435626102292,0.2775724155755677,0.2857142857142857,0.2857142857142857,0.13834586466165413,1,8,0.32056107639724357,0.0548453449076616,0.26571573148958194,1.0,-0.40021688631636954,0.06856072113450434,-0.4687776074508739,0.0,0.9457671957671958
cat,n300,2,256,0.1,190,81,2058,29,296,28,0.14736842105263157,0.7421875,0.6862183917891693,0.6916868381364685,0.690647694083292,0.7526315789473684,0.6296296296296297,0.6073858114674441,0.26167190255416606,1.03668062432744,8.582082015495815e-11,0.6951690198809013,0.4003887269193392,0.2324319820267449,8.056517013195148e-11,0.3641347566853546,-0.08300853016687476,0.6931471805599453,True,0.9986772486772487,0.9929374527588813,0.9642857142857143,0.9642857142857143,0.8169172932330827,1,27,0.875,0.5023837811626063,0.5,0.5,0.3526315789473684,1,14,0.045414462081128745,0.08217249633631253,0.0,0.0,-0.14736842105263157,1,0,0.8522927689594356,0.43345663655671146,0.5,0.5,0.3526315789473684,1,14,0.04147632904536926,0.005776532793945653,0.03569979625142361,1.0,-0.05159795062854951,0.007525932401030911,-0.05912388302958042,0.0,0.9545855379188712
cat,n300,2,256,1.0,190,81,2058,29,296,28,0.14736842105263157,0.7421875,0.692431897138841,0.6929938481042013,0.6928851064040932,0.7526315789473684,0.6296296296296297,0.6098153547133139,0.026728624737920956,1.0036706729718758,2.4489264518561205e-11,0.6933534969274235,0.3979591836734694,0.02369412319669479,2.5284179122107317e-11,0.03753926339378519,-0.10529216511162748,0.6931471805599453,True,0.9986772486772487,0.9929374527588813,0.9642857142857143,0.9642857142857143,0.8169172932330827,1,27,0.8611111111111112,0.4589741952107323,0.5,0.5,0.3526315789473684,1,14,0.044753086419753084,0.08215582241968086,0.0,0.0,-0.14736842105263157,1,0,0.8582451499118166,0.45104883780196603,0.4642857142857143,0.4642857142857143,0.3169172932330827,1,13,0.004276903732212965,0.0005805586292699535,0.0036963451029430115,1.0,-0.005318550771518251,0.0007605963870840944,-0.006079147158602346,0.0,0.9552469135802469
cat,n300,2,384,1e-06,190,81,2058,29,296,28,0.14736842105263157,0.4947916666666667,0.01627095036268389,2.4568144175548943,2.1486193931328557,1.0,0.5432098765432098,0.5388726919339164,227.79501110180922,85.21254881316919,6.793174289217242e-10,2.792941279195996,0.48104956268221577,234.8645403721441,2.613314112451046e-10,139.6127572242321,0.8183047566769452,0.6931471805599453,False,1.0,1.0,1.0,1.0,0.8526315789473684,1,28,1.0,1.0,1.0,1.0,0.8526315789473684,1,28,0.2665343915343915,0.09836569434589289,0.0,0.0,-0.14736842105263157,1,0,0.2808641975308642,0.10027212688459411,0.0,0.0,-0.14736842105263157,1,0,9.679250890617753,5.343445889517229,4.335805001100525,1.0,-9.282050067632278,5.381657782714417,-14.663707850346697,0.0,0.7334656084656085
cat,n300,2,384,1e-05,190,81,2058,29,296,28,0.14736842105263157,0.4947916666666667,0.07913298155517343,1.4420084130150395,1.2918958945209327,1.0,0.5308641975308642,0.5310981535471332,117.65213644450021,42.85734481674378,1.2788221970665973e-09,1.6355328898719232,0.4737609329446064,121.11856740482494,5.310366522355758e-10,74.07759360735983,0.8078762031459236,0.6931471805599453,False,1.0,1.0,1.0,1.0,0.8526315789473684,1,28,1.0,1.0,1.0,1.0,0.8526315789473684,1,28,0.24603174603174602,0.09583381615251226,0.0,0.0,-0.14736842105263157,1,0,0.27667548500881833,0.09975198628357859,0.0,0.0,-0.14736842105263157,1,0,5.4195846401339045,3.0321461906953213,2.387438449438583,1.0,-5.6375480295149405,3.1055778683292887,-8.74312589784423,0.0,0.753968253968254
cat,n300,2,384,0.0001,190,81,2058,29,296,28,0.14736842105263157,0.4947916666666667,0.2520624324404429,0.8596378616529112,0.8000516200868338,0.9578947368421052,0.5925925925925926,0.5500485908649174,44.228259597695065,13.853428649508865,3.2236695468880387e-09,0.968484404755964,0.4713313896987366,45.21077690419194,9.566723857939171e-10,30.50604258234517,0.7675394844593203,0.6931471805599453,False,1.0,1.0,1.0,1.0,0.8526315789473684,1,28,1.0,1.0,1.0,1.0,0.8526315789473684,1,28,0.1986331569664903,0.09114548737687699,0.0,0.0,-0.14736842105263157,1,0,0.2958553791887125,0.1039361282163788,0.07142857142857142,0.07142857142857142,-0.07593984962406014,1,2,2.588293975047949,1.3352478752595247,1.253046099788424,1.0,-3.060090735184889,1.4079878165720145,-4.4680785517569035,0.0,0.8013668430335097
cat,n300,2,384,0.001,190,81,2058,29,296,28,0.14736842105263157,0.4947916666666667,0.4825865496505875,0.6863224551472219,0.6676476037013741,0.8421052631578947,0.6296296296296297,0.5787172011661808,11.993310254011813,3.4868783505359695,5.743178529069212e-10,0.7675352543460293,0.4543245869776482,11.533141900602889,7.862634518666362e-10,10.973916868961188,0.5654474429601735,0.6931471805599453,True,0.9995590828924162,0.9974929627023223,0.9642857142857143,0.9642857142857143,0.8169172932330827,1,27,0.9982363315696648,0.9909274193548387,0.9285714285714286,0.9285714285714286,0.781203007518797,1,26,0.11529982363315697,0.0852237963618733,0.0,0.0,-0.14736842105263157,1,0,0.4559082892416226,0.12977293738183732,0.0,0.0,-0.14736842105263157,1,0,1.1541427068678882,0.3747053335747132,0.779437373293175,1.0,-1.457695912625733,0.4227551679008464,-1.8804510805265793,0.0,0.8847001763668431
cat,n300,2,384,0.01,190,81,2058,29,296,28,0.14736842105263157,0.4947916666666667,0.6394749575281921,0.6835014313937359,0.6763731066494088,0.8,0.6296296296296297,0.6044703595724004,2.206654121195957,1.3523438469206497,4.3540415343323195e-10,0.7099675672006122,0.4110787172011662,1.9937037392061583,2.2387944417077425e-10,2.8265846858462917,0.0971261073444432,0.6931471805599453,True,0.9991181657848325,0.9950207860922147,0.9642857142857143,0.9642857142857143,0.8169172932330827,1,27,0.9506172839506173,0.8441241486988121,0.7857142857142857,0.7857142857142857,0.6383458646616541,1,22,0.05423280423280423,0.08249839707979115,0.0,0.0,-0.14736842105263157,1,0,0.7709435626102292,0.2775724155755677,0.2857142857142857,0.2857142857142857,0.13834586466165413,1,8,0.32056107639724357,0.0548453449076616,0.26571573148958194,1.0,-0.40021688631636954,0.06856072113450434,-0.4687776074508739,0.0,0.9457671957671958
cat,n300,2,384,0.1,190,81,2058,29,296,28,0.14736842105263157,0.4947916666666667,0.6862183917891693,0.6916868381364685,0.690647694083292,0.7526315789473684,0.6296296296296297,0.6073858114674441,0.26167190255416606,1.0366806243274405,8.582082015495815e-11,0.6951690198809013,0.4003887269193392,0.2324319820267449,8.056517013195148e-11,0.3641347566853546,-0.08300853016687476,0.6931471805599453,True,0.9986772486772487,0.9929374527588813,0.9642857142857143,0.9642857142857143,0.8169172932330827,1,27,0.875,0.5023837811626063,0.5,0.5,0.3526315789473684,1,14,0.045414462081128745,0.08217249633631253,0.0,0.0,-0.14736842105263157,1,0,0.8522927689594356,0.43345663655671146,0.5,0.5,0.3526315789473684,1,14,0.04147632904536926,0.005776532793945653,0.03569979625142361,1.0,-0.05159795062854951,0.007525932401030911,-0.05912388302958042,0.0,0.9545855379188712
cat,n300,2,384,1.0,190,81,2058,29,296,28,0.14736842105263157,0.4947916666666667,0.692431897138841,0.6929938481042013,0.6928851064040932,0.7526315789473684,0.6296296296296297,0.6098153547133139,0.026728624737920956,1.0036706729718772,2.4489264518561205e-11,0.6933534969274235,0.3979591836734694,0.02369412319669479,2.5284179122107317e-11,0.03753926339378519,-0.10529216511162748,0.6931471805599453,True,0.9986772486772487,0.9929374527588813,0.9642857142857143,0.9642857142857143,0.8169172932330827,1,27,0.8611111111111112,0.4589741952107323,0.5,0.5,0.3526315789473684,1,14,0.044753086419753084,0.08215582241968086,0.0,0.0,-0.14736842105263157,1,0,0.8582451499118166,0.45104883780196603,0.4642857142857143,0.4642857142857143,0.3169172932330827,1,13,0.004276903732212965,0.0005805586292699535,0.0036963451029430115,1.0,-0.005318550771518251,0.0007605963870840944,-0.006079147158602346,0.0,0.9552469135802469
cat,n300,3,32,1e-06,176,76,2058,48,296,26,0.14772727272727273,5.5,0.5546933404504806,0.6223628120195169,0.7623916111456257,0.6647727272727273,0.6710526315789473,0.531584062196307,30.74438415671107,13.005545359792622,9.123850129785623e-10,1.0413117848174223,0.3974732750242954,27.18724487776721,1.9043553113030533e-09,32.218529764201605,0.38662788593558356,0.6931471805599453,False,0.9535897435897436,0.852795874955907,0.8076923076923077,0.8076923076923077,0.659965034965035,1,21,0.9341025641025641,0.8448325999101056,0.7307692307692307,0.7307692307692307,0.583041958041958,1,19,0.13,0.08647763589076994,0.0,0.0,-0.14772727272727273,1,0,0.27102564102564103,0.10056379378931236,0.038461538461538464,0.038461538461538464,-0.10926573426573427,1,1,2.7658893462323735,0.5310448316833786,2.234844514548995,1.0,-2.2314235524927617,0.4980197032201349,-2.7294432557128965,0.038461538461538464,0.87
cat,n300,3,32,1e-05,176,76,2058,48,296,26,0.14772727272727273,5.5,0.5549897716328693,0.6189069561677093,0.75266008527518,0.6590909090909091,0.6710526315789473,0.5344995140913509,28.863639769635117,11.668012891106107,2.9029674465472845e-10,1.0238008500695919,0.3935860058309038,25.703772803672617,4.402103604436947e-10,30.391300056350584,0.3842560362656142,0.6931471805599453,False,0.9533333333333334,0.8548651217212376,0.8076923076923077,0.8076923076923077,0.659965034965035,1,21,0.9320512820512821,0.8414628380853485,0.7307692307692307,0.7307692307692307,0.583041958041958,1,19,0.1258974358974359,0.08620571068798775,0.0,0.0,-0.14772727272727273,1,0,0.27307692307692305,0.10080119972323365,0.038461538461538464,0.038461538461538464,-0.10926573426573427,1,1,2.662643937364523,0.5078347230361115,2.154809214328411,1.0,-2.128267877726417,0.46839398746824523,-2.5966618651946622,0.038461538461538464,0.8741025641025642
cat,n300,3,32,0.0001,176,76,2058,48,296,26,0.14772727272727273,5.5,0.5645132837001526,0.6129956199374758,0.7125092338969337,0.6647727272727273,0.631578947368421,0.5383867832847424,19.883100404632454,6.629767296571624,3.812141210527546e-10,0.9402834643041604,0.3945578231292517,18.60039858467386,8.349482547365694e-10,22.06103036641582,0.34424056313283213,0.6931471805599453,False,0.9569230769230769,0.8811967510181398,0.7692307692307693,0.7692307692307693,0.6215034965034966,1,20,0.9194871794871795,0.8276700319701032,0.7307692307692307,0.7307692307692307,0.583041958041958,1,19,0.10179487179487179,0.08489497557144048,0.0,0.0,-0.14772727272727273,1,0,0.2966666666666667,0.10359582818624849,0.038461538461538464,0.038461538461538464,-0.10926573426573427,1,1,2.137451446991594,0.38559600383809645,1.7518554431534974,1.0,-1.6110587831859533,0.32039728218706387,-1.931456065373017,0.038461538461538464,0.8982051282051282
cat,n300,3,32,0.001,176,76,2058,48,296,26,0.14772727272727273,5.5,0.6175781720767577,0.6384888598810396,0.6807032395657127,0.6306818181818182,0.6447368421052632,0.5539358600583091,7.307696604300661,2.150089289976812,2.3224556596351377e-10,0.804461379926561,0.38338192419825073,7.982306087550773,1.2854013491555986e-10,10.196378946065389,0.11274630901725644,0.6931471805599453,True,0.97,0.917612396343938,0.8076923076923077,0.8076923076923077,0.659965034965035,1,21,0.8764102564102564,0.7670916787705061,0.6923076923076923,0.6923076923076923,0.5445804195804196,1,18,0.06692307692307692,0.08336094749142883,0.0,0.0,-0.14772727272727273,1,0,0.51,0.14517267005724202,0.07692307692307693,0.07692307692307693,-0.07080419580419581,1,2,1.145603623936858,0.16646194653010243,0.9791416774067556,1.0,-0.7552732659227208,0.10312773049075828,-0.8584009964134791,0.038461538461538464,0.9330769230769231
cat,n300,3,32,0.01,176,76,2058,48,296,26,0.14772727272727273,5.5,0.6762868515528923,0.6785287270446032,0.6869780133301917,0.625,0.7236842105263158,0.5806608357628765,1.2606506220111398,1.176956771374816,4.737862175309952e-11,0.7143093067208384,0.3785228377065112,1.6956023183974571,6.01847286996895e-11,2.329746730049389,-0.22535312667982113,0.6931471805599453,True,0.9841025641025641,0.925385930883966,0.8846153846153846,0.8846153846153846,0.7368881118881119,1,23,0.8133333333333334,0.4665989206487188,0.5,0.5,0.3522727272727273,1,13,0.05435897435897436,0.08291346794059207,0.0,0.0,-0.14772727272727273,1,0,0.7476923076923077,0.2857887230184438,0.34615384615384615,0.34615384615384615,0.1984265734265734,1,9,0.27940001455914465,0.03238969813013331,0.24701031642901133,1.0,-0.16689419486597917,0.012917895410797894,-0.17981209027677708,0.0,0.9456410256410256
cat,n300,3,32,0.1,176,76,2058,48,296,26,0.14772727272727273,5.5,0.6911765786086943,0.6913676276171273,0.6923297478896011,0.6136363636363636,0.7105263157894737,0.5811467444120505,0.13991901452988575,1.0186612145602612,1.2094778795043265e-11,0.6954670711395049,0.37949465500485907,0.19933664992456027,4.07990051166949e-12,0.2771588386939229,-0.31380371818117253,0.6931471805599453,True,0.9864102564102564,0.9292937430206785,0.8846153846153846,0.8846153846153846,0.7368881118881119,1,23,0.7866666666666666,0.33727062612479514,0.46153846153846156,0.46153846153846156,0.31381118881118886,1,12,0.052307692307692305,0.082916836584587,0.0,0.0,-0.14772727272727273,1,0,0.7784615384615384,0.32160526761783115,0.4230769230769231,0.4230769230769231,0.2753496503496503,1,11,0.0335856844670974,0.003695590422999388,0.029890094044098012,1.0,-0.01955904273355116,0.0012643124714708798,-0.02082335520502204,0.0,0.9476923076923077
cat,n300,3,32,1.0,176,76,2058,48,296,26,0.14772727272727273,5.5,0.6929466129082542,0.6929652516047895,0.6930628460225812,0.6136363636363636,0.7105263157894737,0.5811467444120505,0.014157500315793606,1.0018748864757,5.5193864929477125e-09,0.6933811944475181,0.37900874635568516,0.020303728937905656,8.51916854185528e-13,0.028264380481173544,-0.323880585085486,0.6931471805599453,True,0.9864102564102564,0.9262803313116147,0.8846153846153846,0.8846153846153846,0.7368881118881119,1,23,0.7833333333333333,0.3299509902763188,0.4230769230769231,0.4230769230769231,0.2753496503496503,1,11,0.05205128205128205,0.08290531080141003,0.0,0.0,-0.14772727272727273,1,0,0.7828205128205128,0.328825319969614,0.4230769230769231,0.4230769230769231,0.2753496503496503,1,11,0.0034287320272452276,0.0003750853529324701,0.0030536466743127577,1.0,-0.0019909763832116883,0.0001258745728177595,-0.002116850956029448,0.0,0.9479487179487179
cat,n300,3,64,1e-06,176,76,2058,48,296,26,0.14772727272727273,2.75,0.43785272193916425,0.7992535436766706,1.0447355793924324,0.7840909090909091,0.5921052631578947,0.5126336248785228,77.35678991992944,78.74882099674585,1.1508794072849694e-09,1.7912801785037011,0.44412050534499514,100.73347221646732,1.4734755677369115e-09,97.82424715640232,0.4210324702317012,0.6931471805599453,False,0.961025641025641,0.8845134703564508,0.7692307692307693,0.7692307692307693,0.6215034965034966,1,20,0.968974358974359,0.9247356568567535,0.8461538461538461,0.8461538461538461,0.6984265734265734,1,22,0.20794871794871794,0.09253666424238571,0.0,0.0,-0.14772727272727273,1,0,0.26487179487179485,0.09971377111508604,0.0,0.0,-0.14772727272727273,1,0,7.12395137972195,2.0154081371409984,5.108543242580952,1.0,-4.577152344855461,1.5021718543525635,-6.079324199208025,0.038461538461538464,0.7920512820512821
cat,n300,3,64,1e-05,176,76,2058,48,296,26,0.14772727272727273,2.75,0.4439882015525108,0.7075432204158197,0.9082239569095322,0.7556818181818182,0.618421052631579,0.511175898931001,56.49618707602773,38.517481672479995,1.2786435190324084e-09,1.3962507414617256,0.44071914480077745,65.63952809719068,1.4740140630291814e-09,63.06138785421829,0.4750895617884785,0.6931471805599453,False,0.958974358974359,0.8875972192315473,0.8076923076923077,0.8076923076923077,0.659965034965035,1,21,0.9607692307692308,0.912758972595041,0.8461538461538461,0.8461538461538461,0.6984265734265734,1,22,0.18333333333333332,0.09040479748345955,0.0,0.0,-0.14772727272727273,1,0,0.2551282051282051,0.09847751081748482,0.0,0.0,-0.14772727272727273,1,0,4.927299312505128,1.435113203766794,3.492186108738334,1.0,-3.4327782596536736,1.1640644393254282,-4.596842698979102,0.038461538461538464,0.8166666666666667
cat,n300,3,64,0.0001,176,76,2058,48,296,26,0.14772727272727273,2.75,0.48322687392703967,0.6275644170897268,0.7532992289136576,0.7386363636363636,0.631578947368421,0.5238095238095238,27.839850427536692,9.176201032824515,1.829440293341922e-09,1.0176891043744085,0.42419825072886297,29.56880307727236,1.0934153581663285e-09,27.654933241086834,0.5372847829895111,0.6931471805599453,False,0.9564102564102565,0.8860113557316095,0.8076923076923077,0.8076923076923077,0.659965034965035,1,21,0.9379487179487179,0.8885765991924856,0.8461538461538461,0.8461538461538461,0.6984265734265734,1,22,0.14025641025641025,0.08695468085677503,0.0,0.0,-0.14772727272727273,1,0,0.2651282051282051,0.09873195328157078,0.0,0.0,-0.14772727272727273,1,0,2.587641605760382,0.7453949191446503,1.8422466866157317,1.0,-1.868907988707923,0.6201780991923551,-2.489086087900278,0.038461538461538464,0.8597435897435898
cat,n300,3,64,0.001,176,76,2058,48,296,26,0.14772727272727273,2.75,0.5835696134149044,0.6345381462350662,0.6871978800223502,0.7102272727272727,0.7368421052631579,0.5447035957240038,9.050034683495005,2.5092996748388963,2.5694604071337733e-10,0.8126159684319002,0.3882410106899903,9.693978697833106,4.297198467828315e-10,10.652349739511452,0.35565482645130164,0.6931471805599453,True,0.9684615384615385,0.9216708620235903,0.8461538461538461,0.8461538461538461,0.6984265734265734,1,22,0.8907692307692308,0.8216114024686612,0.7307692307692307,0.7307692307692307,0.583041958041958,1,19,0.07743589743589743,0.08350907624289197,0.0,0.0,-0.14772727272727273,1,0,0.4379487179487179,0.12541829272849447,0.038461538461538464,0.038461538461538464,-0.10926573426573427,1,1,1.192979674890825,0.25487641323037463,0.9381032616604503,1.0,-0.7954714771629177,0.1892087419299779,-0.9846802190928956,0.038461538461538464,0.9225641025641026
cat,n300,3,64,0.01,176,76,2058,48,296,26,0.14772727272727273,2.75,0.6710736651016241,0.6774530444326238,0.687524803310736,0.6875,0.7105263157894737,0.5728862973760933,1.4492058402325279,1.2071528976439854,9.688365721810695e-11,0.7148833856244934,0.38095238095238093,1.8416113275974944,1.1111069233640735e-10,2.3633734753211164,-0.017573766758794344,0.6931471805599453,True,0.9833333333333333,0.9466773188710585,0.8846153846153846,0.8846153846153846,0.7368881118881119,1,23,0.8238461538461539,0.5782489829321745,0.5384615384615384,0.5384615384615384,0.39073426573426573,1,14,0.05102564102564103,0.0826449812223345,0.0,0.0,-0.14772727272727273,1,0,0.7346153846153847,0.27150620440008283,0.2692307692307692,0.2692307692307692,0.12150349650349648,1,7,0.28511565775758185,0.0439914134391208,0.24112424431846105,1.0,-0.1722800058184129,0.02446087290578551,-0.19674087872419843,0.0,0.948974358974359
cat,n300,3,64,0.1,176,76,2058,48,296,26,0.14772727272727273,2.75,0.6906266826109299,0.6912484650103919,0.6923818479867399,0.6988636363636364,0.7105263157894737,0.5792031098153547,0.1583197998720657,1.0213478751752698,3.808664506775127e-11,0.6955158899626194,0.3819241982507289,0.21276158831641837,8.0339518298263e-12,0.2801936485680068,-0.12135936782966371,0.6931471805599453,True,0.9861538461538462,0.9450295882673962,0.8461538461538461,0.8461538461538461,0.6984265734265734,1,22,0.7861538461538462,0.34794114496408063,0.46153846153846156,0.46153846153846156,0.31381118881118886,1,12,0.04717948717948718,0.08253937912252164,0.0,0.0,-0.14772727272727273,1,0,0.7766666666666666,0.3296047377171298,0.4230769230769231,0.4230769230769231,0.2753496503496503,1,11,0.03417526419194143,0.004896737019277129,0.0292785271726643,1.0,-0.02011889538570978,0.0024603061189211674,-0.02257920150463095,0.0,0.9528205128205128
cat,n300,3,64,1.0,176,76,2058,48,296,26,0.14772727272727273,2.75,0.6928913220947632,0.6929532135548699,0.6930680293732302,0.6988636363636364,0.7105263157894737,0.5801749271137027,0.01599107294996136,1.0021397250389783,4.495007513446695e-12,0.6933859718168428,0.3824101068999028,0.02163226618687318,1.7949887461595e-12,0.028564109022740074,-0.13332292256374945,0.6931471805599453,True,0.9864102564102564,0.9453428714754164,0.8461538461538461,0.8461538461538461,0.6984265734265734,1,22,0.7815384615384615,0.3374005353579154,0.46153846153846156,0.46153846153846156,0.31381118881118886,1,12,0.047692307692307694,0.08257115853526592,0.0,0.0,-0.14772727272727273,1,0,0.781025641025641,0.33717733343195966,0.46153846153846156,0.46153846153846156,0.31381118881118886,1,12,0.0034878708600744606,0.0004956267940529063,0.0029922440660215543,1.0,-0.0020471828634940803,0.0002459075420191189,-0.002293090405513199,0.0,0.9523076923076923
cat,n300,3,128,1e-06,176,76,2058,48,296,26,0.14772727272727273,1.375,0.07541012939671832,2.683040484163465,2.3424869672005295,0.9829545454545454,0.5789473684210527,0.5485908649173955,280.3899622633898,258.84190160829615,2.7722069268629e-09,2.9571151710497467,0.4839650145772595,284.31347045095265,1.0269441819954595e-09,219.30590394415336,0.6984413957155969,0.6931471805599453,False,0.9997435897435898,0.9985754985754985,0.9615384615384616,0.9615384615384616,0.8138111888111889,1,25,1.0,1.0,1.0,1.0,0.8522727272727273,1,26,0.28512820512820514,0.10128821314204382,0.0,0.0,-0.14772727272727273,1,0,0.2956410256410256,0.10298339240044253,0.038461538461538464,0.038461538461538464,-0.10926573426573427,1,1,12.403046534713038,5.8041272133169635,6.598919321396075,1.0,-9.765967746216242,5.7519100881586365,-15.517877834374879,0.0,0.7148717948717949
cat,n300,3,128,1e-05,176,76,2058,48,296,26,0.14772727272727273,1.375,0.17114146272409253,1.2746353696730097,1.1638621453964613,0.9431818181818182,0.5789473684210527,0.5500485908649174,114.86188009892598,59.24481623504823,2.1923199496479e-09,1.508343370105502,0.48202137998056366,115.76429182864618,8.99367867159831e-10,76.39036868701352,0.7806002814623852,0.6931471805599453,False,0.9984615384615385,0.9927884615384616,0.9615384615384616,0.9615384615384616,0.8138111888111889,1,25,0.9987179487179487,0.9937965260545906,0.9615384615384616,0.9615384615384616,0.8138111888111889,1,25,0.24846153846153846,0.09665509036606841,0.0,0.0,-0.14772727272727273,1,0,0.2833333333333333,0.10126678847321145,0.0,0.0,-0.14772727272727273,1,0,5.516268394952485,2.757738512598982,2.758529882353503,1.0,-4.227739780834942,2.655470349072927,-6.883210129907869,0.0,0.7515384615384615
cat,n300,3,128,0.0001,176,76,2058,48,296,26,0.14772727272727273,1.375,0.3296548600024206,0.7158867003476609,0.776608782267759,0.9147727272727273,0.5657894736842105,0.5456754130223518,42.63814648141557,11.542629849301447,8.014799124600246e-10,0.9836243580264329,0.4518950437317784,41.67161879144698,1.0827166991270934e-09,30.130569263633024,0.7447893040317067,0.6931471805599453,False,0.9989743589743589,0.9948717948717949,0.9615384615384616,0.9615384615384616,0.8138111888111889,1,25,0.9889743589743589,0.9760312151616499,0.9615384615384616,0.9615384615384616,0.8138111888111889,1,25,0.16128205128205128,0.08836375204163437,0.0,0.0,-0.14772727272727273,1,0,0.23076923076923078,0.09500858303262927,0.0,0.0,-0.14772727272727273,1,0,2.6154373603293317,1.1524401130423534,1.4629972472869783,1.0,-2.076393024772768,1.078719859406215,-3.1551128841789833,0.0,0.8387179487179487
cat,n300,3,128,0.001,176,76,2058,48,296,26,0.14772727272727273,1.375,0.5469624906083481,0.6326599913740983,0.6833232033585436,0.8465909090909091,0.6447368421052632,0.5505344995140914,10.780436165143714,2.9321947533998376,5.375532128542923e-10,0.802222233422355,0.4067055393586006,11.101837590699166,4.603058190870871e-10,10.974151011700261,0.4973010286744403,0.6931471805599453,True,0.9964102564102564,0.9844446094446094,0.9230769230769231,0.9230769230769231,0.7753496503496504,1,24,0.9238461538461539,0.8782302626795163,0.8076923076923077,0.8076923076923077,0.659965034965035,1,21,0.07692307692307693,0.08346487140589955,0.0,0.0,-0.14772727272727273,1,0,0.3371794871794872,0.1084940032065482,0.0,0.0,-0.14772727272727273,1,0,1.2020887119725314,0.3313643507306935,0.8707243612418379,1.0,-0.8408286784864676,0.2725215545051778,-1.1133502329916454,0.0,0.9230769230769231
cat,n300,3,128,0.01,176,76,2058,48,296,26,0.14772727272727273,1.375,0.6667422578730621,0.6764847279598646,0.6867432009881376,0.7727272727272727,0.6973684210526315,0.5728862973760933,1.5907189345683037,1.2309910944854603,2.315056934275276e-11,0.7138747213754422,0.3901846452866861,1.9389641881475073,2.2535216931571388e-10,2.382283565692956,0.09964732484188757,0.6931471805599453,True,0.9971794871794872,0.9858514633514635,0.9230769230769231,0.9230769230769231,0.7753496503496504,1,24,0.8323076923076923,0.608333762014978,0.5769230769230769,0.5769230769230769,0.42919580419580416,1,15,0.05153846153846154,0.08271339618987443,0.0,0.0,-0.14772727272727273,1,0,0.7230769230769231,0.26207969565667544,0.2692307692307692,0.2692307692307692,0.12150349650349648,1,7,0.28606316201421467,0.05258105249446814,0.23348210951974652,1.0,-0.177492940080258,0.03379068229545383,-0.21128362237571185,0.0,0.9484615384615385
cat,n300,3,128,0.1,176,76,2058,48,296,26,0.14772727272727273,1.375,0.6901855181698614,0.6911366654202498,0.69229523973721,0.7556818181818182,0.6973684210526315,0.5806608357628765,0.17167929657763423,1.0233771008564894,7.082350277020705e-11,0.6954231393930729,0.391642371234208,0.22144527241272954,1.5816197471115117e-11,0.28183079479453144,-0.012057679922486374,0.6931471805599453,True,0.9964102564102564,0.9811590945286597,0.9230769230769231,0.9230769230769231,0.7753496503496504,1,24,0.7853846153846153,0.3522765232464856,0.46153846153846156,0.46153846153846156,0.31381118881118886,1,12,0.04871794871794872,0.0826406171485444,0.0,0.0,-0.14772727272727273,1,0,0.7730769230769231,0.33022999744915804,0.4230769230769231,0.4230769230769231,0.2753496503496503,1,11,0.0342708562785844,0.005766189519847403,0.028504666758736998,1.0,-0.020647044820201625,0.0034047353615985977,-0.024051780181800222,0.0,0.9512820512820512
cat,n300,3,128,1.0,176,76,2058,48,296,26,0.14772727272727273,1.375,0.6928471239747065,0.6929418637921311,0.6930592697754473,0.7556818181818182,0.6973684210526315,0.5801749271137027,0.017317895460319407,1.002338916783289,7.807408500706569e-12,0.6933768064962481,0.391642371234208,0.022488947682259747,3.613109741538763e-12,0.02872513290772464,-0.02499733900067379,0.6931471805599453,True,0.9964102564102564,0.9811590945286597,0.9230769230769231,0.9230769230769231,0.7753496503496504,1,24,0.7797435897435897,0.33946174544872465,0.46153846153846156,0.46153846153846156,0.31381118881118886,1,12,0.04846153846153846,0.08263832367576793,0.0,0.0,-0.14772727272727273,1,0,0.7787179487179487,0.3375251137044006,0.46153846153846156,0.46153846153846156,0.31381118881118886,1,12,0.003497442888448077,0.0005826786567701587,0.0029147642316779184,1.0,-0.002100065526643778,0.0003404665814861125,-0.0024405321081298905,0.0,0.9515384615384616
cat,n300,3,256,1e-06,176,76,2058,48,296,26,0.14772727272727273,0.6875,0.025315080855751806,2.318076433263186,2.111189192362688,1.0,0.5657894736842105,0.5379008746355685,257.2170027169394,100.41847602379572,1.0413724547264648e-09,2.6128872551534577,0.4912536443148688,248.1856423276635,1.9432860013590546e-09,143.89558361207764,0.8384620963024959,0.6931471805599453,False,1.0,1.0,1.0,1.0,0.8522727272727273,1,26,1.0,1.0,1.0,1.0,0.8522727272727273,1,26,0.2194871794871795,0.09371973104285977,0.0,0.0,-0.14772727272727273,1,0,0.22846153846153847,0.09467761492735473,0.0,0.0,-0.14772727272727273,1,0,8.462886347733733,4.834807127371681,3.6280792203620518,1.0,-6.601409395543721,4.772312421839627,-11.373721817383348,0.0,0.7805128205128204
cat,n300,3,256,1e-05,176,76,2058,48,296,26,0.14772727272727273,0.6875,0.10543290385809617,1.2693912228516009,1.2215086822068748,0.9886363636363636,0.5921052631578947,0.543245869776482,125.22687726865075,46.5462466365378,7.424506728856073e-10,1.5569353668595878,0.4897959183673469,121.8196039482675,1.1534574531578582e-09,74.10314752529595,0.8203987171744873,0.6931471805599453,False,1.0,1.0,1.0,1.0,0.8522727272727273,1,26,1.0,1.0,1.0,1.0,0.8522727272727273,1,26,0.19076923076923077,0.09081435249496102,0.0,0.0,-0.14772727272727273,1,0,0.20076923076923076,0.09181591495117289,0.0,0.0,-0.14772727272727273,1,0,5.020015462882534,2.771899477322833,2.248115985559701,1.0,-3.9113530778122887,2.7096098652201475,-6.620962943032437,0.0,0.8092307692307692
cat,n300,3,256,0.0001,176,76,2058,48,296,26,0.14772727272727273,0.6875,0.30129240663862683,0.7163896252043825,0.7880804273308608,0.9488636363636364,0.5789473684210527,0.5481049562682215,45.442083605645486,13.589725651473639,9.824283019156254e-10,1.0036068127624558,0.4586977648202138,44.5524700805525,1.048048598428451e-09,31.32372785951334,0.7578767896433419,0.6931471805599453,False,1.0,1.0,1.0,1.0,0.8522727272727273,1,26,0.9989743589743589,0.9948717948717949,0.9615384615384616,0.9615384615384616,0.8138111888111889,1,25,0.1423076923076923,0.08682960600434976,0.0,0.0,-0.14772727272727273,1,0,0.18794871794871795,0.0905687117288126,0.0,0.0,-0.14772727272727273,1,0,2.654668639201695,1.219128118063869,1.4355405211378263,1.0,-2.096320495606641,1.1454029866510784,-3.2417234822577194,0.0,0.8576923076923078
cat,n300,3,256,0.001,176,76,2058,48,296,26,0.14772727272727273,0.6875,0.5429619329906492,0.6320950059109961,0.6838337462295636,0.8579545454545454,0.618421052631579,0.5534499514091351,10.961793536538437,3.0588500817799487,4.83487387883303e-10,0.8031694332934701,0.413508260447036,11.291210179680363,5.940089586126849e-10,11.033842232221996,0.5086237483299164,0.6931471805599453,True,0.997948717948718,0.9909502262443439,0.9615384615384616,0.9615384615384616,0.8138111888111889,1,25,0.9371794871794872,0.8875238219488791,0.8076923076923077,0.8076923076923077,0.659965034965035,1,21,0.07461538461538461,0.08340407646444724,0.0,0.0,-0.14772727272727273,1,0,0.30512820512820515,0.10407057878869999,0.0,0.0,-0.14772727272727273,1,0,1.2078763194015487,0.34061321004970274,0.8672631093518459,1.0,-0.8442418168679181,0.2814288965349244,-1.1256707134028425,0.0,0.9253846153846154
cat,n300,3,256,0.01,176,76,2058,48,296,26,0.14772727272727273,0.6875,0.6663272289056191,0.6764298536891121,0.686781560663594,0.7897727272727273,0.6973684210526315,0.5694849368318756,1.6036957595233714,1.236545217322557,2.533076883383703e-11,0.7139125536835891,0.39067055393586003,1.9503823425140634,2.5816607011138873e-10,2.385061948909376,0.1098705959214382,0.6931471805599453,True,0.9971794871794872,0.9858514633514635,0.9230769230769231,0.9230769230769231,0.7753496503496504,1,24,0.8341025641025641,0.6105720437263827,0.5769230769230769,0.5769230769230769,0.42919580419580416,1,15,0.050512820512820515,0.08268603633526439,0.0,0.0,-0.14772727272727273,1,0,0.7225641025641025,0.26191227760587926,0.2692307692307692,0.2692307692307692,0.12150349650349648,1,7,0.28661289268637075,0.053530422107729854,0.2330824705786409,1.0,-0.177841714322613,0.03470532277774044,-0.21254703710035344,0.0,0.9494871794871795
cat,n300,3,256,0.1,176,76,2058,48,296,26,0.14772727272727273,0.6875,0.6901438815797646,0.6911312113853207,0.692299006497097,0.7613636363636364,0.7105263157894737,0.5806608357628765,0.17288752757931922,1.0238393679082816,7.351080575156632e-11,0.6954258315611648,0.3901846452866861,0.2224499847081016,1.6577170716633744e-11,0.2820664461204944,-0.0024362044856518364,0.6931471805599453,True,0.9971794871794872,0.9851261922457575,0.9230769230769231,0.9230769230769231,0.7753496503496504,1,24,0.7861538461538462,0.3524821707735617,0.46153846153846156,0.46153846153846156,0.31381118881118886,1,12,0.04897435897435897,0.08266739162711143,0.0,0.0,-0.14772727272727273,1,0,0.7730769230769231,0.3297031502653341,0.4230769230769231,0.4230769230769231,0.2753496503496503,1,11,0.03432589294142917,0.00586133480779759,0.02846455813363158,1.0,-0.020681986789518218,0.003496397587097727,-0.024178384376615944,0.0,0.951025641025641
cat,n300,3,256,1.0,176,76,2058,48,296,26,0.14772727272727273,0.6875,0.6928429589767678,0.6929413185848925,0.6930596459970408,0.7613636363636364,0.7105263157894737,0.5806608357628765,0.01743773068676626,1.002384193839299,8.101789639477564e-12,0.6933770634023848,0.391156462585034,0.022587932260965123,1.5827399496097296e-08,0.02874827288796657,-0.015453930454989875,0.6931471805599453,True,0.9971794871794872,0.9851261922457575,0.9230769230769231,0.9230769230769231,0.7753496503496504,1,24,0.78,0.3395185292161384,0.46153846153846156,0.46153846153846156,0.31381118881118886,1,12,0.04846153846153846,0.08263832367576793,0.0,0.0,-0.14772727272727273,1,0,0.7787179487179487,0.3374025896001988,0.46153846153846156,0.46153846153846156,0.31381118881118886,1,12,0.003502949516170296,0.0005921950736162222,0.002910754442554074,1.0,-0.0021035604958305597,0.0003496347650721625,-0.002453195260902722,0.0,0.9515384615384616
cat,n300,3,384,1e-06,176,76,2058,48,296,26,0.14772727272727273,0.4583333333333333,0.025315080855751806,2.3180764332632013,2.1111891923626933,1.0,0.5657894736842105,0.5379008746355685,257.2170027169394,100.41847602379573,1.0413724547264648e-09,2.6128872551534643,0.4912536443148688,248.1856423276635,1.9432860013590546e-09,143.89558361207764,0.8384620963024959,0.6931471805599453,False,1.0,1.0,1.0,1.0,0.8522727272727273,1,26,1.0,1.0,1.0,1.0,0.8522727272727273,1,26,0.2194871794871795,0.09371973104285977,0.0,0.0,-0.14772727272727273,1,0,0.22846153846153847,0.09467761492735473,0.0,0.0,-0.14772727272727273,1,0,8.462886347733733,4.834807127371681,3.6280792203620518,1.0,-6.601409395543721,4.772312421839627,-11.373721817383348,0.0,0.7805128205128204
cat,n300,3,384,1e-05,176,76,2058,48,296,26,0.14772727272727273,0.4583333333333333,0.10543290385809617,1.2693912228516027,1.2215086822068755,0.9886363636363636,0.5921052631578947,0.543245869776482,125.22687726865075,46.546246636537866,7.424506728856073e-10,1.5569353668595887,0.4897959183673469,121.8196039482675,1.1534574531578582e-09,74.10314752529595,0.8203987171744873,0.6931471805599453,False,1.0,1.0,1.0,1.0,0.8522727272727273,1,26,1.0,1.0,1.0,1.0,0.8522727272727273,1,26,0.19076923076923077,0.09081435249496102,0.0,0.0,-0.14772727272727273,1,0,0.20076923076923076,0.09181591495117289,0.0,0.0,-0.14772727272727273,1,0,5.020015462882534,2.771899477322833,2.248115985559701,1.0,-3.9113530778122887,2.7096098652201475,-6.620962943032437,0.0,0.8092307692307692
cat,n300,3,384,0.0001,176,76,2058,48,296,26,0.14772727272727273,0.4583333333333333,0.30129240663862683,0.7163896252043829,0.7880804273308608,0.9488636363636364,0.5789473684210527,0.5481049562682215,45.442083605645486,13.589725651473653,9.824283019156254e-10,1.0036068127624558,0.4586977648202138,44.5524700805525,1.048048598428451e-09,31.32372785951334,0.7578767896433419,0.6931471805599453,False,1.0,1.0,1.0,1.0,0.8522727272727273,1,26,0.9989743589743589,0.9948717948717949,0.9615384615384616,0.9615384615384616,0.8138111888111889,1,25,0.1423076923076923,0.08682960600434976,0.0,0.0,-0.14772727272727273,1,0,0.18794871794871795,0.0905687117288126,0.0,0.0,-0.14772727272727273,1,0,2.654668639201695,1.219128118063869,1.4355405211378263,1.0,-2.096320495606641,1.1454029866510784,-3.2417234822577194,0.0,0.8576923076923078
cat,n300,3,384,0.001,176,76,2058,48,296,26,0.14772727272727273,0.4583333333333333,0.5429619329906492,0.6320950059109962,0.6838337462295636,0.8579545454545454,0.618421052631579,0.5534499514091351,10.961793536538437,3.058850081779952,4.83487387883303e-10,0.8031694332934701,0.413508260447036,11.291210179680363,5.940089586126849e-10,11.033842232221996,0.5086237483299164,0.6931471805599453,True,0.997948717948718,0.9909502262443439,0.9615384615384616,0.9615384615384616,0.8138111888111889,1,25,0.9371794871794872,0.8875238219488791,0.8076923076923077,0.8076923076923077,0.659965034965035,1,21,0.07461538461538461,0.08340407646444724,0.0,0.0,-0.14772727272727273,1,0,0.30512820512820515,0.10407057878869999,0.0,0.0,-0.14772727272727273,1,0,1.2078763194015487,0.34061321004970274,0.8672631093518459,1.0,-0.8442418168679181,0.2814288965349244,-1.1256707134028425,0.0,0.9253846153846154
cat,n300,3,384,0.01,176,76,2058,48,296,26,0.14772727272727273,0.4583333333333333,0.6663272289056191,0.6764298536891121,0.686781560663594,0.7897727272727273,0.6973684210526315,0.5694849368318756,1.6036957595233714,1.2365452173225582,2.533076883383703e-11,0.7139125536835891,0.39067055393586003,1.9503823425140634,2.5816607011138873e-10,2.385061948909376,0.1098705959214382,0.6931471805599453,True,0.9971794871794872,0.9858514633514635,0.9230769230769231,0.9230769230769231,0.7753496503496504,1,24,0.8341025641025641,0.6105720437263827,0.5769230769230769,0.5769230769230769,0.42919580419580416,1,15,0.050512820512820515,0.08268603633526439,0.0,0.0,-0.14772727272727273,1,0,0.7225641025641025,0.26191227760587926,0.2692307692307692,0.2692307692307692,0.12150349650349648,1,7,0.28661289268637075,0.053530422107729854,0.2330824705786409,1.0,-0.177841714322613,0.03470532277774044,-0.21254703710035344,0.0,0.9494871794871795
cat,n300,3,384,0.1,176,76,2058,48,296,26,0.14772727272727273,0.4583333333333333,0.6901438815797646,0.6911312113853207,0.692299006497097,0.7613636363636364,0.7105263157894737,0.5806608357628765,0.17288752757931922,1.0238393679082818,7.351080575156632e-11,0.6954258315611648,0.3901846452866861,0.2224499847081016,1.6577170716633744e-11,0.2820664461204944,-0.0024362044856518364,0.6931471805599453,True,0.9971794871794872,0.9851261922457575,0.9230769230769231,0.9230769230769231,0.7753496503496504,1,24,0.7861538461538462,0.3524821707735617,0.46153846153846156,0.46153846153846156,0.31381118881118886,1,12,0.04897435897435897,0.08266739162711143,0.0,0.0,-0.14772727272727273,1,0,0.7730769230769231,0.3297031502653341,0.4230769230769231,0.4230769230769231,0.2753496503496503,1,11,0.03432589294142917,0.00586133480779759,0.02846455813363158,1.0,-0.020681986789518218,0.003496397587097727,-0.024178384376615944,0.0,0.951025641025641
cat,n300,3,384,1.0,176,76,2058,48,296,26,0.14772727272727273,0.4583333333333333,0.6928429589767678,0.6929413185848925,0.6930596459970408,0.7613636363636364,0.7105263157894737,0.5806608357628765,0.01743773068676626,1.002384193839299,8.101789639477564e-12,0.6933770634023848,0.391156462585034,0.022587932260965123,1.5827399496097296e-08,0.02874827288796657,-0.015453930454989875,0.6931471805599453,True,0.9971794871794872,0.9851261922457575,0.9230769230769231,0.9230769230769231,0.7753496503496504,1,24,0.78,0.3395185292161384,0.46153846153846156,0.46153846153846156,0.31381118881118886,1,12,0.04846153846153846,0.08263832367576793,0.0,0.0,-0.14772727272727273,1,0,0.7787179487179487,0.3374025896001988,0.46153846153846156,0.46153846153846156,0.31381118881118886,1,12,0.003502949516170296,0.0005921950736162222,0.002910754442554074,1.0,-0.0021035604958305597,0.0003496347650721625,-0.002453195260902722,0.0,0.9515384615384616
cat,n300,4,32,1e-06,187,80,2058,33,296,28,0.1497326203208556,5.84375,0.5738432021564818,0.7650898318464104,0.7020256687175694,0.6737967914438503,0.5,0.5728862973760933,29.422011766515073,27.484685331344814,2.4533513184168314e-09,0.8269934774968376,0.5918367346938775,43.97519177855352,1.2312625397698933e-09,42.36992304335135,0.3880939562060068,0.6931471805599453,False,0.7192273135669363,0.45866775967272677,0.4642857142857143,0.4642857142857143,0.3145530939648587,1,13,0.8676999101527404,0.6848102262529728,0.6428571428571429,0.6428571428571429,0.4931245225362873,1,18,0.23607367475292004,0.09833085575345595,0.0,0.0,-0.1497326203208556,1,0,0.38791554357592095,0.12142624462034483,0.03571428571428571,0.03571428571428571,-0.11401833460656989,1,1,3.955876569091828,1.6156305420165502,2.3402460270752776,1.0,-0.5288497577443063,0.7072993504763576,-1.236149108220664,0.39285714285714285,0.7639263252470799
cat,n300,4,32,1e-05,187,80,2058,33,296,28,0.1497326203208556,5.84375,0.5741692522271021,0.7526705040367618,0.6957538858150923,0.6684491978609626,0.5125,0.5699708454810496,27.22485373188617,24.05305119095255,1.3711914387320015e-09,0.7925832226233631,0.5957240038872692,38.75929508923269,8.430006019225679e-10,37.03845929371022,0.4130092959212383,0.6931471805599453,False,0.7147349505840072,0.45560882508733763,0.4642857142857143,0.4642857142857143,0.3145530939648587,1,13,0.8681491464510332,0.6698289844787597,0.6428571428571429,0.6428571428571429,0.4931245225362873,1,18,0.23225516621743036,0.09805452546023796,0.0,0.0,-0.1497326203208556,1,0,0.4018418688230009,0.12429715010282263,0.03571428571428571,0.03571428571428571,-0.11401833460656989,1,1,3.5951422830955315,1.4727476413674205,2.122394641728111,1.0,-0.4750542540495169,0.6675995095194254,-1.1426537635689422,0.39285714285714285,0.7677448337825696
cat,n300,4,32,0.0001,187,80,2058,33,296,28,0.1497326203208556,5.84375,0.5829334482822796,0.7091098360801263,0.6749354386264504,0.679144385026738,0.5875,0.5879494655004859,17.96706751748807,12.281650006504684,7.94143194976063e-10,0.7030672422499273,0.6049562682215743,23.545167555126188,2.8998857060792405e-09,21.18830032732241,0.5061563608716835,0.6931471805599453,True,0.6756513926325247,0.4348402422643285,0.42857142857142855,0.42857142857142855,0.27883880825057294,1,12,0.8793800539083558,0.6561676238778539,0.6071428571428571,0.6071428571428571,0.4574102368220015,1,17,0.20777178796046722,0.09617315861687248,0.0,0.0,-0.1497326203208556,1,0,0.4618149146451033,0.13953799623032276,0.07142857142857142,0.07142857142857142,-0.07830404889228418,1,2,2.4935580718964423,1.0136120560323134,1.4799460158641289,1.0,-0.23399781403492895,0.4862797907301368,-0.7202776047650657,0.5,0.7922282120395328
cat,n300,4,32,0.001,187,80,2058,33,296,28,0.1497326203208556,5.84375,0.625606484503806,0.6866076457774971,0.6668663206749197,0.6524064171122995,0.6,0.6015549076773566,6.7575051110613655,2.704541104872371,8.098115910857401e-10,0.6491960736878625,0.6141885325558795,9.903498061000038,7.99530985650003e-10,8.190011746354902,0.5727995376480814,0.6931471805599453,True,0.5887241689128482,0.36157385716261875,0.32142857142857145,0.32142857142857145,0.17169595110771585,1,9,0.8775831087151842,0.5853883800121045,0.5,0.5,0.3502673796791444,1,14,0.17969451931716082,0.09376043749873696,0.0,0.0,-0.1497326203208556,1,0,0.6978885893980233,0.22935219855142605,0.25,0.25,0.1002673796791444,1,7,1.242387752540397,0.47190772716713775,0.7704800253732593,1.0,0.04000840466515221,0.22186499574124294,-0.18185659107609073,0.5357142857142857,0.8203054806828391
cat,n300,4,32,0.01,187,80,2058,33,296,28,0.1497326203208556,5.84375,0.6767172140373543,0.6901290655316469,0.6836953407453948,0.6149732620320856,0.6375,0.6122448979591837,1.2361253403904904,1.2513064728483343,8.995705160448209e-12,0.6684896130138457,0.6156462585034014,2.385135496133223,3.0981611571690677e-10,1.8116372911792022,0.6673018769560064,0.6931471805599453,True,0.46024258760107817,0.17459337420521395,0.14285714285714285,0.14285714285714285,-0.006875477463712754,1,4,0.8409703504043127,0.42225539550464053,0.32142857142857145,0.32142857142857145,0.17169595110771585,1,9,0.16756513926325248,0.09312710276056865,0.0,0.0,-0.1497326203208556,1,0,0.8306379155435759,0.3496474837634307,0.35714285714285715,0.35714285714285715,0.20741023682200155,1,10,0.3222078834892496,0.1146632432028156,0.20754464028643402,1.0,0.046397558896733096,0.04953325453326205,-0.0031356956365289554,0.8214285714285714,0.8324348607367476
cat,n300,4,32,0.1,187,80,2058,33,296,28,0.1497326203208556,5.84375,0.6911584718224066,0.6927355134761697,0.6919036035595915,0.6149732620320856,0.5875,0.6112730806608357,0.14043606652923932,1.026399021324222,4.664996833587558e-11,0.6894512869840218,0.6151603498542274,0.2972255645724923,1.6440190639475256e-11,0.22236423219478396,0.7021778061074911,0.6931471805599453,True,0.4132973944294699,0.14497169548963912,0.10714285714285714,0.10714285714285714,-0.042589763177998466,1,3,0.8358041329739443,0.3941206409552719,0.32142857142857145,0.32142857142857145,0.17169595110771585,1,9,0.16531895777178796,0.09292308507853497,0.0,0.0,-0.1497326203208556,1,0,0.8317610062893082,0.37778347180024674,0.32142857142857145,0.32142857142857145,0.17169595110771585,1,9,0.04063933935794972,0.014233802932607321,0.0264055364253424,1.0,0.006702190862534987,0.005896869409524445,0.0008053214530105426,0.8571428571428571,0.834681042228212
cat,n300,4,32,1.0,187,80,2058,33,296,28,0.1497326203208556,5.84375,0.6929438048187769,0.6931045024342177,0.6930188067456834,0.6149732620320856,0.5875,0.6112730806608357,0.014254961824859599,1.0026514168993845,7.114077584885468e-12,0.6927595042049083,0.6156462585034014,0.030506286754978726,2.5481275210163884e-12,0.02278947589541582,0.7065134120322809,0.6931471805599453,True,0.4079065588499551,0.1424569791350791,0.10714285714285714,0.10714285714285714,-0.042589763177998466,1,3,0.8358041329739443,0.3873987265729104,0.32142857142857145,0.32142857142857145,0.17169595110771585,1,9,0.16531895777178796,0.09294885281517946,0.0,0.0,-0.1497326203208556,1,0,0.8353548966756514,0.3864431142717172,0.32142857142857145,0.32142857142857145,0.17169595110771585,1,9,0.004176217924029976,0.0014600496930870408,0.0027161682309429355,1.0,0.0006979824305418206,0.000601699938294919,9.62824922469016e-05,0.8571428571428571,0.834681042228212
cat,n300,4,64,1e-06,187,80,2058,33,296,28,0.1497326203208556,2.921875,0.3767337370572676,1.1701726050348835,1.2247052475999973,0.8128342245989305,0.475,0.5257531584062196,107.04719482488284,119.71191656696928,1.7684950047775238e-09,1.4561904806970003,0.5884353741496599,132.3595561569747,1.3113156865970724e-09,136.06387180214975,0.3692915595343418,0.6931471805599453,False,0.9490116801437556,0.8514264741550026,0.75,0.75,0.6002673796791445,1,21,0.9820305480682839,0.9263172787157173,0.8571428571428571,0.8571428571428571,0.7074102368220014,1,24,0.28773584905660377,0.10251671083628515,0.0,0.0,-0.1497326203208556,1,0,0.3393980233602875,0.11162226410602695,0.07142857142857142,0.07142857142857142,-0.07830404889228418,1,2,8.366370697124404,3.807207659852563,4.5591630372718415,1.0,-4.521487222577956,2.2908759965640444,-6.812363219142,0.10714285714285714,0.7122641509433962
cat,n300,4,64,1e-05,187,80,2058,33,296,28,0.1497326203208556,2.921875,0.38971529984163267,0.9185094582707987,0.9568635634172509,0.7967914438502673,0.475,0.5354713313896987,71.29186862459746,47.157773634043146,9.595169959527315e-10,0.9862814270168345,0.5966958211856171,71.42788464560803,1.717289782621964e-09,76.5888048605458,0.424041180276152,0.6931471805599453,False,0.935759209344115,0.8370022697370496,0.7857142857142857,0.7857142857142857,0.63598166539343,1,22,0.9820305480682839,0.9280618441216575,0.8571428571428571,0.8571428571428571,0.7074102368220014,1,24,0.26819407008086255,0.10029949726144465,0.0,0.0,-0.1497326203208556,1,0,0.3504043126684636,0.11426530600278452,0.07142857142857142,0.07142857142857142,-0.07830404889228418,1,2,5.140261946843379,2.374268464266304,2.7659934825770747,1.0,-2.8621119777906237,1.653087395621608,-4.515199373412232,0.10714285714285714,0.7318059299191375
cat,n300,4,64,0.0001,187,80,2058,33,296,28,0.1497326203208556,2.921875,0.4532615169241117,0.7278473111202735,0.7308749722363295,0.7807486631016043,0.475,0.5529640427599611,31.84766859860082,12.368568863715852,6.119792429312219e-10,0.7267795689158066,0.6025267249757046,30.200291200997558,1.2787450074023496e-09,30.05928136629697,0.531691495032623,0.6931471805599453,False,0.8971248876909255,0.7843476130251182,0.6785714285714286,0.6785714285714286,0.5288388082505731,1,19,0.972596585804133,0.9202221450762084,0.8214285714285714,0.8214285714285714,0.6716959511077158,1,23,0.2306828391734052,0.09717083900178006,0.0,0.0,-0.1497326203208556,1,0,0.4119496855345912,0.12889150820370282,0.10714285714285714,0.10714285714285714,-0.042589763177998466,1,3,2.6655716735730866,1.2618335756588954,1.4037380979141911,1.0,-1.1019891895070735,0.8526346353898479,-1.9546238248969212,0.17857142857142858,0.7693171608265947
cat,n300,4,64,0.001,187,80,2058,33,296,28,0.1497326203208556,2.921875,0.5800004381934611,0.6881393886484164,0.6735365133139526,0.732620320855615,0.5875,0.5796890184645287,9.250444069450488,3.1276831111801506,2.925655881810905e-10,0.6507260557759501,0.6137026239067055,10.751529904595525,4.2217748298084633e-10,9.67877202814143,0.5403747504043325,0.6931471805599453,True,0.7944743935309974,0.6199264685501567,0.5357142857142857,0.5357142857142857,0.3859816653934301,1,15,0.9386792452830188,0.8028552613072053,0.6785714285714286,0.6785714285714286,0.5288388082505731,1,19,0.18665768194070081,0.09424913214444575,0.0,0.0,-0.1497326203208556,1,0,0.644878706199461,0.20057418300945087,0.17857142857142858,0.17857142857142858,0.028838808250572973,1,5,1.2654189295607714,0.5219943283503107,0.7434246012104607,1.0,-0.17425305200980126,0.30574252593900625,-0.47999557794880754,0.35714285714285715,0.8133423180592991
cat,n300,4,64,0.01,187,80,2058,33,296,28,0.1497326203208556,2.921875,0.6703384640205345,0.6903089492699827,0.6843805535368593,0.7005347593582888,0.6,0.6103012633624878,1.4683396834882876,1.2812420157600566,1.883063168749262e-10,0.6685086130370003,0.6205053449951409,2.445966677265965,3.2957225831755066e-11,1.9337227004393316,0.6124848612038079,0.6931471805599453,True,0.6257861635220126,0.2760716273659719,0.2857142857142857,0.2857142857142857,0.1359816653934301,1,8,0.8499550763701708,0.4694297312257079,0.32142857142857145,0.32142857142857145,0.17169595110771585,1,9,0.17093441150044925,0.09334181721243498,0.0,0.0,-0.1497326203208556,1,0,0.8223270440251572,0.34049848473875793,0.32142857142857145,0.32142857142857145,0.17169595110771585,1,9,0.3265594490780769,0.12106625998951655,0.20549318908856035,1.0,0.01915049924796196,0.05997195506256624,-0.04082145581460428,0.5714285714285714,0.8290655884995508
cat,n300,4,64,0.1,187,80,2058,33,296,28,0.1497326203208556,2.921875,0.6904934627302366,0.6927571306233254,0.6919740586078214,0.679144385026738,0.575,0.6127308066083577,0.16236340213550501,1.0289316731404716,1.3913675698194183e-10,0.6894485821206396,0.619533527696793,0.3024666514506104,2.675600515351586e-11,0.23305070051756335,0.6468738405136352,0.6931471805599453,True,0.5640161725067385,0.20060379322770652,0.14285714285714285,0.14285714285714285,-0.006875477463712754,1,4,0.8331087151841868,0.3973040653197106,0.32142857142857145,0.32142857142857145,0.17169595110771585,1,9,0.16868823000898472,0.0932683984978915,0.0,0.0,-0.1497326203208556,1,0,0.828167115902965,0.37251309861380866,0.32142857142857145,0.32142857142857145,0.17169595110771585,1,9,0.04109892374850791,0.014894761435773599,0.026204162312734314,1.0,0.0039007242389715803,0.006970235828339922,-0.0030695115893683415,0.6785714285714286,0.8313117699910153
cat,n300,4,64,1.0,187,80,2058,33,296,28,0.1497326203208556,2.921875,0.6928770197514204,0.6931067170770138,0.6930258806322803,0.679144385026738,0.575,0.6127308066083577,0.016431020497693488,1.0028993594267297,1.3251975618968892e-11,0.6927591814195545,0.6190476190476191,0.03102034973870335,3.840090679587062e-12,0.023839417644838656,0.6512928252653621,0.6931471805599453,True,0.555256064690027,0.19412933827301843,0.14285714285714285,0.14285714285714285,-0.006875477463712754,1,4,0.8299640610961365,0.3793024125047952,0.32142857142857145,0.32142857142857145,0.17169595110771585,1,9,0.16846361185983827,0.0932346306290176,0.0,0.0,-0.1497326203208556,1,0,0.8299640610961365,0.38087603045772334,0.32142857142857145,0.32142857142857145,0.17169595110771585,1,9,0.004222359320091232,0.0015263468844472937,0.0026960124356439387,1.0,0.00041704896976082025,0.0007093441599542787,-0.0002922951901934584,0.6785714285714286,0.8315363881401617
cat,n300,4,128,1e-06,187,80,2058,33,296,28,0.1497326203208556,1.4609375,0.08408466118318328,2.8480643000469703,2.665875994691298,0.9893048128342246,0.5,0.5179786200194364,306.3318504369962,310.0310871532448,6.726977243159484e-10,2.5278242647760605,0.5558794946550049,278.4109119959209,4.5615545630193004e-10,250.52240984191934,0.6366238030967265,0.6931471805599453,False,1.0,1.0,1.0,1.0,0.8502673796791445,1,28,1.0,1.0,1.0,1.0,0.8502673796791445,1,28,0.25404312668463613,0.09847557006820885,0.0,0.0,-0.1497326203208556,1,0,0.26909254267744837,0.10010780969868589,0.0,0.0,-0.1497326203208556,1,0,12.469306225980954,6.982354457753205,5.486951768227749,1.0,-7.323439247842025,6.183959970452305,-13.50739921829433,0.0,0.7459568733153639
cat,n300,4,128,1e-05,187,80,2058,33,296,28,0.1497326203208556,1.4609375,0.19324999948657992,1.1448344524199534,1.1706046077886916,0.9518716577540107,0.55,0.5296404275996113,112.75902458264177,65.52027714069685,9.357478752626608e-10,1.1820983991414424,0.576773566569485,108.80575465947557,5.95657920012367e-10,92.58719520662936,0.6512805279706289,0.6931471805599453,False,0.9982030548068284,0.9896552242347172,0.9642857142857143,0.9642857142857143,0.8145530939648586,1,27,1.0,1.0,1.0,1.0,0.8502673796791445,1,28,0.23113207547169812,0.09640254482455979,0.0,0.0,-0.1497326203208556,1,0,0.26302785265049416,0.09950482382319072,0.0,0.0,-0.1497326203208556,1,0,5.589203477076254,3.277977670519262,2.3112258065569926,1.0,-3.1657446630365986,2.720075067783167,-5.885819730819765,0.0,0.7688679245283019
cat,n300,4,128,0.0001,187,80,2058,33,296,28,0.1497326203208556,1.4609375,0.34510573151030305,0.7392024451359257,0.7592992090306124,0.8983957219251337,0.5625,0.543731778425656,41.52639430792958,14.351980334323736,1.1016234769858154e-09,0.7503862499090541,0.60932944606414,39.055015016730216,4.2237395312060413e-10,34.47374816062176,0.6354909901210215,0.6931471805599453,False,0.9851752021563343,0.9444107008886878,0.8214285714285714,0.8214285714285714,0.6716959511077158,1,23,0.9993261455525606,0.9965437788018433,0.9642857142857143,0.9642857142857143,0.8145530939648586,1,27,0.2059748427672956,0.09527183134708272,0.0,0.0,-0.1497326203208556,1,0,0.2922282120395328,0.10321348709332465,0.0,0.0,-0.1497326203208556,1,0,2.8063401342827823,1.530715028948244,1.2756251053345382,1.0,-1.34891018460754,1.1518490986988168,-2.5007592833063566,0.03571428571428571,0.7940251572327044
cat,n300,4,128,0.001,187,80,2058,33,296,28,0.1497326203208556,1.4609375,0.5523989816499825,0.6844944275492486,0.6731749421775318,0.8288770053475936,0.5625,0.5748299319727891,10.546785147761698,3.571519806875677,2.0568631209368277e-09,0.6514549796205016,0.6239067055393586,11.744536331349254,2.7670714498069135e-10,10.336528788394059,0.5745067966014117,0.6931471805599453,True,0.8778077268643306,0.7299993723321059,0.6071428571428571,0.6071428571428571,0.4574102368220015,1,17,0.9705750224618149,0.8968569584054155,0.7857142857142857,0.7857142857142857,0.63598166539343,1,22,0.17879604672057503,0.09359855554684217,0.0,0.0,-0.1497326203208556,1,0,0.5350404312668463,0.15123942187145945,0.07142857142857142,0.07142857142857142,-0.07830404889228418,1,2,1.304744335926612,0.5752066284088868,0.7295377075177252,1.0,-0.2371805683590124,0.363735191957639,-0.6009157603166514,0.25,0.821203953279425
cat,n300,4,128,0.01,187,80,2058,33,296,28,0.1497326203208556,1.4609375,0.6670153160434458,0.6897614359884593,0.6840866080194538,0.7433155080213903,0.6375,0.6059280855199223,1.576688154078894,1.303969379584817,1.0413822049620049e-09,0.6684327367311187,0.6185617103984451,2.5063880248445134,6.946308061915167e-11,1.980566900321357,0.6130485665294898,0.6931471805599453,True,0.6873315363881402,0.34050902436744096,0.35714285714285715,0.35714285714285715,0.20741023682200155,1,10,0.8564690026954178,0.4759146871829246,0.32142857142857145,0.32142857142857145,0.17169595110771585,1,9,0.1693620844564241,0.093191007293454,0.0,0.0,-0.1497326203208556,1,0,0.8124438454627134,0.3287459913441619,0.32142857142857145,0.32142857142857145,0.17169595110771585,1,9,0.33175296603787424,0.1272980032497874,0.20445496278808684,1.0,0.011900216075037861,0.06656772484841834,-0.05466750877338048,0.5357142857142857,0.8306379155435759
cat,n300,4,128,0.1,187,80,2058,33,296,28,0.1497326203208556,1.4609375,0.6901546611525933,0.6926995854641949,0.6919393397433686,0.7165775401069518,0.6,0.60932944606414,0.17247450118792845,1.0307741796006276,1.8894153019539858e-10,0.6894376858816013,0.619533527696793,0.3075125805767102,4.09013625966409e-09,0.23706961875875796,0.6420805390263787,0.6931471805599453,True,0.6134321653189577,0.24820297598620908,0.25,0.25,0.1002673796791444,1,7,0.8349056603773585,0.39842622966349167,0.32142857142857145,0.32142857142857145,0.17169595110771585,1,9,0.16868823000898472,0.09315807452720093,0.0,0.0,-0.1497326203208556,1,0,0.8308625336927223,0.37971789432554665,0.32142857142857145,0.32142857142857145,0.17169595110771585,1,9,0.041627814192488496,0.015526629883052761,0.026101184309435733,1.0,0.0031659981203019777,0.0076383526760288745,-0.004472354555726896,0.6785714285714286,0.8313117699910153
cat,n300,4,128,1.0,187,80,2058,33,296,28,0.1497326203208556,1.4609375,0.692843073752799,0.6931009313568582,0.69302234657167,0.7112299465240641,0.6,0.6122448979591837,0.017433358536522992,1.0030790344629485,1.599627697399187e-11,0.6927580561234347,0.6185617103984451,0.031513795521419016,5.170730910817286e-12,0.024233442039544896,0.6459709044272225,0.6931471805599453,True,0.6026504941599281,0.23949151681729977,0.25,0.25,0.1002673796791444,1,7,0.8331087151841868,0.3830988003134938,0.32142857142857145,0.32142857142857145,0.17169595110771585,1,9,0.16823899371069181,0.09310997898366095,0.0,0.0,-0.1497326203208556,1,0,0.8322102425876011,0.38110304081773433,0.32142857142857145,0.32142857142857145,0.17169595110771585,1,9,0.004275312550632636,0.0015896143535315585,0.002685698197101077,1.0,0.00034347968089734295,0.0007762421298268656,-0.0004327624489295227,0.7142857142857143,0.8317610062893082
cat,n300,4,256,1e-06,187,80,2058,33,296,28,0.1497326203208556,0.73046875,0.024733140364741644,2.07603873677754,2.2382365246371543,1.0,0.5625,0.531584062196307,265.30226469128377,128.65495410604896,3.437771984656528e-10,2.0651115304525463,0.577259475218659,239.47358992163865,7.228895202818531e-10,165.42770449575988,0.7898788582997858,0.6931471805599453,False,1.0,1.0,1.0,1.0,0.8502673796791445,1,28,1.0,1.0,1.0,1.0,0.8502673796791445,1,28,0.24640610961365678,0.09819897012366138,0.0,0.0,-0.1497326203208556,1,0,0.25988319856244385,0.0994695925471125,0.0,0.0,-0.1497326203208556,1,0,8.263637132345158,5.701009025419304,2.562628106925854,1.0,-5.570672749875814,4.932310485745898,-10.502983235621713,0.0,0.7535938903863433
cat,n300,4,256,1e-05,187,80,2058,33,296,28,0.1497326203208556,0.73046875,0.11219391065790824,1.1248845255253326,1.2350701415491756,0.9893048128342246,0.575,0.5344995140913509,126.94632295268623,56.42026521769235,7.799969266709879e-10,1.1868302258016445,0.586977648202138,116.23833133275495,5.136807622626495e-10,86.17996342814259,0.7522258482820547,0.6931471805599453,False,1.0,1.0,1.0,1.0,0.8502673796791445,1,28,1.0,1.0,1.0,1.0,0.8502673796791445,1,28,0.22551662174303683,0.09639654989984921,0.0,0.0,-0.1497326203208556,1,0,0.24618149146451032,0.09796558521130229,0.0,0.0,-0.1497326203208556,1,0,5.04655924688784,3.2998846757677174,1.7466745711201228,1.0,-3.1827564045956946,2.768484803286272,-5.951241207881967,0.0,0.7744833782569631
cat,n300,4,256,0.0001,187,80,2058,33,296,28,0.1497326203208556,0.73046875,0.31039919748935285,0.730657340608404,0.7667503292484991,0.9625668449197861,0.575,0.5461613216715258,44.93798061969822,16.66508093569152,1.3482971791991196e-09,0.7554342568032689,0.6112730806608357,41.76059579320534,1.0345974263808653e-09,35.05496760760134,0.6752821454889284,0.6931471805599453,False,0.9966307277628033,0.9822808989496181,0.9285714285714286,0.9285714285714286,0.7788388082505731,1,26,1.0,1.0,1.0,1.0,0.8502673796791445,1,28,0.20035938903863432,0.09494035066202158,0.0,0.0,-0.1497326203208556,1,0,0.26212938005390835,0.09990430906642922,0.0,0.0,-0.1497326203208556,1,0,2.7947151591195287,1.5959481141641267,1.198767044955402,1.0,-1.394654010188722,1.2289190352049086,-2.6235730453936306,0.0,0.7996406109613656
cat,n300,4,256,0.001,187,80,2058,33,296,28,0.1497326203208556,0.73046875,0.5472544469414811,0.6828168936463067,0.6722679224190887,0.8502673796791443,0.6125,0.5787172011661808,10.784093145088862,3.722390961888191,4.724407313934224e-10,0.6507544113237596,0.6253644314868805,11.91776932374892,2.2245378831819765e-10,10.383851800516886,0.5855227926833936,0.6931471805599453,True,0.8935309973045822,0.7582533098787251,0.6785714285714286,0.6785714285714286,0.5288388082505731,1,19,0.9759658580413297,0.90858467972042,0.8214285714285714,0.8214285714285714,0.6716959511077158,1,23,0.17969451931716082,0.09368443218015325,0.0,0.0,-0.1497326203208556,1,0,0.4977538185085355,0.1418496630702727,0.03571428571428571,0.03571428571428571,-0.11401833460656989,1,1,1.3049403291722612,0.5851311129819379,0.7198092161903233,1.0,-0.24378167960817626,0.37482039515244087,-0.6186020747606171,0.25,0.8203054806828391
cat,n300,4,256,0.01,187,80,2058,33,296,28,0.1497326203208556,0.73046875,0.666479242026727,0.6895908684810432,0.6839209091393621,0.7700534759358288,0.625,0.6049562682215743,1.5935756506706653,1.3097127932862482,1.1735388106726677e-10,0.6682869142495862,0.6209912536443148,2.51509015581225,8.038098613508812e-11,1.9832266293124097,0.6152682983460657,0.6931471805599453,True,0.6965408805031447,0.36189224561642985,0.35714285714285715,0.35714285714285715,0.20741023682200155,1,10,0.8571428571428571,0.47747207892562865,0.32142857142857145,0.32142857142857145,0.17169595110771585,1,9,0.1693620844564241,0.09323491563090368,0.0,0.0,-0.1497326203208556,1,0,0.8119946091644205,0.32869858678457925,0.32142857142857145,0.32142857142857145,0.17169595110771585,1,9,0.3317767700754436,0.12832433482523178,0.2034524352502118,1.0,0.011217610347730417,0.06771008461045074,-0.05649247426272032,0.5,0.8306379155435759
cat,n300,4,256,0.1,187,80,2058,33,296,28,0.1497326203208556,0.73046875,0.6901008670337375,0.6926827190503111,0.6919211560448698,0.732620320855615,0.6125,0.6098153547133139,0.17402679746169744,1.0312290366334236,2.0082831870255848e-10,0.689421218849646,0.620019436345967,0.30822560379470604,3.9856531062656314e-11,0.23729322167836364,0.6429986957349202,0.6931471805599453,True,0.6206199460916442,0.257802162384484,0.25,0.25,0.1002673796791444,1,7,0.8351302785265049,0.3983611568256581,0.32142857142857145,0.32142857142857145,0.17169595110771585,1,9,0.16913746630727763,0.09320534345754769,0.0,0.0,-0.1497326203208556,1,0,0.8306379155435759,0.37952405831081515,0.32142857142857145,0.32142857142857145,0.17169595110771585,1,9,0.0416302301825624,0.015629500287501347,0.026000729895061053,1.0,0.003097554157155461,0.007752850358407578,-0.004655296201252117,0.6785714285714286,0.8308625336927223
cat,n300,4,256,1.0,187,80,2058,33,296,28,0.1497326203208556,0.73046875,0.6928376924909077,0.6930992477255506,0.6930205090447398,0.7272727272727273,0.6,0.6103012633624878,0.017587017462282792,1.0031232992447403,1.6629329497235025e-11,0.692756386247576,0.6190476190476191,0.03158340771300885,5.4040064543265735e-12,0.024255328760523144,0.6467581045522138,0.6931471805599453,True,0.612084456424079,0.2495012392243979,0.25,0.25,0.1002673796791444,1,7,0.8333333333333334,0.3831966447792657,0.32142857142857145,0.32142857142857145,0.17169595110771585,1,9,0.16823899371069181,0.09311389396439064,0.0,0.0,-0.1497326203208556,1,0,0.8324348607367476,0.381198321565189,0.32142857142857145,0.32142857142857145,0.17169595110771585,1,9,0.004275554329784364,0.0015999036894420561,0.0026756506403423077,1.0,0.00033663355609199773,0.0007876944951416027,-0.00045106093904960493,0.7142857142857143,0.8317610062893082
cat,n300,4,384,1e-06,187,80,2058,33,296,28,0.1497326203208556,0.4869791666666667,0.024733140364741644,2.076038736777543,2.2382365246371587,1.0,0.5625,0.531584062196307,265.30226469128377,128.6549541060491,3.437771984656528e-10,2.065111530452549,0.577259475218659,239.47358992163865,7.228895202818531e-10,165.42770449575988,0.7898788582997858,0.6931471805599453,False,1.0,1.0,1.0,1.0,0.8502673796791445,1,28,1.0,1.0,1.0,1.0,0.8502673796791445,1,28,0.24640610961365678,0.09819897012366138,0.0,0.0,-0.1497326203208556,1,0,0.25988319856244385,0.0994695925471125,0.0,0.0,-0.1497326203208556,1,0,8.263637132345158,5.701009025419304,2.562628106925854,1.0,-5.570672749875814,4.932310485745898,-10.502983235621713,0.0,0.7535938903863433
cat,n300,4,384,1e-05,187,80,2058,33,296,28,0.1497326203208556,0.4869791666666667,0.11219391065790824,1.1248845255253337,1.2350701415491763,0.9893048128342246,0.575,0.5344995140913509,126.94632295268623,56.42026521769242,7.799969266709879e-10,1.1868302258016448,0.586977648202138,116.23833133275495,5.136807622626495e-10,86.17996342814259,0.7522258482820547,0.6931471805599453,False,1.0,1.0,1.0,1.0,0.8502673796791445,1,28,1.0,1.0,1.0,1.0,0.8502673796791445,1,28,0.22551662174303683,0.09639654989984921,0.0,0.0,-0.1497326203208556,1,0,0.24618149146451032,0.09796558521130229,0.0,0.0,-0.1497326203208556,1,0,5.04655924688784,3.2998846757677174,1.7466745711201228,1.0,-3.1827564045956946,2.768484803286272,-5.951241207881967,0.0,0.7744833782569631
cat,n300,4,384,0.0001,187,80,2058,33,296,28,0.1497326203208556,0.4869791666666667,0.31039919748935285,0.7306573406084043,0.7667503292484992,0.9625668449197861,0.575,0.5461613216715258,44.93798061969822,16.665080935691538,1.3482971791991196e-09,0.7554342568032689,0.6112730806608357,41.76059579320534,1.0345974263808653e-09,35.05496760760134,0.6752821454889284,0.6931471805599453,False,0.9966307277628033,0.9822808989496181,0.9285714285714286,0.9285714285714286,0.7788388082505731,1,26,1.0,1.0,1.0,1.0,0.8502673796791445,1,28,0.20035938903863432,0.09494035066202158,0.0,0.0,-0.1497326203208556,1,0,0.26212938005390835,0.09990430906642922,0.0,0.0,-0.1497326203208556,1,0,2.7947151591195287,1.5959481141641267,1.198767044955402,1.0,-1.394654010188722,1.2289190352049086,-2.6235730453936306,0.0,0.7996406109613656
cat,n300,4,384,0.001,187,80,2058,33,296,28,0.1497326203208556,0.4869791666666667,0.5472544469414811,0.6828168936463068,0.6722679224190887,0.8502673796791443,0.6125,0.5787172011661808,10.784093145088862,3.722390961888192,4.724407313934224e-10,0.6507544113237596,0.6253644314868805,11.91776932374892,2.2245378831819765e-10,10.383851800516886,0.5855227926833936,0.6931471805599453,True,0.8935309973045822,0.7582533098787251,0.6785714285714286,0.6785714285714286,0.5288388082505731,1,19,0.9759658580413297,0.90858467972042,0.8214285714285714,0.8214285714285714,0.6716959511077158,1,23,0.17969451931716082,0.09368443218015325,0.0,0.0,-0.1497326203208556,1,0,0.4977538185085355,0.1418496630702727,0.03571428571428571,0.03571428571428571,-0.11401833460656989,1,1,1.3049403291722612,0.5851311129819379,0.7198092161903233,1.0,-0.24378167960817626,0.37482039515244087,-0.6186020747606171,0.25,0.8203054806828391
cat,n300,4,384,0.01,187,80,2058,33,296,28,0.1497326203208556,0.4869791666666667,0.666479242026727,0.6895908684810433,0.6839209091393621,0.7700534759358288,0.625,0.6049562682215743,1.5935756506706653,1.3097127932862487,1.1735388106726677e-10,0.6682869142495863,0.6209912536443148,2.51509015581225,8.038098613508812e-11,1.9832266293124097,0.6152682983460657,0.6931471805599453,True,0.6965408805031447,0.36189224561642985,0.35714285714285715,0.35714285714285715,0.20741023682200155,1,10,0.8571428571428571,0.47747207892562865,0.32142857142857145,0.32142857142857145,0.17169595110771585,1,9,0.1693620844564241,0.09323491563090368,0.0,0.0,-0.1497326203208556,1,0,0.8119946091644205,0.32869858678457925,0.32142857142857145,0.32142857142857145,0.17169595110771585,1,9,0.3317767700754436,0.12832433482523178,0.2034524352502118,1.0,0.011217610347730417,0.06771008461045074,-0.05649247426272032,0.5,0.8306379155435759
cat,n300,4,384,0.1,187,80,2058,33,296,28,0.1497326203208556,0.4869791666666667,0.6901008670337375,0.6926827190503111,0.6919211560448698,0.732620320855615,0.6125,0.6098153547133139,0.17402679746169744,1.031229036633425,2.0082831870255848e-10,0.689421218849646,0.620019436345967,0.30822560379470604,3.9856531062656314e-11,0.23729322167836364,0.6429986957349202,0.6931471805599453,True,0.6206199460916442,0.257802162384484,0.25,0.25,0.1002673796791444,1,7,0.8351302785265049,0.3983611568256581,0.32142857142857145,0.32142857142857145,0.17169595110771585,1,9,0.16913746630727763,0.09320534345754769,0.0,0.0,-0.1497326203208556,1,0,0.8306379155435759,0.37952405831081515,0.32142857142857145,0.32142857142857145,0.17169595110771585,1,9,0.0416302301825624,0.015629500287501347,0.026000729895061053,1.0,0.003097554157155461,0.007752850358407578,-0.004655296201252117,0.6785714285714286,0.8308625336927223
cat,n300,4,384,1.0,187,80,2058,33,296,28,0.1497326203208556,0.4869791666666667,0.6928376924909077,0.6930992477255506,0.6930205090447398,0.7272727272727273,0.6,0.6103012633624878,0.017587017462282792,1.0031232992447399,1.6629329497235025e-11,0.692756386247576,0.6190476190476191,0.03158340771300885,5.4040064543265735e-12,0.024255328760523144,0.6467581045522138,0.6931471805599453,True,0.612084456424079,0.2495012392243979,0.25,0.25,0.1002673796791444,1,7,0.8333333333333334,0.3831966447792657,0.32142857142857145,0.32142857142857145,0.17169595110771585,1,9,0.16823899371069181,0.09311389396439064,0.0,0.0,-0.1497326203208556,1,0,0.8324348607367476,0.381198321565189,0.32142857142857145,0.32142857142857145,0.17169595110771585,1,9,0.004275554329784364,0.0015999036894420561,0.0026756506403423077,1.0,0.00033663355609199773,0.0007876944951416027,-0.00045106093904960493,0.7142857142857143,0.8317610062893082
cat,n1000,0,32,1e-06,627,269,2058,104,296,94,0.14992025518341306,19.59375,0.5912978586803184,0.6517442004458466,0.6632121833899131,0.6874003189792663,0.5985130111524164,0.6049562682215743,17.22660770885325,7.4165147395628175,4.754845353594318e-10,1.0756728395071404,0.6161321671525753,52.81058772434002,5.963453335054299e-10,41.66064296176012,0.7420220154533613,0.6931471805599453,True,0.4724961079398028,0.17738058897999484,0.1702127659574468,0.1702127659574468,0.02029251077403374,1,16,0.6296155842082153,0.27136730927045966,0.2553191489361702,0.2553191489361702,0.10539889375275713,1,24,0.3060756057642409,0.10334528890973416,0.0,0.0,-0.14992025518341306,1,0,0.33385892778731385,0.1063601233151856,0.0425531914893617,0.0425531914893617,-0.10736706369405136,1,4,4.312141711343297,2.8409554731191395,1.4711862382241572,1.0,0.6199551427516239,0.6832400987938756,-0.0632849560422517,0.776595744680851,0.6939243942357591
cat,n1000,0,32,1e-05,627,269,2058,104,296,94,0.14992025518341306,19.59375,0.5913447255085681,0.6501181324509128,0.6617342905916844,0.6842105263157895,0.5985130111524164,0.6039844509232264,16.715401143000932,7.105448258216021,2.5714569669666483e-10,0.9992655887634735,0.6151603498542274,46.293445294339875,4.539358535396744e-10,35.67934525553445,0.7427319517364737,0.6931471805599453,True,0.4704403017843599,0.1747619687152679,0.1702127659574468,0.1702127659574468,0.02029251077403374,1,16,0.6301944034170293,0.27125268616651405,0.2553191489361702,0.2553191489361702,0.10539889375275713,1,24,0.30431918885473636,0.1032453605294568,0.0,0.0,-0.14992025518341306,1,0,0.33932777134645326,0.10694604979422123,0.031914893617021274,0.031914893617021274,-0.1180053615663918,1,3,3.8647110778280975,2.535407808308127,1.3293032695199707,1.0,0.6171683530864858,0.6713496370596377,-0.05418128397315192,0.7872340425531915,0.6956808111452637
cat,n1000,0,32,0.0001,627,269,2058,104,296,94,0.14992025518341306,19.59375,0.5937542052047922,0.6408665689675683,0.6532565803194054,0.6889952153110048,0.5799256505576208,0.6068999028182702,13.372845890932867,5.240206294217541,3.833640985977553e-10,0.7934406474333441,0.6190476190476191,28.131979231792435,8.046206606753332e-11,19.986304983696133,0.7586149147494311,0.6931471805599453,True,0.4543930382020678,0.14984384881413718,0.1595744680851064,0.1595744680851064,0.009654212901693326,1,15,0.6356432876931061,0.26273811339871006,0.24468085106382978,0.24468085106382978,0.09476059588041671,1,23,0.2984312003512834,0.1029629526572567,0.0,0.0,-0.14992025518341306,1,0,0.3875493992255798,0.11388644840481693,0.031914893617021274,0.031914893617021274,-0.1180053615663918,1,3,2.5178057158153018,1.6184276432122202,0.8993780726030816,1.0,0.5937261431998893,0.588297376858688,0.005428766341201263,0.8191489361702128,0.7015687996487165
cat,n1000,0,32,0.001,627,269,2058,104,296,94,0.14992025518341306,19.59375,0.6174774761463397,0.6357568304388688,0.647598472587633,0.6682615629984051,0.6059479553903345,0.6146744412050534,6.382716682677472,2.2635823334818816,4.4865658817698904e-10,0.6526822816790018,0.6171039844509232,11.357771854339514,2.1398819492001078e-10,6.418185455196292,0.8865971141627453,0.6931471805599453,True,0.38182108498662726,0.11279993301472213,0.02127659574468085,0.02127659574468085,-0.1286436594387322,1,2,0.6348848349367291,0.23145117806098875,0.24468085106382978,0.24468085106382978,0.09476059588041671,1,23,0.2949982036645244,0.1030073388577997,0.0,0.0,-0.14992025518341306,1,0,0.5466648038002475,0.15802863620589194,0.13829787234042554,0.13829787234042554,-0.011622382842987528,1,13,1.0668029714948506,0.6719105700432169,0.39489240145163373,1.0,0.43720793482236664,0.34645177355876366,0.09075616126360297,0.9787234042553191,0.7050017963354756
cat,n1000,0,32,0.01,627,269,2058,104,296,94,0.14992025518341306,19.59375,0.6676680215824421,0.6700352977970477,0.6747439459830972,0.6570972886762361,0.6133828996282528,0.6161321671525753,1.5100091048226658,1.2094302058086146,7.559201296394291e-11,0.6638616643858063,0.6161321671525753,2.5913942156472536,9.666221996100833e-11,1.2181169170988246,0.9598245915027145,0.6931471805599453,True,0.3313041395553072,0.1068639570806207,0.0,0.0,-0.14992025518341306,1,0,0.6335874815376632,0.21742993304391972,0.23404255319148937,0.23404255319148937,0.0841222980080763,1,22,0.29292243822601893,0.1030096900387097,0.0,0.0,-0.14992025518341306,1,0,0.6248453155562652,0.20615595051416966,0.23404255319148937,0.23404255319148937,0.0841222980080763,1,22,0.2459715687114121,0.15401106190648425,0.09196050680492784,1.0,0.12463739797645194,0.08827748372636247,0.03635991425008947,1.0,0.7070775617739811
cat,n1000,0,32,0.1,627,269,2058,104,296,94,0.14992025518341306,19.59375,0.6897794084068818,0.6899941875945708,0.6906399647400878,0.6602870813397129,0.6171003717472119,0.6175898931000972,0.18241044732632244,1.0222123151559332,7.688000449442555e-10,0.6887724228316326,0.6180758017492711,0.315740194203514,2.985951895344962e-12,0.14598818556365686,0.9693048764892699,0.6931471805599453,True,0.3247175761446649,0.10628086503149012,0.0,0.0,-0.14992025518341306,1,0,0.6373198674703605,0.210669717849322,0.2127659574468085,0.2127659574468085,0.06284570226339545,1,20,0.2923436190172049,0.10296513531877347,0.0,0.0,-0.14992025518341306,1,0,0.6362420661849827,0.2102194909209831,0.2127659574468085,0.2127659574468085,0.06284570226339545,1,20,0.03001529474225163,0.018763541318150702,0.011251753424100928,1.0,0.01545536829287945,0.010744235472496276,0.004711132820383174,1.0,0.7076563809827952
cat,n1000,0,32,1.0,627,269,2058,104,296,94,0.14992025518341306,19.59375,0.6927993424036142,0.6928204165314898,0.692887387176726,0.6602870813397129,0.6171003717472119,0.6171039844509232,0.018639076495697415,1.002229630372521,7.990873680805371e-13,0.6926891590013092,0.6175898931000972,0.0323019476006528,4.458522690058418e-13,0.014916117344291477,0.9702559454900413,0.6931471805599453,True,0.32409883836972575,0.1062325218958863,0.0,0.0,-0.14992025518341306,1,0,0.6381182387928626,0.21282890523824644,0.2127659574468085,0.2127659574468085,0.06284570226339545,1,20,0.29238353758333,0.10297218358314561,0.0,0.0,-0.14992025518341306,1,0,0.637878727396112,0.21267210094383826,0.2127659574468085,0.2127659574468085,0.06284570226339545,1,20,0.003071190206857799,0.0019195397217290245,0.0011516504851287743,1.0,0.0015835282803090289,0.001098632511533882,0.0004848957687751468,1.0,0.70761646241667
cat,n1000,0,64,1e-06,627,269,2058,104,296,94,0.14992025518341306,9.796875,0.5610911935727081,0.6896283037875587,0.6821812334223766,0.6985645933014354,0.6245353159851301,0.6015549076773566,26.114250948446063,15.178676937464092,1.0026254659982069e-09,1.1639911142141286,0.608357628765792,64.40809356171202,5.561703911525633e-10,52.74898930050032,0.6087807214317176,0.6931471805599453,True,0.5802762364775857,0.27428145056307973,0.22340425531914893,0.22340425531914893,0.07348400013573586,1,21,0.6810905752265378,0.3491556444107691,0.32978723404255317,0.32978723404255317,0.1798669788591401,1,31,0.3158157358987665,0.10400094193572779,0.0,0.0,-0.14992025518341306,1,0,0.34100435112370764,0.10690557470666415,0.031914893617021274,0.031914893617021274,-0.1180053615663918,1,3,4.782696846868328,3.210700465672145,1.571996381196183,1.0,0.36330740742853823,0.8476913678481689,-0.48438396041963067,0.648936170212766,0.6841842641012335
cat,n1000,0,64,1e-05,627,269,2058,104,296,94,0.14992025518341306,9.796875,0.5612764450964427,0.6835154457561795,0.677398285420622,0.7001594896331739,0.6133828996282528,0.6049562682215743,24.746307983216816,13.680241611369496,1.446279074944272e-09,1.0457633110247984,0.6098153547133139,53.49881198277279,4.36343638623913e-10,43.04203133818003,0.6125419348843492,0.6931471805599453,True,0.5755658456748234,0.27093384116344804,0.22340425531914893,0.22340425531914893,0.07348400013573586,1,21,0.6806913895652869,0.347505184773003,0.32978723404255317,0.32978723404255317,0.1798669788591401,1,31,0.3105864037363778,0.10363837302425775,0.0,0.0,-0.14992025518341306,1,0,0.3431599536944633,0.10716155390223796,0.031914893617021274,0.031914893617021274,-0.1180053615663918,1,3,4.136458808368998,2.7545139916036514,1.3819448167653463,1.0,0.3713874180122585,0.8198189217377134,-0.4484315037254549,0.648936170212766,0.6894135962636222
cat,n1000,0,64,0.0001,627,269,2058,104,296,94,0.14992025518341306,9.796875,0.5680564917761802,0.6552126805062736,0.656399347379494,0.696969696969697,0.5947955390334573,0.6103012633624878,17.57075380853423,7.4633166194211515,3.852765531490406e-10,0.7970861751370124,0.6161321671525753,29.665389546430266,2.154147068370684e-09,22.69882463414956,0.6460803841186873,0.6931471805599453,True,0.5451279390044309,0.23311595313210978,0.2127659574468085,0.2127659574468085,0.06284570226339545,1,20,0.6753822202706479,0.3338532234576401,0.3191489361702128,0.3191489361702128,0.16922868098679972,1,30,0.30016765797772543,0.10310681531083014,0.0,0.0,-0.14992025518341306,1,0,0.3854736337870744,0.11360378464447606,0.0425531914893617,0.0425531914893617,-0.10736706369405136,1,4,2.5678864568733126,1.6621233846881995,0.9057630721851131,1.0,0.4133521037721216,0.6662340580976729,-0.2528819543255513,0.7127659574468085,0.6998323420222745
cat,n1000,0,64,0.001,627,269,2058,104,296,94,0.14992025518341306,9.796875,0.6083372232663997,0.6366049478515433,0.6459818375909852,0.6842105263157895,0.6096654275092936,0.6229348882410107,6.989997989981363,2.476587750434194,5.403497844265646e-10,0.6525423254675847,0.6190476190476191,11.464565948343417,2.991387696980362e-10,6.968909560010579,0.8219060003387941,0.6931471805599453,True,0.43491277793301664,0.12428667599158943,0.07446808510638298,0.07446808510638298,-0.07545217007703009,1,7,0.6474392239830745,0.26668297473432906,0.2553191489361702,0.2553191489361702,0.10539889375275713,1,24,0.2946988144185861,0.10301315352928858,0.0,0.0,-0.14992025518341306,1,0,0.531795137918646,0.15232478143829561,0.13829787234042554,0.13829787234042554,-0.011622382842987528,1,13,1.0760847558141162,0.6773366621737409,0.39874809364037533,1.0,0.3814282858095429,0.36114724395412356,0.020281041855419346,0.9148936170212766,0.705301185581414
cat,n1000,0,64,0.01,627,269,2058,104,296,94,0.14992025518341306,9.796875,0.6664334961747296,0.6699344696355414,0.6744200522467099,0.6602870813397129,0.620817843866171,0.6205053449951409,1.5497697625650166,1.2257722943890632,1.6191311075507353e-10,0.663796839307034,0.6171039844509232,2.5993117182580496,2.355549487032449e-10,1.269266667837095,0.9367605233049395,0.6931471805599453,True,0.3563131212326853,0.10988939581635007,0.0,0.0,-0.14992025518341306,1,0,0.6321903317232845,0.21904289459091061,0.24468085106382978,0.24468085106382978,0.09476059588041671,1,23,0.29240349686639255,0.10296511793931687,0.0,0.0,-0.14992025518341306,1,0,0.6200351283381901,0.2047258481774639,0.24468085106382978,0.24468085106382978,0.09476059588041671,1,23,0.2476077268908173,0.1547246737629659,0.09288305312785142,1.0,0.11749983624918006,0.08996671511925275,0.027533121129927313,1.0,0.7075965031336074
cat,n1000,0,64,0.1,627,269,2058,104,296,94,0.14992025518341306,9.796875,0.6896509703702868,0.6899777226848225,0.6906036477635039,0.6602870813397129,0.6245353159851301,0.6166180758017493,0.18589240280274275,1.023640528794244,6.5939980955468725e-12,0.6887621193193206,0.6185617103984451,0.3164369602340037,2.0183574903786093e-10,0.1505481307779037,0.9522054594362062,0.6931471805599453,True,0.34363897648796454,0.10856115980876017,0.0,0.0,-0.14992025518341306,1,0,0.6323100874216598,0.20873567365449883,0.23404255319148937,0.23404255319148937,0.0841222980080763,1,22,0.29202427048820406,0.10295034766374075,0.0,0.0,-0.14992025518341306,1,0,0.6313520418346573,0.20828375454672482,0.23404255319148937,0.23404255319148937,0.0841222980080763,1,22,0.030186005468300876,0.018837360929057915,0.01134864453924296,1.0,0.014721281415970549,0.010917413386284828,0.003803868029685721,1.0,0.7079757295117959
cat,n1000,0,64,1.0,627,269,2058,104,296,94,0.14992025518341306,9.796875,0.6927864454075365,0.6928186903607941,0.6928837088430743,0.6602870813397129,0.6245353159851301,0.6166180758017493,0.01898183842173686,1.0023699856347508,1.1460887721718345e-12,0.6926880785986609,0.6180758017492711,0.03237040515643666,6.299161779588643e-13,0.015365210512258946,0.9537505139993528,0.6931471805599453,True,0.3425212566364616,0.10846197907366939,0.0,0.0,-0.14992025518341306,1,0,0.6326094766675981,0.2067951589858551,0.22340425531914893,0.22340425531914893,0.07348400013573586,1,21,0.2920641890543292,0.1029582029803151,0.0,0.0,-0.14992025518341306,1,0,0.6325895173845355,0.20714322195797832,0.22340425531914893,0.22340425531914893,0.07348400013573586,1,21,0.0030883093764109805,0.0019269397336229971,0.0011613696427879834,1.0,0.0015099096097357103,0.0011159967882754444,0.00039391282146026586,1.0,0.7079358109456708
cat,n1000,0,128,1e-06,627,269,2058,104,296,94,0.14992025518341306,4.8984375,0.4868984748941278,0.7644201314894845,0.7870009240253569,0.7384370015948963,0.620817843866171,0.5928085519922255,59.397902174231234,39.18545024988117,1.4418502613641737e-09,1.6863128355347425,0.5991253644314869,131.43079861655806,6.702714995006883e-10,114.04553119638975,0.4992998784455326,0.6931471805599453,False,0.7275158676300347,0.48987629710518654,0.44680851063829785,0.44680851063829785,0.2968882554548848,1,42,0.7677737415672029,0.5608846504022107,0.4787234042553192,0.4787234042553192,0.3288031490719061,1,45,0.324178675501976,0.10453345167715586,0.0,0.0,-0.14992025518341306,1,0,0.3380104586643248,0.10613676111276805,0.02127659574468085,0.02127659574468085,-0.1286436594387322,1,2,7.194247960760571,5.062528274013337,2.1317196867472346,1.0,-0.32299080520623,1.3404327276531482,-1.6634235328593783,0.5319148936170213,0.675821324498024
cat,n1000,0,128,1e-05,627,269,2058,104,296,94,0.14992025518341306,4.8984375,0.48963271781170103,0.7240404647534688,0.7436251122263263,0.7368421052631579,0.6171003717472119,0.6015549076773566,48.91029438284247,25.356121967575078,1.0527590063673372e-09,1.1791594843796374,0.6103012633624878,75.01319150157113,5.01399947258464e-10,65.6104289782818,0.5062075706198989,0.6931471805599453,False,0.7170372440221947,0.4726148110839791,0.425531914893617,0.425531914893617,0.27561165971020396,1,40,0.760408766117121,0.5504825446098697,0.46808510638297873,0.46808510638297873,0.31816485119956567,1,44,0.312761965590196,0.10344538492818886,0.0,0.0,-0.14992025518341306,1,0,0.33441778771306535,0.10555299205262088,0.02127659574468085,0.02127659574468085,-0.1286436594387322,1,2,4.826912531147687,3.3034795667721353,1.5234329643755515,1.0,-0.18018803113510282,1.1829672945568164,-1.363155325691919,0.5531914893617021,0.687238034409804
cat,n1000,0,128,0.0001,627,269,2058,104,296,94,0.14992025518341306,4.8984375,0.5213220875605303,0.651411947380675,0.6649822364721555,0.7496012759170654,0.6171003717472119,0.608843537414966,24.952922243143618,9.57938635000883,1.1702872650699931e-09,0.8024336176751745,0.6234207968901846,32.20418563250272,6.899309910281487e-10,27.406976997887334,0.5653487247166532,0.6931471805599453,True,0.6627479940920522,0.37224576131408027,0.3723404255319149,0.3723404255319149,0.2224201703485018,1,35,0.7270967226857211,0.48297441485856485,0.425531914893617,0.425531914893617,0.27561165971020396,1,40,0.29982835016566206,0.10268752942862697,0.0,0.0,-0.14992025518341306,1,0,0.36561414713983476,0.11015477886303275,0.031914893617021274,0.031914893617021274,-0.1180053615663918,1,3,2.625796883875719,1.7277350295896567,0.8980618542860623,1.0,0.1601378593339031,0.7892339327869797,-0.6290960734530766,0.5957446808510638,0.700171649834338
cat,n1000,0,128,0.001,627,269,2058,104,296,94,0.14992025518341306,4.8984375,0.596963563554291,0.6335169912383153,0.6449001425667172,0.7065390749601276,0.6245353159851301,0.6180758017492711,7.711037401716447,2.7101969737066023,6.014962845791344e-10,0.6523916913083688,0.6161321671525753,11.659391276558546,9.786891977132445e-10,7.51368708449944,0.7727293268742925,0.6931471805599453,True,0.4937926629675462,0.14902407545036725,0.14893617021276595,0.14893617021276595,-0.0009840849706471144,1,14,0.6608917807672349,0.31209075863706326,0.3191489361702128,0.3191489361702128,0.16922868098679972,1,30,0.2956967785717137,0.1029504283967816,0.0,0.0,-0.14992025518341306,1,0,0.513692068180911,0.14465921601548715,0.10638297872340426,0.10638297872340426,-0.04353727646000881,1,10,1.0860389321453414,0.6881656701251001,0.3978732620202413,1.0,0.33017752995816063,0.38082500560508686,-0.05064747564692623,0.8404255319148937,0.7043032214282863
cat,n1000,0,128,0.01,627,269,2058,104,296,94,0.14992025518341306,4.8984375,0.6650625023886562,0.6695360976619772,0.6742090724453317,0.6666666666666666,0.6171003717472119,0.6190476190476191,1.5930412218888774,1.2416481489506774,2.5871295009548124e-10,0.6636637241374954,0.6146744412050534,2.6136883702027762,3.532767339264542e-10,1.3117317105346986,0.9184718750171023,0.6931471805599453,True,0.37956568600055884,0.11300780699605294,0.0,0.0,-0.14992025518341306,1,0,0.6277394116003353,0.22342177374476632,0.24468085106382978,0.24468085106382978,0.09476059588041671,1,23,0.2932417867550198,0.10295231729249031,0.0,0.0,-0.14992025518341306,1,0,0.61143267733823,0.2016089641642418,0.22340425531914893,0.22340425531914893,0.07348400013573586,1,21,0.24928332187811444,0.1562318918891105,0.09305142998900395,1.0,0.11173269140501563,0.09220097818176813,0.019531713223247496,1.0,0.7067582132449802
cat,n1000,0,128,0.1,627,269,2058,104,296,94,0.14992025518341306,4.8984375,0.6895108674939471,0.6899369060579145,0.690580416422883,0.6602870813397129,0.620817843866171,0.6171039844509232,0.18962037051949063,1.0249919583010771,9.032352014484355e-12,0.6887432611633488,0.6141885325558795,0.3176707249952769,6.176232289645657e-12,0.15426489232218968,0.9385694564079391,0.6931471805599453,True,0.36309927747395315,0.11101759701680154,0.0,0.0,-0.14992025518341306,1,0,0.6264021396351444,0.20674098974326827,0.23404255319148937,0.23404255319148937,0.0841222980080763,1,22,0.2926829268292683,0.10294123050133694,0.0,0.0,-0.14992025518341306,1,0,0.6246656820087022,0.2066469158093943,0.23404255319148937,0.23404255319148937,0.0841222980080763,1,22,0.03035820128605429,0.01899137016149953,0.01136683112455476,1.0,0.014136550049170707,0.011144178568157923,0.002992371481012784,1.0,0.7073170731707317
cat,n1000,0,128,1.0,627,269,2058,104,296,94,0.14992025518341306,4.8984375,0.6927724046053425,0.6928145994995217,0.6928813610094203,0.6602870813397129,0.620817843866171,0.6171039844509232,0.01934812289768113,1.0025024618113503,1.5665714781506872e-12,0.6926861237342565,0.6137026239067055,0.03249139382597452,9.6648055308981e-13,0.01573062478278691,0.9405811781350976,0.6931471805599453,True,0.3615224941120115,0.11083932744268794,0.0,0.0,-0.14992025518341306,1,0,0.626462017484332,0.2049537037307492,0.22340425531914893,0.22340425531914893,0.07348400013573586,1,21,0.2926030896970181,0.10294379761794663,0.0,0.0,-0.14992025518341306,1,0,0.6263023432198316,0.20459340446175955,0.22340425531914893,0.22340425531914893,0.07348400013573586,1,21,0.0031055574581509444,0.001942364067437625,0.0011631933907133194,1.0,0.0014513525050870023,0.001138706390789123,0.0003126461142978793,1.0,0.7073969103029819
cat,n1000,0,256,1e-06,627,269,2058,104,296,94,0.14992025518341306,2.44921875,0.3048682012687642,1.6723937141390284,1.5672076025329513,0.861244019138756,0.5427509293680297,0.5782312925170068,225.3667106023569,292.9253944127225,1.1094284104744914e-09,2.587312278933004,0.5845481049562682,281.15836475985446,4.699597495685205e-10,250.6178485823473,0.5289372021878731,0.6931471805599453,False,0.9208414833739172,0.7929385710778977,0.6808510638297872,0.6808510638297872,0.5309308086463742,1,64,0.9307412877729432,0.8465066422793901,0.7127659574468085,0.7127659574468085,0.5628457022633955,1,67,0.3397668755738294,0.10651598568301136,0.0,0.0,-0.14992025518341306,1,0,0.3453355155482815,0.10709733286721235,0.02127659574468085,0.02127659574468085,-0.1286436594387322,1,2,10.241191714954093,7.607343019954339,2.633848694999754,1.0,-2.1216333099321547,3.211613660158086,-5.33324697009024,0.2127659574468085,0.6602331244261705
cat,n1000,0,256,1e-05,627,269,2058,104,296,94,0.14992025518341306,2.44921875,0.3671606107888549,0.9225548635173196,0.8930914209260694,0.8277511961722488,0.5650557620817844,0.5898931000971818,94.61253765449217,66.27521643389463,1.0058641172735608e-09,1.2595454171975138,0.608843537414966,99.8306128582015,8.416141682093031e-10,92.80402222195298,0.5455187223189341,0.6931471805599453,False,0.8787273961119316,0.719829590998205,0.6382978723404256,0.6382978723404256,0.4883776171570125,1,60,0.8939962476547842,0.7786006501778439,0.6914893617021277,0.6914893617021277,0.5415691065187147,1,65,0.31908905832102513,0.1041075178940581,0.0,0.0,-0.14992025518341306,1,0,0.3329008822003114,0.10538102995010783,0.010638297872340425,0.010638297872340425,-0.13928195731107265,1,1,5.075775657312352,3.6393548667289366,1.4364207905834157,1.0,-0.9291424824549303,1.7116604337429013,-2.6408029161978317,0.2872340425531915,0.6809109416789749
cat,n1000,0,256,0.0001,627,269,2058,104,296,94,0.14992025518341306,2.44921875,0.4757235734619134,0.6657582465280805,0.6735018772620932,0.784688995215311,0.6096654275092936,0.6068999028182702,31.530516034576493,13.29677186573892,4.494232169012618e-09,0.8039194820975059,0.6263362487852284,34.66507136718763,2.4560668521448143e-10,31.41972351802354,0.5528971623687141,0.6931471805599453,True,0.765358668316634,0.5105971710238174,0.43617021276595747,0.43617021276595747,0.2862499575825444,1,41,0.8039399624765479,0.6045311267076661,0.5106382978723404,0.5106382978723404,0.3607180426889273,1,48,0.3022633826992934,0.10300191328124189,0.0,0.0,-0.14992025518341306,1,0,0.35307971737655186,0.10824369008940107,0.02127659574468085,0.02127659574468085,-0.1286436594387322,1,2,2.6404395027787486,1.773592361840987,0.8668471409377616,1.0,-0.059722176469396364,0.8836101117999056,-0.9433322882693019,0.5319148936170213,0.6977366173007066
cat,n1000,0,256,0.001,627,269,2058,104,296,94,0.14992025518341306,2.44921875,0.5892293411238437,0.6343506179126709,0.6447272033100176,0.7352472089314195,0.6245353159851301,0.6185617103984451,8.181386723539662,2.903942856109166,2.768590862031283e-10,0.6524826879470336,0.6190476190476191,11.802121065693166,5.808206825157467e-10,7.855841334671255,0.7483136117323187,0.6931471805599453,True,0.5296395353478903,0.16438851245383473,0.18085106382978725,0.18085106382978725,0.03093080864637418,1,17,0.6791345654864077,0.33785740666951825,0.32978723404255317,0.32978723404255317,0.1798669788591401,1,31,0.2959163306854018,0.10301388619479744,0.0,0.0,-0.14992025518341306,1,0,0.4953494870464253,0.13854605544618256,0.0851063829787234,0.0851063829787234,-0.06481387220468966,1,8,1.091307311269859,0.6957210152543527,0.3955862960155063,1.0,0.29738857411131286,0.39377666919682625,-0.09638809508551338,0.8085106382978723,0.7040836693145982
cat,n1000,0,256,0.01,627,269,2058,104,296,94,0.14992025518341306,2.44921875,0.6642153331955942,0.669677444267173,0.674155069204976,0.6666666666666666,0.6096654275092936,0.6175898931000972,1.6193247362051428,1.2521019002139515,3.399228824038519e-10,0.6636189880938379,0.6161321671525753,2.6223763850480015,4.384068154486062e-10,1.335810323515696,0.9083621254568175,0.6931471805599453,True,0.39395632908865913,0.11536017570055247,0.0,0.0,-0.14992025518341306,1,0,0.6278192487325855,0.2259375817773583,0.2553191489361702,0.2553191489361702,0.10539889375275713,1,24,0.29320186818889465,0.10296428881029418,0.0,0.0,-0.14992025518341306,1,0,0.6064228972895294,0.19880277589900838,0.22340425531914893,0.22340425531914893,0.07348400013573586,1,21,0.250128603089746,0.1571642837521001,0.0929643193376459,1.0,0.10829149289382421,0.09359363558354838,0.014697857310275828,1.0,0.7067981318111054
cat,n1000,0,256,0.1,627,269,2058,104,296,94,0.14992025518341306,2.44921875,0.6894253927790494,0.6899536540729478,0.6905743670293155,0.6698564593301436,0.6096654275092936,0.619533527696793,0.1918602599730242,1.025861387443352,1.0554030456382742e-11,0.6887361743016037,0.6151603498542274,0.3184014595474913,1.0380846523009338e-09,0.15634881596488553,0.9309832040242464,0.6931471805599453,True,0.373717616063231,0.11263477354763558,0.0,0.0,-0.14992025518341306,1,0,0.6243263741966388,0.2064091525313582,0.24468085106382978,0.24468085106382978,0.09476059588041671,1,23,0.29240349686639255,0.10293121159570544,0.0,0.0,-0.14992025518341306,1,0,0.6224302423056963,0.20600647977578215,0.23404255319148937,0.23404255319148937,0.0841222980080763,1,22,0.030444174718129987,0.01908562770311327,0.011358547015016717,1.0,0.013790478833330223,0.011284307582826347,0.002506171250503876,1.0,0.7075965031336074
cat,n1000,0,256,1.0,627,269,2058,104,296,94,0.14992025518341306,2.44921875,0.692763849771622,0.6928163085472071,0.6928807489565247,0.6698564593301436,0.6096654275092936,0.619533527696793,0.019567943700967167,1.0025875182596655,1.8437908356010266e-12,0.6926853826237898,0.6151603498542274,0.032562918959488575,1.2018684610319224e-12,0.015935281779273242,0.9332507508003728,0.6931471805599453,True,0.3717416470400383,0.11239037098878785,0.0,0.0,-0.14992025518341306,1,0,0.6243862520458265,0.2042963531217941,0.2127659574468085,0.2127659574468085,0.06284570226339545,1,20,0.2924434154325177,0.10293998675347615,0.0,0.0,-0.14992025518341306,1,0,0.6241267813660133,0.2038945718637784,0.2127659574468085,0.2127659574468085,0.06284570226339545,1,20,0.003114159562496399,0.0019517948911875233,0.0011623646713088756,1.0,0.001416724461638612,0.0011527271550747491,0.0002639973065638628,1.0,0.7075565845674823
cat,n1000,0,384,1e-06,627,269,2058,104,296,94,0.14992025518341306,1.6328125,0.16044758119391242,1.9188273904793196,2.0057816845376335,0.9617224880382775,0.5724907063197026,0.5801749271137027,358.9234145079428,548.6217414410037,1.872157026656673e-09,2.470944134487872,0.5937803692905733,297.05319036287364,6.672611496952149e-10,320.8982629428041,0.5350385515182879,0.6931471805599453,False,0.993892459382859,0.9734938321156549,0.8936170212765957,0.8936170212765957,0.7436967660931826,1,84,0.9954692427448006,0.981339715906146,0.9148936170212766,0.9148936170212766,0.7649733618378636,1,86,0.3431599536944633,0.10707646272380665,0.0,0.0,-0.14992025518341306,1,0,0.34733144385453674,0.10754638355971433,0.0,0.0,-0.14992025518341306,1,0,9.636016452388565,7.357481701714745,2.2785347506738205,1.0,-3.161656690185646,3.943315875891754,-7.1049725660774,0.0851063829787234,0.6568400463055367
cat,n1000,0,384,1e-05,627,269,2058,104,296,94,0.14992025518341306,1.6328125,0.3104844976088121,0.9322192020930455,0.9370767488770635,0.8851674641148325,0.5799256505576208,0.5986394557823129,114.84290227601791,92.71668145389394,1.2316727561563566e-09,1.2634235502030895,0.60932944606414,106.37877293086531,1.3195022052896268e-09,104.57072833739359,0.5553928227900425,0.6931471805599453,False,0.9356712306893936,0.8436532888301131,0.7553191489361702,0.7553191489361702,0.6053988937527572,1,71,0.9418586084387849,0.8836678553886707,0.8085106382978723,0.8085106382978723,0.6585903831144593,1,76,0.32463773901241466,0.1049347149237605,0.0,0.0,-0.14992025518341306,1,0,0.3354955889984432,0.10582388444994292,0.010638297872340425,0.010638297872340425,-0.13928195731107265,1,1,5.025145940714591,3.68437547132807,1.3407704693865208,1.0,-1.1919717256815894,1.8294762059788527,-3.0214479316604423,0.19148936170212766,0.6753622609875853
cat,n1000,0,384,0.0001,627,269,2058,104,296,94,0.14992025518341306,1.6328125,0.463806871043405,0.6628764489319546,0.6744400263104091,0.8086124401913876,0.6059479553903345,0.607871720116618,33.24957765803213,14.651707051326998,1.2858397049179859e-09,0.8038714220489124,0.6219630709426628,35.21984675069756,4.1100522207403107e-10,32.27819176186442,0.5568062385115461,0.6931471805599453,True,0.7910861841842641,0.550244893699201,0.4574468085106383,0.4574468085106383,0.3075265533272252,1,43,0.8225020957247215,0.634549194289389,0.5425531914893617,0.5425531914893617,0.3926329363059486,1,51,0.3046185781006746,0.10326414947734097,0.0,0.0,-0.14992025518341306,1,0,0.35048501057842,0.10788619424531616,0.010638297872340425,0.010638297872340425,-0.13928195731107265,1,1,2.634022809285545,1.7844115533741383,0.8496112559114068,1.0,-0.10618208749117904,0.9044054957294188,-1.0105875832205977,0.48936170212765956,0.6953814218993254
cat,n1000,0,384,0.001,627,269,2058,104,296,94,0.14992025518341306,1.6328125,0.5877944069731104,0.6338401526444692,0.6446870527889567,0.7368421052631579,0.6356877323420075,0.6219630709426628,8.267900905090356,2.9524274666118937,3.3655068503080663e-10,0.6524578667872291,0.6185617103984451,11.825642632252801,5.87251508966283e-10,7.900462730787551,0.7455347473427916,0.6931471805599453,True,0.535986587361782,0.16765102437857654,0.18085106382978725,0.18085106382978725,0.03093080864637418,1,17,0.6823679693425412,0.3413183127775026,0.3404255319148936,0.3404255319148936,0.19050527673148054,1,32,0.29601612710071457,0.10303522256868013,0.0,0.0,-0.14992025518341306,1,0,0.489701009939723,0.13693594953957672,0.0851063829787234,0.0851063829787234,-0.06481387220468966,1,8,1.090860195863368,0.697133358499109,0.39372683736425895,1.0,0.2921272464621715,0.39624435838860905,-0.10411711192643758,0.8085106382978723,0.7039838728992854
cat,n1000,0,384,0.01,627,269,2058,104,296,94,0.14992025518341306,1.6328125,0.6640688758792493,0.6696168873649304,0.674156415506531,0.671451355661882,0.6171003717472119,0.619533527696793,1.623838273616257,1.2544089381544052,3.610919284903109e-10,0.6636164138264474,0.6171039844509232,2.6235914132815346,4.5041181123352047e-10,1.3386651140642012,0.9069877530331543,0.6931471805599453,True,0.396191768791665,0.11571620793299027,0.0,0.0,-0.14992025518341306,1,0,0.6281186379785239,0.22605412763937854,0.2553191489361702,0.2553191489361702,0.10539889375275713,1,24,0.29320186818889465,0.10296528893852445,0.0,0.0,-0.14992025518341306,1,0,0.6060237116282783,0.19905383702549162,0.22340425531914893,0.22340425531914893,0.07348400013573586,1,21,0.2501085933423017,0.15731823582783744,0.09279035751446424,1.0,0.10776098564139015,0.09384483323151746,0.013916152409872692,1.0,0.7067981318111054
cat,n1000,0,384,0.1,627,269,2058,104,296,94,0.14992025518341306,1.6328125,0.6894107264624428,0.6899471841675561,0.6905747332767241,0.6698564593301436,0.6171003717472119,0.6205053449951409,0.19224207323450387,1.026051536900736,1.088661299855026e-11,0.688735899296042,0.6156462585034014,0.31850222358897345,7.959870855426254e-12,0.15659399980003255,0.9299353145845733,0.6931471805599453,True,0.3756536665202986,0.11293815915192323,0.0,0.0,-0.14992025518341306,1,0,0.6242864556305138,0.20643848909298765,0.24468085106382978,0.24468085106382978,0.09476059588041671,1,23,0.2924434154325177,0.10293878412952567,0.0,0.0,-0.14992025518341306,1,0,0.6222506087581334,0.205968860588346,0.23404255319148937,0.23404255319148937,0.0841222980080763,1,22,0.030442256826370733,0.01910106646103032,0.011341190365340412,1.0,0.013737375582903978,0.011309449862425719,0.0024279257204782596,1.0,0.7075565845674823
cat,n1000,0,384,1.0,627,269,2058,104,296,94,0.14992025518341306,1.6328125,0.6927623829291646,0.6928156562645015,0.6928807885050637,0.6698564593301436,0.6171003717472119,0.620019436345967,0.019605388425744035,1.002606103486501,1.9035222001249633e-12,0.6926853549624746,0.6156462585034014,0.032572773510027735,1.2371846241608439e-12,0.015959343603288798,0.9322366755624248,0.6931471805599453,True,0.37349806394954294,0.11265563405749077,0.0,0.0,-0.14992025518341306,1,0,0.6246257634425771,0.2044355246124183,0.2127659574468085,0.2127659574468085,0.06284570226339545,1,20,0.29240349686639255,0.10293869068614851,0.0,0.0,-0.14992025518341306,1,0,0.6244062113288891,0.2040558902015084,0.2127659574468085,0.2127659574468085,0.06284570226339545,1,20,0.0031139677594265044,0.0019533389026297567,0.0011606288567967476,1.0,0.00141141359644965,0.001155241618333146,0.00025617197811650394,1.0,0.7075965031336074
cat,n1000,1,32,1e-06,600,257,2058,143,296,90,0.15,18.75,0.6049619549281849,0.6532037742642048,0.6539498155364488,0.6633333333333333,0.5642023346303502,0.6068999028182702,15.958931880255678,6.027117081727838,6.694768540945974e-10,0.8437250322580334,0.3945578231292517,13.04048441360044,2.3969594252065106e-10,18.456487568581302,0.2020540029462332,0.6931471805599453,True,0.9644444444444444,0.863666075518595,0.8111111111111111,0.8111111111111111,0.6611111111111111,1,73,0.969433551198257,0.8403345132165968,0.7555555555555555,0.7555555555555555,0.6055555555555555,1,68,0.08124183006535948,0.08278638093392374,0.011111111111111112,0.011111111111111112,-0.1388888888888889,1,1,0.4992374727668845,0.15142337142818257,0.12222222222222222,0.12222222222222222,-0.027777777777777776,1,11,1.3980112550825015,0.06645545359282849,1.331555801489673,0.9666666666666667,-1.9658045826213424,0.1442368159912234,-2.110041398612566,0.011111111111111112,0.9187581699346405
cat,n1000,1,32,1e-05,600,257,2058,143,296,90,0.15,18.75,0.605000782519427,0.65235256099631,0.6529651601703202,0.6666666666666666,0.5603112840466926,0.608843537414966,15.502180405697802,5.749031844943452,1.5274779054856858e-09,0.8409916115661085,0.39601554907677355,12.679125935814827,1.1057479547681923e-09,18.13332852182784,0.18381765990337331,0.6931471805599453,True,0.9651851851851851,0.8641017426283673,0.8111111111111111,0.8111111111111111,0.6611111111111111,1,73,0.9698910675381264,0.8415611795624894,0.7666666666666667,0.7666666666666667,0.6166666666666667,1,69,0.07877995642701525,0.08267375100356879,0.011111111111111112,0.011111111111111112,-0.1388888888888889,1,1,0.5035294117647059,0.15222343677673417,0.1111111111111111,0.1111111111111111,-0.03888888888888889,1,10,1.3803387796030313,0.06364354075806118,1.3166952388449702,0.9666666666666667,-1.9356624471506563,0.14012985603066652,-2.0757923031813226,0.011111111111111112,0.9212200435729847
cat,n1000,1,32,0.0001,600,257,2058,143,296,90,0.15,18.75,0.6070279560812791,0.6477580689525988,0.6475250873036744,0.6566666666666666,0.5875486381322957,0.6098153547133139,12.490676798883554,4.339115273670993,5.688910574131685e-10,0.8217754184522328,0.39601554907677355,10.241439710824695,1.640742965795688e-09,15.884945653511354,0.033506986389246304,0.6931471805599453,True,0.9713943355119826,0.8748258286775812,0.8222222222222222,0.8222222222222222,0.6722222222222222,1,74,0.9697821350762528,0.8397004678047117,0.7555555555555555,0.7555555555555555,0.6055555555555555,1,68,0.0618082788671024,0.08193259683835788,0.011111111111111112,0.011111111111111112,-0.1388888888888889,1,1,0.5349891067538126,0.15679126894142853,0.1111111111111111,0.1111111111111111,-0.03888888888888889,1,10,1.2492695508918286,0.04462060906339959,1.204648941828429,0.9777777777777777,-1.7203227866388788,0.11221092157198874,-1.8325337082108675,0.011111111111111112,0.9381917211328976
cat,n1000,1,32,0.001,600,257,2058,143,296,90,0.15,18.75,0.6278437857466113,0.6485158892986772,0.6474767700911799,0.6633333333333333,0.5680933852140078,0.6224489795918368,5.988309395449177,2.1342161275751392,9.113351687642548e-11,0.7649140583815724,0.3901846452866861,4.833121324648353,1.9265920913164544e-10,9.393220753848757,-0.5012345135236426,0.6931471805599453,True,0.9834204793028323,0.8871091326496802,0.8333333333333334,0.8333333333333334,0.6833333333333333,1,75,0.9579084967320262,0.7900290530739058,0.7,0.7,0.5499999999999999,1,63,0.027058823529411764,0.08098377433826899,0.0,0.0,-0.15,1,0,0.7033769063180828,0.219083050975587,0.18888888888888888,0.18888888888888888,0.03888888888888889,1,17,0.7869758024587034,0.00730559587650516,0.7796702065821982,1.0,-1.035463255326796,0.04782058476542409,-1.08328384009222,0.0,0.9729411764705882
cat,n1000,1,32,0.01,600,257,2058,143,296,90,0.15,18.75,0.6718192108298832,0.6763299739577862,0.6760807802745153,0.65,0.5719844357976653,0.6190476190476191,1.386222884506301,1.1914817697729552,3.6790849467741693e-11,0.7085986877467383,0.3892128279883382,1.1033502430540043,7.231043995120036e-12,2.371328851782383,-0.8121027022141415,0.6931471805599453,True,0.9844226579520697,0.8782564417594413,0.8222222222222222,0.8222222222222222,0.6722222222222222,1,74,0.9204357298474946,0.6538990960708281,0.5777777777777777,0.5777777777777777,0.4277777777777777,1,52,0.02028322440087146,0.08082320775973287,0.0,0.0,-0.15,1,0,0.86400871459695,0.4463606620376646,0.4444444444444444,0.4444444444444444,0.2944444444444444,1,40,0.20257961827627236,-0.0009327781209458811,0.20351239639721824,1.0,-0.2603654305811435,0.00924441223924905,-0.2696098428203925,0.0,0.9797167755991285
cat,n1000,1,32,0.1,600,257,2058,143,296,90,0.15,18.75,0.6903732228772708,0.6909048131082265,0.6908784095646131,0.6483333333333333,0.5797665369649806,0.6166180758017493,0.16561825051050033,1.0202545096743576,4.164483612705548e-12,0.694893174092828,0.3882410106899903,0.13135769256352756,5.628205006990074e-13,0.28609671209471976,-0.8542101891442819,0.6931471805599453,True,0.9842919389978213,0.8765666225692668,0.8333333333333334,0.8333333333333334,0.6833333333333333,1,75,0.8990849673202614,0.5675498279795567,0.5222222222222223,0.5222222222222223,0.37222222222222223,1,47,0.01945533769063181,0.08078999076982447,0.0,0.0,-0.15,1,0,0.89239651416122,0.5437772772713269,0.5111111111111111,0.5111111111111111,0.36111111111111105,1,46,0.024459702985000126,-0.00016649173367044818,0.024626194718670575,1.0,-0.031401447167419265,0.0010585174219623036,-0.032459964589381565,0.0,0.9805446623093682
cat,n1000,1,32,1.0,600,257,2058,143,296,90,0.15,18.75,0.6928613046529506,0.6929154643210967,0.6929128230049648,0.6483333333333333,0.5797665369649806,0.6166180758017493,0.01689829590370178,1.0020326860628874,6.584436340542017e-13,0.6933239821551291,0.38872691933916426,0.013397265558946695,2.282101811802341e-13,0.029218656587068532,-0.8584502839009261,0.6931471805599453,True,0.9842701525054466,0.8763231762912338,0.8333333333333334,0.8333333333333334,0.6833333333333333,1,75,0.8961655773420479,0.5581622740299337,0.5222222222222223,0.5222222222222223,0.37222222222222223,1,47,0.019368191721132896,0.08078618459843691,0.0,0.0,-0.15,1,0,0.8954030501089325,0.5563469521528925,0.5222222222222223,0.5222222222222223,0.37222222222222223,1,47,0.0024981346915028376,-1.758761224158274e-05,0.0025157223037444204,1.0,-0.0032068949813572,0.00010748773253344412,-0.003314382713890644,0.0,0.9806318082788671
cat,n1000,1,64,1e-06,600,257,2058,143,296,90,0.15,9.375,0.5804690804680284,0.6847516465919005,0.6734939974787462,0.685,0.5369649805447471,0.6030126336248786,24.60582080940838,11.186370088243935,1.1668369655967906e-09,0.8621918263326027,0.4271137026239067,19.160571417648626,1.4091551852367274e-09,25.198080409641378,0.3580680460508837,0.6931471805599453,True,0.9649237472766885,0.8740687742687495,0.7888888888888889,0.7888888888888889,0.6388888888888888,1,71,0.975359477124183,0.8723314524369543,0.7888888888888889,0.7888888888888889,0.6388888888888888,1,71,0.11705882352941177,0.08800416857762762,0.022222222222222223,0.022222222222222223,-0.12777777777777777,1,2,0.43991285403050107,0.1449198189696591,0.12222222222222222,0.12222222222222222,-0.027777777777777776,1,11,1.5540104229046838,0.13943691478714104,1.4145735081175428,0.9333333333333333,-2.2945750773311513,0.2550757258246742,-2.5496508031558256,0.011111111111111112,0.8829411764705882
cat,n1000,1,64,1e-05,600,257,2058,143,296,90,0.15,9.375,0.5806427441872455,0.6800685175976389,0.6696653188678529,0.6833333333333333,0.5291828793774319,0.6039844509232264,23.240123547355847,10.249374794928915,7.010059597737103e-09,0.8570557990255465,0.4261418853255588,18.300910115468902,5.840710858082881e-10,24.06166808297441,0.34805085141995595,0.6931471805599453,True,0.9672549019607843,0.8795311459485633,0.7888888888888889,0.7888888888888889,0.6388888888888888,1,71,0.9756862745098039,0.8738457890082363,0.7888888888888889,0.7888888888888889,0.6388888888888888,1,71,0.11235294117647059,0.08767441218046702,0.022222222222222223,0.022222222222222223,-0.12777777777777777,1,2,0.4455337690631808,0.14549926620847173,0.12222222222222222,0.12222222222222222,-0.027777777777777776,1,11,1.5212417989943023,0.13260149944210975,1.3886402995521925,0.9333333333333333,-2.2277578025397826,0.24201893519229783,-2.4697767377320803,0.011111111111111112,0.8876470588235295
cat,n1000,1,64,0.0001,600,257,2058,143,296,90,0.15,9.375,0.5867271945200241,0.6602552212587876,0.6536435174696418,0.6833333333333333,0.5486381322957199,0.6103012633624878,16.277961166627936,6.194920083948538,1.040298816588363e-09,0.8278417464952879,0.4173955296404276,13.406957678509448,1.7750927503316851e-09,18.4092132225077,0.24244043951183789,0.6931471805599453,True,0.9763834422657952,0.8988082424291776,0.8111111111111111,0.8111111111111111,0.6611111111111111,1,73,0.9762745098039216,0.8764536017860595,0.8111111111111111,0.8111111111111111,0.6611111111111111,1,73,0.08324618736383442,0.08363058011661198,0.011111111111111112,0.011111111111111112,-0.1388888888888889,1,1,0.492483660130719,0.15119003843321463,0.1,0.1,-0.04999999999999999,1,9,1.3216307648184127,0.09134169307349607,1.2302890717449166,0.9666666666666667,-1.8585083343640252,0.17230646793727472,-2.0308148023013,0.011111111111111112,0.9167538126361656
cat,n1000,1,64,0.001,600,257,2058,143,296,90,0.15,9.375,0.6211056488425962,0.6509000035918343,0.6482290954425839,0.665,0.5719844357976653,0.6175898931000972,6.4707416919184615,2.353370602749795,9.401772367483547e-10,0.7651552805145867,0.391156462585034,5.335805852731559,3.299499436282098e-10,9.615904404841375,-0.3203947344103128,0.6931471805599453,True,0.9866013071895425,0.9065984925978005,0.8444444444444444,0.8444444444444444,0.6944444444444444,1,76,0.9626797385620915,0.8219311907236958,0.7333333333333333,0.7333333333333333,0.5833333333333333,1,66,0.031982570806100216,0.0810119317080583,0.0,0.0,-0.15,1,0,0.6803050108932462,0.20185825304937507,0.14444444444444443,0.14444444444444443,-0.005555555555555564,1,13,0.8009498719564188,0.020114813752275668,0.7808350582041431,0.9888888888888889,-1.0569378600203425,0.061902148756480625,-1.118840008776823,0.0,0.9680174291938998
cat,n1000,1,64,0.01,600,257,2058,143,296,90,0.15,9.375,0.6709125816961986,0.6767341144900698,0.6762418279159171,0.6566666666666666,0.5680933852140078,0.6122448979591837,1.4180965410854636,1.2075905736933417,8.405286418221093e-11,0.7085890548927353,0.3882410106899903,1.1384701278345024,1.6032857021102505e-11,2.3843924705999213,-0.7365356253015145,0.6931471805599453,True,0.9860348583877996,0.8961583881042315,0.8333333333333334,0.8333333333333334,0.6833333333333333,1,75,0.9146840958605664,0.6493896615912025,0.5666666666666667,0.5666666666666667,0.41666666666666663,1,51,0.019934640522875816,0.08079910525503158,0.0,0.0,-0.15,1,0,0.8497167755991285,0.40741174512507133,0.4,0.4,0.25,1,36,0.20433819041367432,0.0006611241481297007,0.20367706626554463,1.0,-0.2628586545156784,0.010967823897934144,-0.2738264784136126,0.0,0.9800653594771241
cat,n1000,1,64,0.1,600,257,2058,143,296,90,0.15,9.375,0.6902790481202808,0.6909506564028942,0.6908981420280865,0.65,0.5719844357976653,0.6127308066083577,0.16843337329189084,1.021673860256107,5.16620972907241e-12,0.69489136320157,0.3901846452866861,0.1344701471537835,1.130468943367307e-12,0.2872331103918659,-0.7958502222137733,0.6931471805599453,True,0.9857298474945534,0.889435598946232,0.8333333333333334,0.8333333333333334,0.6833333333333333,1,75,0.8881917211328976,0.5387949020159157,0.5111111111111111,0.5111111111111111,0.36111111111111105,1,46,0.019281045751633988,0.08077439994612748,0.0,0.0,-0.15,1,0,0.8810021786492375,0.5099196542474955,0.4777777777777778,0.4777777777777778,0.32777777777777783,1,43,0.024639630179265373,-3.0270270324571003e-06,0.02464265720629783,1.0,-0.0316569933505011,0.0012353266334796855,-0.03289231998398079,0.0,0.980718954248366
cat,n1000,1,64,1.0,600,257,2058,143,296,90,0.15,9.375,0.6928518506369958,0.6929201163388471,0.6929148427567483,0.65,0.5719844357976653,0.6122448979591837,0.01717571139825084,1.0021723761038337,8.069658937958001e-13,0.6933237911611996,0.38969873663751214,0.01370408029722102,4.053510345807005e-13,0.029330452721036925,-0.8018371627747817,0.6931471805599453,True,0.985686274509804,0.8889612891832702,0.8333333333333334,0.8333333333333334,0.6833333333333333,1,75,0.8846840958605664,0.5234454316089414,0.4888888888888889,0.4888888888888889,0.3388888888888889,1,44,0.01925925925925926,0.08077430714845373,0.0,0.0,-0.15,1,0,0.8838344226579521,0.5181856175814573,0.4888888888888889,0.4888888888888889,0.3388888888888889,1,44,0.0025161655989414562,-1.1991915267053667e-06,0.0025173647904681616,1.0,-0.00323251240520905,0.00012521495025904749,-0.0033577273554680973,0.0,0.9807407407407407
cat,n1000,1,128,1e-06,600,257,2058,143,296,90,0.15,4.6875,0.5123995874924779,0.8382440714155276,0.8154962770134286,0.715,0.5136186770428015,0.5641399416909622,60.15812298788714,39.295765535506966,4.2865318915471334e-09,1.0258087128857398,0.45043731778425655,55.33941404696508,1.4961745043449388e-09,48.572195647054606,0.6491502936623695,0.6931471805599453,False,0.9508932461873638,0.8732416834743875,0.8111111111111111,0.8111111111111111,0.6611111111111111,1,73,0.9768191721132897,0.9231700378585717,0.8555555555555555,0.8555555555555555,0.7055555555555555,1,77,0.19152505446623094,0.0901364189571394,0.022222222222222223,0.022222222222222223,-0.12777777777777777,1,2,0.38847494553376904,0.12852999305606796,0.1111111111111111,0.1111111111111111,-0.03888888888888889,1,10,2.259162650870739,0.5636480555782356,1.6955145952925035,0.9333333333333333,-3.124216118952747,0.6837994278329749,-3.8080155467857217,0.05555555555555555,0.8084749455337691
cat,n1000,1,128,1e-05,600,257,2058,143,296,90,0.15,4.6875,0.5154586021805128,0.7830314826038178,0.7602526554497774,0.7116666666666667,0.5058365758754864,0.575801749271137,48.40788310953837,26.701165303391015,2.0314845026217025e-09,0.9631584317549036,0.44946550048590866,45.5644023117888,1.0064865693235715e-09,39.743775985044444,0.6437640522677147,0.6931471805599453,False,0.9568191721132897,0.8899192811316756,0.8222222222222222,0.8222222222222222,0.6722222222222222,1,74,0.9803050108932462,0.9294573899320453,0.8666666666666667,0.8666666666666667,0.7166666666666667,1,78,0.17183006535947712,0.08864503216313427,0.03333333333333333,0.03333333333333333,-0.11666666666666667,1,3,0.3920915032679739,0.1271504079219514,0.1,0.1,-0.04999999999999999,1,9,2.031105212424962,0.4699028494990485,1.5612023629259133,0.9444444444444444,-2.764266012295901,0.5693644135151553,-3.333630425811056,0.044444444444444446,0.8281699346405229
cat,n1000,1,128,0.0001,600,257,2058,143,296,90,0.15,4.6875,0.5465618088720686,0.6863677257157564,0.6695675582704548,0.7166666666666667,0.5525291828793775,0.5889212827988338,23.20877376857159,9.13344324161919,6.548936339560448e-10,0.8403936907966695,0.43391642371234207,22.178361679505784,8.176604706000995e-10,21.601486121544035,0.5477627871428388,0.6931471805599453,True,0.975838779956427,0.9204662068425694,0.8888888888888888,0.8888888888888888,0.7388888888888888,1,80,0.9850980392156863,0.9264467397649345,0.8666666666666667,0.8666666666666667,0.7166666666666667,1,78,0.10505446623093682,0.08424668504859524,0.022222222222222223,0.022222222222222223,-0.12777777777777777,1,2,0.43978213507625274,0.1333112147671945,0.06666666666666667,0.06666666666666667,-0.08333333333333333,1,6,1.4647212519024038,0.23019746788394246,1.2345237840184613,0.9666666666666667,-1.9504986859939129,0.29842826407655265,-2.2489269500704654,0.011111111111111112,0.8949455337690632
cat,n1000,1,128,0.001,600,257,2058,143,296,90,0.15,4.6875,0.6114432999926265,0.6538118044703007,0.6486131820816738,0.68,0.556420233463035,0.6132167152575316,7.133315953393498,2.5775747158757567,3.4379329689006226e-10,0.7637218175912305,0.3974732750242954,6.270900809694042,3.2910436337988393e-10,9.790643115874653,-0.0631344358178561,0.6931471805599453,True,0.9894989106753813,0.925455770242978,0.8777777777777778,0.8777777777777778,0.7277777777777777,1,79,0.9722440087145969,0.8618618056622236,0.7777777777777778,0.7777777777777778,0.6277777777777778,1,70,0.03400871459694989,0.08118548207290446,0.0,0.0,-0.15,1,0,0.6460784313725491,0.18329474575071905,0.07777777777777778,0.07777777777777778,-0.07222222222222222,1,7,0.8208383636766535,0.04602346800352156,0.774814895673132,1.0,-1.0630817650064452,0.08520896615665992,-1.1482907311631052,0.0,0.9659912854030501
cat,n1000,1,128,0.01,600,257,2058,143,296,90,0.15,4.6875,0.6697528979957429,0.6768760780637508,0.676170047499364,0.6716666666666666,0.5719844357976653,0.6175898931000972,1.45810263962252,1.222105829448397,1.3845141395850084e-10,0.708411838497366,0.3838678328474247,1.1986064806112027,3.268140451968709e-11,2.3936559337991326,-0.6199229691030118,0.6931471805599453,True,0.987363834422658,0.9036731630874709,0.8333333333333334,0.8333333333333334,0.6833333333333333,1,75,0.9179084967320261,0.6691883376118116,0.5666666666666667,0.5666666666666667,0.41666666666666663,1,51,0.021045751633986927,0.08084710250318507,0.0,0.0,-0.15,1,0,0.8395642701525055,0.3846391607770527,0.36666666666666664,0.36666666666666664,0.21666666666666665,1,33,0.20670149816290223,0.00360421858414103,0.2030972795787612,1.0,-0.26349424752221057,0.013605615318315317,-0.2770998628405259,0.0,0.9789542483660131
cat,n1000,1,128,0.1,600,257,2058,143,296,90,0.15,4.6875,0.6901606181115173,0.6909590040489867,0.6908881497220362,0.6633333333333333,0.5719844357976653,0.6171039844509232,0.17191035144968944,1.022926144434953,6.331765195229212e-12,0.6948742357709872,0.3848396501457726,0.13974539218564846,2.295521804722206e-12,0.28802582080473593,-0.705073714873139,0.6931471805599453,True,0.9868409586056645,0.8985163414983246,0.8444444444444444,0.8444444444444444,0.6944444444444444,1,76,0.8853812636165578,0.5348551215161919,0.4888888888888889,0.4888888888888889,0.3388888888888889,1,44,0.020326797385620914,0.08083488225130929,0.0,0.0,-0.15,1,0,0.8760348583877996,0.5021264962552923,0.4777777777777778,0.4777777777777778,0.32777777777777783,1,43,0.02487974001937885,0.00029550946500501367,0.024584230554373837,1.0,-0.03172135009239027,0.0015028477969707462,-0.03322419788936102,0.0,0.9796732026143791
cat,n1000,1,128,1.0,600,257,2058,143,296,90,0.15,4.6875,0.6928399824389809,0.6929208774816371,0.6929138100700755,0.6633333333333333,0.5719844357976653,0.6161321671525753,0.01751777168602678,1.002295337212123,1.0146161650959197e-12,0.6933220883334632,0.38532555879494657,0.01422353450327629,6.947091182060185e-13,0.029408297380996665,-0.7137182678058424,0.6931471805599453,True,0.9867320261437909,0.8968061150425157,0.8444444444444444,0.8444444444444444,0.6944444444444444,1,76,0.8808932461873639,0.5181546969578584,0.4888888888888889,0.4888888888888889,0.3388888888888889,1,44,0.020130718954248367,0.08083134970744893,0.0,0.0,-0.15,1,0,0.8797821350762527,0.5144219742724744,0.4888888888888889,0.4888888888888889,0.3388888888888889,1,44,0.0025402105424619146,2.8697422246373943e-05,0.0025115131202155406,1.0,-0.0032389553594553144,0.00015200533062132687,-0.0033909606900766414,0.0,0.9798692810457517
cat,n1000,1,256,1e-06,600,257,2058,143,296,90,0.15,2.34375,0.2603133515321163,2.12479256602184,2.0837506777361985,0.91,0.5330739299610895,0.5417881438289601,283.08359028311156,287.5061203144277,9.228331710249513e-10,2.0025619647597495,0.48250728862973763,223.1874276503012,3.9444339137316455e-09,194.75351305355548,0.7282288621459094,0.6931471805599453,False,0.9950980392156863,0.9747383700860738,0.9,0.9,0.75,1,81,0.9992592592592593,0.9957430593752951,0.9666666666666667,0.9666666666666667,0.8166666666666667,1,87,0.2837037037037037,0.09908732193310121,0.022222222222222223,0.022222222222222223,-0.12777777777777777,1,2,0.3514814814814815,0.11091634515120267,0.05555555555555555,0.05555555555555555,-0.09444444444444444,1,5,4.297336187480659,2.1835518387546564,2.1137843487260026,0.9777777777777777,-7.896855498346341,2.7550716586881663,-10.651927157034507,0.0,0.7162962962962963
cat,n1000,1,256,1e-05,600,257,2058,143,296,90,0.15,2.34375,0.35686813935207,1.0441446482153467,1.024349798774928,0.8833333333333333,0.5447470817120622,0.5519922254616132,106.13624442962889,63.68635401001867,2.919918507226412e-09,1.159937439956603,0.4718172983479106,97.23041856927229,1.2676094972934456e-09,73.47649512183871,0.7422649734564012,0.6931471805599453,False,0.9933333333333333,0.9691923005860977,0.8888888888888888,0.8888888888888888,0.7388888888888888,1,80,0.9987145969498911,0.9930068948652657,0.9555555555555556,0.9555555555555556,0.8055555555555556,1,86,0.2119607843137255,0.09176619605092996,0.022222222222222223,0.022222222222222223,-0.12777777777777777,1,2,0.3383877995642702,0.11122636331975778,0.07777777777777778,0.07777777777777778,-0.07222222222222222,1,7,2.5880388394629046,1.057990222460702,1.5300486170022025,0.9777777777777777,-3.7972861968601364,1.2018839926367755,-4.999170189496912,0.0,0.7880392156862746
cat,n1000,1,256,0.0001,600,257,2058,143,296,90,0.15,2.34375,0.49174145987543605,0.705360076259569,0.6904402410197366,0.7866666666666666,0.5642023346303502,0.5898931000971818,31.66159064157603,12.273072834995446,2.9610410041204967e-09,0.8469209367576201,0.4382896015549077,30.918717778655154,1.6703685747914525e-09,25.765043654773443,0.661221080949998,0.6931471805599453,True,0.9901742919389979,0.9637899624403453,0.9111111111111111,0.9111111111111111,0.7611111111111111,1,82,0.9949019607843137,0.9735588095468639,0.9111111111111111,0.9111111111111111,0.7611111111111111,1,82,0.10320261437908497,0.0842029538751867,0.011111111111111112,0.011111111111111112,-0.1388888888888889,1,1,0.362962962962963,0.12160549231191274,0.03333333333333333,0.03333333333333333,-0.11666666666666667,1,3,1.5734808043791115,0.3713700525816763,1.2021107517974352,0.9777777777777777,-2.0545972078866397,0.4366464314288425,-2.491243639315482,0.011111111111111112,0.896797385620915
cat,n1000,1,256,0.001,600,257,2058,143,296,90,0.15,2.34375,0.6030082559228345,0.6532500636651035,0.6487600122364846,0.7016666666666667,0.5836575875486382,0.6117589893100097,7.6882241622491705,2.748073013595773,7.041984685067362e-10,0.7622172137942489,0.40476190476190477,6.945678129969907,1.1663807979962992e-10,9.954825988531086,0.07727233843729997,0.6931471805599453,True,0.9912200435729848,0.9384373941082053,0.8777777777777778,0.8777777777777778,0.7277777777777777,1,79,0.9791285403050108,0.8900902328073179,0.8,0.8,0.65,1,72,0.031568627450980394,0.08107206145823206,0.0,0.0,-0.15,1,0,0.5956209150326798,0.16395843655255773,0.06666666666666667,0.06666666666666667,-0.08333333333333333,1,6,0.8347190655575756,0.0657109047357126,0.769008160821863,1.0,-1.0717092902590877,0.10400868429592851,-1.1757179745550161,0.0,0.9684313725490196
cat,n1000,1,256,0.01,600,257,2058,143,296,90,0.15,2.34375,0.6688491981385847,0.6766879290541387,0.676106500155317,0.675,0.5797665369649806,0.6161321671525753,1.4886871221045872,1.2316011839889167,1.7203093993415244e-10,0.7082303904444947,0.3882410106899903,1.2386991093046786,4.933849866593337e-11,2.400768394734098,-0.5458474498212891,0.6931471805599453,True,0.9882570806100218,0.9109625507314176,0.8555555555555555,0.8555555555555555,0.7055555555555555,1,77,0.9232679738562092,0.6884558952302641,0.5666666666666667,0.5666666666666667,0.41666666666666663,1,51,0.020326797385620914,0.08080929369960868,0.0,0.0,-0.15,1,0,0.832723311546841,0.3689837673764362,0.35555555555555557,0.35555555555555557,0.20555555555555557,1,32,0.20809917754212484,0.005669255421268111,0.20242992212085673,1.0,-0.2643820748794974,0.015580882251504028,-0.2799629571310014,0.0,0.9796732026143791
cat,n1000,1,256,0.1,600,257,2058,143,296,90,0.15,2.34375,0.6900695937912555,0.6909369106734414,0.6908801867900128,0.665,0.5758754863813229,0.6141885325558795,0.17453702466717902,1.0237268728868092,7.245436226415842e-12,0.6948565322880427,0.3882410106899903,0.14323214303873474,3.870149167043025e-12,0.28862284464854654,-0.6465083232483851,0.6931471805599453,True,0.9877124183006536,0.9053968908596107,0.8444444444444444,0.8444444444444444,0.6944444444444444,1,76,0.8862091503267974,0.5387458186091523,0.5111111111111111,0.5111111111111111,0.36111111111111105,1,46,0.019651416122004356,0.08079801078755396,0.0,0.0,-0.15,1,0,0.8755119825708061,0.502663082804099,0.4777777777777778,0.4777777777777778,0.32777777777777783,1,43,0.025020139184619185,0.0005030187197330942,0.02451712046488609,1.0,-0.031810594829699695,0.0017013298401745828,-0.03351192466987428,0.0,0.9803485838779956
cat,n1000,1,256,1.0,600,257,2058,143,296,90,0.15,2.34375,0.692830873549431,0.6929186291681424,0.6929129952940588,0.6633333333333333,0.5797665369649806,0.6141885325558795,0.01777585371095091,1.002373812276446,1.2075270560847993e-12,0.6933203253100386,0.3882410106899903,0.014566585218931014,9.98028565619535e-13,0.029466831466887212,-0.6567859942275079,0.6931471805599453,True,0.98760348583878,0.9045293364295064,0.8444444444444444,0.8444444444444444,0.6944444444444444,1,76,0.8804357298474945,0.519893781094184,0.4888888888888889,0.4888888888888889,0.3388888888888889,1,44,0.01954248366013072,0.08079516326519608,0.0,0.0,-0.15,1,0,0.8791721132897603,0.5144358193727983,0.4888888888888889,0.4888888888888889,0.3388888888888889,1,44,0.002554258141748564,4.9458465957432543e-05,0.0025047996757911316,1.0,-0.0032478837271689297,0.00017186298052894995,-0.0034197467076978794,0.0,0.9804575163398693
cat,n1000,1,384,1e-06,600,257,2058,143,296,90,0.15,1.5625,0.16317419815923367,2.400462036825799,2.1855609412146055,0.9666666666666667,0.5330739299610895,0.54421768707483,365.04822223498684,476.4816889591064,1.0005237893020032e-09,2.467070272901307,0.48931000971817296,354.65521547136086,8.932849605130221e-10,260.471040782967,0.7383984420547729,0.6931471805599453,False,0.9999564270152506,0.9997584541062802,0.9888888888888889,0.9888888888888889,0.8388888888888889,1,89,1.0,1.0,1.0,1.0,0.85,1,90,0.27847494553376906,0.0984558463846662,0.0,0.0,-0.15,1,0,0.3207625272331155,0.1045979837871846,0.03333333333333333,0.03333333333333333,-0.11666666666666667,1,3,5.355044130091693,2.769777721816952,2.5852664082747414,1.0,-8.05988285977087,3.113860674786135,-11.173743534557005,0.0,0.7215250544662309
cat,n1000,1,384,1e-05,600,257,2058,143,296,90,0.15,1.5625,0.3210313926598593,1.077128639384483,1.0149739771253037,0.9016666666666666,0.5719844357976653,0.5558794946550049,118.63337356212622,86.51254402296271,1.1038800949924396e-09,1.1802018306039774,0.47230320699708456,114.3612642651335,9.170313955032188e-10,81.15095444630354,0.7579716888328585,0.6931471805599453,False,0.997363834422658,0.9870835393519249,0.9555555555555556,0.9555555555555556,0.8055555555555556,1,86,0.9994989106753812,0.9972704901592895,0.9777777777777777,0.9777777777777777,0.8277777777777777,1,88,0.20084967320261438,0.09067313524662346,0.022222222222222223,0.022222222222222223,-0.12777777777777777,1,2,0.3064705882352941,0.10464608583698581,0.06666666666666667,0.06666666666666667,-0.08333333333333333,1,6,2.697244822007095,1.165155697701287,1.532089124305808,0.9777777777777777,-3.8039551884723957,1.292998522100903,-5.096953710573299,0.0,0.7991503267973856
cat,n1000,1,384,0.0001,600,257,2058,143,296,90,0.15,1.5625,0.4848571569499868,0.708975948533655,0.6884212382015219,0.7983333333333333,0.5642023346303502,0.5918367346938775,32.67370972040875,13.497707077416564,1.5791626649490624e-09,0.844635846052914,0.44314868804664725,32.10664993890133,2.9784952269323664e-09,26.249665131658393,0.671737418652496,0.6931471805599453,True,0.9916339869281046,0.9685711953284522,0.9222222222222223,0.9222222222222223,0.7722222222222223,1,83,0.9954684095860566,0.9765344758848629,0.9222222222222223,0.9222222222222223,0.7722222222222223,1,83,0.10026143790849673,0.0840661103593454,0.011111111111111112,0.011111111111111112,-0.1388888888888889,1,1,0.33845315904139434,0.11762718354384243,0.03333333333333333,0.03333333333333333,-0.11666666666666667,1,3,1.5855580005160597,0.3883006530904332,1.1972573474256265,0.9777777777777777,-2.059251070296681,0.4523480436772058,-2.5115991139738867,0.011111111111111112,0.8997385620915033
cat,n1000,1,384,0.001,600,257,2058,143,296,90,0.15,1.5625,0.6022096324651804,0.6537812324181058,0.6485584592412997,0.7016666666666667,0.5797665369649806,0.6146744412050534,7.739654454794383,2.7860321260140894,8.071377471467545e-10,0.7618801300763158,0.40184645286686105,7.009700743303049,1.3471085282291047e-10,9.968952663665153,0.08901073327812943,0.6931471805599453,True,0.9913725490196078,0.9397675855965643,0.8777777777777778,0.8777777777777778,0.7277777777777777,1,79,0.979760348583878,0.8924385717795251,0.8,0.8,0.65,1,72,0.031176470588235295,0.08105579533022159,0.0,0.0,-0.15,1,0,0.5855337690631808,0.16072826959042683,0.06666666666666667,0.06666666666666667,-0.08333333333333333,1,6,0.8360050974982578,0.06760722470829572,0.7683978727899621,1.0,-1.0722858928476189,0.10579022756401826,-1.1780761204116372,0.0,0.9688235294117648
cat,n1000,1,384,0.01,600,257,2058,143,296,90,0.15,1.5625,0.668767915404545,0.6767645475864003,0.6760902378318923,0.6766666666666666,0.5797665369649806,0.6151603498542274,1.4914133287932523,1.2334071370402562,1.7522194520498897e-10,0.708196748100371,0.3892128279883382,1.2423490543398874,5.2206071833090657e-11,2.401341201410304,-0.5393551203227581,0.6931471805599453,True,0.9883442265795207,0.9119198249160865,0.8555555555555555,0.8555555555555555,0.7055555555555555,1,77,0.9240305010893246,0.6904520430644182,0.5666666666666667,0.5666666666666667,0.41666666666666663,1,51,0.020305010893246187,0.08080920073101693,0.0,0.0,-0.15,1,0,0.8320697167755992,0.3674958808099286,0.35555555555555557,0.35555555555555557,0.20555555555555557,1,32,0.2082219766409373,0.005860806065592779,0.20236117057534453,1.0,-0.26444275736964784,0.015761499552206237,-0.2802042569218541,0.0,0.9796949891067538
cat,n1000,1,384,0.1,600,257,2058,143,296,90,0.15,1.5625,0.6900614558669355,0.6909452850192283,0.690878729592333,0.6683333333333333,0.5758754863813229,0.6156462585034014,0.1747699897363985,1.023877441505022,3.947208884306611e-10,0.6948532059520068,0.3901846452866861,0.14354828520162144,9.956235999347262e-10,0.28867053538310583,-0.6413445730908351,0.6931471805599453,True,0.9877342047930283,0.9055745347167387,0.8444444444444444,0.8444444444444444,0.6944444444444444,1,76,0.8865141612200436,0.5404964864307852,0.5111111111111111,0.5111111111111111,0.36111111111111105,1,46,0.01954248366013072,0.08079176197940666,0.0,0.0,-0.15,1,0,0.8754466230936819,0.5026263860096775,0.4777777777777778,0.4777777777777778,0.32777777777777783,1,43,0.025032413287253256,0.0005221869009215902,0.024510226386331664,1.0,-0.03181667684252052,0.0017194052825880838,-0.033536082125108606,0.0,0.9804575163398693
cat,n1000,1,384,1.0,600,257,2058,143,296,90,0.15,1.5625,0.6928300596786179,0.6929194753197954,0.6929128517129172,0.665,0.5797665369649806,0.6151603498542274,0.01779873150187437,1.002388555719305,1.2271886299201482e-12,0.6933199931623389,0.38969873663751214,0.014597676666346931,1.0327915715606084e-12,0.029471503517197607,-0.6517634250389428,0.6931471805599453,True,0.9877124183006536,0.9053974709864744,0.8444444444444444,0.8444444444444444,0.6944444444444444,1,76,0.880479302832244,0.5201564193334359,0.4888888888888889,0.4888888888888889,0.3388888888888889,1,44,0.019411764705882354,0.08079031175821937,0.0,0.0,-0.15,1,0,0.8793681917211329,0.5155080409853455,0.4888888888888889,0.4888888888888889,0.3388888888888889,1,44,0.002555485667919729,5.137541098959598e-05,0.0025041102569301333,1.0,-0.003248491970684702,0.00017367064038708687,-0.003422162611071789,0.0,0.9805882352941176
cat,n1000,2,32,1e-06,612,262,2058,126,296,91,0.14869281045751634,19.125,0.6123347181606614,0.6698942208578075,0.652118462414287,0.6503267973856209,0.6030534351145038,0.6064139941690962,13.011999157731802,6.883846836784961,6.13361004706988e-10,0.8211457234121252,0.4368318756073858,12.069843701759197,1.268217141929451e-09,17.03024293282125,0.07947669617383656,0.6931471805599453,True,0.9666954926072009,0.8753512203052101,0.8021978021978022,0.8021978021978022,0.6535049917402859,1,73,0.9552846385859821,0.7857957273220562,0.6593406593406593,0.6593406593406593,0.510647848883143,1,60,0.05699099365126237,0.08104600455354999,0.0,0.0,-0.14869281045751634,1,0,0.3987471261943431,0.11768161476135405,0.06593406593406594,0.06593406593406594,-0.0827587445234504,1,6,1.5103508874218512,0.07111483682448855,1.4392360505973627,0.978021978021978,-1.8703478807580953,0.11278829652073825,-1.9831361772788336,0.01098901098901099,0.9430090063487376
cat,n1000,2,32,1e-05,612,262,2058,126,296,91,0.14869281045751634,19.125,0.6123530912351548,0.6690246569384706,0.6515533003377676,0.6503267973856209,0.6030534351145038,0.608843537414966,12.749387628449826,6.612081995700264,1.0825121407502603e-09,0.8195418939673301,0.4363459669582119,11.814867273608531,3.4802044222595e-10,16.78699598275203,0.06749792843525944,0.6931471805599453,True,0.9673704414587332,0.8771030049548852,0.8021978021978022,0.8021978021978022,0.6535049917402859,1,73,0.9554744679504756,0.7853683813700355,0.6593406593406593,0.6593406593406593,0.510647848883143,1,60,0.05526143721921073,0.08098905279222054,0.0,0.0,-0.14869281045751634,1,0,0.4022484233616671,0.11828252276670136,0.06593406593406594,0.06593406593406594,-0.0827587445234504,1,6,1.4958373538965661,0.06900598337970652,1.4268313705168596,0.978021978021978,-1.850003318660372,0.1104238001277568,-1.9604271187881288,0.01098901098901099,0.9447385627807893
cat,n1000,2,32,0.0001,612,262,2058,126,296,91,0.14869281045751634,19.125,0.613474889357305,0.6632085378537164,0.6480910220563598,0.6552287581699346,0.6068702290076335,0.6151603498542274,10.835352870769025,4.98096834936432,1.1041401329849594e-09,0.8073899834845356,0.4305150631681244,9.959920909580926,8.307569616796195e-10,14.988651713724336,-0.03731856581373204,0.6931471805599453,True,0.972010714813018,0.889041975919767,0.8351648351648352,0.8351648351648352,0.6864720247073188,1,76,0.9565501676826053,0.7868380169147541,0.6703296703296703,0.6703296703296703,0.5216368598721539,1,61,0.04452553204952437,0.0806433174412712,0.0,0.0,-0.14869281045751634,1,0,0.4311868553711164,0.12326910721015408,0.06593406593406594,0.06593406593406594,-0.0827587445234504,1,6,1.3810004809436358,0.053533299680545696,1.32746718126309,0.989010989010989,-1.6918495907296784,0.0926406058719855,-1.784490196601664,0.01098901098901099,0.9554744679504756
cat,n1000,2,32,0.001,612,262,2058,126,296,91,0.14869281045751634,19.125,0.629081284345427,0.6561099881512924,0.6486321559153235,0.6552287581699346,0.6221374045801527,0.6166180758017493,5.6963802205334915,2.36208686619357,7.763834502041174e-10,0.7638259532941483,0.41156462585034015,5.068457902528975,1.869322679003253e-10,9.291869345577366,-0.4883789880847423,0.6931471805599453,True,0.9832317394697433,0.9026715566947554,0.8681318681318682,0.8681318681318682,0.7194390576743518,1,79,0.9488515323448145,0.7587760012694716,0.6593406593406593,0.6593406593406593,0.510647848883143,1,60,0.021746008310307735,0.07993948223906745,0.0,0.0,-0.14869281045751634,1,0,0.6120942397333952,0.17228376444190857,0.12087912087912088,0.12087912087912088,-0.02781368957839546,1,11,0.918022593503525,0.015039892154426197,0.9029827013490987,1.0,-1.0936901366772176,0.04215837247728875,-1.1358485091545063,0.0,0.9782539916896923
cat,n1000,2,32,0.01,612,262,2058,126,296,91,0.14869281045751634,19.125,0.6699310046693902,0.6769436633591336,0.6754215292382787,0.6535947712418301,0.6183206106870229,0.6146744412050534,1.4320021003450902,1.232510985033733,4.493385256310665e-11,0.710093629631478,0.4003887269193392,1.2381702349207382,7.44685639582441e-11,2.543355584197982,-0.8135534652001798,0.6931471805599453,True,0.9865853915757946,0.9031268338221673,0.8571428571428571,0.8571428571428571,0.7084500466853407,1,78,0.9127206766362237,0.6168358772501417,0.5384615384615384,0.5384615384615384,0.38976872800402207,1,49,0.014532492459555799,0.07973487529469057,0.0,0.0,-0.14869281045751634,1,0,0.8368311151420557,0.37081509653002936,0.38461538461538464,0.38461538461538464,0.2359225741578683,1,35,0.2558138391574665,0.0005044745497788573,0.25530936460768766,1.0,-0.3010763441424498,0.008381379281603272,-0.3094577234240531,0.0,0.9854675075404442
cat,n1000,2,32,0.1,612,262,2058,126,296,91,0.14869281045751634,19.125,0.6899852258700728,0.6908786041822546,0.6907021309782811,0.6503267973856209,0.6183206106870229,0.6146744412050534,0.17661713818015373,1.0247700663528674,1.846347715588904e-12,0.6951159061301947,0.3940719144800777,0.15161516491302607,3.5133683644204725e-12,0.3166919900297344,-0.8610300679806097,0.6931471805599453,True,0.9865010229693532,0.9002786123667094,0.8571428571428571,0.8571428571428571,0.7084500466853407,1,78,0.88901309822615,0.5268452656433695,0.4945054945054945,0.4945054945054945,0.34581268404797816,1,45,0.013773175001581912,0.07971502081591221,0.0,0.0,-0.14869281045751634,1,0,0.8803231317626711,0.4976321104567711,0.4725274725274725,0.4725274725274725,0.32383466206995615,1,43,0.031839569441381894,-1.8313698606217762e-05,0.031857883139988115,1.0,-0.037523739134355874,0.0009744994551734957,-0.03849823858952937,0.0,0.9862268249984181
cat,n1000,2,32,1.0,612,262,2058,126,296,91,0.14869281045751634,19.125,0.6928193105935027,0.6929112725039538,0.6928933240636144,0.6519607843137255,0.6183206106870229,0.6141885325558795,0.018094804702551117,1.0024867153100665,4.0381425772886227e-13,0.6933471459794487,0.3935860058309038,0.015520773304681584,8.02393499129905e-13,0.03247532584022573,-0.8658331121196564,0.6931471805599453,True,0.9864588386661324,0.9002877566801554,0.8571428571428571,0.8571428571428571,0.7084500466853407,1,78,0.8854274324523844,0.5142944623105241,0.4725274725274725,0.4725274725274725,0.32383466206995615,1,43,0.013667714243529982,0.0797119775392397,0.0,0.0,-0.14869281045751634,1,0,0.8847313914492417,0.5126623311928686,0.4725274725274725,0.4725274725274725,0.32383466206995615,1,43,0.003264628244780819,-2.7756973653287407e-06,0.003267403942146148,1.0,-0.0038482885279313814,9.91688042591818e-05,-0.003947457332190563,0.0,0.98633228575647
cat,n1000,2,64,1e-06,612,262,2058,126,296,91,0.14869281045751634,9.5625,0.5880535966190386,0.6894140179012381,0.673524926791769,0.6650326797385621,0.5954198473282443,0.6044703595724004,21.03027602106121,15.720992524824497,7.773935585514263e-10,0.8470463106425429,0.43002915451895046,19.733830287234223,5.693928589269427e-10,20.45841536885982,0.4977613799879948,0.6931471805599453,True,0.9600936491531501,0.8532342065148822,0.8021978021978022,0.8021978021978022,0.6535049917402859,1,73,0.9637425913817469,0.8049661551515935,0.7362637362637363,0.7362637362637363,0.58757092580622,1,67,0.10446942692624074,0.0827945728510796,0.0,0.0,-0.14869281045751634,1,0,0.3529982493514163,0.11106519990657691,0.07692307692307693,0.07692307692307693,-0.07176973353443941,1,7,1.654265760872343,0.18205778136643122,1.4722079795059118,0.978021978021978,-2.0406469411987644,0.23108675246378246,-2.2717336936625467,0.03296703296703297,0.8955305730737593
cat,n1000,2,64,1e-05,612,262,2058,126,296,91,0.14869281045751634,9.5625,0.5881583787580479,0.6863353200950976,0.6706512193337624,0.6650326797385621,0.5916030534351145,0.608843537414966,20.0761710379523,14.164030459573787,1.2475612613795774e-09,0.842430601553315,0.43002915451895046,18.895305347419818,1.4773931915084035e-09,19.835259963842695,0.4832636527442394,0.6931471805599453,True,0.9624981544367341,0.8580472464378573,0.8021978021978022,0.8021978021978022,0.6535049917402859,1,73,0.9637847756849677,0.8055635410113902,0.7362637362637363,0.7362637362637363,0.58757092580622,1,67,0.09980806142034548,0.08258333737180142,0.0,0.0,-0.14869281045751634,1,0,0.35618316424458457,0.11130438078814098,0.07692307692307693,0.07692307692307693,-0.07176973353443941,1,7,1.6265723827819414,0.17376140720066374,1.4528109755812777,0.978021978021978,-2.0009075509816046,0.2215534014648033,-2.222460952446408,0.02197802197802198,0.9001919385796545
cat,n1000,2,64,0.0001,612,262,2058,126,296,91,0.14869281045751634,9.5625,0.5923325013242098,0.6703850535680826,0.6566719929353588,0.673202614379085,0.5954198473282443,0.6141885325558795,14.819709062804883,7.528776824934309,7.654279219938511e-10,0.8166000108800447,0.42759961127308066,14.01502151050124,1.6238892796300842e-09,16.37888695106496,0.35574796522194846,0.6931471805599453,True,0.9749847081900824,0.8822994174935325,0.8131868131868132,0.8131868131868132,0.6644940027292968,1,74,0.9638691442914091,0.8129572995454895,0.7252747252747253,0.7252747252747253,0.5765819148172089,1,66,0.06802218894349413,0.08142096327048394,0.0,0.0,-0.14869281045751634,1,0,0.3863027567442155,0.11493724826534492,0.054945054945054944,0.054945054945054944,-0.0937477555124614,1,5,1.4483725743806908,0.1237665585121697,1.3246060158685211,1.0,-1.7597176956605258,0.16528942035253624,-1.9250071160130622,0.0,0.9319778110565059
cat,n1000,2,64,0.001,612,262,2058,126,296,91,0.14869281045751634,9.5625,0.6211671518243851,0.6558012540507488,0.6491173975400638,0.6699346405228758,0.583969465648855,0.6171039844509232,6.275015495603309,2.628614529692188,1.804753926740654e-10,0.7639108782551687,0.41496598639455784,5.709243547137699,2.76049309398001e-10,9.417286878390044,-0.2332691519363863,0.6931471805599453,True,0.9866697601822362,0.9151990253656112,0.8791208791208791,0.8791208791208791,0.7304280686633627,1,80,0.9500537849866065,0.7704820276776704,0.6813186813186813,0.6813186813186813,0.532625870861165,1,62,0.02366539410685284,0.08003704811533263,0.0,0.0,-0.14869281045751634,1,0,0.5766172407247263,0.15754213509013637,0.08791208791208792,0.08791208791208792,-0.06078072254542842,1,8,0.9284796249561529,0.034176756074187103,0.8943028688819658,1.0,-1.103445638756838,0.06140841003143689,-1.164854048788275,0.0,0.9763346058931471
cat,n1000,2,64,0.01,612,262,2058,126,296,91,0.14869281045751634,9.5625,0.6688236512783566,0.67673058396448,0.6753892147284102,0.6568627450980392,0.6030534351145038,0.6146744412050534,1.4695872857755623,1.250782461945539,9.49563384145038e-11,0.7100419977841368,0.39941690962099125,1.280909557480421,1.709077986232293e-10,2.5500774760229374,-0.7178248484502273,0.6931471805599453,True,0.9878509206724178,0.9112336979872375,0.8681318681318682,0.8681318681318682,0.7194390576743518,1,79,0.9030182868954462,0.5998692416894016,0.5274725274725275,0.5274725274725275,0.3787797170150111,1,48,0.015080888401425829,0.07974621132914321,0.0,0.0,-0.14869281045751634,1,0,0.8146843559511506,0.3337095502541918,0.3626373626373626,0.3626373626373626,0.2139445521798463,1,33,0.25695257931032645,0.002911093230854264,0.2540414860794722,1.0,-0.3023119645880595,0.010805845114068152,-0.31311780970212766,0.0,0.9849191115985741
cat,n1000,2,64,0.1,612,262,2058,126,296,91,0.14869281045751634,9.5625,0.6898699119721741,0.6908525533648736,0.6906972616715175,0.6552287581699346,0.5992366412213741,0.6137026239067055,0.17984719600822124,1.026329560523324,2.9504866639482624e-12,0.6951106720891176,0.3940719144800777,0.1553147071136835,5.610970461626617e-12,0.3172630464927194,-0.7909695280125644,0.6931471805599453,True,0.987808736369197,0.9085520857828472,0.8571428571428571,0.8571428571428571,0.7084500466853407,1,78,0.8738478412182826,0.487564857454501,0.43956043956043955,0.43956043956043955,0.2908676291029232,1,40,0.014342663095062328,0.07972679890344044,0.0,0.0,-0.14869281045751634,1,0,0.8627955537744405,0.452053439720481,0.4065934065934066,0.4065934065934066,0.2579005961358902,1,37,0.031956318749330026,0.00022886822534605867,0.031727450523983965,1.0,-0.037651207436288775,0.0012235538006506075,-0.038874761236939386,0.0,0.9856573369049376
cat,n1000,2,64,1.0,612,262,2058,126,296,91,0.14869281045751634,9.5625,0.692807732194991,0.6929086107447037,0.6928928193762227,0.6552287581699346,0.5992366412213741,0.6141885325558795,0.01841191485021741,1.0026396022602457,6.853071518918711e-13,0.6933466250405026,0.39310009718172984,0.01588431136684772,1.1953165368179648e-12,0.03253132386071838,-0.7983589835637173,0.6931471805599453,True,0.987808736369197,0.9085520857828472,0.8571428571428571,0.8571428571428571,0.7084500466853407,1,78,0.869165383560777,0.47249422676259445,0.4175824175824176,0.4175824175824176,0.2688896071249013,1,38,0.01427938664023117,0.07972926824434744,0.0,0.0,-0.14869281045751634,1,0,0.8678998544641539,0.4694696125656614,0.4175824175824176,0.4175824175824176,0.2688896071249013,1,38,0.003276335650055339,2.200970903911103e-05,0.003254325941016228,1.0,-0.0038610702618689747,0.0001241418573416868,-0.0039852121192106614,0.0,0.9857206133597688
cat,n1000,2,128,1e-06,612,262,2058,126,296,91,0.14869281045751634,4.78125,0.5146871117477168,0.7684379394381367,0.76861982226499,0.7222222222222222,0.5572519083969466,0.5821185617103984,51.41979892166149,40.641792526694786,7.372777701939297e-10,0.9910729482492919,0.4708454810495627,55.8431696028012,4.0286366468418675e-09,40.00589105956333,0.7247195474979067,0.6931471805599453,False,0.9560861403471768,0.8434698882018362,0.7362637362637363,0.7362637362637363,0.58757092580622,1,67,0.9805108519120035,0.9158046475120057,0.8021978021978022,0.8021978021978022,0.6535049917402859,1,73,0.18215182130729154,0.08845950893064716,0.02197802197802198,0.02197802197802198,-0.12671478847949436,1,2,0.3130497142013457,0.10618007538235917,0.07692307692307693,0.07692307692307693,-0.07176973353443941,1,7,2.520815862957971,0.6675772008104478,1.8532386621475232,0.945054945054945,-2.686356970304842,0.6651032311321231,-3.351460201436965,0.02197802197802198,0.8178481786927084
cat,n1000,2,128,1e-05,612,262,2058,126,296,91,0.14869281045751634,4.78125,0.5164844265870425,0.7420519505843824,0.7383984531017256,0.7107843137254902,0.5725190839694656,0.5898931000971818,43.8125538453936,30.723161625155832,1.915332685809294e-09,0.9414366711436849,0.4645286686103013,47.071275086976875,1.387037475141112e-09,33.81082908913983,0.7254167957286738,0.6931471805599453,False,0.9618232055852017,0.860152525989663,0.7472527472527473,0.7472527472527473,0.5985599367952309,1,68,0.9812701693699775,0.9177858660813181,0.8131868131868132,0.8131868131868132,0.6644940027292968,1,74,0.16839973845732004,0.08723657597322045,0.02197802197802198,0.02197802197802198,-0.12671478847949436,1,2,0.31564404884942315,0.10613542659191436,0.08791208791208792,0.08791208791208792,-0.06078072254542842,1,8,2.278281659659617,0.5706868163838065,1.7075948432758103,0.9560439560439561,-2.460211744275312,0.58004195129604,-3.0402536955713524,0.01098901098901099,0.83160026154268
cat,n1000,2,128,0.0001,612,262,2058,126,296,91,0.14869281045751634,4.78125,0.5419656154614908,0.682084592200921,0.671971944718269,0.7124183006535948,0.5763358778625954,0.6020408163265306,23.270767342868965,10.869044142835156,7.881324872876789e-10,0.8340771255456535,0.4446064139941691,24.157217216710706,4.316707991835725e-09,19.77574426141947,0.6528600724018743,0.6931471805599453,True,0.978844571934783,0.913674080669906,0.8131868131868132,0.8131868131868132,0.6644940027292968,1,74,0.9801101010314062,0.9027044860107799,0.8131868131868132,0.8131868131868132,0.6644940027292968,1,74,0.1036468330134357,0.08293189751675757,0.0,0.0,-0.14869281045751634,1,0,0.33791736094999053,0.10691840467312105,0.06593406593406594,0.06593406593406594,-0.0827587445234504,1,6,1.6432733198236067,0.3018725338580878,1.3414007859655188,0.978021978021978,-1.8633717337353093,0.328847817888918,-2.1922195516242273,0.01098901098901099,0.8963531669865643
cat,n1000,2,128,0.001,612,262,2058,126,296,91,0.14869281045751634,4.78125,0.6080829605125744,0.6553929762245594,0.6492780522536479,0.6862745098039216,0.5877862595419847,0.60932944606414,7.179510483506433,2.8946323152117315,1.0175796536506475e-09,0.7630380620946219,0.4067055393586006,6.817228440241136,7.162574395591744e-10,9.591432481306168,0.06154332153598288,0.6931471805599453,True,0.9906561768365991,0.9398253878687935,0.8791208791208791,0.8791208791208791,0.7304280686633627,1,80,0.9612748096433317,0.8246938419275074,0.7252747252747253,0.7252747252747253,0.5765819148172089,1,66,0.027040138364514563,0.08012162149195838,0.0,0.0,-0.14869281045751634,1,0,0.5279154626563456,0.14201584916074514,0.06593406593406594,0.06593406593406594,-0.0827587445234504,1,6,0.9483031982786019,0.06823799304850557,0.8800652052300963,1.0,-1.1099511777653015,0.09337203768488542,-1.203323215450187,0.0,0.9729598616354854
cat,n1000,2,128,0.01,612,262,2058,126,296,91,0.14869281045751634,4.78125,0.6672402387261781,0.6765322711015624,0.6752833975423206,0.6633986928104575,0.5992366412213741,0.6141885325558795,1.5220736696289703,1.2666689723304119,1.6636008718786827e-10,0.709882974073293,0.3935860058309038,1.3477001144807164,2.622929083879783e-10,2.557504057159142,-0.5869020834527807,0.6931471805599453,True,0.9896226614076902,0.9231881099389023,0.8791208791208791,0.8791208791208791,0.7304280686633627,1,80,0.9026386281664592,0.6226125573441408,0.5384615384615384,0.5384615384615384,0.38976872800402207,1,49,0.016093311678724347,0.0797847809013578,0.0,0.0,-0.14869281045751634,1,0,0.7961443546856215,0.3089529224112573,0.34065934065934067,0.34065934065934067,0.19196653020182433,1,31,0.2588756937319517,0.006764991739307119,0.25211070199264457,1.0,-0.3029771285044862,0.014440619779656426,-0.31741774828414265,0.0,0.9839066883212757
cat,n1000,2,128,0.1,612,262,2058,126,296,91,0.14869281045751634,4.78125,0.6897079709827223,0.6908288236610916,0.6906838137213647,0.6617647058823529,0.5954198473282443,0.6146744412050534,0.18429069489210184,1.027655676595811,3.3155400950050775e-10,0.6950949888534702,0.39310009718172984,0.16102294859289012,8.31323468855647e-12,0.31787585477363667,-0.6934046459164498,0.6931471805599453,True,0.9893273712851448,0.9197796455160558,0.8681318681318682,0.8681318681318682,0.7194390576743518,1,79,0.8653055198160764,0.4836589519003599,0.43956043956043955,0.43956043956043955,0.2908676291029232,1,40,0.015270717765919302,0.07977177529817797,0.0,0.0,-0.14869281045751634,1,0,0.8523127544240788,0.43970053961517364,0.3956043956043956,0.3956043956043956,0.24691158514687925,1,36,0.032150559898662105,0.0006198454222572456,0.03153071447640486,1.0,-0.03771911641004665,0.0015924654102337996,-0.03931158182028045,0.0,0.9847292822340807
cat,n1000,2,128,1.0,612,262,2058,126,296,91,0.14869281045751634,4.78125,0.6927915012459129,0.6929061908798996,0.6928914404782675,0.6650326797385621,0.5954198473282443,0.6146744412050534,0.018847498235733298,1.0027692871566967,1.0249760142733743e-12,0.6933450629219038,0.391156462585034,0.016444472611223858,1.7526542156768241e-12,0.032591251303557,-0.7042407891866987,0.6931471805599453,True,0.989285186981924,0.919450228270502,0.8681318681318682,0.8681318681318682,0.7194390576743518,1,79,0.8593364409103372,0.46156605670454615,0.4175824175824176,0.4175824175824176,0.2688896071249013,1,38,0.01522853346269853,0.0797725668998731,0.0,0.0,-0.14869281045751634,1,0,0.8579865432072725,0.4570960387428627,0.4065934065934066,0.4065934065934066,0.2579005961358902,1,37,0.003295782197608343,6.116466652730064e-05,0.0032346175310810424,1.0,-0.0038678738816956782,0.00016108854915263782,-0.004028962430848316,0.0,0.9847714665373015
cat,n1000,2,256,1e-06,612,262,2058,126,296,91,0.14869281045751634,2.390625,0.3423367042405745,1.2645306985437783,1.4372746198353221,0.8578431372549019,0.6374045801526718,0.5505344995140914,205.2289391509546,314.55488843079036,9.98834714526083e-09,1.8576327939901984,0.48299319727891155,205.46202635325858,9.540428902748392e-10,156.47097374011133,0.7096870265940476,0.6931471805599453,False,0.981628735947354,0.9287847091273551,0.8351648351648352,0.8351648351648352,0.6864720247073188,1,76,0.9927232076944169,0.9722831366645799,0.9120879120879121,0.9120879120879121,0.7633951016303957,1,83,0.23540950412351563,0.09283784171335284,0.03296703296703297,0.03296703296703297,-0.11572577749048338,1,3,0.28052561641813084,0.09897265428854908,0.054945054945054944,0.054945054945054944,-0.0937477555124614,1,5,5.025585345906463,1.9962968142466238,3.029288531659839,0.967032967032967,-5.43505076706461,2.019745153623945,-7.4547959206885555,0.02197802197802198,0.7645904958764844
cat,n1000,2,256,1e-05,612,262,2058,126,296,91,0.14869281045751634,2.390625,0.39479801072244897,0.8210355009964354,0.8858278187687887,0.8186274509803921,0.6183206106870229,0.5631681243926142,91.0950722582714,76.95266221698563,1.4387671127992964e-09,1.146413440695006,0.4752186588921283,92.3775255886701,1.4281348123157346e-09,65.82931238487834,0.7426153910026608,0.6931471805599453,False,0.9811858007635359,0.9407100113747524,0.8791208791208791,0.8791208791208791,0.7304280686633627,1,80,0.9941363818523128,0.9762600989407522,0.9230769230769231,0.9230769230769231,0.7743841126194068,1,84,0.1796840395688764,0.08785314788656401,0.02197802197802198,0.02197802197802198,-0.12671478847949436,1,2,0.2573031574950961,0.09719801964951903,0.04395604395604396,0.04395604395604396,-0.10473676650147237,1,4,3.030004523820178,1.0665267003687513,1.9634778234514265,0.978021978021978,-3.178888594971237,1.081786648506073,-4.26067524347731,0.04395604395604396,0.8203159604311236
cat,n1000,2,256,0.0001,612,262,2058,126,296,91,0.14869281045751634,2.390625,0.4964035845000183,0.6708442378110847,0.679783276537112,0.7810457516339869,0.6145038167938931,0.5966958211856171,30.362173566712528,14.925531173777545,2.253430787857915e-09,0.8481806811625549,0.45286686103012636,31.389860946631593,5.405040105523962e-09,24.016904448897364,0.6979450947109223,0.6931471805599453,True,0.989010989010989,0.9542655285974839,0.8901098901098901,0.8901098901098901,0.7414170796523737,1,81,0.9932926957878974,0.9668158616143033,0.8791208791208791,0.8791208791208791,0.7304280686633627,1,80,0.09478812933707367,0.08250342486675039,0.0,0.0,-0.14869281045751634,1,0,0.2663305983843412,0.09650660174002627,0.03296703296703297,0.03296703296703297,-0.11572577749048338,1,3,1.775813760272045,0.42189377093775615,1.3539199893342888,0.989010989010989,-1.955284496949058,0.44464732169741905,-2.399931818646477,0.0,0.9052118706629263
cat,n1000,2,256,0.001,612,262,2058,126,296,91,0.14869281045751634,2.390625,0.6008652480056633,0.6520768590934549,0.6488560995243505,0.7075163398692811,0.5954198473282443,0.6141885325558795,7.652453958205498,3.098102077407393,3.625939259496531e-10,0.7626682394637175,0.4096209912536443,7.375374942538107,3.607258488836527e-10,9.766362437837904,0.15569153017386048,0.6931471805599453,True,0.992512286178313,0.9508973546362747,0.9120879120879121,0.9120879120879121,0.7633951016303957,1,83,0.9707030014131741,0.8626001595259015,0.7582417582417582,0.7582417582417582,0.6095489477842418,1,69,0.02455126447448904,0.08004266324570129,0.0,0.0,-0.14869281045751634,1,0,0.4636687688511105,0.12669308014959013,0.04395604395604396,0.04395604395604396,-0.10473676650147237,1,4,0.9638271252323621,0.08526837550616477,0.8785587497261974,1.0,-1.118336671154594,0.10929999871610777,-1.2276366698707017,0.0,0.9754487355255109
cat,n1000,2,256,0.01,612,262,2058,126,296,91,0.14869281045751634,2.390625,0.6664589274536711,0.6761380413047634,0.6751997223306854,0.6764705882352942,0.6106870229007634,0.6117589893100097,1.5474473020553678,1.2770902312633652,2.1063451311113201e-10,0.7098013813020386,0.3979591836734694,1.3796250075072976,2.8573410139798106e-10,2.5643824175901635,-0.5335383567075477,0.6931471805599453,True,0.9903608867140536,0.9286698340311672,0.8791208791208791,0.8791208791208791,0.7304280686633627,1,80,0.9084811541625362,0.6462143196053199,0.5384615384615384,0.5384615384615384,0.38976872800402207,1,49,0.015798021556178946,0.07977168105202033,0.0,0.0,-0.14869281045751634,1,0,0.785239712303052,0.2967792076300653,0.32967032967032966,0.32967032967032966,0.18097751921281333,1,30,0.2603779877649065,0.008559917557957854,0.25181807020694863,1.0,-0.3038581045321724,0.016127683825461273,-0.31998578835763364,0.0,0.9842019784438211
cat,n1000,2,256,0.1,612,262,2058,126,296,91,0.14869281045751634,2.390625,0.6896291892939295,0.6907884008005541,0.6906747025168942,0.673202614379085,0.6030534351145038,0.6127308066083577,0.18641525638234815,1.0285071776280748,5.643172514962992e-12,0.6950864765129859,0.3979591836734694,0.1637314128488056,2.0242741842866767e-09,0.3184352432994252,-0.6526822838554021,0.6931471805599453,True,0.9899179515302357,0.9246514845809144,0.8791208791208791,0.8791208791208791,0.7304280686633627,1,80,0.8654742570289595,0.4872357063443496,0.43956043956043955,0.43956043956043955,0.2908676291029232,1,40,0.014954335491763514,0.07976212132242576,0.0,0.0,-0.14869281045751634,1,0,0.8503090000210921,0.44116139397200055,0.3956043956043956,0.3956043956043956,0.24691158514687925,1,36,0.03230128995046182,0.0008002857429566053,0.031501004207505214,1.0,-0.03780792835987151,0.0017620909761797093,-0.03957001933605122,0.0,0.9850456645082365
cat,n1000,2,256,1.0,612,262,2058,126,296,91,0.14869281045751634,2.390625,0.6927836168892972,0.6929021375427291,0.692890521238377,0.6715686274509803,0.6030534351145038,0.6117589893100097,0.019055506220674413,1.0028523945489827,1.3108937917015448e-12,0.6933442086074557,0.39844509232264336,0.016710057782931213,2.1086882456289468e-12,0.03264587833147522,-0.6648716661973663,0.6931471805599453,True,0.9898546750754045,0.9241143037292826,0.8791208791208791,0.8791208791208791,0.7304280686633627,1,80,0.8586403999071945,0.4618673497506044,0.4065934065934066,0.4065934065934066,0.2579005961358902,1,37,0.014869966885321972,0.07975840691470443,0.0,0.0,-0.14869281045751634,1,0,0.8570373963848053,0.45805032648048466,0.4065934065934066,0.4065934065934066,0.2579005961358902,1,37,0.0033108644420717518,7.92182431566557e-05,0.003231646198915096,1.0,-0.003876760165469955,0.0001780599138527979,-0.004054820079322753,0.0,0.9851300331146781
cat,n1000,2,384,1e-06,612,262,2058,126,296,91,0.14869281045751634,1.59375,0.2055172198708696,1.612328380502766,1.8884654296526633,0.9509803921568627,0.6374045801526718,0.5587949465500486,356.32613682003523,738.1385274322821,1.032219928404103e-09,2.470480777022784,0.48250728862973763,350.18209748410754,1.8555545347628034e-09,242.6391099703093,0.7642392852743607,0.6931471805599453,False,0.9986079179937145,0.9911824774169702,0.967032967032967,0.967032967032967,0.8183401565754507,1,88,0.9995148805129611,0.9971624164281887,0.967032967032967,0.967032967032967,0.8183401565754507,1,88,0.24738984623821475,0.09438374226171863,0.0,0.0,-0.14869281045751634,1,0,0.2791968108666765,0.09765712060037124,0.01098901098901099,0.01098901098901099,-0.13770379946850536,1,1,5.792135329519443,2.773883240125227,3.018252089394216,1.0,-6.7637541479021435,2.738454232682467,-9.50220838058461,0.0,0.7526101537617853
cat,n1000,2,384,1e-05,612,262,2058,126,296,91,0.14869281045751634,1.59375,0.35115526000380887,0.8288976338264874,0.9126699542767754,0.8676470588235294,0.6374045801526718,0.5602526724975705,108.60565268349539,113.54562091353834,1.021136307010793e-09,1.194325816120203,0.4742468415937804,109.2370462645646,1.3235497348348379e-09,75.20030442418629,0.7616823506729874,0.6931471805599453,False,0.9919427980848327,0.9668771346679289,0.9120879120879121,0.9120879120879121,0.7633951016303957,1,83,0.998143890658286,0.9907489887566031,0.945054945054945,0.945054945054945,0.7963621345974287,1,86,0.1767311383434224,0.08766894393848465,0.0,0.0,-0.14869281045751634,1,0,0.2455548290481112,0.09391760503966858,0.02197802197802198,0.02197802197802198,-0.12671478847949436,1,2,3.0692670191155984,1.1896946958067134,1.879572323308885,1.0,-3.306058873009323,1.1960518216304696,-4.502110694639793,0.0,0.8232688616565775
cat,n1000,2,384,0.0001,612,262,2058,126,296,91,0.14869281045751634,1.59375,0.48833312413956736,0.6692618492874849,0.680848498967109,0.7859477124183006,0.6030534351145038,0.5986394557823129,31.590095329503683,16.603576771679517,8.228776392051075e-10,0.850493013831153,0.4543245869776482,32.46551018214934,2.610904405144763e-09,24.575934690862407,0.7059199773840552,0.6931471805599453,True,0.9915842315074561,0.9639756645467269,0.8901098901098901,0.8901098901098901,0.7414170796523737,1,81,0.9948956993102867,0.9735457098002861,0.9010989010989011,0.9010989010989011,0.7524060906413848,1,82,0.09153993798907427,0.0824444950018079,0.0,0.0,-0.14869281045751634,1,0,0.25076459049587646,0.09462103665305346,0.02197802197802198,0.02197802197802198,-0.12671478847949436,1,2,1.7787859101819918,0.4387645370706164,1.3400213731113755,1.0,-1.968060071263167,0.4620298931717899,-2.430089964434957,0.0,0.9084600620109258
cat,n1000,2,384,0.001,612,262,2058,126,296,91,0.14869281045751634,1.59375,0.5999120172347707,0.6518043694464187,0.648995480539468,0.7075163398692811,0.6030534351145038,0.6117589893100097,7.714078938539748,3.1473153095999464,2.407104157985666e-10,0.7628678887522746,0.40864917395529643,7.430985955209868,4.448433736897355e-10,9.782149048546575,0.16604203935446765,0.6931471805599453,True,0.9926388390879753,0.9514296898762928,0.9120879120879121,0.9120879120879121,0.7633951016303957,1,83,0.9720528991162388,0.8669601791336538,0.7582417582417582,0.7582417582417582,0.6095489477842418,1,69,0.024192697897112484,0.08002917182697762,0.0,0.0,-0.14869281045751634,1,0,0.4503174368817363,0.12396283507548975,0.04395604395604396,0.04395604395604396,-0.10473676650147237,1,4,0.9644032982543377,0.08712347423164397,0.8772798240226937,1.0,-1.1198208401506904,0.11129573244878098,-1.2311165725994713,0.0,0.9758073021028875
cat,n1000,2,384,0.01,612,262,2058,126,296,91,0.14869281045751634,1.59375,0.6663621404752551,0.6761036243883112,0.6752157986151208,0.6764705882352942,0.6068702290076335,0.6117589893100097,1.5505702431120383,1.2793275162357471,2.1468693673812578e-10,0.7098210607735885,0.39844509232264336,1.3826773134600674,2.881055931427755e-10,2.5649666557517987,-0.5277645618734417,0.6931471805599453,True,0.9904241631688848,0.9290478133460773,0.8901098901098901,0.8901098901098901,0.7414170796523737,1,81,0.9096412225011073,0.6491472781807751,0.5494505494505495,0.5494505494505495,0.40075773899303313,1,50,0.0157136529497374,0.07976966225363918,0.0,0.0,-0.14869281045751634,1,0,0.7838476302967665,0.2955069861050171,0.32967032967032966,0.32967032967032966,0.18097751921281333,1,30,0.2604368843102026,0.008747900370883523,0.2516889839393191,1.0,-0.3040007447077103,0.016330260300539374,-0.3203310050082497,0.0,0.9842863470502626
cat,n1000,2,384,0.1,612,262,2058,126,296,91,0.14869281045751634,1.59375,0.6896194997751124,0.6907847309636925,0.6906763076072494,0.6764705882352942,0.6030534351145038,0.6132167152575316,0.18667495394163985,1.028688596129221,5.89002329858715e-12,0.6950884168108241,0.3989310009718173,0.16398913182786864,1.0593554060657893e-11,0.3184822653610683,-0.6482771319952542,0.6931471805599453,True,0.9899179515302357,0.924550421609475,0.8791208791208791,0.8791208791208791,0.7304280686633627,1,80,0.8656851785450633,0.4878495852820835,0.43956043956043955,0.43956043956043955,0.2908676291029232,1,40,0.014891059036932358,0.07976058034640277,0.0,0.0,-0.14869281045751634,1,0,0.8506464744468584,0.4418453730663898,0.3956043956043956,0.3956043956043956,0.24691158514687925,1,36,0.03230718124617759,0.0008191009344316398,0.03148808031174595,1.0,-0.03782218062101486,0.0017823665556704787,-0.03960454717668534,0.0,0.9851089409630677
cat,n1000,2,384,1.0,612,262,2058,126,296,91,0.14869281045751634,1.59375,0.6927826478137298,0.6929017676508944,0.6928906815759218,0.6748366013071896,0.6030534351145038,0.6117589893100097,0.019080916862048353,1.0028700857616946,1.3563288500294082e-12,0.693344402258155,0.3989310009718173,0.016735314989730167,2.1559455091365864e-12,0.03265046576205324,-0.6606130978403307,0.6931471805599453,True,0.9898546750754045,0.9240244134199384,0.8791208791208791,0.8791208791208791,0.7304280686633627,1,80,0.8590200586361815,0.46246959114413994,0.4065934065934066,0.4065934065934066,0.2579005961358902,1,37,0.014869966885321972,0.07975948137709196,0.0,0.0,-0.14869281045751634,1,0,0.8575014237202337,0.458718712995421,0.4065934065934066,0.4065934065934066,0.2579005961358902,1,37,0.0033114536088766923,8.109991869024466e-05,0.0032303536901864475,1.0,-0.003878185524526851,0.0001800876421591618,-0.0040582731666860125,0.0,0.9851300331146781
cat,n1000,3,32,1e-06,620,266,2058,114,296,93,0.15,19.375,0.5981415797232663,0.6135048120429489,0.6650942302036242,0.6645161290322581,0.6541353383458647,0.6034985422740525,16.71450096267961,6.592532089680058,3.682678820548878e-10,1.0570777928419322,0.6214771622934888,48.674670461563494,1.750823566632237e-09,39.02852468982687,0.6916236083274345,0.6931471805599453,True,0.48401379282201956,0.1728010007558438,0.15053763440860216,0.15053763440860216,0.0005376344086021612,1,14,0.6266552406602599,0.28466893533183585,0.27956989247311825,0.27956989247311825,0.12956989247311826,1,26,0.28887392626145153,0.10149585295905153,0.0,0.0,-0.15,1,0,0.3232743669788415,0.10455711726324607,0.03225806451612903,0.03225806451612903,-0.11774193548387096,1,3,4.223682644331021,2.6430492754109047,1.580633368920116,1.0,0.5413142621612288,0.6203256055372046,-0.07901134337597582,0.7849462365591398,0.7111260737385485
cat,n1000,3,32,1e-05,620,266,2058,114,296,93,0.15,19.375,0.5981841848973944,0.6125524155791893,0.6635892850858081,0.6645161290322581,0.650375939849624,0.6025267249757046,16.23586641578268,6.270639242922102,7.102684828100272e-10,0.9955991326720863,0.6224489795918368,43.98626309903708,5.848333628122979e-10,34.74875922322291,0.6937697731946543,0.6931471805599453,True,0.48130011630042235,0.1672171381756518,0.15053763440860216,0.15053763440860216,0.0005376344086021612,1,14,0.6264512048315685,0.2834200856264796,0.27956989247311825,0.27956989247311825,0.12956989247311826,1,26,0.2876497112893024,0.10145899194537467,0.0,0.0,-0.15,1,0,0.3290689845136806,0.10524673076013165,0.021505376344086023,0.021505376344086023,-0.12849462365591396,1,2,3.864952163089371,2.4092384967551945,1.4557136663341765,1.0,0.5404293193712026,0.6100995309789592,-0.06967021160775655,0.8064516129032258,0.7123502887106976
cat,n1000,3,32,0.0001,620,266,2058,114,296,93,0.15,19.375,0.6004053740789778,0.6079297452127479,0.6548533838818895,0.6564516129032258,0.6578947368421053,0.6117589893100097,13.086187018944932,4.5542123912984005,2.2669862996477736e-10,0.7985817583505648,0.6219630709426628,28.105155427723307,3.2428567309753757e-10,20.710009981723566,0.7235712264417888,0.6931471805599453,True,0.4593050539674767,0.1553749870208464,0.11827956989247312,0.11827956989247312,-0.03172043010752687,1,11,0.6250025504478587,0.28068814897947075,0.27956989247311825,0.27956989247311825,0.12956989247311826,1,26,0.28428312011589235,0.1013086834523385,0.0,0.0,-0.15,1,0,0.37195731570463775,0.11209062130458208,0.053763440860215055,0.053763440860215055,-0.09623655913978493,1,5,2.576043377088257,1.5802632014783058,0.9957801756099511,1.0,0.5288982045009168,0.5375561585992268,-0.008657954098309939,0.8494623655913979,0.7157168798841076
cat,n1000,3,32,0.001,620,266,2058,114,296,93,0.15,19.375,0.6234289873213091,0.6175828463792981,0.649001610485356,0.6580645161290323,0.6804511278195489,0.60932944606414,6.196592742312609,2.2338838576972426,2.8600197724506636e-10,0.6521396660448552,0.6219630709426628,11.185000435783333,7.85125956238193e-10,6.589104588292567,0.8663080069199387,0.6931471805599453,True,0.3836689722715309,0.1193368150727499,0.053763440860215055,0.053763440860215055,-0.09623655913978493,1,5,0.6233906674011956,0.2637814649598049,0.2903225806451613,0.2903225806451613,0.14032258064516132,1,27,0.28228356899471546,0.1012941012616248,0.0,0.0,-0.15,1,0,0.5190467446083532,0.16207008919739757,0.16129032258064516,0.16129032258064516,0.011290322580645162,1,15,1.0605149521449466,0.6386446979464209,0.42187025419852575,1.0,0.40162480480429963,0.31658594088711706,0.08503886391718257,0.9247311827956989,0.7177164310052846
cat,n1000,3,32,0.01,620,266,2058,114,296,93,0.15,19.375,0.6702216139255818,0.6666492265943792,0.6757533376571815,0.6483870967741936,0.6766917293233082,0.6175898931000972,1.4334970898982955,1.2122908812910749,7.245294786412845e-11,0.6645900922393384,0.6171039844509232,2.5164896729744677,9.589266031800747e-11,1.2340331886244236,0.9514932007173913,0.6931471805599453,True,0.32853849135908264,0.10585033023923134,0.010752688172043012,0.010752688172043012,-0.139247311827957,1,1,0.6315316969659872,0.2427506743988616,0.27956989247311825,0.27956989247311825,0.12956989247311826,1,26,0.2791210136499969,0.10112209824213404,0.0,0.0,-0.15,1,0,0.6217175736059252,0.22628554163109238,0.26881720430107525,0.26881720430107525,0.11881720430107526,1,25,0.24189784267853603,0.14393944464996827,0.09795839802856776,1.0,0.11690325533535324,0.08021065975966123,0.036692595575692016,0.978494623655914,0.7208789863500031
cat,n1000,3,32,0.1,620,266,2058,114,296,93,0.15,19.375,0.6901265187176527,0.6896396555983882,0.6907913743951745,0.6435483870967742,0.6766917293233082,0.6171039844509232,0.17276295604369787,1.0225510955050614,1.90056929947204e-12,0.6888993594139184,0.6161321671525753,0.30724640969189004,4.959442874573822e-10,0.14841558303583421,0.9628737120268371,0.6931471805599453,True,0.31880598233049723,0.10488388624176911,0.0,0.0,-0.15,1,0,0.6355512027912101,0.2303555357451799,0.26881720430107525,0.26881720430107525,0.11881720430107526,1,25,0.27865173124400644,0.10109631381408206,0.0,0.0,-0.15,1,0,0.6342045663218461,0.22943495990271684,0.25806451612903225,0.25806451612903225,0.10806451612903226,1,24,0.02962337111549548,0.017563560942980894,0.012059810172514587,1.0,0.014573958501957307,0.009763932343836948,0.004810026158120359,0.989247311827957,0.7213482687559936
cat,n1000,3,32,1.0,620,266,2058,114,296,93,0.15,19.375,0.6928352721844301,0.6927848992426174,0.692903224919454,0.6435483870967742,0.6766917293233082,0.6166180758017493,0.017650266312342903,1.0022637048449536,6.237379425241711e-13,0.6927025613043043,0.6161321671525753,0.031444053888446476,5.243416641462589e-13,0.01517250343008384,0.9640211010232678,0.6931471805599453,True,0.3178470139356471,0.10479576431109022,0.0,0.0,-0.15,1,0,0.6358164493685091,0.22825489301760254,0.25806451612903225,0.25806451612903225,0.10806451612903226,1,24,0.27854971332966066,0.10107800644404484,0.0,0.0,-0.15,1,0,0.6358980636999857,0.22841399706270116,0.25806451612903225,0.25806451612903225,0.10806451612903226,1,24,0.0030326765192964164,0.001797315193941535,0.0012353613253548814,1.0,0.0014941557544949184,0.0009984624287597216,0.0004956933257351968,0.989247311827957,0.7214502866703394
cat,n1000,3,64,1e-06,620,266,2058,114,296,93,0.15,9.6875,0.5637250375159033,0.6762324749362889,0.716875136570872,0.6919354838709677,0.6015037593984962,0.5811467444120505,29.014799745885536,14.94056081244303,6.650449254691468e-10,1.2127631283626552,0.6112730806608357,66.88116132536132,6.083542558738342e-10,53.25906312576237,0.6385892756676057,0.6931471805599453,False,0.5798086143926874,0.23658879248515832,0.21505376344086022,0.21505376344086022,0.06505376344086022,1,20,0.7011079145497949,0.36681229044559877,0.3870967741935484,0.3870967741935484,0.23709677419354838,1,36,0.29962661443349453,0.10181463729088645,0.0,0.0,-0.15,1,0,0.3212748158576646,0.10427598017779231,0.021505376344086023,0.021505376344086023,-0.12849462365591396,1,2,4.89279109901422,3.222384416987172,1.670406682027048,1.0,0.35476886876552033,0.8403927964533425,-0.4856239276878222,0.6989247311827957,0.7003733855665055
cat,n1000,3,64,1e-05,620,266,2058,114,296,93,0.15,9.6875,0.564012430599579,0.667918374174491,0.7077648029002871,0.6903225806451613,0.6052631578947368,0.5840621963070942,27.072224445716195,13.308068253591678,1.136586642123583e-09,1.081492687780258,0.6112730806608357,54.711866809793655,5.755156773923628e-10,43.03509623533681,0.6326997393184218,0.6931471805599453,False,0.5737283466976801,0.23315089202481995,0.20430107526881722,0.20430107526881722,0.05430107526881722,1,19,0.6988635204341882,0.3653906217728127,0.3763440860215054,0.3763440860215054,0.22634408602150538,1,35,0.29352594315561814,0.10131174378980388,0.0,0.0,-0.15,1,0,0.3216624839321785,0.10418274033624085,0.021505376344086023,0.021505376344086023,-0.12849462365591396,1,2,4.224741797368368,2.7445306426545732,1.4802111547137944,1.0,0.3636847665581503,0.8054012322618529,-0.4417164657037026,0.6989247311827957,0.7064740568443819
cat,n1000,3,64,0.0001,620,266,2058,114,296,93,0.15,9.6875,0.5727298717529862,0.6348306270148071,0.6715685889035268,0.6935483870967742,0.6240601503759399,0.5996112730806609,18.07564635355891,7.360912417199649,1.547352310759795e-09,0.8121529637433745,0.6141885325558795,30.213621596182136,7.53676816731302e-10,23.01876692926707,0.6497787428786501,0.6931471805599453,True,0.5311868764154986,0.20767749662213897,0.16129032258064516,0.16129032258064516,0.011290322580645162,1,15,0.6844993980943054,0.34990752143315157,0.34408602150537637,0.34408602150537637,0.19408602150537638,1,32,0.2835485911326029,0.1008062497914844,0.0,0.0,-0.15,1,0,0.3612658382812022,0.10962165727881767,0.03225806451612903,0.03225806451612903,-0.11774193548387096,1,3,2.628474555497192,1.6485807053817136,0.9798938501154784,1.0,0.4063619066286163,0.6330336845628779,-0.22667177793426158,0.7849462365591398,0.7164514088673971
cat,n1000,3,64,0.001,620,266,2058,114,296,93,0.15,9.6875,0.6147584269566955,0.6225633154840401,0.650331353491821,0.667741935483871,0.6578947368421053,0.6132167152575316,6.796609142239197,2.5145660063849986,5.92491268216753e-10,0.6531862867050439,0.6180758017492711,11.373588722454336,5.949705998829109e-11,6.972107837543216,0.821080929887698,0.6931471805599453,True,0.4221501295627512,0.12362712904563894,0.07526881720430108,0.07526881720430108,-0.07473118279569892,1,7,0.646548733957683,0.2923458943376372,0.3118279569892473,0.3118279569892473,0.16182795698924732,1,29,0.28089612535961317,0.10102935824008245,0.0,0.0,-0.15,1,0,0.5198832915059884,0.15407933769067664,0.13978494623655913,0.13978494623655913,-0.010215053763440868,1,13,1.0705038811485428,0.6497500299469502,0.4207538512015926,1.0,0.36777783524436086,0.3336220739644275,0.03415576127993336,0.9139784946236559,0.7191038746403868
cat,n1000,3,64,0.01,620,266,2058,114,296,93,0.15,9.6875,0.6690721212567886,0.6672360222470548,0.6757823710013616,0.6596774193548387,0.6729323308270677,0.6175898931000972,1.4724917019743795,1.230254367326281,1.4802808298096276e-10,0.6645756334917612,0.6185617103984451,2.532020530510766,2.1373488869540342e-10,1.268371126110827,0.9348022362651406,0.6931471805599453,True,0.3417192058925547,0.10751180403760886,0.0,0.0,-0.15,1,0,0.6362857317744997,0.24941570521866946,0.27956989247311825,0.27956989247311825,0.12956989247311826,1,26,0.2784068882495766,0.10094550555372385,0.0,0.0,-0.15,1,0,0.624512864458999,0.2266735119308584,0.27956989247311825,0.27956989247311825,0.12956989247311826,1,26,0.2436807021209624,0.14553550500841486,0.09814519711254754,1.0,0.11278273416923891,0.08222698009784071,0.030555754071398197,1.0,0.7215931117504234
cat,n1000,3,64,0.1,620,266,2058,114,296,93,0.15,9.6875,0.6900070692242098,0.6897010267062569,0.6907913127626343,0.6564516129032258,0.6804511278195489,0.6180758017492711,0.17618112281348458,1.0241002390791532,3.374400548283261e-12,0.6888926812156101,0.6171039844509232,0.3086074794548098,5.258807560177458e-12,0.15144525774750883,0.9503508781772206,0.6931471805599453,True,0.32833445553039114,0.10614927983626365,0.0,0.0,-0.15,1,0,0.638346493644284,0.2339686212475937,0.26881720430107525,0.26881720430107525,0.11881720430107526,1,25,0.2778355879292404,0.1009341999549933,0.0,0.0,-0.15,1,0,0.6374487359980413,0.23341676858396218,0.26881720430107525,0.26881720430107525,0.11881720430107526,1,25,0.029808519312574253,0.017728692765850238,0.012079826546724015,1.0,0.014151768502129259,0.00997089669392318,0.004180871808206079,1.0,0.7221644120707595
cat,n1000,3,64,1.0,620,266,2058,114,296,93,0.15,9.6875,0.692823280018227,0.6927910708759204,0.6929031829569368,0.6564516129032258,0.6804511278195489,0.6175898931000972,0.01798672598122797,1.0024158587115335,9.78833177194237e-13,0.6927018296120173,0.6175898931000972,0.03157776007635413,9.938110242459572e-13,0.015470462409704427,0.9519182456939433,0.6931471805599453,True,0.32727346922119527,0.10603916119687887,0.0,0.0,-0.15,1,0,0.6389381975474894,0.23320407619669012,0.26881720430107525,0.26881720430107525,0.11881720430107526,1,25,0.2777131664320255,0.10092111676736501,0.0,0.0,-0.15,1,0,0.6388157760502744,0.233071499548559,0.26881720430107525,0.26881720430107525,0.11881720430107526,1,25,0.0030512358979151518,0.0018138726117102075,0.0012373632862049443,1.0,0.0014518292708287132,0.0010192140417146717,0.00043261522911404145,1.0,0.7222868335679745
cat,n1000,3,128,1e-06,620,266,2058,114,296,93,0.15,4.84375,0.47668478968858696,0.8106862544803097,0.8732087384331371,0.7548387096774194,0.5977443609022557,0.5612244897959183,67.25288639367358,40.669332967997526,1.4899247552045239e-09,1.604831573992063,0.607871720116618,116.4590912825467,6.439508323650559e-10,104.83853092403209,0.4529087621590159,0.6931471805599453,False,0.7689702311725939,0.4515368562049492,0.41935483870967744,0.41935483870967744,0.26935483870967747,1,39,0.8213054212319684,0.6001841778996646,0.5161290322580645,0.5161290322580645,0.3661290322580645,1,48,0.31672481687784376,0.10360381499183355,0.010752688172043012,0.010752688172043012,-0.139247311827957,1,1,0.3295994776682786,0.10597176687063938,0.010752688172043012,0.010752688172043012,-0.139247311827957,1,1,6.791693638875781,4.505976143372873,2.285717495502908,0.989247311827957,-0.511196145131542,1.421573304547952,-1.932769449679494,0.41935483870967744,0.6832751831221562
cat,n1000,3,128,1e-05,620,266,2058,114,296,93,0.15,4.84375,0.48049996802273376,0.756249535401166,0.803513342391552,0.7483870967741936,0.6052631578947368,0.5636540330417882,54.01823870051681,26.30811559165754,3.9615672954673e-09,1.187115191222673,0.607871720116618,71.89131305785214,7.176913407192208e-10,65.97270912499049,0.48075039502984906,0.6931471805599453,False,0.7585440003264573,0.43198547262475806,0.41935483870967744,0.41935483870967744,0.26935483870967747,1,39,0.8155720144457367,0.5935987328207957,0.5161290322580645,0.5161290322580645,0.3661290322580645,1,48,0.3011772867315501,0.1020842774565217,0.010752688172043012,0.010752688172043012,-0.139247311827957,1,1,0.3227234702413744,0.10598706970255922,0.021505376344086023,0.021505376344086023,-0.12849462365591396,1,2,4.823348049557709,3.1576378185283165,1.6657102310293928,0.989247311827957,-0.3338874015482615,1.2201613064664012,-1.5540487080146628,0.44086021505376344,0.6988227132684499
cat,n1000,3,128,0.0001,620,266,2058,114,296,93,0.15,4.84375,0.5193964565761965,0.6571377836885457,0.686657214764423,0.7274193548387097,0.6278195488721805,0.5830903790087464,26.178359725862812,9.694774612740195,5.929933249454556e-10,0.8167982713429939,0.6171039844509232,32.448452625381336,9.625111432662535e-10,28.33259874046497,0.5506359738042618,0.6931471805599453,True,0.6932729387280406,0.3297305809199255,0.3010752688172043,0.3010752688172043,0.15107526881720432,1,28,0.7679908591948746,0.5256534869267797,0.4838709677419355,0.4838709677419355,0.3338709677419355,1,45,0.2856705637509947,0.10082513694855479,0.010752688172043012,0.010752688172043012,-0.139247311827957,1,1,0.34806472016486095,0.10867273979021,0.021505376344086023,0.021505376344086023,-0.12849462365591396,1,2,2.6870641198249876,1.705236410315877,0.9818277095091106,0.989247311827957,0.08088724829948406,0.769266963994482,-0.688379715694998,0.5698924731182796,0.7143294362490054
cat,n1000,3,128,0.001,620,266,2058,114,296,93,0.15,4.84375,0.6018093421231737,0.6251037918353352,0.6502808549254343,0.6951612903225807,0.6691729323308271,0.6107871720116618,7.635783302560641,2.7285710771424743,5.587916607267839e-10,0.6535870864244377,0.619533527696793,11.578209997382146,1.8720620437383768e-10,7.671830529146059,0.7550339832843888,0.6931471805599453,True,0.48917589928791494,0.15160832901142224,0.08602150537634409,0.08602150537634409,-0.0639784946236559,1,8,0.6715227193895248,0.3453400223943533,0.3225806451612903,0.3225806451612903,0.17258064516129032,1,30,0.27908020648425863,0.10073665564661151,0.0,0.0,-0.15,1,0,0.5040297076166574,0.1455721491424482,0.11827956989247312,0.11827956989247312,-0.03172043010752687,1,11,1.0854342986396182,0.6601149307564179,0.42531936788320024,1.0,0.3009543083748057,0.35475928042502536,-0.05380497205021967,0.8602150537634409,0.7209197935157414
cat,n1000,3,128,0.01,620,266,2058,114,296,93,0.15,4.84375,0.6675276661404023,0.6674789711991672,0.6756911326675462,0.6709677419354839,0.6804511278195489,0.6209912536443148,1.5236301753308819,1.245317948139849,2.646190476379425e-10,0.6645704301086008,0.6175898931000972,2.54722941393468,3.7590905154252424e-10,1.3262797483314717,0.9083669098748303,0.6931471805599453,True,0.3709575401440493,0.11165694001359297,0.010752688172043012,0.010752688172043012,-0.139247311827957,1,1,0.638081247066985,0.25419667474077495,0.3010752688172043,0.3010752688172043,0.15107526881720432,1,28,0.2772234804431658,0.10080614424794707,0.0,0.0,-0.15,1,0,0.6203505335536921,0.22132908836253426,0.26881720430107525,0.26881720430107525,0.11881720430107526,1,25,0.24623585410670268,0.14694187552696392,0.09929397857973876,1.0,0.10512614023035526,0.08453959821975869,0.020586542010596565,0.989247311827957,0.7227765195568342
cat,n1000,3,128,0.1,620,266,2058,114,296,93,0.15,4.84375,0.6898492363017943,0.6897247925920439,0.6907802711731832,0.667741935483871,0.6842105263157895,0.6180758017492711,0.1806012313907589,1.0253863012045683,5.634589569328007e-12,0.6888904082148809,0.6166180758017493,0.3099107035706723,8.50121221830959e-12,0.15650254962806173,0.9305692953495291,0.6931471805599453,True,0.35249229764746687,0.10908968549906142,0.010752688172043012,0.010752688172043012,-0.139247311827957,1,1,0.6363061353573688,0.23267810943617806,0.26881720430107525,0.26881720430107525,0.11881720430107526,1,25,0.27661137295709126,0.1007804991847626,0.0,0.0,-0.15,1,0,0.6346942523107058,0.2307787028479799,0.26881720430107525,0.26881720430107525,0.11881720430107526,1,25,0.030071095643340973,0.017872316933730835,0.012198778709610138,1.0,0.013374324120900002,0.010205381189391178,0.003168942931508824,0.989247311827957,0.7233886270429087
cat,n1000,3,128,1.0,620,266,2058,114,296,93,0.15,4.84375,0.6928074612454622,0.6927934412087458,0.6929020563720696,0.6661290322580645,0.6842105263157895,0.6175898931000972,0.018421177124295467,1.00254188381541,1.4741372749743544e-12,0.6927015834717366,0.6175898931000972,0.03170549581384506,1.4032741964731462e-12,0.015967365568673238,0.9328111489336983,0.6931471805599453,True,0.3506763787721124,0.10887288530516495,0.010752688172043012,0.010752688172043012,-0.139247311827957,1,1,0.6366529962661444,0.23180509483328385,0.26881720430107525,0.26881720430107525,0.11881720430107526,1,25,0.2764685478770072,0.1007744346491828,0.0,0.0,-0.15,1,0,0.636469364020322,0.23160333058551733,0.26881720430107525,0.26881720430107525,0.11881720430107526,1,25,0.003077532243385926,0.001828255116225704,0.001249277127160222,1.0,0.0013739642585051102,0.0010426968993422997,0.0003312673591628105,0.989247311827957,0.7235314521229927
cat,n1000,3,256,1e-06,620,266,2058,114,296,93,0.15,2.421875,0.2431792787122059,2.0362590934681126,1.922371935737579,0.9080645161290323,0.5714285714285714,0.5519922254616132,278.2556159937842,323.86102091052845,1.7027441395909264e-09,2.4583101996603007,0.6151603498542274,285.91157823432087,4.97499361668757e-10,268.3798813088849,0.5476853253122943,0.6931471805599453,False,0.9662116667686845,0.8683131472543835,0.7741935483870968,0.7741935483870968,0.6241935483870967,1,72,0.9735365530187101,0.9126703518371926,0.8387096774193549,0.8387096774193549,0.6887096774193548,1,78,0.373875252494338,0.11164363748995833,0.010752688172043012,0.010752688172043012,-0.139247311827957,1,1,0.3837097794372692,0.11347890470707594,0.043010752688172046,0.043010752688172046,-0.10698924731182795,1,4,9.662120841253554,7.545952289632766,2.1161685516207873,1.0,-2.9758945571905726,3.97628627202332,-6.9521808292138925,0.12903225806451613,0.6261247475056619
cat,n1000,3,256,1e-05,620,266,2058,114,296,93,0.15,2.421875,0.33496168181742597,1.0034723486752823,0.9691947880605426,0.8629032258064516,0.556390977443609,0.5578231292517006,103.80079673067888,63.78109371346424,1.3152550890972137e-09,1.2225231051582581,0.6209912536443148,99.4206984220873,6.362035270724789e-10,93.00044796977123,0.5818826652135833,0.6931471805599453,False,0.9230172818346901,0.7579422263897085,0.6881720430107527,0.6881720430107527,0.5381720430107527,1,64,0.9411968741711044,0.8348414676464548,0.7526881720430108,0.7526881720430108,0.6026881720430107,1,70,0.32655934382077495,0.10475431431085756,0.010752688172043012,0.010752688172043012,-0.139247311827957,1,1,0.34206606680133034,0.10716405273944055,0.043010752688172046,0.043010752688172046,-0.10698924731182795,1,4,4.952538145176828,3.57297200394239,1.3795661412344384,1.0,-1.1604861540435036,1.8399881108908829,-3.0004742649343865,0.22580645161290322,0.673440656179225
cat,n1000,3,256,0.0001,620,266,2058,114,296,93,0.15,2.421875,0.4651834807554859,0.6760239018123568,0.69338376891995,0.7983870967741935,0.6052631578947368,0.5753158406219631,33.564179262205165,13.276272218983769,7.657043347108741e-10,0.8082107577050168,0.63022351797862,35.460646923268605,1.3225808558704816e-09,31.81741002029667,0.5762289423224066,0.6931471805599453,False,0.8020852461692273,0.5217047152394015,0.4838709677419355,0.4838709677419355,0.3338709677419355,1,45,0.8507069841464161,0.6494269567743781,0.5483870967741935,0.5483870967741935,0.3983870967741935,1,51,0.2891799800044888,0.10105982367539212,0.0,0.0,-0.15,1,0,0.33925037236538735,0.10700564591730845,0.03225806451612903,0.03225806451612903,-0.11774193548387096,1,3,2.677572818283643,1.766255611056791,0.911317207226852,1.0,-0.13030495246137944,0.8875317460174371,-1.0178366984788165,0.46236559139784944,0.7108200199955113
cat,n1000,3,256,0.001,620,266,2058,114,296,93,0.15,2.421875,0.5926280737452683,0.6254651536377124,0.6495287123500789,0.7161290322580646,0.6541353383458647,0.60932944606414,8.19671546314653,2.9182617842372833,1.2629265175375615e-10,0.6524573017007402,0.6214771622934888,11.780236192024555,4.922493807458726e-10,7.9902389206801905,0.7359015304969178,0.6931471805599453,True,0.5272285813388831,0.17512517309932982,0.12903225806451613,0.12903225806451613,-0.02096774193548387,1,12,0.688886168411173,0.3711617055325918,0.3333333333333333,0.3333333333333333,0.18333333333333332,1,31,0.2793046458958193,0.1008161477261986,0.0,0.0,-0.15,1,0,0.48536042929138357,0.13785358283857116,0.08602150537634409,0.08602150537634409,-0.0639784946236559,1,8,1.0904328850554437,0.671229236743036,0.41920364831240764,1.0,0.2698739036085359,0.3714423398992045,-0.10156843629066858,0.8602150537634409,0.7206953541041807
cat,n1000,3,256,0.01,620,266,2058,114,296,93,0.15,2.421875,0.6665246140449779,0.6674409887314444,0.6755820179400245,0.6870967741935484,0.6804511278195489,0.6180758017492711,1.5560966458190044,1.2553268370555541,3.5680218976459286e-10,0.6644103021292523,0.6171039844509232,2.5601827644459,4.59595252017021e-10,1.349612581467989,0.8979308142984188,0.6931471805599453,True,0.38723959927363244,0.11401012799623353,0.010752688172043012,0.010752688172043012,-0.139247311827957,1,1,0.6370814715063965,0.25845401915152505,0.3010752688172043,0.3010752688172043,0.15107526881720432,1,28,0.2774887270204648,0.10087115909472566,0.0,0.0,-0.15,1,0,0.6145355124359838,0.2175016630136488,0.26881720430107525,0.26881720430107525,0.11881720430107526,1,25,0.24721721785837716,0.1483428330323785,0.09887438482599867,1.0,0.10190982471649107,0.08633920741885678,0.015570617297634287,0.989247311827957,0.7225112729795352
cat,n1000,3,256,0.1,620,266,2058,114,296,93,0.15,2.421875,0.6897480888902356,0.6897191958343846,0.6907690078464706,0.6854838709677419,0.6766917293233082,0.6205053449951409,0.18337932760547324,1.0262166948580929,7.673858036234009e-12,0.6888721445970944,0.6175898931000972,0.31100133007441805,1.1260826026592091e-11,0.1585177968292579,0.9224940549711631,0.6931471805599453,True,0.3650609046948644,0.11080734660922059,0.010752688172043012,0.010752688172043012,-0.139247311827957,1,1,0.6335720552529024,0.2317689627209464,0.26881720430107525,0.26881720430107525,0.11881720430107526,1,25,0.27677460162004447,0.10082004327447695,0.0,0.0,-0.15,1,0,0.6314296790516415,0.22968590347173007,0.26881720430107525,0.26881720430107525,0.11881720430107526,1,25,0.03017144553530148,0.018014042936864844,0.012157402598436635,1.0,0.013051192140804913,0.01038642258115346,0.0026647695596514528,0.989247311827957,0.7232253983799555
cat,n1000,3,256,1.0,620,266,2058,114,296,93,0.15,2.421875,0.6927973383763196,0.6927928598470237,0.6929009267384465,0.6854838709677419,0.6766917293233082,0.6205053449951409,0.018693911703417568,1.0026230929364168,1.8697915011297412e-12,0.6926997300736801,0.6175898931000972,0.03181222701940354,1.7177800548648338e-12,0.016165148773020135,0.9249852078150423,0.6931471805599453,True,0.3627757034135194,0.1105081624633904,0.010752688172043012,0.010752688172043012,-0.139247311827957,1,1,0.6332864050927343,0.23005364376761406,0.26881720430107525,0.26881720430107525,0.11881720430107526,1,25,0.2767541980371753,0.10083130784713623,0.0,0.0,-0.15,1,0,0.6331639835955194,0.23027388411730446,0.26881720430107525,0.26881720430107525,0.11881720430107526,1,25,0.003087572927360268,0.0018424355335558264,0.0012451373938044414,1.0,0.0013416339648857766,0.0010608107772949469,0.00028082318759082973,0.989247311827957,0.7232458019628247
cat,n1000,3,384,1e-06,620,266,2058,114,296,93,0.15,1.6145833333333333,0.15112290093694486,2.466750033097386,2.0952509622943003,0.9629032258064516,0.5413533834586466,0.5573372206025268,351.5702650511183,493.52791345672455,3.472386416371338e-09,2.3423142691435395,0.6005830903790087,295.46682680472793,4.799845720224446e-10,305.70616930797087,0.5653110825580385,0.6931471805599453,False,0.9974699557242251,0.9867034951011325,0.9247311827956989,0.9247311827956989,0.7747311827956989,1,86,0.9989186101079349,0.9946458806633395,0.956989247311828,0.956989247311828,0.806989247311828,1,89,0.35681785721572706,0.10901631087508791,0.010752688172043012,0.010752688172043012,-0.139247311827957,1,1,0.36377547897410784,0.11005654682850684,0.021505376344086023,0.021505376344086023,-0.12849462365591396,1,2,9.1362722625913,7.026007251503035,2.1102650110882646,1.0,-3.1475707392717625,4.236738509840032,-7.384309249111794,0.010752688172043012,0.643182142784273
cat,n1000,3,384,1e-05,620,266,2058,114,296,93,0.15,1.6145833333333333,0.2961146253337457,1.1014576876860982,1.0025392151468975,0.8951612903225806,0.5639097744360902,0.5621963070942663,117.01044670500755,86.54463323647354,4.109599716538365e-09,1.2207064967321544,0.6127308066083577,105.55281375388844,4.98992723022489e-10,101.01175680091383,0.5922485819017171,0.6931471805599453,False,0.9614168247944339,0.8520129564250823,0.7741935483870968,0.7741935483870968,0.6241935483870967,1,72,0.9711697374058885,0.9051830113488011,0.8279569892473119,0.8279569892473119,0.6779569892473118,1,77,0.32135643018914123,0.10415366675371063,0.0,0.0,-0.15,1,0,0.33380261573932385,0.1056995960781894,0.021505376344086023,0.021505376344086023,-0.12849462365591396,1,2,4.921412399794728,3.5648014397286114,1.3566109600661167,1.0,-1.253591970694319,1.9283548723746915,-3.1819468430690105,0.17204301075268819,0.6786435698108588
cat,n1000,3,384,0.0001,620,266,2058,114,296,93,0.15,1.6145833333333333,0.4571764629297295,0.6830061340115989,0.6952858244758453,0.8096774193548387,0.6015037593984962,0.5830903790087464,34.66535910804865,14.566577204119914,1.2278025220988946e-09,0.8084633829144081,0.6243926141885325,36.021021391669215,3.8851683995572066e-10,32.411505103707725,0.5800899894720848,0.6931471805599453,False,0.8199383811797352,0.5504684766429638,0.4946236559139785,0.4946236559139785,0.3446236559139785,1,46,0.8646426312460468,0.6709690377759665,0.5591397849462365,0.5591397849462365,0.4091397849462365,1,52,0.28801697578094715,0.1009529943803765,0.0,0.0,-0.15,1,0,0.3343535124767909,0.10628594917945695,0.021505376344086023,0.021505376344086023,-0.12849462365591396,1,2,2.6798384227556795,1.7738944190439387,0.9059440037117408,1.0,-0.15303477842988722,0.9029279784748332,-1.0559627569047203,0.40860215053763443,0.7119830242190528
cat,n1000,3,384,0.001,620,266,2058,114,296,93,0.15,1.6145833333333333,0.5916736046047884,0.6257213276221518,0.6495774381935695,0.7241935483870968,0.6541353383458647,0.6073858114674441,8.254236345682486,2.964574550831358,1.6589702443374912e-10,0.6524682502354403,0.620019436345967,11.808484435299768,5.616937587350873e-10,8.023216841674245,0.7345885008755662,0.6931471805599453,True,0.5320234233131338,0.17597774523729726,0.12903225806451613,0.12903225806451613,-0.02096774193548387,1,12,0.6910693517781722,0.37455141071371445,0.3333333333333333,0.3333333333333333,0.18333333333333332,1,31,0.2792842423129502,0.1008377758195434,0.0,0.0,-0.15,1,0,0.47960661892228273,0.13621256415136496,0.08602150537634409,0.08602150537634409,-0.0639784946236559,1,8,1.0914693582821202,0.6726556677794576,0.4188136905026626,1.0,0.26728716308713674,0.3732392042751173,-0.10595204118798057,0.8602150537634409,0.7207157576870498
cat,n1000,3,384,0.01,620,266,2058,114,296,93,0.15,1.6145833333333333,0.6664269393706947,0.6674486138379332,0.6755821300767295,0.6870967741935484,0.6654135338345865,0.6180758017492711,1.5592299465040513,1.2575278499219227,3.6845609911681035e-10,0.6644001231943877,0.6180758017492711,2.561752896498801,4.718494884541277e-10,1.3518222591607205,0.8970585052465115,0.6931471805599453,True,0.3887494644059497,0.11425604359011378,0.010752688172043012,0.010752688172043012,-0.139247311827957,1,1,0.6372447001693498,0.25699268564124544,0.3010752688172043,0.3010752688172043,0.15107526881720432,1,28,0.27730509477464244,0.10084300265132325,0.0,0.0,-0.15,1,0,0.6134745261267879,0.2170991795450655,0.26881720430107525,0.26881720430107525,0.11881720430107526,1,25,0.24736063833918656,0.14850752411502244,0.09885311422416412,1.0,0.10165411124168167,0.08652402377565566,0.01513008746602601,0.989247311827957,0.7226949052253575
cat,n1000,3,384,0.1,620,266,2058,114,296,93,0.15,1.6145833333333333,0.6897383058526885,0.6897194716957316,0.6907689464770325,0.6854838709677419,0.6766917293233082,0.6219630709426628,0.18364586384560178,1.0263975282612594,7.935118674581898e-12,0.6888707972188576,0.6166180758017493,0.3111318002839639,1.1603924379794396e-11,0.15870718396812222,0.9218095174561137,0.6931471805599453,True,0.36644834832996676,0.11099919797913758,0.010752688172043012,0.010752688172043012,-0.139247311827957,1,1,0.6333476158413417,0.23178205147753947,0.26881720430107525,0.26881720430107525,0.11881720430107526,1,25,0.27648895145987634,0.10079356139100497,0.0,0.0,-0.15,1,0,0.6315725041317255,0.2299636854191072,0.26881720430107525,0.26881720430107525,0.11881720430107526,1,25,0.03018592154933318,0.018030589109036557,0.012155332440296623,1.0,0.013025611656927375,0.010404928428804094,0.002620683228123281,0.989247311827957,0.7235110485401237
cat,n1000,3,384,1.0,620,266,2058,114,296,93,0.15,1.6145833333333333,0.6927963599416247,0.692792881516809,0.6929009198572285,0.682258064516129,0.6766917293233082,0.6214771622934888,0.018720063157972224,1.0026407618287787,1.9158367917823045e-12,0.6926995914890254,0.6166180758017493,0.0318249845125118,1.755879305629331e-12,0.016183724366836186,0.9243209472831028,0.6931471805599453,True,0.36428556854583666,0.11071112410961906,0.010752688172043012,0.010752688172043012,-0.139247311827957,1,1,0.6333272122584725,0.23000582551337764,0.26881720430107525,0.26881720430107525,0.11881720430107526,1,25,0.276570565791353,0.1008110730008225,0.0,0.0,-0.15,1,0,0.6331639835955194,0.23019682527564383,0.26881720430107525,0.26881720430107525,0.11881720430107526,1,25,0.0030890206777591943,0.0018440903046789046,0.0012449303730802897,1.0,0.001339075677712122,0.0010626615255025747,0.00027641415220954727,0.989247311827957,0.723429434208647
cat,n1000,4,32,1e-06,616,264,2058,120,296,92,0.14935064935064934,19.25,0.6049030701528679,0.7087540776902632,0.6624559828406925,0.6655844155844156,0.5340909090909091,0.5952380952380952,16.375391824465073,5.824800326906306,6.65330819187337e-10,0.8741245446234105,0.413022351797862,15.640230036948365,1.4720976402647947e-09,20.539268725920884,0.17747638845742134,0.6931471805599453,True,0.9603385330235645,0.8322078558229279,0.7608695652173914,0.7608695652173914,0.611518915866742,1,70,0.9529746100232327,0.7572993028045907,0.6739130434782609,0.6739130434782609,0.5245623941276115,1,62,0.08886491868569532,0.08259041894430759,0.0,0.0,-0.14935064935064934,1,0,0.36815466312645206,0.11592431573162394,0.08695652173913043,0.08695652173913043,-0.06239412761151891,1,8,1.7638646990928948,0.13828851594810557,1.6255761831447892,0.9782608695652174,-1.878330997589976,0.15734887587698335,-2.0356798734669592,0.021739130434782608,0.9111350813143047
cat,n1000,4,32,1e-05,616,264,2058,120,296,92,0.14935064935064934,19.25,0.6049418452944746,0.7067891746108388,0.6613328206994553,0.6655844155844156,0.5340909090909091,0.5942662779397473,15.931750401278206,5.580469116191682,4.802372110639948e-10,0.8700788782600237,0.413022351797862,15.216749175938242,4.49500711636398e-10,20.096016597080677,0.16813189019022087,0.6931471805599453,True,0.961292731496847,0.8346991063270006,0.7608695652173914,0.7608695652173914,0.611518915866742,1,70,0.9528708927978758,0.7545270713553873,0.6739130434782609,0.6739130434782609,0.5245623941276115,1,62,0.0861475273813475,0.08248132043528504,0.0,0.0,-0.14935064935064934,1,0,0.3719299701294391,0.11651531014171758,0.08695652173913043,0.08695652173913043,-0.06239412761151891,1,8,1.7351376712681899,0.1340368949534374,1.6011007763147524,0.9891304347826086,-1.849311201187112,0.15292749414346915,-2.0022386953305813,0.021739130434782608,0.9138524726186525
cat,n1000,4,32,0.0001,616,264,2058,120,296,92,0.14935064935064934,19.25,0.6070460196722701,0.6941858286348317,0.6547262680748461,0.6590909090909091,0.5303030303030303,0.597181729834791,12.924662801899022,4.212465021875432,9.26025335649643e-10,0.8427629979615225,0.40476190476190477,12.336905071396101,8.054826021977998e-10,17.1019199023006,0.08394610906219922,0.6931471805599453,True,0.967100896116827,0.8473778302796555,0.782608695652174,0.782608695652174,0.6332580463015246,1,72,0.9518129770992366,0.7499745212614147,0.6630434782608695,0.6630434782608695,0.5136928289102202,1,61,0.07110852970461334,0.08190709885096027,0.0,0.0,-0.14935064935064934,1,0,0.40858363757052774,0.12198907653769547,0.07608695652173914,0.07608695652173914,-0.07326369282891021,1,7,1.531312470711521,0.10464916318001698,1.426663307531504,0.9891304347826086,-1.640004005090361,0.12204471643045671,-1.7620487215208178,0.021739130434782608,0.9288914702953867
cat,n1000,4,32,0.001,616,264,2058,120,296,92,0.14935064935064934,19.25,0.6298044904450811,0.673812751964079,0.6516266413150641,0.663961038961039,0.5454545454545454,0.6064139941690962,6.004922964426615,2.153156108753838,1.8452964606466993e-10,0.7726156824810883,0.3965014577259475,5.7084383375233685,8.74831911647997e-11,9.568801133452453,-0.33426829731260777,0.6931471805599453,True,0.9811027215399933,0.8727541926429417,0.8152173913043478,0.8152173913043478,0.6658667419536984,1,75,0.9382882509127116,0.7010545764417345,0.6521739130434783,0.6521739130434783,0.5028232636928289,1,60,0.03648771988051776,0.08076520613383932,0.0,0.0,-0.14935064935064934,1,0,0.6126161632923997,0.17220131474294256,0.14130434782608695,0.14130434782608695,-0.0080463015245624,1,13,0.9179265827977798,0.036825823988873636,0.8811007588089061,1.0,-0.9823311093653855,0.04739755262409356,-1.029728661989479,0.0,0.9635122801194822
cat,n1000,4,32,0.01,616,264,2058,120,296,92,0.14935064935064934,19.25,0.6731732203163365,0.6831845346933366,0.677398685369573,0.6444805194805194,0.5757575757575758,0.6171039844509232,1.3422584776094337,1.1986405818886623,4.528282598981978e-11,0.7102060826244833,0.391156462585034,1.2731656639219036,5.100729336397041e-11,2.4173519789691618,-0.7083379084046767,0.6931471805599453,True,0.9852721539993362,0.8803348779327914,0.8586956521739131,0.8586956521739131,0.7093450028232637,1,79,0.8994980086292732,0.553747785523172,0.5760869565217391,0.5760869565217391,0.4267363071710898,1,53,0.02482990375041487,0.08046482144076714,0.0,0.0,-0.14935064935064934,1,0,0.8362305011616329,0.366142215894689,0.41304347826086957,0.41304347826086957,0.2636928289102202,1,38,0.23582235178044955,0.004969352938051339,0.2308529988423982,1.0,-0.25071840838743004,0.00757934256354361,-0.2582977509509736,0.0,0.9751700962495852
cat,n1000,4,32,0.1,616,264,2058,120,296,92,0.14935064935064934,19.25,0.6905536707089248,0.6917637119282655,0.6910435858672985,0.6444805194805194,0.5757575757575758,0.6171039844509232,0.16013920837652637,1.0210742491882212,1.945203924010906e-12,0.6950762322457414,0.38872691933916426,0.15175662720320818,1.961245688217806e-12,0.2934593869485734,-0.7703786730008387,0.6931471805599453,True,0.9855003318951211,0.8796501004202971,0.8586956521739131,0.8586956521739131,0.7093450028232637,1,79,0.879065715233986,0.47497574733737424,0.532608695652174,0.532608695652174,0.3832580463015246,1,49,0.0232534019249917,0.08043008366690044,0.0,0.0,-0.14935064935064934,1,0,0.8719714570195818,0.45349175063401326,0.5217391304347826,0.5217391304347826,0.37238848108413325,1,48,0.02864606264251764,0.0005072413955483759,0.028138821246969262,1.0,-0.030438291799105115,0.0008219063365642103,-0.031260198135669326,0.0,0.9767465980750083
cat,n1000,4,32,1.0,616,264,2058,120,296,92,0.14935064935064934,19.25,0.6928798828456618,0.6930035936221588,0.6929297363811963,0.6461038961038961,0.5757575757575758,0.6171039844509232,0.016339958398497608,1.0021156626039713,5.51091185825692e-13,0.6933425073203664,0.3882410106899903,0.015482888091728512,5.802276076651158e-13,0.029995940065780134,-0.7767950292203346,0.6931471805599453,True,0.9854173581148357,0.8785839949461655,0.8586956521739131,0.8586956521739131,0.7093450028232637,1,79,0.8759334550282111,0.4647055788873978,0.5217391304347826,0.5217391304347826,0.37238848108413325,1,48,0.023066710919349486,0.08042430626678577,0.0,0.0,-0.14935064935064934,1,0,0.8752489213408563,0.462945572085845,0.5217391304347826,0.5217391304347826,0.37238848108413325,1,48,0.00292813608461534,5.078992387024192e-05,0.002877346160745098,1.0,-0.003111191651794159,8.292945079567263e-05,-0.003194121102589832,0.0,0.9769332890806505
cat,n1000,4,64,1e-06,616,264,2058,120,296,92,0.14935064935064934,9.625,0.5879271197364895,0.7317037654698618,0.6742242637356323,0.6801948051948052,0.5378787878787878,0.6000971817298348,21.605715338912482,9.922323247194734,2.905489832327309e-09,0.9280900601415872,0.4232264334305151,24.20389456212641,1.240940115821647e-09,27.30143573588679,0.29378667816417486,0.6931471805599453,True,0.9685529372718221,0.8584061671278201,0.7934782608695652,0.7934782608695652,0.6441276115189158,1,73,0.9602555592432791,0.8226690596712567,0.7065217391304348,0.7065217391304348,0.5571710897797855,1,65,0.10537670096249585,0.08388686396303562,0.021739130434782608,0.021739130434782608,-0.12761151891586675,1,2,0.3005517756388981,0.10634956073114733,0.09782608695652174,0.09782608695652174,-0.0515245623941276,1,9,2.230379417416219,0.2424117272602794,1.9879676901559395,0.9565217391304348,-2.066301073179035,0.23136909196712405,-2.297670165146159,0.010869565217391304,0.8946232990375041
cat,n1000,4,64,1e-05,616,264,2058,120,296,92,0.14935064935064934,9.625,0.5880315562093711,0.7273248595139158,0.6715401469587885,0.676948051948052,0.5378787878787878,0.5996112730806609,20.683227935102472,9.173160172713946,5.993427937119731e-10,0.9169122374536681,0.4227405247813411,22.911091574921393,1.2766876792231995e-09,26.114026295573833,0.28569926399400664,0.6931471805599453,True,0.9696315964155326,0.861112612440682,0.782608695652174,0.782608695652174,0.6332580463015246,1,72,0.9599651510122801,0.8215810848697696,0.6956521739130435,0.6956521739130435,0.5463015245623941,1,64,0.10234815798207766,0.08381393670623923,0.021739130434782608,0.021739130434782608,-0.12761151891586675,1,2,0.3053849983405244,0.10675061318680652,0.09782608695652174,0.09782608695652174,-0.0515245623941276,1,9,2.152194100999071,0.22987253751859046,1.9223215634804807,0.9565217391304348,-2.0179866711668133,0.22211188566510817,-2.2400985568319216,0.010869565217391304,0.8976518420179224
cat,n1000,4,64,0.0001,616,264,2058,120,296,92,0.14935064935064934,9.625,0.5923804146903376,0.7039498125623529,0.6583975622576983,0.672077922077922,0.5378787878787878,0.6034985422740525,15.440877109054044,5.937359037752742,5.956426862930463e-10,0.8610919398911568,0.4159378036929057,16.214598977502206,5.886681006889508e-10,19.900628862064973,0.2102885199556326,0.6931471805599453,True,0.9763732160637238,0.8789663536195782,0.782608695652174,0.782608695652174,0.6332580463015246,1,72,0.9574344507135745,0.8101878208871471,0.7065217391304348,0.7065217391304348,0.5571710897797855,1,65,0.08270411549950216,0.08315614807193439,0.010869565217391304,0.010869565217391304,-0.13848108413325805,1,1,0.348946232990375,0.11147287541123908,0.07608695652173914,0.07608695652173914,-0.07326369282891021,1,7,1.7351955669519483,0.16178616013787508,1.5734094068140732,0.9782608695652174,-1.7243411244813227,0.16637943294346075,-1.8907205574247834,0.0,0.9172958845004978
cat,n1000,4,64,0.001,616,264,2058,120,296,92,0.14935064935064934,9.625,0.6243027324227877,0.6748093288188254,0.6514153899370108,0.6607142857142857,0.5492424242424242,0.6122448979591837,6.391395265245782,2.411118555487404,1.0251963469295383e-09,0.7735130881558582,0.39212827988338195,6.2421507603020245,5.100071650090312e-10,9.850610525561441,-0.21581268021037153,0.6931471805599453,True,0.985085462993694,0.9016673375048088,0.8369565217391305,0.8369565217391305,0.6876058723884811,1,77,0.940632260205775,0.7358488212241191,0.6630434782608695,0.6630434782608695,0.5136928289102202,1,61,0.04190175904414205,0.08072337190867726,0.0,0.0,-0.14935064935064934,1,0,0.5745311981413873,0.15789701888746055,0.13043478260869565,0.13043478260869565,-0.018915866741953696,1,12,0.9489924880121354,0.050654727101537886,0.8983377609105976,0.9891304347826086,-0.9986319022506093,0.059161417411941274,-1.0577933196625506,0.0,0.9580982409558579
cat,n1000,4,64,0.01,616,264,2058,120,296,92,0.14935064935064934,9.625,0.6723943365877757,0.6831733956698678,0.6773055342656112,0.6428571428571429,0.5643939393939394,0.6175898931000972,1.3705177123457548,1.2167992288458822,5.8020476065883566e-11,0.7101999320502177,0.3901846452866861,1.3100928169731236,6.317331379602477e-11,2.4337553409603165,-0.6484255232887779,0.6931471805599453,True,0.986599734483903,0.8944142586482672,0.8478260869565217,0.8478260869565217,0.6984754376058724,1,78,0.8936483571191504,0.5481621725778085,0.5978260869565217,0.5978260869565217,0.4484754376058724,1,55,0.025182542316627945,0.08039411410572692,0.0,0.0,-0.14935064935064934,1,0,0.8187645204115499,0.3366565541349169,0.3804347826086957,0.3804347826086957,0.23108413325804633,1,35,0.23921713878568807,0.006686519029814546,0.23253061975587352,1.0,-0.25281889518294304,0.009070355312030216,-0.26188925049497325,0.0,0.974817457683372
cat,n1000,4,64,0.1,616,264,2058,120,296,92,0.14935064935064934,9.625,0.6904724247899762,0.6917587124762082,0.6910328326100244,0.6412337662337663,0.5795454545454546,0.6171039844509232,0.1626522103212607,1.0226561597711996,3.073693623632422e-12,0.6950742949116859,0.391156462585034,0.1550427061638382,3.61222418747484e-12,0.29488887378262213,-0.7230035975075852,0.6931471805599453,True,0.9864337869233323,0.8907521783980478,0.8478260869565217,0.8478260869565217,0.6984754376058724,1,78,0.868382841022237,0.45313517323209856,0.532608695652174,0.532608695652174,0.3832580463015246,1,49,0.02333637570527713,0.08036059983529206,0.0,0.0,-0.14935064935064934,1,0,0.8597535678725523,0.42695368814973345,0.5,0.5,0.35064935064935066,1,46,0.028994693540637745,0.0006838240153442844,0.02831086952529346,1.0,-0.030654583858919175,0.0009752540883024044,-0.03162983794722158,0.0,0.9766636242947229
cat,n1000,4,64,1.0,616,264,2058,120,296,92,0.14935064935064934,9.625,0.6928717235374215,0.69300304504442,0.6929286452244974,0.6396103896103896,0.5795454545454546,0.6185617103984451,0.016587714064361412,1.0022712516849488,8.004079456379868e-13,0.6933422993914127,0.391156462585034,0.01580694739317465,9.367110910395504e-13,0.030136606897014435,-0.7307429240752319,0.6931471805599453,True,0.9863923000331896,0.8905850711759775,0.8478260869565217,0.8478260869565217,0.6984754376058724,1,78,0.8648564553601062,0.4407729562549336,0.5108695652173914,0.5108695652173914,0.361518915866742,1,47,0.023128941254563558,0.0803550088111334,0.0,0.0,-0.14935064935064934,1,0,0.8637155658811816,0.43766390356554313,0.5108695652173914,0.5108695652173914,0.361518915866742,1,47,0.0029630999708785367,6.849890500710209e-05,0.0028946010658714347,1.0,-0.0031328820292582655,9.830796857550836e-05,-0.0032311899978337737,0.0,0.9768710587454364
cat,n1000,4,128,1e-06,616,264,2058,120,296,92,0.14935064935064934,4.8125,0.4951453532141342,0.8865432301165856,0.7988758772004403,0.7337662337662337,0.5303030303030303,0.5966958211856171,66.2534410060483,45.47902889115247,4.2262154390940936e-09,1.107625294974139,0.46647230320699706,59.774165266435325,6.118829560282325e-10,55.34174090655902,0.6186185533457296,0.6931471805599453,False,0.9581189844009294,0.8900362335114403,0.8043478260869565,0.8043478260869565,0.6549971767363072,1,74,0.974527049452373,0.9031026805473202,0.8152173913043478,0.8152173913043478,0.6658667419536984,1,75,0.19094341188184533,0.09360207299548487,0.03260869565217391,0.03260869565217391,-0.11674195369847543,1,3,0.3216271158313973,0.11398094456747794,0.11956521739130435,0.11956521739130435,-0.029785431959344993,1,11,3.1278451658108506,0.7176352409606388,2.4102099248502116,0.9456521739130435,-3.5655264706956507,0.7629016998579011,-4.3284281705535514,0.043478260869565216,0.8090565881181546
cat,n1000,4,128,1e-05,616,264,2058,120,296,92,0.14935064935064934,4.8125,0.4990147420380849,0.8231760819734275,0.7452040831298399,0.7353896103896104,0.5416666666666666,0.6068999028182702,52.477633105811236,29.128524347788417,1.0373837296882086e-09,1.0265616551396004,0.45675413022351796,48.70223688840928,1.3128660168760299e-09,44.46767101579614,0.6159447225714918,0.6931471805599453,False,0.9628277464321274,0.9048245984750893,0.8152173913043478,0.8152173913043478,0.6658667419536984,1,75,0.9762902422834384,0.9077366587254786,0.8260869565217391,0.8260869565217391,0.6767363071710898,1,76,0.17557251908396945,0.09048714663162796,0.03260869565217391,0.03260869565217391,-0.11674195369847543,1,3,0.3251949883836708,0.1139116570761398,0.09782608695652174,0.09782608695652174,-0.0515245623941276,1,9,2.741718731050557,0.5961113616588339,2.145607369391723,0.9456521739130435,-3.0532682070469472,0.6274809104722219,-3.680749117519169,0.03260869565217391,0.8244274809160306
cat,n1000,4,128,0.0001,616,264,2058,120,296,92,0.14935064935064934,4.8125,0.5354746264131941,0.7174767568807169,0.6657353859066923,0.7451298701298701,0.5416666666666666,0.6049562682215743,24.936247677484047,9.42424650648005,1.8279907730523882e-09,0.8717580509425855,0.42808551992225463,23.82830162948183,9.316160279125932e-10,23.715814756911023,0.5277488623962093,0.6931471805599453,True,0.9781571523398606,0.9364502059854993,0.8695652173913043,0.8695652173913043,0.720214568040655,1,80,0.9759998340524394,0.9029989547844823,0.7934782608695652,0.7934782608695652,0.6441276115189158,1,73,0.11460753401924992,0.08409571776353998,0.010869565217391304,0.010869565217391304,-0.13848108413325805,1,1,0.3499419183538002,0.11323207187189283,0.09782608695652174,0.09782608695652174,-0.0515245623941276,1,9,1.8376190007445576,0.30423809723576584,1.5333809035087917,0.9565217391304348,-1.9952579919209725,0.3275296668991491,-2.3227876588201215,0.010869565217391304,0.88539246598075
cat,n1000,4,128,0.001,616,264,2058,120,296,92,0.14935064935064934,4.8125,0.6105574177960384,0.6744051060419036,0.6497629478986653,0.6996753246753247,0.5416666666666666,0.620019436345967,7.327637225101255,2.6591244005664443,6.912805890003786e-10,0.7717851147294896,0.4037900874635568,6.976260196357986,2.5290945536034646e-10,10.069881950371135,0.009389284541157844,0.6931471805599453,True,0.9885288748755393,0.9344111799253095,0.8695652173913043,0.8695652173913043,0.720214568040655,1,80,0.9531820444739463,0.8074513885048339,0.6739130434782609,0.6739130434782609,0.5245623941276115,1,62,0.04407982077663458,0.080884940310989,0.0,0.0,-0.14935064935064934,1,0,0.5388317291735811,0.14618502620552196,0.06521739130434782,0.06521739130434782,-0.08413325804630152,1,6,0.9535713496683575,0.07605799230756201,0.8775133573607955,1.0,-1.028555730532426,0.08875510314966568,-1.1173108336820916,0.0,0.9559201792233654
cat,n1000,4,128,0.01,616,264,2058,120,296,92,0.14935064935064934,4.8125,0.6707471784274699,0.6831337331635784,0.6770149079452585,0.6737012987012987,0.5416666666666666,0.6229348882410107,1.4288731673169601,1.2326390652705794,9.896529917999288e-11,0.7099524254656585,0.39844509232264336,1.3562263733556958,9.77834383866173e-11,2.4444496212542144,-0.5403612035999573,0.6931471805599453,True,0.9877406239628278,0.9067565204766295,0.8586956521739131,0.8586956521739131,0.7093450028232637,1,79,0.8952456023896449,0.5688736197546161,0.5869565217391305,0.5869565217391305,0.43760587238848114,1,54,0.02547295054762695,0.08041506996731361,0.0,0.0,-0.14935064935064934,1,0,0.8042855957517424,0.31489187769157206,0.33695652173913043,0.33695652173913043,0.1876058723884811,1,31,0.23961547406959383,0.009554317883373863,0.23006115618621997,1.0,-0.2559718205394683,0.012421685972323362,-0.26839350651179167,0.0,0.974527049452373
cat,n1000,4,128,0.1,616,264,2058,120,296,92,0.14935064935064934,4.8125,0.6903039948512342,0.69175639399232,0.6910013978016136,0.6688311688311688,0.5606060606060606,0.6234207968901846,0.1677457077770977,1.0240131548326512,5.4906231786855465e-12,0.6950491697824337,0.3940719144800777,0.15907042126854973,6.187551680850126e-12,0.29579838840592854,-0.6381250177110014,0.6931471805599453,True,0.9876783936276137,0.9030382055194712,0.8695652173913043,0.8695652173913043,0.720214568040655,1,80,0.8633006969797544,0.4501067587489468,0.5217391304347826,0.5217391304347826,0.37238848108413325,1,48,0.02368901427149021,0.08039225058431622,0.0,0.0,-0.14935064935064934,1,0,0.852887487553933,0.4194672128400659,0.4782608695652174,0.4782608695652174,0.32891022021456806,1,44,0.029034740667872226,0.0009747240904055365,0.02806001657746669,1.0,-0.03097487272914164,0.0013153569118390536,-0.032290229640980696,0.0,0.9763109857285098
cat,n1000,4,128,1.0,616,264,2058,120,296,92,0.14935064935064934,4.8125,0.6928548422065149,0.6930028365742987,0.6929254750624881,0.6688311688311688,0.5606060606060606,0.6229348882410107,0.017088948636578262,1.002404390372435,1.3766077893467729e-12,0.6933397851431725,0.39310009718172984,0.016203317357024734,1.5074704292581999e-12,0.030225885093865545,-0.6482981354042403,0.6931471805599453,True,0.9876783936276137,0.902018990496174,0.8695652173913043,0.8695652173913043,0.720214568040655,1,80,0.8587163956189844,0.4361590684559838,0.4891304347826087,0.4891304347826087,0.33977978543195936,1,45,0.02344009293063392,0.08038228147650622,0.0,0.0,-0.14935064935064934,1,0,0.8574510454696316,0.43141897003474744,0.4891304347826087,0.4891304347826087,0.33977978543195936,1,45,0.0029671078549708026,9.763109879638873e-05,0.002869476756174414,1.0,-0.0031649635996680568,0.00013236913019276704,-0.0032973327298608237,0.0,0.9765599070693661
cat,n1000,4,256,1e-06,616,264,2058,120,296,92,0.14935064935064934,2.40625,0.2226395268496498,2.188047790425287,1.8988670444155158,0.926948051948052,0.5416666666666666,0.5840621963070942,290.1795102296967,254.827611526479,1.9459957305615215e-09,2.0078328203900657,0.5019436345966958,223.81822399375264,8.97444493433885e-10,203.12896246748798,0.7162510004551449,0.6931471805599453,False,0.9987968801858612,0.9930011917734605,0.9565217391304348,0.9565217391304348,0.8071710897797855,1,88,0.9997718221042151,0.9986561141073976,0.9891304347826086,0.9891304347826086,0.8397797854319593,1,91,0.2667607036176568,0.0966884637351924,0.03260869565217391,0.03260869565217391,-0.11674195369847543,1,3,0.3171880185861268,0.10571837188520038,0.05434782608695652,0.05434782608695652,-0.09500282326369283,1,5,5.812366394829449,2.401811501626781,3.410554893202668,0.967391304347826,-9.227065080904893,3.196175075389731,-12.423240156294625,0.0,0.7332392963823432
cat,n1000,4,256,1e-05,616,264,2058,120,296,92,0.14935064935064934,2.40625,0.3236004169871846,1.0787074885511319,0.9546086893589968,0.887987012987013,0.5492424242424242,0.5913508260447036,110.32784638145402,60.36178777770326,2.7449377546785074e-09,1.1846672448460365,0.4946550048590865,96.98578151268526,1.3437108363447992e-09,76.32286311238559,0.7361193418265207,0.6931471805599453,False,0.9988383670760039,0.9937988529280157,0.967391304347826,0.967391304347826,0.8180406549971767,1,89,0.9995229007633588,0.9975312636323979,0.9782608695652174,0.9782608695652174,0.8289102202145681,1,90,0.21575257218718885,0.09169167952145392,0.021739130434782608,0.021739130434782608,-0.12761151891586675,1,2,0.3131223033521407,0.11596972273508137,0.07608695652173914,0.07608695652173914,-0.07326369282891021,1,7,3.245392014198752,1.1908301607352358,2.054561853463516,0.967391304347826,-4.362754864287859,1.3712119150059578,-5.733966779293817,0.0,0.7842474278128111
cat,n1000,4,256,0.0001,616,264,2058,120,296,92,0.14935064935064934,2.40625,0.4700477312621267,0.7440342681903801,0.6751365927128682,0.8116883116883117,0.553030303030303,0.6107871720116618,34.056099339723374,12.842998487149996,1.232023229838247e-09,0.8676233359762596,0.46015549076773565,31.60013281028671,6.862387892286483e-10,27.288416735521196,0.6568288783243643,0.6931471805599453,True,0.995706106870229,0.9822310897051775,0.9239130434782609,0.9239130434782609,0.7745623941276115,1,85,0.9937354795884501,0.9752961200985573,0.9239130434782609,0.9239130434782609,0.7745623941276115,1,85,0.12029123796880185,0.08526948863546505,0.010869565217391304,0.010869565217391304,-0.13848108413325805,1,1,0.3089321274477265,0.10864368863801302,0.05434782608695652,0.05434782608695652,-0.09500282326369283,1,5,1.8626829503337585,0.44872685209804003,1.4139560982357184,0.9891304347826086,-2.1773132040197596,0.492374907962094,-2.6696881119818534,0.0,0.8797087620311982
cat,n1000,4,256,0.001,616,264,2058,120,296,92,0.14935064935064934,2.40625,0.5998349263354985,0.6759905448195392,0.6483640642816425,0.7272727272727273,0.553030303030303,0.6205053449951409,8.007211852478093,2.8592370694682985,1.3506784145898915e-09,0.7688859346638062,0.4071914480077745,7.576291961751628,2.1622094346421493e-10,10.227886372423532,0.1393389014862068,0.6931471805599453,True,0.991993030202456,0.9529877717354102,0.8913043478260869,0.8913043478260869,0.7419536984754376,1,82,0.9661052107534019,0.8529839912794827,0.75,0.75,0.6006493506493507,1,69,0.04466063723863259,0.08092294890994499,0.0,0.0,-0.14935064935064934,1,0,0.4911840358446731,0.13375383361094356,0.043478260869565216,0.043478260869565216,-0.10587238848108413,1,4,0.9583288708764365,0.09701443172080647,0.86131443915563,1.0,-1.046348095938725,0.11168147816114023,-1.1580295740998652,0.0,0.9553393627613674
cat,n1000,4,256,0.01,616,264,2058,120,296,92,0.14935064935064934,2.40625,0.6695897608578886,0.6832671015776297,0.6768087943708906,0.6753246753246753,0.553030303030303,0.6234207968901846,1.4686916293801846,1.2432737368162259,1.4489702043764448e-10,0.7096386028778453,0.39601554907677355,1.3921047621800333,1.5263960410930052e-10,2.451652055510913,-0.4684565907521129,0.6931471805599453,True,0.9893171257882509,0.9180201249404698,0.8695652173913043,0.8695652173913043,0.720214568040655,1,80,0.9020287089279787,0.595538861485102,0.5978260869565217,0.5978260869565217,0.4484754376058724,1,55,0.026074510454696317,0.08044349319849604,0.0,0.0,-0.14935064935064934,1,0,0.7959674742781281,0.3049972487772715,0.32608695652173914,0.32608695652173914,0.1767363071710898,1,30,0.24023754747995776,0.011778022319049453,0.2284595251609083,1.0,-0.2577266874243729,0.0148436251427309,-0.2725703125671038,0.0,0.9739254895453037
cat,n1000,4,256,0.1,616,264,2058,120,296,92,0.14935064935064934,2.40625,0.6901872542213965,0.6917693327227514,0.6909797844006431,0.6737012987012987,0.5681818181818182,0.6219630709426628,0.17118892625770094,1.0249045211747971,7.095806023836453e-12,0.6950184559216224,0.39212827988338195,0.16217512975638443,7.887116786081023e-12,0.2964011921676475,-0.5807680370957244,0.6931471805599453,True,0.9888192831065383,0.9102622787661955,0.8695652173913043,0.8695652173913043,0.720214568040655,1,80,0.8649186856953203,0.45533264256655964,0.5217391304347826,0.5217391304347826,0.37238848108413325,1,48,0.023792731496846995,0.08039672449004709,0.0,0.0,-0.14935064935064934,1,0,0.8527630268835048,0.4207340204070762,0.4891304347826087,0.4891304347826087,0.33977978543195936,1,45,0.02909747909643746,0.0011983476066196094,0.027899131489817854,1.0,-0.03115131079728335,0.0015589428414880837,-0.03271025363877143,0.0,0.976207268503153
cat,n1000,4,256,1.0,616,264,2058,120,296,92,0.14935064935064934,2.40625,0.6928431578688312,0.6930041257962574,0.6929233028576093,0.6737012987012987,0.5681818181818182,0.6209912536443148,0.017427453116743284,1.0024916693056949,1.7444220138995043e-12,0.6933367244456644,0.39212827988338195,0.01650854558383956,1.9000432892360735e-12,0.030284948408204632,-0.5925054643275143,0.6931471805599453,True,0.9888192831065383,0.9100986822523275,0.8695652173913043,0.8695652173913043,0.720214568040655,1,80,0.8594009293063392,0.43751740652802024,0.5108695652173914,0.5108695652173914,0.361518915866742,1,47,0.02350232326584799,0.0803860715616446,0.0,0.0,-0.14935064935064934,1,0,0.8581563226020578,0.43384128861620597,0.5108695652173914,0.5108695652173914,0.361518915866742,1,47,0.0029733839229169764,0.00012000581526786397,0.0028533781076491124,1.0,-0.00318261914483118,0.0001567417701322401,-0.00333936091496342,0.0,0.976497676734152
cat,n1000,4,384,1e-06,616,264,2058,120,296,92,0.14935064935064934,1.6041666666666667,0.13824777417668369,2.2803491569247707,2.0040133288391697,0.9756493506493507,0.5871212121212122,0.5796890184645287,354.348475353488,349.33506566471766,6.837200098823234e-10,2.2765987581413087,0.5140913508260447,349.4028759948759,2.1569464774958845e-09,241.9769761079083,0.7636369433706696,0.6931471805599453,False,1.0,1.0,1.0,1.0,0.8506493506493507,1,92,1.0,1.0,1.0,1.0,0.8506493506493507,1,92,0.27503733820112847,0.09748795540245207,0.010869565217391304,0.010869565217391304,-0.13848108413325805,1,1,0.31156654497178893,0.10244174413205659,0.03260869565217391,0.03260869565217391,-0.11674195369847543,1,3,6.188311259930674,3.1352363314181884,3.0530749285124856,1.0,-9.260554524823508,3.5228379772239813,-12.783392502047489,0.0,0.7249626617988716
cat,n1000,4,384,1e-05,616,264,2058,120,296,92,0.14935064935064934,1.6041666666666667,0.28737917565825644,1.0949779278737624,0.9687293052533241,0.9172077922077922,0.5492424242424242,0.5918367346938775,121.65200327054704,76.46842524547051,1.6350601461961719e-09,1.193459804445657,0.5063168124392614,114.98494202262762,2.0242511000321565e-09,80.12937414994613,0.7720832433120957,0.6931471805599453,False,0.9997510786591437,0.9986136143263948,0.9782608695652174,0.9782608695652174,0.8289102202145681,1,90,0.9998547958845005,0.9992002004316989,0.9782608695652174,0.9782608695652174,0.8289102202145681,1,90,0.20840939263192831,0.09099554025169565,0.010869565217391304,0.010869565217391304,-0.13848108413325805,1,1,0.2920262197145702,0.10404987930752153,0.05434782608695652,0.05434782608695652,-0.09500282326369283,1,5,3.2410970261772785,1.3331339342665494,1.907963091910729,0.9891304347826086,-4.294510947545858,1.4716932666341973,-5.766204214180055,0.0,0.7915906073680716
cat,n1000,4,384,0.0001,616,264,2058,120,296,92,0.14935064935064934,1.6041666666666667,0.46181118620557854,0.7451207734674846,0.6755577987325447,0.8311688311688312,0.553030303030303,0.6098153547133139,35.157892806843016,14.108702130258944,1.5541791325162402e-09,0.8651690472684133,0.4655004859086492,33.030472459464725,2.5933808614856103e-09,27.56069040128699,0.6748998686188286,0.6931471805599453,True,0.9965980750082973,0.9858763407530806,0.9347826086956522,0.9347826086956522,0.7854319593450029,1,86,0.9949178559575175,0.9796432261604495,0.9239130434782609,0.9239130434782609,0.7745623941276115,1,85,0.11742864254895453,0.08517039942014294,0.010869565217391304,0.010869565217391304,-0.13848108413325805,1,1,0.2908023564553601,0.10595450096927142,0.043478260869565216,0.043478260869565216,-0.10587238848108413,1,4,1.8681254078963985,0.4712343979903994,1.396891009905999,0.9891304347826086,-2.1747480482051893,0.5125506643313047,-2.687298712536494,0.0,0.8825713574510454
cat,n1000,4,384,0.001,616,264,2058,120,296,92,0.14935064935064934,1.6041666666666667,0.5988275956845714,0.676042558839191,0.6483033358106198,0.7305194805194806,0.571969696969697,0.6234207968901846,8.06941043851576,2.9052827229553224,1.6614659909095192e-10,0.7685462255336238,0.413022351797862,7.652071477656355,2.634452343717136e-10,10.237447710673704,0.15275261611478758,0.6931471805599453,True,0.9922419515433123,0.953975257930279,0.8913043478260869,0.8913043478260869,0.7419536984754376,1,82,0.9674327912379688,0.8563407751129413,0.75,0.75,0.6006493506493507,1,69,0.044390972452704944,0.0809055394574107,0.0,0.0,-0.14935064935064934,1,0,0.47956770660471293,0.13114679411103236,0.043478260869565216,0.043478260869565216,-0.10587238848108413,1,4,0.9594721812341291,0.0995612254208688,0.8599109558132604,1.0,-1.0464818699021903,0.11403973800482342,-1.1605216079070138,0.0,0.955609027547295
cat,n1000,4,384,0.01,616,264,2058,120,296,92,0.14935064935064934,1.6041666666666667,0.6694872179390687,0.6832785523983743,0.6768004260439768,0.6785714285714286,0.5606060606060606,0.6205053449951409,1.4721768529199823,1.2454470796562114,1.497561022858453e-10,0.7096101832955553,0.3979591836734694,1.39638474101996,1.5969369915880528e-10,2.4520744757345287,-0.4610232236075193,0.6931471805599453,True,0.989379356123465,0.9180023853296921,0.8695652173913043,0.8695652173913043,0.720214568040655,1,80,0.9030243942914039,0.597358278123122,0.6086956521739131,0.6086956521739131,0.45934500282326374,1,56,0.025991536674410887,0.08044575441739181,0.0,0.0,-0.14935064935064934,1,0,0.7949925323597743,0.30399151922142187,0.32608695652173914,0.32608695652173914,0.1767363071710898,1,30,0.24036350226403427,0.012036832598719982,0.22832666966531429,1.0,-0.2577396375592449,0.015082560204008845,-0.2728221977632537,0.0,0.9740084633255891
cat,n1000,4,384,0.1,616,264,2058,120,296,92,0.14935064935064934,1.6041666666666667,0.6901769871007297,0.691770664703572,0.6909788648207451,0.6737012987012987,0.571969696969697,0.6190476190476191,0.17148852668405531,1.0250844254465727,7.324460950672656e-12,0.6950158299849236,0.39310009718172984,0.16254346426519176,8.143627167440196e-12,0.2964362463737077,-0.5748253862505005,0.6931471805599453,True,0.9889230003318952,0.9111296165917632,0.8695652173913043,0.8695652173913043,0.720214568040655,1,80,0.8651261201460339,0.45581791964774515,0.5217391304347826,0.5217391304347826,0.37238848108413325,1,48,0.023751244606704282,0.08039623957258103,0.0,0.0,-0.14935064935064934,1,0,0.8529912047792897,0.42118541187575426,0.4891304347826087,0.4891304347826087,0.33977978543195936,1,45,0.02911010848483299,0.001224253889932687,0.0278858545949003,1.0,-0.03115259727231203,0.0015828576140866685,-0.0327354548863987,0.0,0.9762487553932957
cat,n1000,4,384,1.0,616,264,2058,120,296,92,0.14935064935064934,1.6041666666666667,0.6928421310244859,0.6930042612505303,0.6929232098082009,0.6737012987012987,0.571969696969697,0.6205053449951409,0.017456888656811585,1.0025092674061553,1.7868404165959867e-12,0.6933364645882026,0.3935860058309038,0.016544737539115912,1.9528335777662377e-12,0.030288379791314254,-0.586723685593385,0.6931471805599453,True,0.988860769996681,0.9102875535960796,0.8695652173913043,0.8695652173913043,0.720214568040655,1,80,0.8596291072021242,0.43777894480269197,0.5108695652173914,0.5108695652173914,0.361518915866742,1,47,0.02350232326584799,0.08038579439107883,0.0,0.0,-0.14935064935064934,1,0,0.8583015267175572,0.43430426503338576,0.5108695652173914,0.5108695652173914,0.361518915866742,1,47,0.0029746469830134277,0.0001225966719263586,0.002852050311087069,1.0,-0.003182747791120078,0.00015913345489981828,-0.0033418812460198964,0.0,0.976497676734152
cat,n3000,0,32,1e-06,1835,787,2058,378,296,275,0.14986376021798364,57.34375,0.6395340563593543,0.6640635974337722,0.646846227839181,0.626158038147139,0.5857687420584498,0.6137026239067055,9.888753277236237,5.90428476255967,5.711116592711579e-10,0.9566744832555093,0.6209912536443148,40.725409259322106,3.043754851756295e-10,33.40914735316833,0.7948073991906516,0.6931471805599453,True,0.32916083916083916,0.10674488740035692,0.04363636363636364,0.04363636363636364,-0.10622739658162,1,12,0.6022797202797203,0.19572987057491886,0.20363636363636364,0.20363636363636364,0.05377260341838,1,56,0.24286247086247087,0.09639584112940315,0.0,0.0,-0.14986376021798364,1,0,0.2860932400932401,0.09895645456544926,0.007272727272727273,0.007272727272727273,-0.14259103294525638,1,2,4.020602436588554,2.0429878395989003,1.9776145969896537,1.0,0.6405204387122081,0.3925549937726519,0.2479654449395562,0.9381818181818182,0.7571375291375291
cat,n3000,0,32,1e-05,1835,787,2058,378,296,275,0.14986376021798364,57.34375,0.639543165132058,0.6636091185449485,0.6466249114858756,0.626158038147139,0.5857687420584498,0.6132167152575316,9.717898045034982,5.743447312078168,2.8133563558340963e-10,0.9192407499767575,0.6205053449951409,37.85292916477549,8.113218136251976e-10,30.6579241223777,0.7983852522413654,0.6931471805599453,True,0.327004662004662,0.10635938687110742,0.03636363636363636,0.03636363636363636,-0.11350012385434728,1,10,0.6026620046620047,0.19545305182510178,0.2,0.2,0.05013623978201637,1,55,0.2424848484848485,0.09638374658511273,0.0,0.0,-0.14986376021798364,1,0,0.29207925407925406,0.09953181784076001,0.007272727272727273,0.007272727272727273,-0.14259103294525638,1,2,3.7545185904287104,1.9054588215338888,1.8490597688948216,1.0,0.6372133183949196,0.3890339532324493,0.24817936516247024,0.9381818181818182,0.7575151515151515
cat,n3000,0,32,0.0001,1835,787,2058,378,296,275,0.14986376021798364,57.34375,0.640122146986307,0.6606719273826401,0.6454621623350276,0.6277929155313352,0.5883100381194409,0.6161321671525753,8.446009170451694,4.625204027137357,7.189668707192637e-10,0.7741296158560317,0.6185617103984451,25.89952615273514,1.2536098659816319e-09,19.460416647825124,0.8306666014426611,0.6931471805599453,True,0.3111515151515152,0.10323663361182131,0.02909090909090909,0.02909090909090909,-0.12077285112707456,1,8,0.6062237762237762,0.19457650755104028,0.1890909090909091,0.1890909090909091,0.039227148872925444,1,52,0.2401188811188811,0.09628126365107219,0.0,0.0,-0.14986376021798364,1,0,0.3369020979020979,0.10485156759919802,0.01818181818181818,0.01818181818181818,-0.13168194203616546,1,5,2.620727825317511,1.3214135774078433,1.2993142479096675,1.0,0.6067346744557526,0.35979698343005173,0.24693769102570085,0.9563636363636364,0.7598811188811189
cat,n3000,0,32,0.001,1835,787,2058,378,296,275,0.14986376021798364,57.34375,0.6494873486877738,0.6600195741313419,0.650639160986998,0.6212534059945504,0.6035578144853876,0.6185617103984451,4.7294015907565425,2.282941206322316,8.601889633606315e-10,0.6490637684015549,0.6175898931000972,10.733378573916376,5.715219760482127e-11,6.554078586090856,0.931955555235911,0.6931471805599453,True,0.26951748251748253,0.09829719536555104,0.01090909090909091,0.01090909090909091,-0.13895466930889272,1,3,0.6302097902097902,0.19836105377200733,0.1709090909090909,0.1709090909090909,0.021045330691107256,1,47,0.2374079254079254,0.09607434285599858,0.0,0.0,-0.14986376021798364,1,0,0.507,0.1417285139709753,0.11272727272727273,0.11272727272727273,-0.03713648749071091,1,31,1.1084334067343609,0.553321671853473,0.5551117348808878,1.0,0.4224362600084844,0.23150488173748668,0.1909313782709977,0.9890909090909091,0.7625920745920746
cat,n3000,0,32,0.01,1835,787,2058,378,296,275,0.14986376021798364,57.34375,0.6778793968992606,0.6805122457751952,0.6779293887555592,0.615258855585831,0.6060991105463787,0.6137026239067055,1.1692452081648341,1.2026847064429949,3.033071559261162e-11,0.6647335836714405,0.6166180758017493,2.4009107511756693,5.004737267839615e-11,1.2851099663212118,0.9760428438474645,0.6931471805599453,True,0.2513682983682984,0.09722838955778935,0.0,0.0,-0.14986376021798364,1,0,0.6600419580419581,0.21151617292648467,0.2109090909090909,0.2109090909090909,0.061045330691107264,1,58,0.23696037296037295,0.0960311357668882,0.0,0.0,-0.14986376021798364,1,0,0.6468368298368299,0.2023107700023593,0.20363636363636364,0.20363636363636364,0.05377260341838,1,56,0.24895159913079945,0.12398624269159239,0.12496535643920706,1.0,0.11373382259574988,0.05974684504048648,0.053986977555263396,1.0,0.763039627039627
cat,n3000,0,32,0.1,1835,787,2058,378,296,275,0.14986376021798364,57.34375,0.691134257719449,0.6914613662568461,0.6911387207840098,0.6114441416893733,0.6048284625158831,0.6156462585034014,0.14104048789902068,1.0212697250169491,1.7805184148826348e-12,0.6890033435579452,0.6175898931000972,0.29014355762439725,1.994070354278658e-12,0.15407448075448954,0.9815842257706107,0.6931471805599453,True,0.24893939393939393,0.09706660519080361,0.0,0.0,-0.14986376021798364,1,0,0.6686130536130536,0.21344014794505622,0.21454545454545454,0.21454545454545454,0.0646816943274709,1,59,0.236997668997669,0.09603869436963917,0.0,0.0,-0.14986376021798364,1,0,0.6673146853146853,0.2127962739631816,0.2109090909090909,0.2109090909090909,0.061045330691107264,1,58,0.03008726632353852,0.014984771316490694,0.015102495007047826,1.0,0.013868712472625484,0.007236051125672285,0.006632661346953199,1.0,0.7630023310023311
cat,n3000,0,32,1.0,1835,787,2058,378,296,275,0.14986376021798364,57.34375,0.6929394112748477,0.6929729581868544,0.6929398616737621,0.6114441416893733,0.6048284625158831,0.6161321671525753,0.014405622591593741,1.0021337667819736,3.5868939266097327e-13,0.6927146078586374,0.6171039844509232,0.029650902868281332,7.4170160206970785e-09,0.015737769697578282,0.9821383685948588,0.6931471805599453,True,0.24865734265734266,0.09704396222066701,0.0,0.0,-0.14986376021798364,1,0,0.6695547785547785,0.21380928017469186,0.21454545454545454,0.21454545454545454,0.0646816943274709,1,59,0.23702331002331004,0.09604066286435743,0.0,0.0,-0.14986376021798364,1,0,0.6694055944055944,0.21374541877381056,0.21454545454545454,0.21454545454545454,0.0646816943274709,1,59,0.003074721465092078,0.0015313567995651459,0.0015433646655269322,1.0,0.0014180858922249668,0.0007393554951225666,0.0006787303971024002,1.0,0.76297668997669
cat,n3000,0,64,1e-06,1835,787,2058,378,296,275,0.14986376021798364,28.671875,0.6297398837746326,0.6680325777483362,0.649589886083035,0.6425068119891009,0.5844980940279543,0.6103012633624878,14.229087194501696,9.175929019656316,9.593865432088133e-10,0.9800089148219618,0.6185617103984451,44.24936132790897,3.417366828796624e-10,36.364545928302086,0.6655459035150951,0.6931471805599453,True,0.3912004662004662,0.13476624185060918,0.09454545454545454,0.09454545454545454,-0.0553183056725291,1,26,0.6128251748251748,0.21907562103481815,0.2290909090909091,0.2290909090909091,0.07922714887292545,1,63,0.2481188811188811,0.09647758775463941,0.0,0.0,-0.14986376021798364,1,0,0.28847086247086245,0.09907297714180836,0.014545454545454545,0.014545454545454545,-0.1353183056725291,1,4,4.148221097456174,2.1429455994935025,2.0052754979626717,1.0,0.5900310568161057,0.4371814528166508,0.1528496039994549,0.8472727272727273,0.7518811188811189
cat,n3000,0,64,1e-05,1835,787,2058,378,296,275,0.14986376021798364,28.671875,0.6297767702209962,0.6669939435865694,0.6488750766640202,0.6452316076294278,0.5844980940279543,0.6117589893100097,13.739623678963502,8.718399122157047,2.2393687859815455e-09,0.9347981361138634,0.6185617103984451,40.4616603308462,4.961640428962797e-10,32.86882450933014,0.6705577064116732,0.6931471805599453,True,0.38735198135198134,0.13344943276336746,0.08727272727272728,0.08727272727272728,-0.06259103294525636,1,24,0.613039627039627,0.21823248937934198,0.22545454545454546,0.22545454545454546,0.07559078523656182,1,62,0.24663869463869464,0.09640975753903165,0.0,0.0,-0.14986376021798364,1,0,0.2937668997668998,0.09962504983182725,0.014545454545454545,0.014545454545454545,-0.1353183056725291,1,4,3.837750325340373,1.9776372564223061,1.860113068918067,1.0,0.5882574612321976,0.43082784409274566,0.15742961713945192,0.850909090909091,0.7533613053613053
cat,n3000,0,64,0.0001,1835,787,2058,378,296,275,0.14986376021798364,28.671875,0.6315325523516969,0.6613551238518084,0.6455386203948748,0.6430517711171662,0.5972045743329097,0.6122448979591837,10.687559677698163,6.156950170767732,3.5139396596182757e-10,0.7766634019318106,0.6141885325558795,26.60504953796072,5.265760126225603e-10,20.23843539363097,0.7252829264378645,0.6931471805599453,True,0.3583636363636364,0.11937065573627582,0.08,0.08,-0.06986376021798364,1,22,0.6150792540792541,0.20989502021644207,0.22181818181818183,0.22181818181818183,0.07195442160019819,1,61,0.24175291375291375,0.09623589998402547,0.0,0.0,-0.14986376021798364,1,0,0.33407459207459206,0.10450024222147006,0.02909090909090909,0.02909090909090909,-0.12077285112707456,1,8,2.6334177896842856,1.3419504370515571,1.2914673526327285,1.0,0.5696952367998959,0.38579802583944256,0.1838972109604533,0.9090909090909091,0.7582470862470863
cat,n3000,0,64,0.001,1835,787,2058,378,296,275,0.14986376021798364,28.671875,0.6464519877417139,0.6594586189017161,0.650089394377709,0.6299727520435967,0.5997458703939009,0.6180758017492711,5.007075371440516,2.473279260705122,6.424861066827724e-10,0.649221579318773,0.6166180758017493,10.806056549693285,2.2990232663058554e-10,6.669863231113018,0.8996530479029048,0.6931471805599453,True,0.28607692307692306,0.09952007213015017,0.01090909090909091,0.01090909090909091,-0.13895466930889272,1,3,0.6317249417249418,0.20155166077516723,0.20363636363636364,0.20363636363636364,0.05377260341838,1,56,0.23808857808857808,0.09610649171207876,0.0,0.0,-0.14986376021798364,1,0,0.5008554778554779,0.1397098407748145,0.10545454545454545,0.10545454545454545,-0.04440921476343819,1,29,1.1103719106051917,0.5576314754365479,0.5527404351686438,1.0,0.412331004873623,0.23762132750728787,0.17470967736633514,0.9781818181818182,0.7619114219114219
cat,n3000,0,64,0.01,1835,787,2058,378,296,275,0.14986376021798364,28.671875,0.6774717524372577,0.6803881828681972,0.6778299968590635,0.620708446866485,0.6073697585768743,0.6209912536443148,1.18632936924048,1.2154126447064453,5.292827702401773e-11,0.6647384481725138,0.619533527696793,2.406578427895909,7.886466846566414e-11,1.2934885467845958,0.9677574081745901,0.6931471805599453,True,0.25731235431235433,0.09755566114456007,0.0,0.0,-0.14986376021798364,1,0,0.6586200466200466,0.210097958440453,0.21454545454545454,0.21454545454545454,0.0646816943274709,1,59,0.23717249417249417,0.09605156814496268,0.0,0.0,-0.14986376021798364,1,0,0.6445081585081585,0.20026856270766893,0.19636363636363635,0.19636363636363635,0.04649987614565271,1,54,0.24925455864938675,0.12459424705199977,0.12466031159738698,1.0,0.11255842826071723,0.06051066089342715,0.052047767367290075,1.0,0.7628275058275058
cat,n3000,0,64,0.1,1835,787,2058,378,296,275,0.14986376021798364,28.671875,0.6910920774676392,0.6914472914140938,0.6911278849958247,0.6185286103542235,0.6048284625158831,0.6190476190476191,0.14252610033252414,1.0223745193112364,5.117884780385872e-10,0.6890036094373035,0.6190476190476191,0.29064126338411334,3.703926771059345e-12,0.15480706901096156,0.9755319529698069,0.6931471805599453,True,0.25382983682983684,0.09734464812686153,0.0,0.0,-0.14986376021798364,1,0,0.6665477855477856,0.2131639484517158,0.22181818181818183,0.22181818181818183,0.07195442160019819,1,61,0.23707459207459208,0.09604893161409628,0.0,0.0,-0.14986376021798364,1,0,0.6650349650349651,0.21181874204542758,0.22181818181818183,0.22181818181818183,0.07195442160019819,1,61,0.03011874333360149,0.015047408662844233,0.015071334670757257,1.0,0.013748825047216579,0.00731427408552029,0.006434550961696289,1.0,0.762925407925408
cat,n3000,0,64,1.0,1835,787,2058,378,296,275,0.14986376021798364,28.671875,0.6929351788567018,0.6929715310714671,0.6929387680159869,0.6174386920980927,0.6048284625158831,0.619533527696793,0.014551764353466279,1.0022423890149281,5.316377305075477e-13,0.6927146329234023,0.6190476190476191,0.029699842800448635,5.734709339994108e-13,0.01580981562145836,0.9762995199325446,0.6931471805599453,True,0.2535174825174825,0.09732439356838853,0.0,0.0,-0.14986376021798364,1,0,0.6675804195804196,0.2132674395899021,0.22545454545454546,0.22545454545454546,0.07559078523656182,1,62,0.23707692307692307,0.0960503594484556,0.0,0.0,-0.14986376021798364,1,0,0.6674335664335664,0.21315455405238173,0.22545454545454546,0.22545454545454546,0.07559078523656182,1,62,0.003077877265713026,0.0015376356262632015,0.0015402416394498244,1.0,0.0014060716880641816,0.0007471958992375994,0.0006588757888265822,1.0,0.7629230769230769
cat,n3000,0,128,1e-06,1835,787,2058,378,296,275,0.14986376021798364,14.3359375,0.6018828661939375,0.6870217828265917,0.682502821368526,0.659400544959128,0.5806861499364676,0.5894071914480078,27.238341461699733,17.66161822017999,2.736143404375837e-09,1.048629446368012,0.6107871720116618,56.92364550250642,1.4982004580073559e-09,48.105274231104076,0.5379249044633783,0.6931471805599453,True,0.5257668997668997,0.21085081717269102,0.19272727272727272,0.19272727272727272,0.042863512509289076,1,53,0.678951048951049,0.31042575507968906,0.3054545454545455,0.3054545454545455,0.15559078523656183,1,84,0.25886013986013984,0.09704384359379736,0.0036363636363636364,0.0036363636363636364,-0.14622739658162,1,1,0.29445920745920745,0.09981994145863761,0.01818181818181818,0.01818181818181818,-0.13168194203616546,1,5,4.511532937292992,2.427087593590409,2.0844453437025834,0.9963636363636363,0.3661746499151563,0.5660714409518133,-0.19989679103665697,0.6981818181818182,0.7411398601398602
cat,n3000,0,128,1e-05,1835,787,2058,378,296,275,0.14986376021798364,14.3359375,0.6021732588325561,0.681690839072088,0.676318408511691,0.662125340599455,0.5832274459974587,0.5898931000971818,25.12996136280315,15.802552508557577,6.282260758743096e-10,0.9695117275037874,0.6141885325558795,48.04919277245037,6.096255366272102e-10,40.441224096434915,0.540279497134327,0.6931471805599453,True,0.5165757575757576,0.20470866051272815,0.18545454545454546,0.18545454545454546,0.03559078523656181,1,51,0.6769370629370629,0.30580525536750675,0.3018181818181818,0.3018181818181818,0.15195442160019818,1,83,0.25475757575757574,0.09683658415318877,0.0036363636363636364,0.0036363636363636364,-0.14622739658162,1,1,0.29673659673659675,0.10000833646302243,0.01818181818181818,0.01818181818181818,-0.13168194203616546,1,5,4.022852308924853,2.144148684962635,1.8787036239622181,0.9963636363636363,0.38033171986291314,0.544369192123665,-0.16403747226075183,0.7054545454545454,0.7452424242424243
cat,n3000,0,128,0.0001,1835,787,2058,378,296,275,0.14986376021798364,14.3359375,0.6102479695029596,0.6632206552445792,0.654492386629724,0.6648501362397821,0.5819567979669632,0.5962099125364432,15.704268564504387,8.610652084133902,1.0395675793519188e-09,0.779148196892804,0.6175898931000972,27.839348827419805,6.689488829338828e-10,22.445841867820292,0.5922250590639738,0.6931471805599453,True,0.4541142191142191,0.16137910947320305,0.13818181818181818,0.13818181818181818,-0.01168194203616546,1,38,0.6601655011655012,0.27269795189047713,0.2727272727272727,0.2727272727272727,0.12286351250928906,1,75,0.2446130536130536,0.09639287148623943,0.0,0.0,-0.14986376021798364,1,0,0.3314172494172494,0.10416959764049397,0.014545454545454545,0.014545454545454545,-0.1353183056725291,1,4,2.647917685024871,1.3725453999443966,1.2753722850804745,1.0,0.44222288026962786,0.4398169571075087,0.0024059231621191834,0.8181818181818182,0.7553869463869464
cat,n3000,0,128,0.001,1835,787,2058,378,296,275,0.14986376021798364,14.3359375,0.6408264832870048,0.6586893873906952,0.6505878027987309,0.6414168937329701,0.6010165184243964,0.6122448979591837,5.506325570931959,2.667697175142572,4.492732359110819e-10,0.6493470914353183,0.6161321671525753,10.890371942921814,4.876294449821835e-11,6.964097282012533,0.8373185033836162,0.6931471805599453,True,0.31952447552447555,0.10358390441544738,0.025454545454545455,0.025454545454545455,-0.12440921476343819,1,7,0.6392097902097902,0.21536111993055548,0.2290909090909091,0.2290909090909091,0.07922714887292545,1,63,0.23834265734265733,0.09610550985175736,0.0,0.0,-0.14986376021798364,1,0,0.4926946386946387,0.13768407603114896,0.09818181818181818,0.09818181818181818,-0.05168194203616547,1,27,1.1141096558350336,0.5621088118069858,0.5520008440280478,1.0,0.38408997839832015,0.24690973994259827,0.1371802384557219,0.9636363636363636,0.7616573426573426
cat,n3000,0,128,0.01,1835,787,2058,378,296,275,0.14986376021798364,14.3359375,0.6767971294495931,0.680285662870882,0.6778524163462503,0.6239782016348774,0.6010165184243964,0.6161321671525753,1.2142071529425478,1.2266766183555227,7.98871660998051e-11,0.6647099675391872,0.6180758017492711,2.4128670063644795,1.4084372489224148e-10,1.3159949703041112,0.9496441162349405,0.6931471805599453,True,0.26985780885780886,0.09867644583861102,0.0,0.0,-0.14986376021798364,1,0,0.6572587412587413,0.21186239233642243,0.2109090909090909,0.2109090909090909,0.061045330691107264,1,58,0.2372004662004662,0.0960427434390628,0.0,0.0,-0.14986376021798364,1,0,0.6408671328671328,0.19929120141695011,0.19636363636363635,0.19636363636363635,0.04649987614565271,1,54,0.2500209943057868,0.12518928826606296,0.12483170603972382,1.0,0.10933081217226051,0.06154173564323024,0.04778907652903027,1.0,0.7627995337995338
cat,n3000,0,128,0.1,1835,787,2058,378,296,275,0.14986376021798364,14.3359375,0.6910231309282284,0.6914370063699254,0.6911297581176278,0.6228882833787466,0.5997458703939009,0.6175898931000972,0.14492268594564336,1.023337906748291,4.173651677581448e-12,0.6889990255998978,0.6161321671525753,0.2911869950556234,7.315594579561401e-10,0.15676014417542722,0.9623160578031538,0.6931471805599453,True,0.2640769230769231,0.09826656502511666,0.0,0.0,-0.14986376021798364,1,0,0.6644125874125875,0.21278769237927783,0.21454545454545454,0.21454545454545454,0.0646816943274709,1,59,0.23711888111888113,0.09604239380027323,0.0,0.0,-0.14986376021798364,1,0,0.6626806526806527,0.21130319987245913,0.2109090909090909,0.2109090909090909,0.061045330691107264,1,58,0.030197998925414773,0.015108266067857633,0.01508973285755714,1.0,0.013421370357181496,0.00741888493632579,0.006002485420855706,1.0,0.7628811188811189
cat,n3000,0,128,1.0,1835,787,2058,378,296,275,0.14986376021798364,14.3359375,0.6929282688025781,0.6929705033146666,0.6929389516059035,0.6228882833787466,0.5997458703939009,0.6171039844509232,0.014787269124738286,1.002336940510728,6.952952561054288e-13,0.6927141541712521,0.6171039844509232,0.02975341697142158,7.602892133004817e-13,0.016001668052369303,0.9635569822365581,0.6931471805599453,True,0.2633962703962704,0.09821699983683983,0.0,0.0,-0.14986376021798364,1,0,0.6653216783216783,0.21304200029270567,0.21454545454545454,0.21454545454545454,0.0646816943274709,1,59,0.2371048951048951,0.09604170870167199,0.0,0.0,-0.14986376021798364,1,0,0.6651468531468532,0.21288366630036068,0.21454545454545454,0.21454545454545454,0.0646816943274709,1,59,0.003085815097789944,0.001543730906987772,0.001542084190802172,1.0,0.0013732784829767696,0.0007576727361495782,0.0006156057468271914,1.0,0.7628951048951049
cat,n3000,0,256,1e-06,1835,787,2058,378,296,275,0.14986376021798364,7.16796875,0.5571300936855635,0.775529016238979,0.750682039286076,0.7019073569482289,0.5705209656925032,0.5796890184645287,56.667527820811294,58.82752598339261,7.820077504344081e-10,1.2087660268889764,0.6132167152575316,96.04672771029776,6.348238475735478e-10,79.1181964188039,0.5674076163187028,0.6931471805599453,False,0.653044289044289,0.30003359056029416,0.31636363636363635,0.31636363636363635,0.1664998761456527,1,87,0.7522517482517482,0.4057372241157158,0.41454545454545455,0.41454545454545455,0.2646816943274709,1,114,0.2711072261072261,0.09788708416351417,0.0036363636363636364,0.0036363636363636364,-0.14622739658162,1,1,0.29544988344988343,0.10042714016303687,0.01818181818181818,0.01818181818181818,-0.13168194203616546,1,5,5.156188140099094,2.9743446529358524,2.181843487163242,0.9890909090909091,0.08092652622408365,0.8110998137311118,-0.7301732875070281,0.5345454545454545,0.728892773892774
cat,n3000,0,256,1e-05,1835,787,2058,378,296,275,0.14986376021798364,7.16796875,0.5599037822707346,0.7378575106413192,0.7152222161016153,0.6980926430517711,0.5717916137229987,0.5889212827988338,45.363108141532194,40.63046115291394,8.939507409616578e-10,1.0115524411252719,0.6146744412050534,63.010094271913125,6.292648351361041e-10,53.13678258295012,0.5605653871351947,0.6931471805599453,False,0.6335431235431236,0.28062596008014906,0.29454545454545455,0.29454545454545455,0.1446816943274709,1,81,0.7464032634032634,0.3948854320260503,0.3890909090909091,0.3890909090909091,0.23922714887292545,1,107,0.25886013986013984,0.0971408082864304,0.0036363636363636364,0.0036363636363636364,-0.14622739658162,1,1,0.29173426573426575,0.09991584921236224,0.01818181818181818,0.01818181818181818,-0.13168194203616546,1,5,4.192527983637171,2.346815401953118,1.8457125816840527,0.9963636363636363,0.15036939281368125,0.7186824976033788,-0.5683131047896975,0.5890909090909091,0.7411398601398602
cat,n3000,0,256,0.0001,1835,787,2058,378,296,275,0.14986376021798364,7.16796875,0.5879170401928805,0.6732904869331197,0.6572336450232439,0.6795640326975477,0.5832274459974587,0.6015549076773566,20.53383035941683,12.714772320043012,1.3274770905565206e-09,0.7791469239626047,0.6224489795918368,29.333751019881703,1.2648072002152854e-09,24.524518245589945,0.5650144612041683,0.6931471805599453,True,0.526990675990676,0.19315201827048545,0.17454545454545456,0.17454545454545456,0.024681694327470916,1,48,0.701006993006993,0.32341153485438107,0.33454545454545453,0.33454545454545453,0.1846816943274709,1,92,0.2446899766899767,0.0963958660109284,0.0,0.0,-0.14986376021798364,1,0,0.32236130536130536,0.10313643376190709,0.014545454545454545,0.014545454545454545,-0.1353183056725291,1,4,2.649417150189103,1.400967041914502,1.2484501082746011,1.0,0.3478843628290288,0.4910589726359016,-0.1431746098068728,0.7454545454545455,0.7553100233100233
cat,n3000,0,256,0.001,1835,787,2058,378,296,275,0.14986376021798364,7.16796875,0.6368253523965051,0.6594182482225516,0.6500227080089614,0.649591280653951,0.6035578144853876,0.6132167152575316,5.846252118458794,2.8615031413541447,5.027179477077663e-10,0.6492002592944501,0.620019436345967,10.968779484573954,1.476299755299896e-10,7.122002566095146,0.8091059915333728,0.6931471805599453,True,0.33839160839160837,0.10614990555072173,0.02909090909090909,0.02909090909090909,-0.12077285112707456,1,8,0.6432447552447552,0.22186553372977894,0.23636363636363636,0.23636363636363636,0.08649987614565272,1,65,0.23839393939393938,0.09613527887992497,0.0,0.0,-0.14986376021798364,1,0,0.4802773892773893,0.1337155355016024,0.08,0.08,-0.06986376021798364,1,22,1.1152261916032022,0.5663503004414763,0.548875891161726,1.0,0.36911044977634766,0.25400365424860594,0.11510679552774172,0.9490909090909091,0.7616060606060606
cat,n3000,0,256,0.01,1835,787,2058,378,296,275,0.14986376021798364,7.16796875,0.6763554529194193,0.6803561204016121,0.6777564685630065,0.6267029972752044,0.6035578144853876,0.619533527696793,1.2321896236906869,1.2367507973416125,1.1999849036237735e-10,0.6646652375413177,0.6180758017492711,2.4180476048265716,2.367821996028848e-10,1.3265153463799957,0.9406973279007975,0.6931471805599453,True,0.2763333333333333,0.09936124179128747,0.0,0.0,-0.14986376021798364,1,0,0.6558438228438228,0.21276796591192615,0.21454545454545454,0.21454545454545454,0.0646816943274709,1,59,0.23726806526806526,0.09607151350889867,0.0,0.0,-0.14986376021798364,1,0,0.6367039627039627,0.19740983239315804,0.2,0.2,0.05013623978201637,1,55,0.25032885537610083,0.12573226903841705,0.12459658633768378,1.0,0.10776443215362776,0.062308664775811304,0.04545576737781645,1.0,0.7627319347319348
cat,n3000,0,256,0.1,1835,787,2058,378,296,275,0.14986376021798364,7.16796875,0.6909784937892133,0.6914441950074427,0.691119279273201,0.623433242506812,0.6035578144853876,0.6253644314868805,0.14645403877002686,1.0241856474296906,7.722322201464279e-10,0.6889930911259391,0.6171039844509232,0.29162932872483716,8.750357054255039e-10,0.15766230325598252,0.9557303780011301,0.6931471805599453,True,0.2692447552447552,0.0988107672513979,0.0,0.0,-0.14986376021798364,1,0,0.6624498834498834,0.21236001420732925,0.22181818181818183,0.22181818181818183,0.07195442160019819,1,61,0.23713986013986013,0.09606571358853913,0.0,0.0,-0.14986376021798364,1,0,0.6606853146853147,0.21108076499682651,0.22181818181818183,0.22181818181818183,0.07195442160019819,1,61,0.030229806873373642,0.015163354790974004,0.015066452082399638,1.0,0.013263754006124527,0.00749615189174039,0.005767602114384137,1.0,0.7628601398601399
cat,n3000,0,256,1.0,1835,787,2058,378,296,275,0.14986376021798364,7.16796875,0.6929238004762639,0.6929712243751986,0.692937893406536,0.6239782016348774,0.6035578144853876,0.6253644314868805,0.014937586270194318,1.0024200082523724,7.948195737338432e-13,0.6927135430753448,0.6171039844509232,0.029796768608007767,9.093197857101162e-13,0.016090181017714318,0.9572013848685236,0.6931471805599453,True,0.2685757575757576,0.09876003846318758,0.0,0.0,-0.14986376021798364,1,0,0.6634592074592075,0.21300272668100872,0.22181818181818183,0.22181818181818183,0.07195442160019819,1,61,0.23712587412587413,0.09606597604933187,0.0,0.0,-0.14986376021798364,1,0,0.6632727272727272,0.2126620352216677,0.22181818181818183,0.22181818181818183,0.07195442160019819,1,61,0.0030889981827454285,0.001549243620290853,0.0015397545624545755,1.0,0.001357505936948291,0.0007654047455222934,0.0005921011914259976,1.0,0.7628741258741258
cat,n3000,0,384,1e-06,1835,787,2058,378,296,275,0.14986376021798364,4.778645833333333,0.5027590101635911,0.8875530120113161,0.8443509018352707,0.735149863760218,0.5692503176620076,0.5860058309037901,129.84044181174048,1151.4721788650638,1.2654728551807968e-09,1.4225099175073945,0.6025267249757046,185.11845203531365,7.122958927758031e-10,148.19022578005584,0.606740026272932,0.6931471805599453,False,0.7453053613053613,0.4184950018975123,0.4218181818181818,0.4218181818181818,0.27195442160019817,1,116,0.8153146853146853,0.5179714753917916,0.4909090909090909,0.4909090909090909,0.34104533069110726,1,135,0.2902610722610723,0.09931249021376062,0.014545454545454545,0.014545454545454545,-0.1353183056725291,1,4,0.3110769230769231,0.10163526582959706,0.02181818181818182,0.02181818181818182,-0.12804557839980182,1,6,6.020244852261549,3.646541050386571,2.3737038018749783,0.9854545454545455,-0.25182312143181557,1.0971185911591275,-1.348941712590943,0.44363636363636366,0.7097389277389277
cat,n3000,0,384,1e-05,1835,787,2058,378,296,275,0.14986376021798364,4.778645833333333,0.5245849250260174,0.7652583666212792,0.7337644317479056,0.7253405994550409,0.5705209656925032,0.5860058309037901,66.40207469486585,131.21502544920088,1.221270965932582e-09,1.0336124647796672,0.6141885325558795,76.00139203230489,2.5812219415595625e-09,65.48711872598842,0.5842374908419928,0.6931471805599453,False,0.6993496503496504,0.3582783100625721,0.36727272727272725,0.36727272727272725,0.2174089670547436,1,101,0.7927645687645688,0.4704404734674473,0.44,0.44,0.29013623978201636,1,121,0.2632820512820513,0.0973093380104533,0.0036363636363636364,0.0036363636363636364,-0.14622739658162,1,1,0.29283682983682985,0.09982606330187734,0.014545454545454545,0.014545454545454545,-0.1353183056725291,1,4,4.286637602063485,2.452851101743623,1.833786500319862,0.9963636363636363,-0.007256867080039193,0.8209104734641794,-0.8281673405442186,0.5381818181818182,0.7367179487179487
cat,n3000,0,384,0.0001,1835,787,2058,378,296,275,0.14986376021798364,4.778645833333333,0.5790586983835192,0.6748820916108805,0.6568950896440421,0.6926430517711172,0.5870393900889453,0.6039844509232264,22.431472112063894,16.410442198102864,1.651703499723387e-09,0.779631649336225,0.6175898931000972,30.064765166087895,7.417359843656783e-10,25.459195806205784,0.5626437102131445,0.6931471805599453,True,0.5521491841491841,0.21321773038458422,0.1890909090909091,0.1890909090909091,0.039227148872925444,1,52,0.7168205128205128,0.34544247355452357,0.34545454545454546,0.34545454545454546,0.19559078523656181,1,95,0.24518648018648018,0.09638937479440146,0.0,0.0,-0.14986376021798364,1,0,0.3191048951048951,0.10274639896301964,0.014545454545454545,0.014545454545454545,-0.1353183056725291,1,4,2.653743197158331,1.412677860369884,1.241065336788447,1.0,0.31496921829603824,0.507787133734665,-0.19281791543862675,0.7236363636363636,0.7548135198135199
cat,n3000,0,384,0.001,1835,787,2058,378,296,275,0.14986376021798364,4.778645833333333,0.6357149266633775,0.6594612849166165,0.6498022362115391,0.6490463215258856,0.6060991105463787,0.6146744412050534,5.939313377831945,2.9583568862136307,3.5167799013438103e-10,0.6491463665523598,0.620019436345967,10.994815304842971,2.0961005293100987e-10,7.165014272634456,0.8026134993429522,0.6931471805599453,True,0.3437039627039627,0.10697977394788066,0.02909090909090909,0.02909090909090909,-0.12077285112707456,1,8,0.6439324009324009,0.2235741974590034,0.24,0.24,0.09013623978201635,1,66,0.23834731934731934,0.0961168116109318,0.0,0.0,-0.14986376021798364,1,0,0.475969696969697,0.13246501646010791,0.07636363636363637,0.07636363636363637,-0.07350012385434727,1,21,1.1156257052564702,0.5676729093952282,0.547952795861242,1.0,0.365315188790591,0.25596846595648953,0.10934672283410146,0.9527272727272728,0.7616526806526807
cat,n3000,0,384,0.01,1835,787,2058,378,296,275,0.14986376021798364,4.778645833333333,0.6762405533053397,0.680352919559081,0.6777284675572359,0.6299727520435967,0.6035578144853876,0.6205053449951409,1.2368378255404524,1.2411993554745038,1.3068344699920644e-10,0.6646559655097559,0.6180758017492711,2.4194356579005545,2.6496460380763737e-10,1.3290138062612293,0.938555344135033,0.6931471805599453,True,0.27812587412587414,0.09953770716155881,0.0,0.0,-0.14986376021798364,1,0,0.6552843822843822,0.2128620840754286,0.21454545454545454,0.21454545454545454,0.0646816943274709,1,59,0.2373076923076923,0.09607233232160094,0.0,0.0,-0.14986376021798364,1,0,0.6354289044289044,0.196907974296794,0.2,0.2,0.05013623978201637,1,55,0.2503930219795475,0.12587985070479493,0.12451317127475256,1.0,0.10738432527369636,0.0625122522570285,0.04487207301666786,0.9963636363636363,0.7626923076923077
cat,n3000,0,384,0.1,1835,787,2058,378,296,275,0.14986376021798364,4.778645833333333,0.6909669689324263,0.6914436553437221,0.6911163766174511,0.6256130790190736,0.6048284625158831,0.6234207968901846,0.14684693437650198,1.024555531429621,8.037669344694468e-10,0.6889921590188198,0.6180758017492711,0.2917459055326388,7.184457968326251e-12,0.15787410829475818,0.9541510319824823,0.6931471805599453,True,0.27055477855477855,0.09893484157334197,0.0,0.0,-0.14986376021798364,1,0,0.6618484848484848,0.21230267468702285,0.22181818181818183,0.22181818181818183,0.07195442160019819,1,61,0.2371981351981352,0.0960646339729585,0.0,0.0,-0.14986376021798364,1,0,0.660044289044289,0.2109856435740861,0.22181818181818183,0.22181818181818183,0.07195442160019819,1,61,0.030236348885872635,0.015178204316826756,0.015058144569045879,1.0,0.01322569175626122,0.007516557959379148,0.0057091337968820715,1.0,0.7628018648018648
cat,n3000,0,384,1.0,1835,787,2058,378,296,275,0.14986376021798364,4.778645833333333,0.6929226476694978,0.692971167716168,0.6929376020019694,0.6245231607629428,0.6035578144853876,0.6224489795918368,0.014976123612996066,1.0024562127256136,8.269385773905592e-13,0.6927134501698693,0.6180758017492711,0.02980818284880744,9.495735491142931e-13,0.016110943154354823,0.9556770494026641,0.6931471805599453,True,0.2698135198135198,0.0988779672759876,0.0,0.0,-0.14986376021798364,1,0,0.662941724941725,0.21280818525870152,0.22545454545454546,0.22545454545454546,0.07559078523656182,1,62,0.23717948717948717,0.09606427750079022,0.0,0.0,-0.14986376021798364,1,0,0.6626550116550116,0.21247478036678166,0.22545454545454546,0.22545454545454546,0.07559078523656182,1,62,0.0030896525035090396,0.0015507288639241184,0.0015389236395849212,1.0,0.001353699023242323,0.000767445734713217,0.0005862532885291061,1.0,0.7628205128205128
cat,n3000,1,32,1e-06,1838,788,2058,374,296,275,0.14961915125136016,57.4375,0.6340664149139589,0.6334988545900357,0.640804415628797,0.6420021762785637,0.633248730964467,0.6190476190476191,10.555520072954215,5.534624720880231,1.2094585001009156e-09,0.8542615232752543,0.3979591836734694,10.665193134907298,1.4387473424717209e-09,15.404180542146948,-0.053845217721988144,0.6931471805599453,True,0.9639457918920491,0.8014887275238508,0.7636363636363637,0.7636363636363637,0.6140172123850035,1,210,0.9397010411213866,0.6678710180850398,0.6472727272727272,0.6472727272727272,0.49765357602136706,1,178,0.04736113534578026,0.08072205115649367,0.0,0.0,-0.14961915125136016,1,0,0.35919967428604666,0.10885622439272308,0.05454545454545454,0.05454545454545454,-0.09507369670590562,1,15,1.4132283080804964,0.03941611250524881,1.3738121955752476,0.9927272727272727,-1.4993322177050497,0.050291772837673464,-1.5496239905427232,0.0036363636363636364,0.9526388646542198
cat,n3000,1,32,1e-05,1838,788,2058,374,296,275,0.14961915125136016,57.4375,0.6340774165723315,0.6334365900564944,0.6406428026926871,0.6392818280739935,0.6345177664974619,0.6190476190476191,10.361964946176817,5.388768271661008,7.106147034737506e-10,0.8521944586150587,0.3979591836734694,10.444882370772817,4.111484057944351e-10,15.245309117420296,-0.073702475132215,0.6931471805599453,True,0.9647042400977142,0.8029408877732797,0.7636363636363637,0.7636363636363637,0.6140172123850035,1,210,0.9398057348921073,0.668549069772357,0.6509090909090909,0.6509090909090909,0.5012899396577307,1,179,0.04610248356889432,0.08069206881806205,0.0,0.0,-0.14961915125136016,1,0,0.3623404874076659,0.10927038550993214,0.05454545454545454,0.05454545454545454,-0.09507369670590562,1,15,1.4004977393794156,0.038157664628427145,1.3623400747509884,0.9927272727272727,-1.4863594511715508,0.049035146479677376,-1.5353945976512282,0.0036363636363636364,0.9538975164311057
cat,n3000,1,32,0.0001,1838,788,2058,374,296,275,0.14961915125136016,57.4375,0.6347605980180353,0.6336128584811086,0.6400589781582142,0.6365614798694232,0.6395939086294417,0.6156462585034014,8.942844763642258,4.375596977936786,3.4047742277119653e-10,0.8361039212846084,0.39844509232264336,8.863729030818842,6.470480601222259e-10,13.992551864262087,-0.23497398085526158,0.6931471805599453,True,0.9694270924213343,0.8117023127135323,0.7818181818181819,0.7818181818181819,0.6321990305668217,1,215,0.9397685104402955,0.6713974069296744,0.6545454545454545,0.6545454545454545,0.5049263032940944,1,180,0.037661839120572325,0.08051503677668785,0.0,0.0,-0.14961915125136016,1,0,0.391943232710987,0.11362158142732869,0.05818181818181818,0.05818181818181818,-0.09143733306954198,1,16,1.2966443099805256,0.029023262727173958,1.2676210472533516,1.0,-1.378424017721758,0.03971066694512733,-1.4181346846668852,0.0036363636363636364,0.9623381608794277
cat,n3000,1,32,0.001,1838,788,2058,374,296,275,0.14961915125136016,57.4375,0.6452637020222628,0.6438436409807133,0.6475075939648075,0.6300326441784548,0.6421319796954315,0.6219630709426628,4.955876601485291,2.2361123231308375,1.9721957400962876e-10,0.7759090638484228,0.3867832847424684,4.7489810157188455,1.9846266344537994e-10,8.967911766276757,-0.707656529491559,0.6931471805599453,True,0.9770860233816088,0.8281544985511486,0.8072727272727273,0.8072727272727273,0.6576535760213671,1,222,0.9322003140813122,0.6578194086163287,0.6363636363636364,0.6363636363636364,0.4867444851122762,1,175,0.025773279823183854,0.08024241749334927,0.0,0.0,-0.14961915125136016,1,0,0.5822346303728262,0.1573083263428066,0.09454545454545454,0.09454545454545454,-0.05507369670590562,1,26,0.8437394825774469,0.008040487577724034,0.8356989949997229,1.0,-0.8937196264540213,0.015818738544092926,-0.9095383649981141,0.0,0.9742267201768161
cat,n3000,1,32,0.01,1838,788,2058,374,296,275,0.14961915125136016,57.4375,0.6763802092428843,0.6762671868552486,0.6769563234167256,0.6327529923830251,0.649746192893401,0.620019436345967,1.2245182595920912,1.2042514696279785,1.1037147972039668e-11,0.7108809410118095,0.38629737609329445,1.1641744641301064,2.8870217562943135e-11,2.3319012145352636,-0.9059699376496229,0.6931471805599453,True,0.9785540626999361,0.830473893279359,0.8036363636363636,0.8036363636363636,0.6540172123850034,1,221,0.8987587971849008,0.5567850678642718,0.5381818181818182,0.5381818181818182,0.38856266693045804,1,148,0.02303030303030303,0.08017517033914584,0.0,0.0,-0.14961915125136016,1,0,0.8295794800209387,0.3537730162509553,0.38545454545454544,0.38545454545454544,0.23583539420318528,1,106,0.2202539597568142,0.0006249854619157422,0.21962897429489844,1.0,-0.2323745823191222,0.0027508152707966284,-0.23512539758991882,0.0,0.9769696969696969
cat,n3000,1,32,0.1,1838,788,2058,374,296,275,0.14961915125136016,57.4375,0.6909297046009798,0.6909340532426848,0.6910054122214575,0.6349292709466812,0.6472081218274112,0.6166180758017493,0.14802145223834243,1.021541661986715,5.231110391158447e-13,0.6951468488771828,0.3877551020408163,0.14054211814880713,2.4399824060898402e-12,0.28341633942918265,-0.9292391111613109,0.6931471805599453,True,0.9786401442447508,0.8304582197437886,0.8072727272727273,0.8072727272727273,0.6576535760213671,1,222,0.8790717152329436,0.4888923357324771,0.48363636363636364,0.48363636363636364,0.3340172123850035,1,133,0.02275111964171465,0.08017180762101385,0.0,0.0,-0.14961915125136016,1,0,0.8710242540568837,0.4628242508568722,0.4727272727272727,0.4727272727272727,0.32310812147591256,1,130,0.02676741805780571,4.727472203785126e-05,0.02672014333576786,1.0,-0.02824691249313003,0.00030758092850682064,-0.02855449342163685,0.0,0.9772488803582854
cat,n3000,1,32,1.0,1838,788,2058,374,296,275,0.14961915125136016,57.4375,0.6929181999545415,0.6929188894150387,0.6929260216983611,0.6349292709466812,0.6472081218274112,0.6166180758017493,0.015122973167704659,1.0021611585443135,1.8060642055608245e-13,0.693349596692565,0.3877551020408163,0.014356776264143408,4.416614899542169e-13,0.028971106387748517,-0.9315332245748311,0.6931471805599453,True,0.978651776885942,0.8302993746476298,0.8,0.8,0.6503808487486399,1,220,0.8760704938056185,0.47828255657536417,0.48,0.48,0.3303808487486398,1,132,0.022718548246379342,0.08017056518086707,0.0,0.0,-0.14961915125136016,1,0,0.8752748211481417,0.4758048642093263,0.48,0.48,0.3303808487486398,1,132,0.0027361358632607305,4.521716138408661e-06,0.002731614147122322,1.0,-0.0028874877484257187,3.115112635069893e-05,-0.002918638874776418,0.0,0.9772814517536207
cat,n3000,1,64,1e-06,1838,788,2058,374,296,275,0.14961915125136016,28.71875,0.6212249027785627,0.6418994335349318,0.6503347377171161,0.6452665941240479,0.6078680203045685,0.6253644314868805,15.925255304594689,8.688873283996735,1.1960694981050448e-09,0.8611075751403847,0.413022351797862,14.374951307803077,4.5879668185789e-10,17.44563489694811,0.3405110005241009,0.6931471805599453,True,0.9526388646542198,0.798263702026254,0.7381818181818182,0.7381818181818182,0.588562666930458,1,203,0.9410271622171814,0.6719684870332089,0.6727272727272727,0.6727272727272727,0.5231081214759126,1,185,0.0702960507183156,0.08143672716587022,0.0036363636363636364,0.0036363636363636364,-0.14598278761499653,1,1,0.3499400918978654,0.1081614384299453,0.06545454545454546,0.06545454545454546,-0.0841646057968147,1,18,1.4517468464346261,0.0808941742868692,1.370852672147757,0.9781818181818182,-1.6250866028970619,0.1031128223314886,-1.7281994252285504,0.025454545454545455,0.9297039492816844
cat,n3000,1,64,1e-05,1838,788,2058,374,296,275,0.14961915125136016,28.71875,0.6212751756676173,0.6408782867128915,0.6491551138076843,0.6425462459194777,0.6116751269035533,0.6263362487852284,15.327220225567402,8.246966869227307,4.304722968773172e-09,0.8580615509326291,0.4110787172011662,13.879143543745776,8.934980781040143e-10,17.08825421166736,0.31858860593629623,0.6931471805599453,True,0.9543488629093235,0.8015694678543788,0.7418181818181818,0.7418181818181818,0.5921990305668217,1,204,0.941141162100855,0.6726367456374522,0.6690909090909091,0.6690909090909091,0.5194717578395489,1,184,0.06752515558657593,0.08134473456166699,0.0036363636363636364,0.0036363636363636364,-0.14598278761499653,1,1,0.3523503751526784,0.10839687280952404,0.06545454545454546,0.06545454545454546,-0.0841646057968147,1,18,1.4346102268132803,0.07752581697848299,1.3570844098347974,0.9781818181818182,-1.6020528561227028,0.09905092398733908,-1.701103780110042,0.025454545454545455,0.9324748444134241
cat,n3000,1,64,0.0001,1838,788,2058,374,296,275,0.14961915125136016,28.71875,0.6235634032116165,0.6364343111793266,0.6436208973421195,0.6539717083786725,0.6218274111675127,0.6277939747327502,11.698022218352287,5.817699735751639,2.8419767452156907e-10,0.8375104683449751,0.4033041788143829,10.776930478828925,1.0892863901459034e-09,14.850260412728796,0.1287222818057552,0.6931471805599453,True,0.9644739138021288,0.8209126485632395,0.7636363636363637,0.7636363636363637,0.6140172123850035,1,210,0.9411132437619961,0.6779129478451927,0.6618181818181819,0.6618181818181819,0.5121990305668217,1,182,0.05010643866689932,0.08086324728552527,0.0,0.0,-0.14961915125136016,1,0,0.37782353283312975,0.11154711885870017,0.05454545454545454,0.05454545454545454,-0.09507369670590562,1,15,1.3097437617807568,0.055632745331128136,1.2541110164496287,0.9963636363636363,-1.441524876685586,0.07314691036593429,-1.5146717870515203,0.014545454545454545,0.9498935613331007
cat,n3000,1,64,0.001,1838,788,2058,374,296,275,0.14961915125136016,28.71875,0.6414159132231829,0.6436202088522428,0.6475240384830714,0.6458106637649619,0.6421319796954315,0.6243926141885325,5.294593753801449,2.4162333023906797,7.863174810686043e-10,0.775386852075447,0.3838678328474247,4.986935510696911,8.057243469774559e-10,9.032893831236779,-0.5433105227773237,0.6931471805599453,True,0.9781259815041005,0.8394579350702401,0.8109090909090909,0.8109090909090909,0.6612899396577308,1,223,0.9290757866573606,0.649439334702135,0.6436363636363637,0.6436363636363637,0.4940172123850035,1,177,0.02789740010469377,0.08032446166498049,0.0,0.0,-0.14961915125136016,1,0,0.5561379631245275,0.14915930373527833,0.06909090909090909,0.06909090909090909,-0.08052824216045107,1,19,0.8436490587065946,0.01480505490818812,0.8288440037984064,1.0,-0.9036001367196024,0.02420893950999837,-0.9278090762296007,0.0,0.9721025998953062
cat,n3000,1,64,0.01,1838,788,2058,374,296,275,0.14961915125136016,28.71875,0.6758797372724121,0.6761950541220179,0.6769273530604824,0.6387377584330794,0.6383248730964467,0.6166180758017493,1.2445399973023272,1.2164821543597317,8.205816530450448e-10,0.7108017755503142,0.38629737609329445,1.1784911274093093,5.539351161812669e-11,2.3349017934781817,-0.8570534699017681,0.6931471805599453,True,0.9794148781480835,0.8364816547646592,0.8145454545454546,0.8145454545454546,0.6649263032940944,1,224,0.8860536264758914,0.5230830185709568,0.5054545454545455,0.5054545454545455,0.35583539420318533,1,139,0.023812016518350493,0.08020841577338718,0.0,0.0,-0.14961915125136016,1,0,0.806021055080556,0.3157233573163278,0.32,0.32,0.17038084874863985,1,88,0.22018781675874038,0.0014452242480481228,0.21874259251069225,1.0,-0.23339829410023072,0.003762507482234849,-0.23716080158246558,0.0,0.9761879834816495
cat,n3000,1,64,0.1,1838,788,2058,374,296,275,0.14961915125136016,28.71875,0.6908779645697922,0.6909257341442633,0.6910020162708762,0.6387377584330794,0.6421319796954315,0.6141885325558795,0.14975677182274416,1.022607235393827,1.2045727742779598e-12,0.6951387416689614,0.38532555879494657,0.14178418076833085,3.313590917856516e-12,0.28367322424333863,-0.8934300666845465,0.6931471805599453,True,0.9794567556563718,0.8360920055953786,0.8109090909090909,0.8109090909090909,0.6612899396577308,1,223,0.8616832431803642,0.44868476181533307,0.45454545454545453,0.45454545454545453,0.30492630329409437,1,125,0.023274588495317862,0.0801921200163331,0.0,0.0,-0.14961915125136016,1,0,0.8521654161577387,0.42176768768696354,0.4218181818181818,0.4218181818181818,0.27219903056682165,1,116,0.02676058212944794,0.0001311583612966546,0.026629423768151285,1.0,-0.0283513654419688,0.0004110450885576727,-0.028762410530526476,0.0,0.9767254115046822
cat,n3000,1,64,1.0,1838,788,2058,374,296,275,0.14961915125136016,28.71875,0.6929130081047274,0.6929180446142638,0.6929256767469343,0.6392818280739935,0.6421319796954315,0.6141885325558795,0.0152936425957055,1.002265907570278,3.33834390174663e-13,0.6933487845824516,0.3858114674441205,0.014478937328933876,5.587053333664728e-13,0.028996354312337366,-0.896995034062724,0.6931471805599453,True,0.9794544291281335,0.8359999571269328,0.8109090909090909,0.8109090909090909,0.6612899396577308,1,223,0.8580259407898564,0.4380563157577962,0.44363636363636366,0.44363636363636366,0.2940172123850035,1,122,0.023223404874076658,0.08019067271237726,0.0,0.0,-0.14961915125136016,1,0,0.8569464316873147,0.43470608923702414,0.44,0.44,0.29038084874863984,1,121,0.002735450504987121,1.2929152160984006e-05,0.002722521352826137,1.0,-0.0028979575349087645,4.152123978793354e-05,-0.002939478774696698,0.0,0.9767765951259233
cat,n3000,1,128,1e-06,1838,788,2058,374,296,275,0.14961915125136016,14.359375,0.6050086290339819,0.6571266195062796,0.6664045138138408,0.6626768226332971,0.6104060913705583,0.6044703595724004,23.576841727730354,16.081874265298072,6.745960325459928e-10,0.8793413249389266,0.43002915451895046,21.932742179506292,1.00727170795449e-09,22.592203803438924,0.509089242463911,0.6931471805599453,True,0.9534764148199849,0.8034276041188166,0.7272727272727273,0.7272727272727273,0.5776535760213671,1,200,0.9478531960681673,0.7223619684911936,0.68,0.68,0.5303808487486399,1,187,0.09781190019193858,0.08263543538892389,0.007272727272727273,0.007272727272727273,-0.1423464239786329,1,2,0.3297411737334962,0.10508837481719992,0.05454545454545454,0.05454545454545454,-0.09507369670590562,1,15,1.584897821148571,0.14741740922176083,1.43748041192681,0.9781818181818182,-1.7703964393964373,0.17226065467137996,-1.9426570940678172,0.014545454545454545,0.9021880998080614
cat,n3000,1,128,1e-05,1838,788,2058,374,296,275,0.14961915125136016,14.359375,0.6051955031658648,0.65352393672837,0.662483912894488,0.6643090315560392,0.618020304568528,0.6054421768707483,22.027749446422124,14.44553582019945,4.2720560968390805e-09,0.8726721180197984,0.4314868804664723,20.542535285478426,4.1797279266789134e-10,21.486211317886507,0.4923254076310353,0.6931471805599453,True,0.9565241668120746,0.8100287283894322,0.7345454545454545,0.7345454545454545,0.5849263032940943,1,202,0.9482254405862851,0.723085310057362,0.6727272727272727,0.6727272727272727,0.5231081214759126,1,185,0.09137672308497645,0.08235365486275727,0.007272727272727273,0.007272727272727273,-0.1423464239786329,1,2,0.3313162333507823,0.10509790497501949,0.05454545454545454,0.05454545454545454,-0.09507369670590562,1,15,1.5501393765351796,0.13819208269101954,1.4119472938441602,0.9781818181818182,-1.7273188247840892,0.161869417548696,-1.8891882423327853,0.014545454545454545,0.9086232769150235
cat,n3000,1,128,0.0001,1838,788,2058,374,296,275,0.14961915125136016,14.359375,0.6110468386380463,0.6403257705692447,0.6476219715846465,0.6670293797606094,0.633248730964467,0.6068999028182702,14.617624428344897,8.021106592561246,4.046646885443346e-10,0.8401402022549992,0.41690962099125367,13.738639859547316,3.043728366936167e-10,16.45539776192971,0.327758536316141,0.6931471805599453,True,0.9704810097132553,0.8396734365549103,0.7818181818181819,0.7818181818181819,0.6321990305668217,1,215,0.9473111149886582,0.7178289141066025,0.6836363636363636,0.6836363636363636,0.5340172123850034,1,188,0.059805734892107255,0.08118689674115577,0.0036363636363636364,0.0036363636363636364,-0.14598278761499653,1,1,0.35153609026929566,0.1071527782600954,0.04727272727272727,0.04727272727272727,-0.10234642397863289,1,13,1.358424599475039,0.08955813502661387,1.268866464448425,0.9927272727272727,-1.4933811567388913,0.10799022596604267,-1.6013713827049338,0.0,0.9401942651078927
cat,n3000,1,128,0.001,1838,788,2058,374,296,275,0.14961915125136016,14.359375,0.6380242188971416,0.6438054780153895,0.6475546162589523,0.6479869423286181,0.6446700507614214,0.6161321671525753,5.5836094138724786,2.5964770254250453,2.938082259809407e-10,0.7747314910340892,0.3892128279883382,5.276637678594944,1.1520330805488687e-10,9.135304652922693,-0.41466337514637713,0.6931471805599453,True,0.9798429593439191,0.850301401205554,0.8072727272727273,0.8072727272727273,0.6576535760213671,1,222,0.9295573780026755,0.6623050898159099,0.6254545454545455,0.6254545454545455,0.4758353942031853,1,172,0.028418542430058744,0.08032096921785689,0.0,0.0,-0.14961915125136016,1,0,0.5228546501483162,0.13983586626160746,0.06909090909090909,0.06909090909090909,-0.08052824216045107,1,19,0.850292413210605,0.021725471352907897,0.8285669418576971,1.0,-0.911398763812554,0.0313934831538371,-0.9427922469663911,0.0,0.9715814575699413
cat,n3000,1,128,0.01,1838,788,2058,374,296,275,0.14961915125136016,14.359375,0.675465909963846,0.6762030941223568,0.6768981566006645,0.6381936887921654,0.6446700507614214,0.6127308066083577,1.2609192657799424,1.227724489468264,4.70182133623047e-11,0.710708887906705,0.3838678328474247,1.1945514320457227,8.412097731941533e-11,2.3400098601181094,-0.8162003375932221,0.6931471805599453,True,0.9801267957889839,0.8413939512821897,0.8109090909090909,0.8109090909090909,0.6612899396577308,1,223,0.8771639620775897,0.5083916401093512,0.4763636363636364,0.4763636363636364,0.3267444851122762,1,131,0.02356075146862095,0.08019114828933667,0.0,0.0,-0.14961915125136016,1,0,0.7857476880125632,0.28647054473741684,0.2727272727272727,0.2727272727272727,0.12310812147591255,1,75,0.2208995698312063,0.0022309213844820303,0.21866864844672426,1.0,-0.2343092743689525,0.004583461824850742,-0.23889273619380325,0.0,0.9764392485313791
cat,n3000,1,128,0.1,1838,788,2058,374,296,275,0.14961915125136016,14.359375,0.6908356482336051,0.6909264018520658,0.690998409963726,0.6365614798694232,0.6459390862944162,0.6151603498542274,0.15116185449013966,1.0235703610347702,1.6909628076606e-12,0.6951293759916503,0.38338192419825073,0.14316102056452765,4.11417637326026e-12,0.28410671234623464,-0.8634658446387984,0.6931471805599453,True,0.9800197754900251,0.8394070829271577,0.8145454545454546,0.8145454545454546,0.6649263032940944,1,224,0.8473704414587332,0.4174480949165819,0.4072727272727273,0.4072727272727273,0.2576535760213671,1,112,0.02305124178444716,0.08017839266340283,0.0,0.0,-0.14961915125136016,1,0,0.8367056360146571,0.38856230811198655,0.3927272727272727,0.3927272727272727,0.24310812147591254,1,108,0.026832757762722315,0.00021088073707504438,0.02662187702564727,1.0,-0.02844395602790207,0.0004943593862063494,-0.028938315414108417,0.0,0.9769487582155528
cat,n3000,1,128,1.0,1838,788,2058,374,296,275,0.14961915125136016,14.359375,0.6929087670737146,0.6929181102436519,0.6929253082287877,0.6354733405875952,0.6459390862944162,0.6156462585034014,0.015431661809042454,1.0023604172823892,4.3826716501174644e-13,0.6933478480844012,0.3838678328474247,0.014614186022832312,6.665560907599751e-13,0.029038886936776444,-0.8680921712531602,0.6931471805599453,True,0.9799918571511662,0.8394656310567203,0.8145454545454546,0.8145454545454546,0.6649263032940944,1,224,0.843098935613331,0.405235177497864,0.4,0.4,0.25038084874863986,1,110,0.023025649973826556,0.08017749732632756,0.0,0.0,-0.14961915125136016,1,0,0.8419891816436922,0.40220223818302536,0.4,0.4,0.25038084874863986,1,110,0.0027426783877560084,2.0913189897669717e-05,0.0027217651978583388,1.0,-0.0029072301321416464,4.986503215303518e-05,-0.0029570951642946815,0.0,0.9769743500261734
cat,n3000,1,256,1e-06,1838,788,2058,374,296,275,0.14961915125136016,7.1796875,0.559136098484491,0.733611751185634,0.7280461248712741,0.6942328618063112,0.567258883248731,0.5942662779397473,54.71340239299579,53.21930236380303,6.634593349392439e-09,0.9905150012906877,0.4484936831875607,58.03173909792869,6.984279789182209e-10,44.21863734476106,0.693825702673133,0.6931471805599453,False,0.9346036177514104,0.81249795151086,0.730909090909091,0.730909090909091,0.5812899396577308,1,201,0.9547001686732973,0.7953561099217332,0.7345454545454545,0.7345454545454545,0.5849263032940943,1,202,0.1616076310126214,0.08619816427395136,0.014545454545454545,0.014545454545454545,-0.1350736967059056,1,4,0.30256034432617923,0.10266671965127838,0.06909090909090909,0.06909090909090909,-0.08052824216045107,1,19,2.089287186052022,0.40414882230774335,1.6851383637442785,0.9527272727272728,-2.1619072345104176,0.4062517559829788,-2.568158990493396,0.05818181818181818,0.8383923689873786
cat,n3000,1,256,1e-05,1838,788,2058,374,296,275,0.14961915125136016,7.1796875,0.5617219772522795,0.7026745216661158,0.6995010833047783,0.6991294885745375,0.5723350253807107,0.6015549076773566,43.84014871949105,37.67305647466047,9.799935666334483e-10,0.9383048164287844,0.44314868804664725,45.49123277539075,1.3889853301599063e-09,35.6371043655516,0.6822819585912899,0.6931471805599453,False,0.9456499738265574,0.8309644900647961,0.7563636363636363,0.7563636363636363,0.6067444851122762,1,208,0.9577711859477694,0.7980297913606875,0.7490909090909091,0.7490909090909091,0.599471757839549,1,206,0.13731169662071774,0.08464712865068906,0.007272727272727273,0.007272727272727273,-0.1423464239786329,1,2,0.30094108067236663,0.10132465938143408,0.05818181818181818,0.05818181818181818,-0.09143733306954198,1,16,1.8872785277112611,0.3307089699975972,1.556569557713664,0.9636363636363636,-1.9838688077463915,0.34055370347103414,-2.3244225112174255,0.03272727272727273,0.8626883033792823
cat,n3000,1,256,0.0001,1838,788,2058,374,296,275,0.14961915125136016,7.1796875,0.5877479683017262,0.6487736656857429,0.6517018333284205,0.6942328618063112,0.616751269035533,0.6209912536443148,19.874847875756483,11.893643373965807,3.87905166640924e-09,0.8476699227324919,0.41788143828960156,19.802057728483906,8.770182766319022e-10,19.004079006786352,0.5411791428090689,0.6931471805599453,True,0.9720816611411621,0.8689181612205968,0.8072727272727273,0.8072727272727273,0.6576535760213671,1,222,0.9572011865294014,0.774865437637871,0.72,0.72,0.5703808487486398,1,198,0.06669225847728727,0.08151505736636874,0.0,0.0,-0.14961915125136016,1,0,0.31249229337521084,0.10140490515389637,0.025454545454545455,0.025454545454545455,-0.12416460579681471,1,7,1.4377892657283342,0.15652736025979866,1.2812619054685355,0.9927272727272727,-1.5437798536728036,0.17109099245496898,-1.7148708461277726,0.007272727272727273,0.9333077415227127
cat,n3000,1,256,0.001,1838,788,2058,374,296,275,0.14961915125136016,7.1796875,0.6337767932720852,0.6442732379486974,0.6473931050884084,0.6659412404787813,0.6459390862944162,0.6161321671525753,5.938594019625281,2.788887538041198,1.815071727333223e-10,0.7746060438990087,0.3838678328474247,5.69296871659585,3.106832710022346e-10,9.231038698781047,-0.25933454270839,0.6931471805599453,True,0.9812365497586227,0.8615989802125716,0.8145454545454546,0.8145454545454546,0.6649263032940944,1,224,0.9344384342464956,0.6844315175111212,0.6472727272727272,0.6472727272727272,0.49765357602136706,1,178,0.02788344093526435,0.08031395489672233,0.0,0.0,-0.14961915125136016,1,0,0.48705403361833305,0.13116851524276596,0.04363636363636364,0.04363636363636364,-0.10598278761499652,1,12,0.8584383192921209,0.031851943979574145,0.8265863753125468,1.0,-0.9159497429233237,0.04096650270969856,-0.9569162456330222,0.0,0.9721165590647356
cat,n3000,1,256,0.01,1838,788,2058,374,296,275,0.14961915125136016,7.1796875,0.6749952495760798,0.6762392202150214,0.6768623592013157,0.6436343852013058,0.6421319796954315,0.6156462585034014,1.279369178614676,1.2378766073426704,7.286088779086801e-11,0.7106799533554743,0.3858114674441205,1.2158882960518855,1.1828140407947434e-10,2.3440550689378687,-0.7648078538167318,0.6931471805599453,True,0.9806642238120166,0.8460832958272698,0.8145454545454546,0.8145454545454546,0.6649263032940944,1,224,0.8752120048857093,0.510626800448635,0.48,0.48,0.3303808487486398,1,132,0.02330948641889141,0.08017808944818536,0.0,0.0,-0.14961915125136016,1,0,0.7721025998953063,0.26981416150811793,0.2509090909090909,0.2509090909090909,0.10128993965773075,1,69,0.22169070115729433,0.003310718995029088,0.21837998216226526,1.0,-0.2347940665226404,0.005609651641000673,-0.24040371816364106,0.0,0.9766905135811086
cat,n3000,1,256,0.1,1838,788,2058,374,296,275,0.14961915125136016,7.1796875,0.690788049855402,0.6909299342208972,0.6909945759215971,0.6403699673558215,0.6408629441624365,0.6127308066083577,0.15272751688289504,1.0244234693839143,2.2267252774531162e-12,0.6951264615410284,0.3848396501457726,0.1449707983742411,4.954417866607588e-12,0.2844444199845125,-0.8257610683193827,0.6931471805599453,True,0.9804245914034782,0.842876590198061,0.8145454545454546,0.8145454545454546,0.6649263032940944,1,224,0.8406863258302798,0.4063531934733913,0.4072727272727273,0.4072727272727273,0.2576535760213671,1,112,0.022881405223055894,0.0801699648447267,0.0,0.0,-0.14961915125136016,1,0,0.8284673995230617,0.37375583915806043,0.38181818181818183,0.38181818181818183,0.23219903056682167,1,105,0.02691224208325169,0.0003196341115942858,0.026592607971657405,1.0,-0.028492901641963813,0.0005977397245417182,-0.02909064136650553,0.0,0.9771185947769441
cat,n3000,1,256,1.0,1838,788,2058,374,296,275,0.14961915125136016,7.1796875,0.6929040019530424,0.6929184629681289,0.6929249222630721,0.6392818280739935,0.6408629441624365,0.6127308066083577,0.015585285081294201,1.0024439929486009,5.587593491505456e-13,0.693347556957932,0.3838678328474247,0.014791770445635686,7.902713793942474e-13,0.02907197493284957,-0.8317259282719404,0.6931471805599453,True,0.980412958762287,0.8427253834070116,0.8145454545454546,0.8145454545454546,0.6649263032940944,1,224,0.835484208689583,0.3919108769659029,0.39636363636363636,0.39636363636363636,0.2467444851122762,1,109,0.022848833827720585,0.08016891012312433,0.0,0.0,-0.14961915125136016,1,0,0.8342511487233176,0.38853985454492224,0.3927272727272727,0.3927272727272727,0.24310812147591254,1,108,0.0027506321309094953,3.17964096639649e-05,0.0027188357212455305,1.0,-0.0029121285143143823,6.021068041555674e-05,-0.002972339194729939,0.0,0.9771511661722794
cat,n3000,1,384,1e-06,1838,788,2058,374,296,275,0.14961915125136016,4.786458333333333,0.5090527503162984,0.8175774201674668,0.7982104675262566,0.7372143634385201,0.5736040609137056,0.5991253644314869,122.60219555008953,1103.4152619140916,1.0870606043741379e-09,1.087822612055455,0.46890184645286687,124.92840510595835,1.317039455016118e-09,90.53150279908768,0.7326235274135506,0.6931471805599453,False,0.944151689641133,0.8418383683007287,0.7345454545454545,0.7345454545454545,0.5849263032940943,1,202,0.9653230966090851,0.8704353512172274,0.8,0.8,0.6503808487486399,1,220,0.18800907346012913,0.08811932696462872,0.02909090909090909,0.02909090909090909,-0.12052824216045108,1,8,0.29426627115686615,0.10190112441342293,0.07272727272727272,0.07272727272727272,-0.07689187852408744,1,20,2.4823241218428445,0.6384293751687932,1.8438947466740512,0.9527272727272728,-2.6326100783826014,0.6536402849987597,-3.2862503633813613,0.05090909090909091,0.8119909265398708
cat,n3000,1,384,1e-05,1838,788,2058,374,296,275,0.14961915125136016,4.786458333333333,0.5286093053742804,0.7190879182185622,0.7090633203576895,0.7263329706202394,0.5850253807106599,0.6044703595724004,64.15711447817434,123.22416766019431,2.3499019384147976e-09,0.9497854822518359,0.46015549076773565,63.77251636665456,4.766973281481315e-09,47.707626346767476,0.7218756453959986,0.6931471805599453,False,0.9564380852672599,0.8686122179330911,0.7927272727272727,0.7927272727272727,0.6431081214759126,1,218,0.9683871342988426,0.8646658110713841,0.7818181818181819,0.7818181818181819,0.6321990305668217,1,215,0.14780666550340255,0.08522007512865966,0.007272727272727273,0.007272727272727273,-0.1423464239786329,1,2,0.290546152503926,0.1000037162768943,0.06181818181818182,0.06181818181818182,-0.08780096943317833,1,17,1.9938322707441472,0.42635046758990747,1.5674818031542397,0.9745454545454545,-2.1248660835981,0.4436203748953938,-2.568486458493494,0.03272727272727273,0.8521933344965975
cat,n3000,1,384,0.0001,1838,788,2058,374,296,275,0.14961915125136016,4.786458333333333,0.5794119483307631,0.6478793627110624,0.6494213646388243,0.7002176278563657,0.6243654822335025,0.6161321671525753,21.719027724758856,15.279403650971485,1.1116681359061412e-09,0.8448214157921883,0.4363459669582119,21.545045180066264,1.4091744309511757e-09,19.882821064821307,0.5776184216218863,0.6931471805599453,True,0.9755877391961845,0.8873099782854603,0.8218181818181818,0.8218181818181818,0.6721990305668216,1,226,0.9616495085209097,0.7988423748172295,0.7345454545454545,0.7345454545454545,0.5849263032940943,1,202,0.06746466585238178,0.08150889711818501,0.0,0.0,-0.14961915125136016,1,0,0.3008712848252196,0.09988999939507257,0.025454545454545455,0.025454545454545455,-0.12416460579681471,1,7,1.4510175077414027,0.17467958699313324,1.2763379207482695,0.9963636363636363,-1.5578145080082644,0.18985560215359054,-1.747670110161855,0.007272727272727273,0.9325353341476182
cat,n3000,1,384,0.001,1838,788,2058,374,296,275,0.14961915125136016,4.786458333333333,0.6327254252944766,0.6439515277142278,0.6469710599979467,0.6675734494015234,0.6459390862944162,0.6190476190476191,6.025143814141335,2.8817108531510987,5.518896180666733e-10,0.7741341382511653,0.3877551020408163,5.779718039048802,6.693978090719794e-10,9.255649251131445,-0.2291481871999141,0.6931471805599453,True,0.9818112022334671,0.8652006348508906,0.8218181818181818,0.8218181818181818,0.6721990305668216,1,226,0.9367300645611586,0.6932106390285002,0.6545454545454545,0.6545454545454545,0.5049263032940944,1,180,0.0277461757692084,0.0803043098405585,0.0,0.0,-0.14961915125136016,1,0,0.47766416564881053,0.12909429136379144,0.04363636363636364,0.04363636363636364,-0.10598278761499652,1,12,0.8598904266462016,0.033993351127001734,0.8258970755191999,1.0,-0.9175928672355322,0.043166575924043896,-0.9607594431595762,0.0,0.9722538242307917
cat,n3000,1,384,0.01,1838,788,2058,374,296,275,0.14961915125136016,4.786458333333333,0.6748854721054465,0.6762005250282982,0.6768156974216739,0.6463547334058759,0.6421319796954315,0.6166180758017493,1.2836462439333225,1.242293710588333,8.04939695149513e-11,0.7106332684114677,0.3858114674441205,1.220140093560378,1.2574981917665898e-10,2.3451189884924917,-0.7543898998979242,0.6931471805599453,True,0.9808736113534579,0.8475037686819848,0.8145454545454546,0.8145454545454546,0.6649263032940944,1,224,0.8760542081079509,0.5140767344904948,0.48,0.48,0.3303808487486398,1,132,0.02333042517303554,0.08017996348258545,0.0,0.0,-0.14961915125136016,1,0,0.769897051125458,0.2675423598359942,0.2581818181818182,0.2581818181818182,0.10856266693045802,1,71,0.22183775991152613,0.003528997151472983,0.21830876276005315,1.0,-0.23498167608684278,0.005835130825510915,-0.2408168069123537,0.0,0.9766695748269645
cat,n3000,1,384,0.1,1838,788,2058,374,296,275,0.14961915125136016,4.786458333333333,0.6907770328078201,0.6909260132061841,0.6909898471981403,0.6403699673558215,0.6421319796954315,0.6127308066083577,0.15308772783435,1.024790609893682,3.220045576232626e-10,0.6951218901777144,0.3843537414965986,0.1453290441201841,5.114648218988436e-12,0.28453275379347626,-0.8181039213806883,0.6931471805599453,True,0.98058046879544,0.8442614496957832,0.8145454545454546,0.8145454545454546,0.6649263032940944,1,224,0.8403257139533531,0.40645209600338694,0.4109090909090909,0.4109090909090909,0.26128993965773073,1,113,0.02289071133600884,0.08016983572220275,0.0,0.0,-0.14961915125136016,1,0,0.8281137672308497,0.3735141339019668,0.3781818181818182,0.3781818181818182,0.228562666930458,1,104,0.026926983548641585,0.00034150540021656077,0.026585478148425025,1.0,-0.028511760365246486,0.0006203354291523289,-0.029132095794398814,0.0,0.9771092886639912
cat,n3000,1,384,1.0,1838,788,2058,374,296,275,0.14961915125136016,4.786458333333333,0.6929028999121126,0.6929180704727219,0.6929244487449252,0.6403699673558215,0.6408629441624365,0.6122448979591837,0.01562059984713587,1.0024799215533338,5.926585724218471e-13,0.6933471011246798,0.3848396501457726,0.014826897558774494,8.165600481639712e-13,0.02908062154108473,-0.8243398518737985,0.6931471805599453,True,0.9805641830977724,0.843643334153785,0.8145454545454546,0.8145454545454546,0.6649263032940944,1,224,0.8351817600186122,0.39199816140614,0.39636363636363636,0.39636363636363636,0.2467444851122762,1,109,0.02283952771476764,0.08016872298706636,0.0,0.0,-0.14961915125136016,1,0,0.833841679753388,0.3885629052504699,0.3927272727272727,0.3927272727272727,0.24310812147591254,1,108,0.002752106621033608,3.398398552663106e-05,0.002718122635506977,1.0,-0.0029140147902898673,6.247070740506794e-05,-0.0029764854976949352,0.0,0.9771604722852324
cat,n3000,2,32,1e-06,1870,802,2058,328,296,280,0.1497326203208556,58.4375,0.620558570837962,0.6332516563178876,0.6470914183813766,0.6443850267379679,0.6334164588528678,0.6214771622934888,12.525313775082802,6.030160538476392,5.638264355949971e-10,0.8302313357553317,0.4062196307094266,9.948070882073363,4.216366083814943e-10,15.302066935583722,0.08705407397522588,0.6931471805599453,True,0.9707637017070979,0.8532909666384972,0.7892857142857143,0.7892857142857143,0.6395530939648586,1,221,0.9410534591194969,0.7070657553145501,0.6571428571428571,0.6571428571428571,0.5074102368220015,1,184,0.05644878706199461,0.0811610958300247,0.0,0.0,-0.1497326203208556,1,0,0.4018463611859838,0.11567647012702828,0.05,0.05,-0.0997326203208556,1,14,1.208385007872513,0.02841515862898044,1.1799698492435324,0.9892857142857143,-1.6664933852060342,0.09289334170950579,-1.7593867269155399,0.007142857142857143,0.9435512129380054
cat,n3000,2,32,1e-05,1870,802,2058,328,296,280,0.1497326203208556,58.4375,0.620577125757268,0.6328820788064503,0.6466117112635715,0.6427807486631016,0.6384039900249376,0.6209912536443148,12.249192142237913,5.843172701172857,4.2663752591145375e-10,0.828607449057258,0.40476190476190477,9.745594041674433,1.54169403926437e-09,15.130381934279981,0.06739587743423428,0.6931471805599453,True,0.9715902964959569,0.8548333661503822,0.7928571428571428,0.7928571428571428,0.6431245225362872,1,222,0.9411208445642408,0.7079705569561477,0.6571428571428571,0.6571428571428571,0.5074102368220015,1,184,0.054692273135669364,0.08111156151990634,0.0,0.0,-0.1497326203208556,1,0,0.4045530098831986,0.11609894987190705,0.05,0.05,-0.0997326203208556,1,14,1.1994319466054562,0.027205904405173238,1.1722260422002828,0.9928571428571429,-1.6503541145614857,0.09075914229930357,-1.7411132568607892,0.007142857142857143,0.9453077268643306
cat,n3000,2,32,0.0001,1870,802,2058,328,296,280,0.1497326203208556,58.4375,0.6216584682947695,0.6310915466437141,0.6439533191415108,0.6470588235294118,0.6371571072319202,0.6253644314868805,10.299543033466666,4.617567000330155,1.156932634357817e-09,0.8158800232575919,0.4042759961127308,8.264902648840458,7.653329504075884e-10,13.818719301616698,-0.09731486075186917,0.6931471805599453,True,0.9770372866127583,0.8661582297743077,0.8142857142857143,0.8142857142857143,0.6645530939648587,1,228,0.9408737646001797,0.7106679850344784,0.6535714285714286,0.6535714285714286,0.5038388082505729,1,183,0.04383423180592992,0.08082050756477326,0.0,0.0,-0.1497326203208556,1,0,0.4294946091644205,0.12012715544586344,0.03214285714285714,0.03214285714285714,-0.11758976317799846,1,9,1.1244681448971612,0.018377208902538085,1.1060909359946232,0.9964285714285714,-1.5211850981001889,0.07518481996408265,-1.5963699180642714,0.0,0.9561657681940701
cat,n3000,2,32,0.001,1870,802,2058,328,296,280,0.1497326203208556,58.4375,0.6355996866872221,0.6378530690076362,0.6472280494885463,0.6486631016042781,0.628428927680798,0.6219630709426628,5.446017228917375,2.280381627277195,4.3725061164055935e-10,0.7669616754231557,0.39504373177842567,4.388453402619391,3.016727073508372e-10,8.906412304432354,-0.6361311972298977,0.6931471805599453,True,0.9831154537286613,0.8751029671752653,0.8392857142857143,0.8392857142857143,0.6895530939648586,1,235,0.9297394429469901,0.6851995548024173,0.6071428571428571,0.6071428571428571,0.4574102368220015,1,170,0.026203953279424978,0.08034810248943247,0.0,0.0,-0.1497326203208556,1,0,0.5861680143755615,0.15820736817939646,0.07857142857142857,0.07857142857142857,-0.07116119174942703,1,22,0.7643740567020851,-0.0005194877876980775,0.7648935444897832,1.0,-0.9823099522240069,0.03451115760873856,-1.0168211098327453,0.0,0.9737960467205751
cat,n3000,2,32,0.01,1870,802,2058,328,296,280,0.1497326203208556,58.4375,0.6729969627248944,0.6728561090063854,0.6758638510943716,0.6411764705882353,0.6234413965087282,0.6175898931000972,1.341454812455019,1.209582702997406,2.74257429634787e-11,0.7095794022723069,0.39067055393586003,1.0853224401801698,3.909769976957528e-11,2.3552460340881867,-0.8825258033061774,0.6931471805599453,True,0.9828167115902965,0.8681890275589749,0.8214285714285714,0.8214285714285714,0.6716959511077158,1,230,0.8859658580413298,0.5493378422453001,0.5285714285714286,0.5285714285714286,0.378838808250573,1,148,0.02207771787960467,0.08020605787273082,0.0,0.0,-0.1497326203208556,1,0,0.8061141060197664,0.321939925237928,0.3464285714285714,0.3464285714285714,0.19669595110771582,1,97,0.2058452718908707,-0.0019376522387453082,0.20778292412961602,1.0,-0.2575630209433473,0.0071485299973607416,-0.2647115509407081,0.0,0.9779222821203953
cat,n3000,2,32,0.1,1870,802,2058,328,296,280,0.1497326203208556,58.4375,0.6904732526115686,0.6904371178805533,0.6908262877084154,0.6406417112299465,0.6234413965087282,0.6166180758017493,0.16252871762204332,1.022082394973996,2.110618973582634e-12,0.6950153103677444,0.38969873663751214,0.13132418217208675,4.811722754446333e-10,0.28736467154514217,-0.9116594608211177,0.6931471805599453,True,0.9827044025157232,0.8671721726800864,0.8178571428571428,0.8178571428571428,0.6681245225362873,1,229,0.8601931716082659,0.45882852310568134,0.45357142857142857,0.45357142857142857,0.30383880825057297,1,127,0.02168463611859838,0.08019108856618151,0.0,0.0,-0.1497326203208556,1,0,0.8505974842767295,0.4263935732146598,0.4357142857142857,0.4357142857142857,0.2859816653934301,1,122,0.025134004817240957,-0.00027089825947688897,0.025404903076717847,1.0,-0.031410399590435886,0.0008343739568910635,-0.03224477354732695,0.0,0.9783153638814016
cat,n3000,2,32,1.0,1870,802,2058,328,296,280,0.1497326203208556,58.4375,0.6928709305872789,0.6928670140513064,0.6929070994189006,0.6411764705882353,0.6234413965087282,0.6166180758017493,0.016610581870683448,1.0022153934316533,4.583768228145784e-13,0.6933364716676405,0.38969873663751214,0.013419075158140654,4.993017985773563e-13,0.02938844399056382,-0.9145359075230568,0.6931471805599453,True,0.9826909254267745,0.8669845550185383,0.8178571428571428,0.8178571428571428,0.6681245225362873,1,229,0.8562533692722372,0.44470350648799134,0.44642857142857145,0.44642857142857145,0.29669595110771585,1,125,0.021635220125786163,0.08018915408022746,0.0,0.0,-0.1497326203208556,1,0,0.8552066486972147,0.44125831737456983,0.44285714285714284,0.44285714285714284,0.29312452253628724,1,124,0.0025705327749728714,-2.8076788442768237e-05,0.0025986095634156397,1.0,-0.0032122005714530976,8.492131355038296e-05,-0.0032971218850034807,0.0,0.9783647798742139
cat,n3000,2,64,1e-06,1870,802,2058,328,296,280,0.1497326203208556,29.21875,0.6132096623849845,0.6352860150619418,0.6507822634397656,0.6614973262032086,0.6346633416458853,0.619533527696793,15.411022780720177,9.356969090807851,1.584761785478514e-09,0.8332202619150957,0.42128279883381925,12.890044477533744,3.800693381186897e-09,16.446085970608273,0.33521256295626417,0.6931471805599453,True,0.9642789757412399,0.8402873548598917,0.7821428571428571,0.7821428571428571,0.6324102368220015,1,219,0.9390274034141959,0.7081570216725772,0.65,0.65,0.5002673796791444,1,182,0.07761006289308175,0.08189077585876738,0.0035714285714285713,0.0035714285714285713,-0.14616119174942704,1,1,0.3801639712488769,0.11337345342326356,0.060714285714285714,0.060714285714285714,-0.08901833460656988,1,17,1.2562308058958525,0.05881209575710261,1.19741871013875,0.9857142857142858,-1.7213243618584653,0.12646722764960025,-1.8477915895080654,0.010714285714285714,0.9223899371069182
cat,n3000,2,64,1e-05,1870,802,2058,328,296,280,0.1497326203208556,29.21875,0.6132505466958355,0.6345091278002315,0.6497312813674209,0.6641711229946524,0.6384039900249376,0.619533527696793,14.910911725051609,8.877140168536165,7.309156349264454e-10,0.8309285660823986,0.4227405247813411,12.48915717751238,1.3865575254921446e-09,16.17191403813509,0.31355539613185157,0.6931471805599453,True,0.965822102425876,0.8439639415654222,0.7857142857142857,0.7857142857142857,0.63598166539343,1,220,0.939047619047619,0.7087888445907576,0.65,0.65,0.5002673796791444,1,182,0.07466082659478886,0.08178407572316852,0.0035714285714285713,0.0035714285714285713,-0.14616119174942704,1,1,0.3824191374663073,0.11343180820859577,0.060714285714285714,0.060714285714285714,-0.08901833460656988,1,17,1.2435729478194573,0.05614479190288589,1.1874281559165714,0.9857142857142858,-1.7000858731686768,0.1225033137649602,-1.822589186933637,0.010714285714285714,0.9253391734052111
cat,n3000,2,64,0.0001,1870,802,2058,328,296,280,0.1497326203208556,29.21875,0.615243287577814,0.6309260120296322,0.6444726536043595,0.6593582887700534,0.6334164588528678,0.6234207968901846,11.756008419061487,6.1647741095894295,7.240741296273679e-10,0.8151709650806858,0.4173955296404276,9.865243695413312,3.8394013441074517e-10,14.329980467472083,0.13010647065095735,0.6931471805599453,True,0.9746069182389937,0.863844702968007,0.8107142857142857,0.8107142857142857,0.6609816653934302,1,227,0.9387084456424079,0.7116182462521061,0.65,0.65,0.5002673796791444,1,182,0.05491464510332435,0.08112349437740181,0.0035714285714285713,0.0035714285714285713,-0.14616119174942704,1,1,0.403989218328841,0.11601598476257907,0.04642857142857143,0.04642857142857143,-0.10330404889228417,1,13,1.148463849537075,0.0382772766663003,1.1101865728707747,0.9928571428571429,-1.5454966794570038,0.09625287700253471,-1.6417495564595384,0.0035714285714285713,0.9450853548966757
cat,n3000,2,64,0.001,1870,802,2058,328,296,280,0.1497326203208556,29.21875,0.6333283982944112,0.6371769187046524,0.6466205788245774,0.6518716577540107,0.6346633416458853,0.6239067055393586,5.627929337713899,2.4656239581136363,1.0998652359936743e-09,0.7658134028969764,0.39310009718172984,4.60490510000157,9.75511681932729e-10,8.949615640303644,-0.5250963873312728,0.6931471805599453,True,0.9834613656783469,0.879911881519706,0.8428571428571429,0.8428571428571429,0.6931245225362872,1,236,0.9249640610961366,0.6775441027280585,0.6107142857142858,0.6107142857142858,0.46098166539343016,1,171,0.027118149146451033,0.08035841061661636,0.0,0.0,-0.1497326203208556,1,0,0.5570664869721473,0.14929454112211749,0.06785714285714285,0.06785714285714285,-0.08187547746371275,1,19,0.7676172844511494,0.004689100921222002,0.7629281835299274,1.0,-0.9856548579712262,0.03987189843385059,-1.0255267564050767,0.0,0.972881850853549
cat,n3000,2,64,0.01,1870,802,2058,328,296,280,0.1497326203208556,29.21875,0.6726879150504204,0.672716442412413,0.6757311144513583,0.6438502673796791,0.6234413965087282,0.6209912536443148,1.3527688472611616,1.2216062411352784,4.6131659502791e-11,0.7094252090310115,0.3901846452866861,1.0984020789992304,5.964541478478361e-11,2.35750202523373,-0.8484326245743726,0.6931471805599453,True,0.9832749326145552,0.8722725880306104,0.8285714285714286,0.8285714285714286,0.678838808250573,1,232,0.8725763701707098,0.520011385300717,0.5035714285714286,0.5035714285714286,0.35383880825057296,1,141,0.022248427672955973,0.08021226215377712,0.0,0.0,-0.1497326203208556,1,0,0.7815206648697215,0.2891855428611194,0.30714285714285716,0.30714285714285716,0.15741023682200156,1,86,0.20614479944778527,-0.001300260304915392,0.20744505975270067,1.0,-0.2579930402743278,0.007809393783781835,-0.2658024340581096,0.0,0.977751572327044
cat,n3000,2,64,0.1,1870,802,2058,328,296,280,0.1497326203208556,29.21875,0.6904412036541345,0.6904213990156091,0.6908111846150209,0.6406417112299465,0.6234413965087282,0.6214771622934888,0.1635103825181552,1.0231241476092487,2.8938022376778767e-12,0.6950000051116518,0.38872691933916426,0.13246026181816895,3.298318499224995e-12,0.28755886948160775,-0.8866844457191972,0.6931471805599453,True,0.9830615453728662,0.870355449305804,0.8214285714285714,0.8214285714285714,0.6716959511077158,1,230,0.8411230907457322,0.4169831293761134,0.43214285714285716,0.43214285714285716,0.28241023682200156,1,121,0.021691374663072777,0.0801879358276339,0.0,0.0,-0.1497326203208556,1,0,0.8300831087151842,0.38810800454525074,0.4035714285714286,0.4035714285714286,0.253838808250573,1,113,0.025164574868647514,-0.0002055953176905286,0.025370170186338043,1.0,-0.03145459788098466,0.0009020769250683642,-0.032356674806053025,0.0,0.9783086253369272
cat,n3000,2,64,1.0,1870,802,2058,328,296,280,0.1497326203208556,29.21875,0.6928677141109315,0.6928654217708698,0.6929055674848368,0.6395721925133689,0.6234413965087282,0.6209912536443148,0.016707108555363313,1.002317752385757,5.95302829296832e-13,0.693334944596942,0.3892128279883382,0.013530829886364592,6.046022658484411e-13,0.029407526264122335,-0.8904492357289577,0.6931471805599453,True,0.9830323450134771,0.8701363157949311,0.8214285714285714,0.8214285714285714,0.6716959511077158,1,230,0.8364398023360288,0.40450723276830525,0.41785714285714287,0.41785714285714287,0.26812452253628727,1,117,0.021662174303683737,0.08018703813722737,0.0,0.0,-0.1497326203208556,1,0,0.8353728661275831,0.4016938422667602,0.41785714285714287,0.41785714285714287,0.26812452253628727,1,117,0.002573598153789374,-2.1530326383172522e-05,0.0025951284801725466,1.0,-0.0032166303244260744,9.170804276744803e-05,-0.003308338367193522,0.0,0.9783378256963162
cat,n3000,2,128,1e-06,1870,802,2058,328,296,280,0.1497326203208556,14.609375,0.5863273689025593,0.6610221713394501,0.6750070998468676,0.6823529411764706,0.6221945137157108,0.6098153547133139,27.184313661857935,17.53030143218856,1.274237020002275e-09,0.8594246498794159,0.4295432458697765,22.816131022174673,1.6005723398401036e-09,22.72952239225564,0.598905684159533,0.6931471805599453,True,0.9563005390835579,0.8358873927422544,0.7785714285714286,0.7785714285714286,0.6288388082505729,1,218,0.9470777178796047,0.7768573833798463,0.675,0.675,0.5252673796791445,1,189,0.13496630727762804,0.08456484149363873,0.010714285714285714,0.010714285714285714,-0.1390183346065699,1,3,0.36477987421383645,0.11298475110433157,0.08928571428571429,0.08928571428571429,-0.060446906035141315,1,25,1.370789822439314,0.15667028570480843,1.2141195367345057,0.9392857142857143,-1.9686251162274748,0.24945099470591275,-2.2180761109333877,0.014285714285714285,0.865033692722372
cat,n3000,2,128,1e-05,1870,802,2058,328,296,280,0.1497326203208556,14.609375,0.5865982111334018,0.655803296641104,0.6694878953092107,0.6807486631016043,0.6184538653366584,0.6107871720116618,25.2221917785073,15.636113543169401,7.318019825618721e-10,0.8527541040251411,0.4290573372206025,21.336330163261483,4.719647762108815e-10,21.511755461934616,0.5840783005990425,0.6931471805599453,True,0.9596203953279425,0.8435080351774582,0.7857142857142857,0.7857142857142857,0.63598166539343,1,220,0.9475494159928122,0.7777390329771818,0.675,0.675,0.5252673796791445,1,189,0.12689577717879605,0.08411964914887389,0.007142857142857143,0.007142857142857143,-0.14258976317799846,1,2,0.36620170709793354,0.11267686421644232,0.08928571428571429,0.08928571428571429,-0.060446906035141315,1,25,1.342837446411097,0.14604401624597838,1.1967934301651186,0.9464285714285714,-1.9134454421394655,0.2336458006216082,-2.1470912427610735,0.014285714285714285,0.8731042228212039
cat,n3000,2,128,0.0001,1870,802,2058,328,296,280,0.1497326203208556,14.609375,0.5944599067070028,0.6372596617511098,0.6495460348408545,0.6780748663101605,0.6396508728179551,0.6132167152575316,16.296084424478046,8.409576749878068,7.628161707016596e-10,0.8212258630831228,0.41788143828960156,14.032598850115885,1.1953507593810256e-09,16.24014351089496,0.4345308988687089,0.6931471805599453,True,0.975125786163522,0.8807671002207738,0.8178571428571428,0.8178571428571428,0.6681245225362873,1,229,0.9466464510332435,0.7728630926982595,0.6607142857142857,0.6607142857142857,0.51098166539343,1,185,0.08018418688230008,0.0820680054744102,0.0,0.0,-0.1497326203208556,1,0,0.3814038634321653,0.11278518017377513,0.060714285714285714,0.060714285714285714,-0.08901833460656988,1,17,1.1885801849703317,0.09030704504469617,1.0982731399256356,0.9892857142857143,-1.633817521092464,0.1567718674598241,-1.790589388552288,0.0035714285714285713,0.9198158131176999
cat,n3000,2,128,0.001,1870,802,2058,328,296,280,0.1497326203208556,14.609375,0.6277076883282109,0.6371149222691231,0.6462595364167316,0.6614973262032086,0.6334164588528678,0.6321671525753159,6.074340171004406,2.652745477253408,2.9185532789273045e-10,0.7654829769652709,0.4003887269193392,5.051235341059977,1.2055451716714167e-09,9.063702038082068,-0.321646481633427,0.6931471805599453,True,0.9857704402515723,0.8964475274485187,0.8607142857142858,0.8607142857142858,0.7109816653934302,1,241,0.9253953279424978,0.6962080718284457,0.6107142857142858,0.6107142857142858,0.46098166539343016,1,171,0.030071877807726865,0.08044995382404808,0.0,0.0,-0.1497326203208556,1,0,0.5253885893980234,0.14068700228416836,0.05714285714285714,0.05714285714285714,-0.09258976317799847,1,16,0.7720993021099188,0.015676512099318734,0.7564227900106001,1.0,-0.9972316982303738,0.05212012282442138,-1.0493518210547952,0.0,0.9699281221922731
cat,n3000,2,128,0.01,1870,802,2058,328,296,280,0.1497326203208556,14.609375,0.6720065821256981,0.6726532275253069,0.6756409635497816,0.6497326203208557,0.6221945137157108,0.6190476190476191,1.3775126480124407,1.2330840482992487,8.1029498774914e-11,0.7093507462051811,0.3892128279883382,1.1235034995329616,8.491001871938832e-11,2.362747264437164,-0.7827314450692456,0.6931471805599453,True,0.9846428571428572,0.8818469370898016,0.8357142857142857,0.8357142857142857,0.6859816653934301,1,234,0.8625359389038635,0.5020756366822325,0.49642857142857144,0.49642857142857144,0.34669595110771584,1,139,0.022899820305480684,0.08023199139094296,0.0,0.0,-0.1497326203208556,1,0,0.7600247079964061,0.26570529437582324,0.2714285714285714,0.2714285714285714,0.1216959511077158,1,76,0.2065837041791317,-4.3917798109474275e-05,0.20662762197724116,1.0,-0.25923407826953676,0.009207083443492385,-0.2684411617130291,0.0,0.9771001796945193
cat,n3000,2,128,0.1,1870,802,2058,328,296,280,0.1497326203208556,14.609375,0.6903714976856086,0.6904139439729905,0.6908012868241946,0.6475935828877005,0.6221945137157108,0.6180758017492711,0.16562640860355238,1.0241028013683553,7.990244057317713e-10,0.6949922338851474,0.391642371234208,0.1346111191047804,4.4353755720562596e-12,0.288001341166738,-0.8385792756726524,0.6931471805599453,True,0.984173405211141,0.8775340470326077,0.8285714285714286,0.8285714285714286,0.678838808250573,1,232,0.8255121293800539,0.38952096622354987,0.40714285714285714,0.40714285714285714,0.25741023682200154,1,114,0.022183288409703503,0.08020601480837082,0.0,0.0,-0.1497326203208556,1,0,0.8131199460916442,0.3583358600538365,0.375,0.375,0.2252673796791444,1,105,0.025208928001335534,-7.806228833446096e-05,0.025286990289669995,1.0,-0.03158060717881555,0.0010439896620177411,-0.03262459684083329,0.0,0.9778167115902965
cat,n3000,2,128,1.0,1870,802,2058,328,296,280,0.1497326203208556,14.609375,0.6928607273619897,0.6928646635463629,0.6929045683059418,0.6470588235294118,0.6209476309226932,0.6175898931000972,0.016914893604284147,1.0024137419178007,8.290033874997552e-13,0.6933341648489387,0.39212827988338195,0.013742086948184854,7.780992469754674e-13,0.029450922536796532,-0.8440634868616431,0.6931471805599453,True,0.9841262353998204,0.8771179493599892,0.8285714285714286,0.8285714285714286,0.678838808250573,1,232,0.8198966756513927,0.3754836007471763,0.3892857142857143,0.3892857142857143,0.2395530939648587,1,109,0.022113656783468105,0.08020225018344813,0.0,0.0,-0.1497326203208556,1,0,0.8186545372866127,0.3718189984019314,0.3892857142857143,0.3892857142857143,0.2395530939648587,1,109,0.002578038962146573,-8.757658493956336e-06,0.002586796620640529,1.0,-0.00322925098131571,0.00010592118712965775,-0.003335172168445368,0.0,0.9778863432165319
cat,n3000,2,256,1e-06,1870,802,2058,328,296,280,0.1497326203208556,7.3046875,0.5410327271111973,0.751024188877284,0.757186875094226,0.7213903743315508,0.5910224438902744,0.576287657920311,58.454408747641324,55.31974742390973,1.6281757464060733e-09,0.9524076911523487,0.4421768707482993,49.18883944323097,1.3038196006817772e-09,43.05200385853466,0.6926196433586008,0.6931471805599453,False,0.9570911949685534,0.838020157051131,0.7642857142857142,0.7642857142857142,0.6145530939648587,1,214,0.9644362084456424,0.8416091075039562,0.7714285714285715,0.7714285714285715,0.6216959511077158,1,216,0.18409703504043126,0.08784371755120582,0.02142857142857143,0.02142857142857143,-0.12830404889228417,1,6,0.33867475292003596,0.11036302640729467,0.08214285714285714,0.08214285714285714,-0.06758976317799846,1,23,1.6987987649111764,0.3491498789295238,1.3496488859816527,0.95,-2.46541821784483,0.4860258185883121,-2.951444036433142,0.017857142857142856,0.8159029649595687
cat,n3000,2,256,1e-05,1870,802,2058,328,296,280,0.1497326203208556,7.3046875,0.5440703699737864,0.7101513032445324,0.7180596355579711,0.7149732620320856,0.5935162094763092,0.5816326530612245,46.32847443196418,39.181903126308406,8.172366045275314e-10,0.9146280872183441,0.43780369290573373,40.54687604766892,9.092616166462173e-10,34.636315945389235,0.6895759703749169,0.6931471805599453,False,0.9641127583108715,0.8578572962292065,0.7714285714285715,0.7714285714285715,0.6216959511077158,1,216,0.9655592991913746,0.8455770418153497,0.7607142857142857,0.7607142857142857,0.6109816653934301,1,213,0.16438230008984725,0.08638699166800431,0.014285714285714285,0.014285714285714285,-0.1354469060351413,1,4,0.3380480682839173,0.10917796471563104,0.07142857142857142,0.07142857142857142,-0.07830404889228418,1,20,1.5780754074117331,0.2974610560636211,1.280614351348112,0.9535714285714286,-2.232378001193706,0.4078104949774478,-2.640188496171154,0.010714285714285714,0.8356176999101528
cat,n3000,2,256,0.0001,1870,802,2058,328,296,280,0.1497326203208556,7.3046875,0.5729505699261839,0.6442712227808579,0.6555026345446662,0.7005347593582888,0.6221945137157108,0.5986394557823129,20.93120486880848,12.364733546706875,9.884732331796853e-10,0.8322137350670898,0.41156462585034015,19.087098099772295,9.20167879231061e-10,18.604953466418742,0.5710514754768741,0.6931471805599453,True,0.9808468104222822,0.903538086567742,0.825,0.825,0.6752673796791444,1,231,0.9600606469002695,0.8276284013795081,0.7214285714285714,0.7214285714285714,0.5716959511077158,1,202,0.0893104222821204,0.08240688533741479,0.0,0.0,-0.1497326203208556,1,0,0.34689577717879605,0.10708247979538092,0.05714285714285714,0.05714285714285714,-0.09258976317799847,1,16,1.2522720972940766,0.14628734545188765,1.105984751842189,0.9857142857142858,-1.6938161653095745,0.21339171790524142,-1.9072078832148158,0.0,0.9106895777178796
cat,n3000,2,256,0.001,1870,802,2058,328,296,280,0.1497326203208556,7.3046875,0.6240535385231435,0.6371471959794766,0.6463607509171154,0.6679144385026738,0.6334164588528678,0.6243926141885325,6.359363742556321,2.846125955029002,4.2374508118556226e-10,0.7660072367298639,0.4008746355685131,5.4228009546483245,5.71059019027432e-10,9.155170833351105,-0.20253222008310484,0.6931471805599453,True,0.9872394429469901,0.906014300547436,0.8642857142857143,0.8642857142857143,0.7145530939648588,1,242,0.9311275831087151,0.721688857590332,0.625,0.625,0.4752673796791444,1,175,0.030083108715184187,0.08045258444784979,0.0,0.0,-0.1497326203208556,1,0,0.49193845462713387,0.13248571601621884,0.04285714285714286,0.04285714285714286,-0.10687547746371275,1,12,0.7795510019570441,0.024228544569808094,0.755322457387236,1.0,-1.0018521935391824,0.06021671399526759,-1.06206890753445,0.0,0.9699168912848158
cat,n3000,2,256,0.01,1870,802,2058,328,296,280,0.1497326203208556,7.3046875,0.6716087642291286,0.6726302747257744,0.6756346300515249,0.653475935828877,0.6246882793017456,0.620019436345967,1.391823659379222,1.2433591314360575,1.386016350422563e-10,0.7093851120685086,0.3858114674441205,1.1429614286396832,1.0492829005083972e-10,2.366534103954394,-0.7408060773654904,0.6931471805599453,True,0.9853212039532794,0.8861536227928687,0.8428571428571429,0.8428571428571429,0.6931245225362872,1,236,0.8610916442048517,0.5108498523245607,0.48928571428571427,0.48928571428571427,0.33955309396485867,1,137,0.022866127583108714,0.08023600093272375,0.0,0.0,-0.1497326203208556,1,0,0.7469946091644205,0.25305240068016827,0.26785714285714285,0.26785714285714285,0.11812452253628725,1,75,0.20733736099825062,0.0008688840233194866,0.20646847697493112,1.0,-0.2596858502533359,0.010066813910201214,-0.2697526641635371,0.0,0.9771338724168913
cat,n3000,2,256,0.1,1870,802,2058,328,296,280,0.1497326203208556,7.3046875,0.690331308410659,0.6904111183123786,0.690800352911887,0.6481283422459893,0.6234413965087282,0.6180758017492711,0.16683478880740707,1.0249646370496315,5.168629971159391e-12,0.6949955121257969,0.3872691933916424,0.1362622939891211,5.08975803429907e-12,0.2883163731308655,-0.8077376793132532,0.6931471805599453,True,0.9848045822102426,0.8821074405794519,0.8392857142857143,0.8392857142857143,0.6895530939648586,1,235,0.819173405211141,0.3811318207267567,0.3964285714285714,0.3964285714285714,0.2466959511077158,1,111,0.0222214734950584,0.0802106832867715,0.0,0.0,-0.1497326203208556,1,0,0.8053459119496855,0.3471896779976433,0.3678571428571429,0.3678571428571429,0.21812452253628728,1,103,0.02528482441372591,1.3860956429663813e-05,0.025270963457296246,1.0,-0.03162606821650737,0.0011305532481066087,-0.03275662146461398,0.0,0.9777785265049416
cat,n3000,2,256,1.0,1870,802,2058,328,296,280,0.1497326203208556,7.3046875,0.6928567042957301,0.6928643749050506,0.6929044715703703,0.6481283422459893,0.6221945137157108,0.6185617103984451,0.017033394801200596,1.0024981365461065,9.596769819892455e-13,0.6933344912513262,0.3867832847424684,0.013904099964336291,8.910827616969253e-13,0.02948177710263723,-0.8143142616614735,0.6931471805599453,True,0.9847439353099731,0.8816787161791144,0.8392857142857143,0.8392857142857143,0.6895530939648586,1,235,0.8130548068283917,0.3658272723214645,0.37857142857142856,0.37857142857142856,0.22883880825057296,1,106,0.022185534591194968,0.08021080140474877,0.0,0.0,-0.1497326203208556,1,0,0.8116599281221922,0.361934904675038,0.37857142857142856,0.37857142857142856,0.22883880825057296,1,106,0.0025856347609846757,4.4116910739042434e-07,0.0025851935918772854,1.0,-0.003233800141141652,0.0001145834996864683,-0.00334838364082812,0.0,0.977814465408805
cat,n3000,2,384,1e-06,1870,802,2058,328,296,280,0.1497326203208556,4.869791666666667,0.4969418087398353,0.7866230283834404,0.8216972510141736,0.7459893048128342,0.5960099750623441,0.5826044703595724,120.11124413779798,1121.787734629201,2.4586642366243195e-09,1.0416367010207952,0.46938775510204084,113.92753552359977,1.1665037784204986e-08,84.06827439842378,0.7431581484930248,0.6931471805599453,False,0.9568598382749326,0.8520268544985046,0.7642857142857142,0.7642857142857142,0.6145530939648587,1,214,0.969840521114106,0.8789906071985665,0.8035714285714286,0.8035714285714286,0.6538388082505731,1,225,0.21461590296495958,0.0905623225416882,0.02857142857142857,0.02857142857142857,-0.12116119174942704,1,8,0.3333243486073675,0.10933271970955077,0.08571428571428572,0.08571428571428572,-0.06401833460656989,1,24,2.015659100647893,0.5608159316950391,1.4548431689528538,0.95,-2.849383774523962,0.7179541335922532,-3.5673379081162153,0.03571428571428571,0.7853840970350404
cat,n3000,2,384,1e-05,1870,802,2058,328,296,280,0.1497326203208556,4.869791666666667,0.5153895221921017,0.7057428709230928,0.7254693314364938,0.7390374331550802,0.6134663341645885,0.5879494655004859,63.54884400688568,124.2021068725685,1.6005574349516304e-09,0.9316577183451586,0.4514091350826045,60.00556629678484,3.5315174950913724e-09,44.90512911360961,0.7372454283215607,0.6931471805599453,False,0.9678054806828392,0.8759589779220622,0.7928571428571428,0.7928571428571428,0.6431245225362872,1,222,0.9719519317160826,0.8792824676753673,0.7964285714285714,0.7964285714285714,0.6466959511077157,1,223,0.1760175202156334,0.08720604997324735,0.014285714285714285,0.014285714285714285,-0.1354469060351413,1,4,0.32957322551662177,0.10710898386581115,0.07857142857142857,0.07857142857142857,-0.07116119174942703,1,22,1.6776489943974924,0.3917986530805535,1.2858503413169389,0.9607142857142857,-2.327361021575595,0.5008773422513566,-2.8282383638269515,0.014285714285714285,0.8239824797843666
cat,n3000,2,384,0.0001,1870,802,2058,328,296,280,0.1497326203208556,4.869791666666667,0.5655869699192924,0.6410745060166074,0.6538915820461519,0.713903743315508,0.6346633416458853,0.6059280855199223,22.48138285016853,15.73140328996061,8.783616017811724e-10,0.8313213747833348,0.4203109815354713,20.896822265061708,1.554644425055952e-09,19.279119144923573,0.6070861174428515,0.6931471805599453,True,0.9829964061096137,0.9118906531521073,0.8285714285714286,0.8285714285714286,0.678838808250573,1,232,0.9644204851752022,0.8447811268224935,0.7392857142857143,0.7392857142857143,0.5895530939648588,1,207,0.08910152740341419,0.08241066457872888,0.0,0.0,-0.1497326203208556,1,0,0.33556154537286614,0.1052115444654817,0.05,0.05,-0.0997326203208556,1,14,1.2651250811035213,0.16456448809295135,1.10056059301057,0.9892857142857143,-1.701469278867794,0.2307625559682406,-1.9322318348360348,0.0,0.9108984725965859
cat,n3000,2,384,0.001,1870,802,2058,328,296,280,0.1497326203208556,4.869791666666667,0.6231071129748378,0.6366632712742679,0.6460955258853627,0.6668449197860963,0.6371571072319202,0.6229348882410107,6.4321730233487076,2.9416237451853866,7.762109214591221e-10,0.7657359187194498,0.4067055393586006,5.512259977768826,9.017158589347804e-10,9.172089243394026,-0.1744334884685081,0.6931471805599453,True,0.9875224618149147,0.9077077508204859,0.8714285714285714,0.8714285714285714,0.7216959511077159,1,244,0.9334658580413298,0.7292929818646726,0.6285714285714286,0.6285714285714286,0.47883880825057296,1,176,0.030006738544474394,0.080449289735083,0.0,0.0,-0.1497326203208556,1,0,0.48330188679245284,0.1305162342148798,0.04285714285714286,0.04285714285714286,-0.10687547746371275,1,12,0.7807720558585913,0.026366005979081064,0.7544060498795102,1.0,-1.002712988159612,0.06230873987842612,-1.065021728038038,0.0,0.9699932614555256
cat,n3000,2,384,0.01,1870,802,2058,328,296,280,0.1497326203208556,4.869791666666667,0.6715097936365343,0.6725809142154567,0.6756061359115009,0.651336898395722,0.6271820448877805,0.619533527696793,1.3953695017208125,1.2479194969764429,1.574273991091993e-10,0.7093561319598874,0.3872691933916424,1.1473604963392259,1.0947659293517812e-10,2.3671982501546576,-0.7308392635818746,0.6931471805599453,True,0.9854312668463612,0.8869686716087809,0.8464285714285714,0.8464285714285714,0.6966959511077158,1,237,0.86187106918239,0.515231698291362,0.48928571428571427,0.48928571428571427,0.33955309396485867,1,137,0.022917789757412398,0.08023720611313588,0.0,0.0,-0.1497326203208556,1,0,0.7446787960467206,0.25110519409333787,0.26785714285714285,0.26785714285714285,0.11812452253628725,1,75,0.2074489344151256,0.0010867049719896858,0.20636222944313592,1.0,-0.25978475254978906,0.01028247303780672,-0.27006722558759577,0.0,0.9770822102425876
cat,n3000,2,384,0.1,1870,802,2058,328,296,280,0.1497326203208556,4.869791666666667,0.6903213756629577,0.6904063142505112,0.6907974841759105,0.6486631016042781,0.6246882793017456,0.6166180758017493,0.16713217180954623,1.0253426766655676,5.392390990896645e-12,0.694992663148453,0.38629737609329445,0.13663279387347918,5.261086585605887e-12,0.2883711386341035,-0.8004171850047231,0.6931471805599453,True,0.9848764600179695,0.8825168221842746,0.8392857142857143,0.8392857142857143,0.6895530939648586,1,235,0.8188319856244385,0.3816516702682522,0.4,0.4,0.2502673796791444,1,112,0.022228212039532794,0.08021054831785032,0.0,0.0,-0.1497326203208556,1,0,0.8045867026055705,0.3466116036485682,0.3678571428571429,0.3678571428571429,0.21812452253628728,1,103,0.025295971299019337,3.5685744143458016e-05,0.025260285554875878,1.0,-0.03163601894836206,0.0011521674059688702,-0.03278818635433093,0.0,0.9777717879604672
cat,n3000,2,384,1.0,1870,802,2058,328,296,280,0.1497326203208556,4.869791666666667,0.6928557107143231,0.6928638964094396,0.6929041845304847,0.6481283422459893,0.6259351620947631,0.6166180758017493,0.01706253523188311,1.0025351149069388,9.9674195271057e-13,0.6933342070812134,0.38629737609329445,0.013940425786970263,9.230523451176881e-13,0.029487135174568482,-0.8072546156183549,0.6931471805599453,True,0.9848203054806829,0.8820593808842108,0.8392857142857143,0.8392857142857143,0.6895530939648586,1,235,0.8124258760107816,0.36509160282508507,0.38571428571428573,0.38571428571428573,0.23598166539343013,1,108,0.022185534591194968,0.08020901544606968,0.0,0.0,-0.1497326203208556,1,0,0.8110062893081761,0.36163607969428146,0.3821428571428571,0.3821428571428571,0.23241023682200151,1,107,0.002586749654709693,2.6240814299231815e-06,0.0025841255732797696,1.0,-0.0032347954562305476,0.00011674535413737128,-0.003351540810367919,0.0,0.977814465408805
cat,n3000,3,32,1e-06,1861,797,2058,342,296,279,0.14991939817302524,58.15625,0.6345322196926655,0.6643190746148198,0.6479067047089105,0.631918323481999,0.6072772898368883,0.6151603498542274,11.236657916311335,5.885733284263474,5.132652015217098e-10,0.9799199610470881,0.6156462585034014,41.677969603375324,3.1572975599493077e-10,33.65050734463975,0.7804036664190003,0.6931471805599453,True,0.35277245354322145,0.10866396250116055,0.04659498207885305,0.04659498207885305,-0.1033244160941722,1,13,0.6130391637100172,0.2066398923633929,0.24014336917562723,0.24014336917562723,0.09022397100260199,1,67,0.2388723497772884,0.09550085280260269,0.0,0.0,-0.14991939817302524,1,0,0.27472370621100284,0.09766174851917564,0.014336917562724014,0.014336917562724014,-0.13558248061030123,1,4,4.067228958690589,2.1032684441305443,1.963960514560045,1.0,0.6470610543844967,0.419622863562191,0.2274381908223057,0.9175627240143369,0.7611276502227116
cat,n3000,3,32,1e-05,1861,797,2058,342,296,279,0.14991939817302524,58.15625,0.6345458624111562,0.6636742545066424,0.6475483655387175,0.631918323481999,0.6060225846925973,0.6151603498542274,11.010886140394737,5.717793364357615,4.3280972687969525e-10,0.9397137377865804,0.6156462585034014,38.681434012584376,4.69412658392078e-10,30.841327441807326,0.782201324032743,0.6931471805599453,True,0.34984752298483385,0.10818635301070618,0.035842293906810034,0.035842293906810034,-0.1140771042662152,1,10,0.6140065884570595,0.20675832336549654,0.24014336917562723,0.24014336917562723,0.09022397100260199,1,67,0.23829914495058657,0.0954597483332731,0.0,0.0,-0.14991939817302524,1,0,0.27977379932846674,0.09810332436598967,0.017921146953405017,0.017921146953405017,-0.13199825121962022,1,5,3.7969112496295336,1.9593906818513185,1.8375205677782152,1.0,0.64363855156645,0.41528391956389676,0.22835463200255324,0.921146953405018,0.7617008550494134
cat,n3000,3,32,0.0001,1861,797,2058,342,296,279,0.14991939817302524,58.15625,0.6353784383087222,0.6595096974629586,0.6455708284571662,0.6335303600214938,0.6097867001254705,0.6180758017492711,9.365988856959364,4.570371409357531,2.5709784691582297e-10,0.7855819018563446,0.6175898931000972,26.43902387287327,1.426263420012309e-10,19.628152767440007,0.8106514474194623,0.6931471805599453,True,0.32816995862956466,0.10470937737593886,0.02867383512544803,0.02867383512544803,-0.12124556304757722,1,8,0.6205701235675544,0.20629658723330838,0.23297491039426524,0.23297491039426524,0.08305551222124,1,65,0.235446714607434,0.09524990929612032,0.0,0.0,-0.14991939817302524,1,0,0.31998423120318636,0.10256509833926303,0.021505376344086023,0.021505376344086023,-0.1284140218289392,1,6,2.6535431046629014,1.3555938678446453,1.2979492368182561,1.0,0.6125265666983254,0.38030555604930755,0.23222101064901784,0.953405017921147,0.7645532853925661
cat,n3000,3,32,0.001,1861,797,2058,342,296,279,0.14991939817302524,58.15625,0.647067851643556,0.6574680162219066,0.6500788911191975,0.6410531972058033,0.6072772898368883,0.6166180758017493,4.94697232282404,2.2485816726868726,1.3844588268670183e-10,0.6511433336906395,0.6180758017492711,10.9043751160605,1.0551408506548017e-10,6.614776831610592,0.9233957497071172,0.6931471805599453,True,0.2726959658161485,0.09798808735312595,0.010752688172043012,0.010752688172043012,-0.13916671000098224,1,3,0.6498239604148824,0.2184680938406062,0.24372759856630824,0.24372759856630824,0.093808200393283,1,68,0.2313889681859993,0.09498107183962468,0.0,0.0,-0.14991939817302524,1,0,0.5079070547240687,0.14200474519026626,0.1003584229390681,0.1003584229390681,-0.04956097523395714,1,28,1.1181570064961517,0.5626848418865837,0.5554721646095679,1.0,0.42567182402885384,0.2384816304663585,0.18719019356249533,0.989247311827957,0.7686110318140007
cat,n3000,3,32,0.01,1861,797,2058,342,296,279,0.14991939817302524,58.15625,0.6776319211862636,0.6796287305478886,0.6778833733844325,0.6362170875873187,0.6035131744040151,0.6151603498542274,1.1813570799097315,1.196855897276567,2.8038556869985446e-11,0.6649867539527734,0.6156462585034014,2.410118179514101,3.959887918020688e-11,1.2884238002523838,0.973626455383289,0.6931471805599453,True,0.24746589091436366,0.09613813862851309,0.0,0.0,-0.14991939817302524,1,0,0.6753734893900466,0.242231956487367,0.2724014336917563,0.2724014336917563,0.12248203551873105,1,76,0.22944958742846266,0.0948692445496323,0.0,0.0,-0.14991939817302524,1,0,0.6642084562438545,0.22893018316178823,0.25806451612903225,0.25806451612903225,0.10814511795600701,1,72,0.24893152431416807,0.12442641223600742,0.12450511207816065,1.0,0.11351279117813731,0.06021250591792462,0.053300285260212694,1.0,0.7705504125715373
cat,n3000,3,32,0.1,1861,797,2058,342,296,279,0.14991939817302524,58.15625,0.691122352822561,0.6913527704343775,0.691143275295225,0.6367544331004836,0.6035131744040151,0.6166180758017493,0.14148959093329072,1.020651417249614,3.352372699058437e-10,0.6890471099931543,0.6156462585034014,0.2899868539860576,1.0415740898406096e-12,0.1540215382409713,0.9796345093177001,0.6931471805599453,True,0.2437411923566648,0.09589211285485667,0.0,0.0,-0.14991939817302524,1,0,0.6824762448513519,0.24384772683034073,0.2724014336917563,0.2724014336917563,0.12248203551873105,1,76,0.22906443003502666,0.09484759549576238,0.0,0.0,-0.14991939817302524,1,0,0.6812777256682481,0.24352823165946838,0.2724014336917563,0.2724014336917563,0.12248203551873105,1,76,0.02998095459523657,0.014968113615975467,0.015012840979261102,1.0,0.01378696039260491,0.007249179591030358,0.0065377808015745515,1.0,0.7709355699649734
cat,n3000,3,32,1.0,1861,797,2058,342,296,279,0.14991939817302524,58.15625,0.6929384373358821,0.6929618640036572,0.6929404764835876,0.6367544331004836,0.6047678795483061,0.6161321671525753,0.014439680373466943,1.0020717716848913,3.4732312895916426e-13,0.6927193417865545,0.6156462585034014,0.029618476344034046,5.230588403039398e-12,0.01572590000344254,0.9802328479704536,0.6931471805599453,True,0.24342173828328553,0.09587079235866552,0.0,0.0,-0.14991939817302524,1,0,0.6835637480798771,0.24412537617592087,0.2724014336917563,0.2724014336917563,0.12248203551873105,1,76,0.22904403934949183,0.09484842280606888,0.0,0.0,-0.14991939817302524,1,0,0.6834142163859549,0.24406867959210618,0.2724014336917563,0.2724014336917563,0.12248203551873105,1,76,0.0030624627689039697,0.0015287546581320176,0.001533708110771952,1.0,0.0014090169300237448,0.0007401687874445484,0.0006688481425791964,1.0,0.7709559606505082
cat,n3000,3,64,1e-06,1861,797,2058,342,296,279,0.14991939817302524,29.078125,0.626939084675955,0.6656387785878749,0.6502866045649529,0.6415905427189683,0.6022584692597239,0.6137026239067055,14.506539760366564,8.729173033714018,1.21912731228942e-09,0.9995714001184094,0.6258503401360545,45.371656580250864,2.2649194435264116e-09,36.33963142179706,0.7205094602406048,0.6931471805599453,True,0.40117994100294985,0.124036185334786,0.0931899641577061,0.0931899641577061,-0.056729434015319144,1,26,0.6129009601747255,0.22576188167563943,0.24014336917562723,0.24014336917562723,0.09022397100260199,1,67,0.24422830317777505,0.0957023629916956,0.0,0.0,-0.14991939817302524,1,0,0.2762892577337339,0.09779198171152512,0.010752688172043012,0.010752688172043012,-0.13916671000098224,1,3,4.19651871443062,2.2108819881683073,1.9856367262623125,1.0,0.6088704443095873,0.45839222712154076,0.1504782171880465,0.8566308243727598,0.755771696822225
cat,n3000,3,64,1e-05,1861,797,2058,342,296,279,0.14991939817302524,29.078125,0.6269753910099424,0.6645630219113047,0.6494937883120456,0.645351961311123,0.5984943538268507,0.6122448979591837,14.03493745014111,8.322329918444614,5.658387875192903e-10,0.9512410403870216,0.6239067055393586,41.33502822612563,5.598245977224824e-10,32.6895660470796,0.7213467289917591,0.6931471805599453,True,0.3968752407233709,0.12239921538719237,0.08602150537634409,0.08602150537634409,-0.06389789279668115,1,24,0.6134129929448228,0.224648496367552,0.24372759856630824,0.24372759856630824,0.093808200393283,1,68,0.24262876717915258,0.09560063277571723,0.0,0.0,-0.14991939817302524,1,0,0.2802745039399336,0.09815130673136915,0.010752688172043012,0.010752688172043012,-0.13916671000098224,1,3,3.8791885578193344,2.035942942161257,1.8432456156580774,1.0,0.60622701167331,0.4514099664150359,0.15481704525827406,0.8566308243727598,0.7573712328208474
cat,n3000,3,64,0.0001,1861,797,2058,342,296,279,0.14991939817302524,29.078125,0.6287618387573195,0.6586407684840724,0.6456032906068649,0.645889306824288,0.6097867001254705,0.6214771622934888,11.031071170829065,5.941088332921858,2.2543332289161502e-10,0.7854195662546933,0.6248785228377065,27.016134811942308,6.592147016107804e-10,20.088227075923346,0.7516674313983961,0.6931471805599453,True,0.365342178359592,0.11290618056854623,0.06451612903225806,0.06451612903225806,-0.08540326914076718,1,18,0.6180076940853418,0.2181045421197375,0.24731182795698925,0.24731182795698925,0.09739242978396401,1,69,0.23718218850962214,0.09527878030878213,0.0,0.0,-0.14991939817302524,1,0,0.3157384373484859,0.1020357483643483,0.021505376344086023,0.021505376344086023,-0.1284140218289392,1,6,2.6625778780878475,1.3736683390733344,1.288909539014513,1.0,0.5823711494177561,0.4017880445948534,0.18058310482290274,0.910394265232975,0.7628178114903779
cat,n3000,3,64,0.001,1861,797,2058,342,296,279,0.14991939817302524,29.078125,0.6448280393592689,0.6567917464519833,0.649658962802575,0.647501343363783,0.6022584692597239,0.6234207968901846,5.147361448315194,2.426628014838638,7.240786769237707e-10,0.6510813291601824,0.619533527696793,10.950638279382579,2.0678927367131689e-10,6.711668495182488,0.8991564787157535,0.6931471805599453,True,0.2856825668701204,0.09920589195352235,0.014336917562724014,0.014336917562724014,-0.13558248061030123,1,4,0.6422046409200277,0.2172544684915692,0.23297491039426524,0.23297491039426524,0.08305551222124,1,65,0.23184889142639642,0.09497564944881282,0.0,0.0,-0.14991939817302524,1,0,0.4936154497958666,0.13753454498353654,0.0967741935483871,0.0967741935483871,-0.05314520462463815,1,27,1.12042442631734,0.5653463919727353,0.5550780343446047,1.0,0.41628545394080435,0.24273583901936385,0.1735496149214405,0.978494623655914,0.7681511085736036
cat,n3000,3,64,0.01,1861,797,2058,342,296,279,0.14991939817302524,29.078125,0.6773402510066389,0.6795454369479795,0.6778272522953911,0.6378291241268136,0.6010037641154329,0.6190476190476191,1.1934830997941692,1.2092764608546418,1.2219765602405569e-09,0.6650104439222425,0.6146744412050534,2.4140924420644745,6.640855658926469e-11,1.2979134585739263,0.9662131003999358,0.6931471805599453,True,0.25218520179981785,0.09649113402153976,0.0,0.0,-0.14991939817302524,1,0,0.6685924536338467,0.24284473997350248,0.2616487455197133,0.2616487455197133,0.11172934734668805,1,73,0.22954247832923255,0.09486377055448722,0.0,0.0,-0.14991939817302524,1,0,0.655512961679105,0.2251114981609859,0.25806451612903225,0.25806451612903225,0.10814511795600701,1,72,0.24945514472345454,0.12480069572614526,0.12465444899730928,1.0,0.11234589161027062,0.060701823031478204,0.05164406857879241,1.0,0.7704575216707674
cat,n3000,3,64,0.1,1861,797,2058,342,296,279,0.14991939817302524,29.078125,0.6910921637447746,0.6913444032166435,0.691137546369456,0.6356797420741537,0.6035131744040151,0.6171039844509232,0.14255103195600868,1.021740757411344,2.1587007932059494e-12,0.6890506150360866,0.6146744412050534,0.290339429494496,1.546012582366527e-12,0.15486511947453893,0.9741255292088714,0.6931471805599453,True,0.24791222036440422,0.0962186740783379,0.0,0.0,-0.14991939817302524,1,0,0.6750563009483934,0.24250014701808684,0.27598566308243727,0.27598566308243727,0.12606626490941203,1,77,0.22902138303223088,0.09484018909651401,0.0,0.0,-0.14991939817302524,1,0,0.6737173125982717,0.24189493505212503,0.26881720430107525,0.26881720430107525,0.11889780612805001,1,75,0.030035707513910177,0.015006725854145414,0.015028981659764762,1.0,0.013667420793878258,0.007299217858056875,0.006368202935821383,1.0,0.7709786169677691
cat,n3000,3,64,1.0,1861,797,2058,342,296,279,0.14991939817302524,29.078125,0.692935407653654,0.6929610274888703,0.6929399025892939,0.6351423965609887,0.6035131744040151,0.6175898931000972,0.014544196470896855,1.002178946153631,4.370508639442803e-13,0.6927197075386151,0.6141885325558795,0.02965316463310329,2.842471657152374e-13,0.015808945311809403,0.9749098496765938,0.6931471805599453,True,0.24748854723162458,0.09619211187700903,0.0,0.0,-0.14991939817302524,1,0,0.675982944324366,0.24245713377667455,0.27598566308243727,0.27598566308243727,0.12606626490941203,1,77,0.22899419545151775,0.0948413285874234,0.0,0.0,-0.14991939817302524,1,0,0.6758787252649656,0.24233905157574914,0.27598566308243727,0.27598566308243727,0.12606626490941203,1,77,0.003067952545742095,0.0015326250435804378,0.001535327502161657,1.0,0.0013970336576182042,0.000745184359528341,0.0006518492980898633,1.0,0.7710058045484822
cat,n3000,3,128,1e-06,1861,797,2058,342,296,279,0.14991939817302524,14.5390625,0.6061972226505328,0.6839207379272588,0.6723086886640488,0.6603976356797421,0.6085319949811794,0.5811467444120505,24.816256279472746,16.29381609105754,1.5437917408434655e-09,1.077945271648375,0.6151603498542274,57.62868573433481,3.222311027376181e-10,47.786296130222716,0.578053721957748,0.6931471805599453,True,0.5002582820167747,0.1705595767962647,0.17562724014336917,0.17562724014336917,0.025707841970343925,1,49,0.6582611729628572,0.27406902686535506,0.27956989247311825,0.27956989247311825,0.129650494300093,1,78,0.24715096810443657,0.09571597954396241,0.0,0.0,-0.14991939817302524,1,0,0.27432268939548415,0.09750012099627751,0.007168458781362007,0.007168458781362007,-0.14275093939166322,1,2,4.649721831072292,2.512122437503012,2.1375993935692805,1.0,0.45623460222654716,0.558259964317744,-0.10202536209119689,0.7598566308243727,0.7528490318955634
cat,n3000,3,128,1e-05,1861,797,2058,342,296,279,0.14991939817302524,14.5390625,0.6064208470976356,0.6789704228422359,0.6674896879323887,0.6609349811929071,0.6072772898368883,0.586977648202138,23.045015883954473,14.730235730978016,4.696027114688545e-10,0.9923612562635209,0.6185617103984451,48.79838213251284,4.781188791098753e-10,39.943695443039815,0.5854986153775633,0.6931471805599453,True,0.49111645800198467,0.1661857102227462,0.17204301075268819,0.17204301075268819,0.022123612579662943,1,48,0.6567975748678004,0.2706149903429578,0.2831541218637993,0.2831541218637993,0.13323472369077405,1,79,0.24417845927980097,0.09559048404903592,0.0,0.0,-0.14991939817302524,1,0,0.2770980882599495,0.09779005470993651,0.010752688172043012,0.010752688172043012,-0.13916671000098224,1,3,4.1295643424602,2.2170977030389327,1.9124666394212673,1.0,0.46383145813908705,0.5394383236699436,-0.07560686553085655,0.7741935483870968,0.755821540720199
cat,n3000,3,128,0.0001,1861,797,2058,342,296,279,0.14991939817302524,14.5390625,0.6130023258035296,0.6607386127687097,0.6503614689209946,0.662547017732402,0.616060225846926,0.597181729834791,14.875363035890766,8.2630564656551,7.203001825258582e-10,0.7870858497569299,0.6171039844509232,28.190362335273957,5.19353361936216e-10,21.92611241925812,0.6381649217464531,0.6931471805599453,True,0.43189964157706096,0.13522845934387448,0.0967741935483871,0.0967741935483871,-0.05314520462463815,1,27,0.647479031578375,0.24960166554270702,0.27598566308243727,0.27598566308243727,0.12606626490941203,1,77,0.23629632650471932,0.09519952051264562,0.0,0.0,-0.14991939817302524,1,0,0.30989990439034115,0.10137262808356295,0.014336917562724014,0.014336917562724014,-0.13558248061030123,1,4,2.689301864057956,1.4051246500288403,1.2841772140291154,1.0,0.4940281316553585,0.4431171199968553,0.0509110116585032,0.8387096774193549,0.7637036734952807
cat,n3000,3,128,0.001,1861,797,2058,342,296,279,0.14991939817302524,14.5390625,0.640776683759995,0.6558843998410201,0.6496331341578826,0.6518001074691027,0.6022584692597239,0.6146744412050534,5.503391776346635,2.6143759002417086,1.0979466479475309e-09,0.6506641225778641,0.6185617103984451,11.014925580397946,4.790790009401755e-11,6.918080867719427,0.8557984461079307,0.6931471805599453,True,0.3068820829311837,0.10151803669409623,0.025089605734767026,0.025089605734767026,-0.12482979243825822,1,7,0.6444883976999307,0.22118580212325378,0.25806451612903225,0.25806451612903225,0.10814511795600701,1,72,0.23128701475832505,0.09494751886144022,0.0,0.0,-0.14991939817302524,1,0,0.48171408633869384,0.13388519362432583,0.1039426523297491,0.1039426523297491,-0.04597674584327614,1,29,1.1230421671313062,0.5688340148677434,0.5542081522635628,1.0,0.39677458801500676,0.24955309843039272,0.14722148958461403,0.96415770609319,0.768712985241675
cat,n3000,3,128,0.01,1861,797,2058,342,296,279,0.14991939817302524,14.5390625,0.6768573864394309,0.6793895541518085,0.6778063575763458,0.6399785061794734,0.6035131744040151,0.6166180758017493,1.2133870303337377,1.2205632962780713,7.273562255494562e-11,0.6649401649226587,0.6161321671525753,2.4187142855680497,1.1926840708817627e-10,1.3132173491144767,0.9537067891664378,0.6931471805599453,True,0.26025085074471316,0.0972107256026188,0.0,0.0,-0.14991939817302524,1,0,0.6652438499426795,0.2399872309181052,0.26881720430107525,0.26881720430107525,0.11889780612805001,1,75,0.22913919588198778,0.09484201783549527,0.0,0.0,-0.14991939817302524,1,0,0.6495747409250121,0.21834279516059707,0.24731182795698925,0.24731182795698925,0.09739242978396401,1,69,0.24995724523708215,0.1252507194103218,0.12470652582676037,1.0,0.11013053057835029,0.061456226722794376,0.04867430385555591,1.0,0.7708608041180123
cat,n3000,3,128,0.1,1861,797,2058,342,296,279,0.14991939817302524,14.5390625,0.6910428354995028,0.6913275697471324,0.6911353000166383,0.6367544331004836,0.6035131744040151,0.6161321671525753,0.14426947401257093,1.022711707213775,3.0584108196463035e-12,0.6890425109268382,0.6151603498542274,0.2907430444181446,3.7964330582171045e-10,0.15619721565819292,0.9649178797377282,0.6931471805599453,True,0.2544893492652556,0.09679611001796637,0.0,0.0,-0.14991939817302524,1,0,0.6713723837617643,0.24134698921713452,0.2724014336917563,0.2724014336917563,0.12248203551873105,1,76,0.22871325711748206,0.0948205935667349,0.0,0.0,-0.14991939817302524,1,0,0.669922379457064,0.24041685868970028,0.2724014336917563,0.2724014336917563,0.12248203551873105,1,76,0.030087833426701863,0.015052803369857095,0.015035030056844768,1.0,0.013442697381608483,0.007375734969855348,0.006066962411753135,1.0,0.771286742882518
cat,n3000,3,128,1.0,1861,797,2058,342,296,279,0.14991939817302524,14.5390625,0.6929304640716336,0.6929593300194863,0.6929396766840777,0.6367544331004836,0.6035131744040151,0.6166180758017493,0.014713151724721235,1.0022742970268865,5.918405708685566e-13,0.6927188850004826,0.6146744412050534,0.029692802273561015,3.9491009307360257e-13,0.015939848252900336,0.9660213427082185,0.6931471805599453,True,0.25392973822891035,0.09675652531346858,0.0,0.0,-0.14991939817302524,1,0,0.6721472298120885,0.24114617932025798,0.26881720430107525,0.26881720430107525,0.11889780612805001,1,75,0.2286973976953994,0.09482123368509326,0.0,0.0,-0.14991939817302524,1,0,0.6719727761691793,0.24098148521200857,0.26881720430107525,0.26881720430107525,0.11889780612805001,1,75,0.003073173456815561,0.0015372395705260103,0.0015359338862895506,1.0,0.0013745283689621307,0.0007528471427484735,0.0006216812262136572,1.0,0.7713026023046006
cat,n3000,3,256,1e-06,1861,797,2058,342,296,279,0.14991939817302524,7.26953125,0.557544909854453,0.7628151207878202,0.7275876195838195,0.706609349811929,0.5809284818067754,0.5879494655004859,54.662764622569554,49.750363721219244,9.74556285563056e-10,1.2876584265284226,0.608357628765792,104.47353669620624,6.201709135246388e-10,85.67653806348181,0.5745477293068423,0.6931471805599453,False,0.6329925823217287,0.3023345589643295,0.2974910394265233,0.2974910394265233,0.14757164125349803,1,83,0.7247642610188999,0.39423640894402073,0.3870967741935484,0.3870967741935484,0.23717737602052313,1,108,0.2735115932375424,0.09792118708965285,0.0,0.0,-0.14991939817302524,1,0,0.29400649783179045,0.099532240955308,0.010752688172043012,0.010752688172043012,-0.13916671000098224,1,3,5.56366915691498,3.2736723148157707,2.289996842099209,1.0,0.12500196433819052,0.8087696612248318,-0.6837676968866413,0.5806451612903226,0.7264884067624575
cat,n3000,3,256,1e-05,1861,797,2058,342,296,279,0.14991939817302524,7.26953125,0.5600263197449951,0.7284679165861033,0.6997526284494064,0.7049973132724342,0.588456712672522,0.586977648202138,44.34029624966387,36.41737635643549,2.362424979158262e-09,1.051079032731795,0.6146744412050534,66.57256259120983,6.882145950881837e-10,54.74478261157366,0.5760760243434511,0.6931471805599453,False,0.6153637018609899,0.28429820736491407,0.2939068100358423,0.2939068100358423,0.14398741186281705,1,82,0.7195510424171572,0.381971126023758,0.3763440860215054,0.3763440860215054,0.22642468784848013,1,105,0.2583726420437811,0.09669950948893447,0.0,0.0,-0.14991939817302524,1,0,0.28523397178835375,0.09862615802723848,0.007168458781362007,0.007168458781362007,-0.14275093939166322,1,2,4.3769999347078254,2.5012509686121933,1.8757489660956321,1.0,0.19142986955005856,0.7247767594012475,-0.5333468898511889,0.6093189964157706,0.7416273579562189
cat,n3000,3,256,0.0001,1861,797,2058,342,296,279,0.14991939817302524,7.26953125,0.5868140413781541,0.6670179444044976,0.6519946409908072,0.6953250940354648,0.6085319949811794,0.6010689990281827,20.48108562717837,12.087575737143425,1.765732349645363e-09,0.7883989898298804,0.619533527696793,30.1576251242874,7.473714651715587e-10,24.387939926395923,0.5943274091010814,0.6931471805599453,True,0.518664274159564,0.1922436993917687,0.1827956989247312,0.1827956989247312,0.032876300751705945,1,51,0.683633982663386,0.31284359301812464,0.32616487455197135,0.32616487455197135,0.1762454763789461,1,91,0.23952032045095134,0.09544523121724889,0.0,0.0,-0.14991939817302524,1,0,0.30465723257615923,0.10079297851351111,0.010752688172043012,0.010752688172043012,-0.13916671000098224,1,3,2.693508525186594,1.4467328373162212,1.2467756878703726,1.0,0.37744506887985213,0.5034589658830174,-0.1260138970031653,0.7562724014336918,0.7604796795490487
cat,n3000,3,256,0.001,1861,797,2058,342,296,279,0.14991939817302524,7.26953125,0.6357483125021487,0.6555561179639862,0.6488417181175521,0.661472326706072,0.6060225846925973,0.6190476190476191,5.926056104915119,2.807628841622484,2.4225023398679503e-10,0.650384860599687,0.6214771622934888,11.108238551050128,2.271572149886489e-10,7.110618938478944,0.819940825932699,0.6931471805599453,True,0.3315865312725147,0.1047355902682509,0.035842293906810034,0.035842293906810034,-0.1140771042662152,1,10,0.6456189479312516,0.22501676017457184,0.26523297491039427,0.26523297491039427,0.11531357673736903,1,74,0.23191459474645315,0.09501086303321926,0.0,0.0,-0.14991939817302524,1,0,0.464567785435613,0.12898929058815845,0.08602150537634409,0.08602150537634409,-0.06389789279668115,1,24,1.1231413126361953,0.5740679454662988,0.5490733671698965,1.0,0.37727551407368415,0.25841949364388994,0.1188560204297942,0.956989247311828,0.7680854052535468
cat,n3000,3,256,0.01,1861,797,2058,342,296,279,0.14991939817302524,7.26953125,0.6762976699328054,0.6793256616976202,0.6776929563901973,0.645889306824288,0.6047678795483061,0.6156462585034014,1.2361388139336398,1.2307915931615554,9.866946084226595e-11,0.664892885156837,0.620019436345967,2.424186240660567,1.7803614959053247e-10,1.3256802876349236,0.9422732443512827,0.6931471805599453,True,0.26926353375111584,0.09807001519885714,0.0,0.0,-0.14991939817302524,1,0,0.6615780578098591,0.23882224503368965,0.2616487455197133,0.2616487455197133,0.11172934734668805,1,73,0.22930458699799264,0.09484814525156161,0.0,0.0,-0.14991939817302524,1,0,0.6433102692023617,0.21262057488250116,0.24372759856630824,0.24372759856630824,0.093808200393283,1,68,0.2500854114344541,0.12585871536483298,0.12422669606962114,1.0,0.10804410167575745,0.06241072146355685,0.045633380212200605,1.0,0.7706954130020074
cat,n3000,3,256,0.1,1861,797,2058,342,296,279,0.14991939817302524,7.26953125,0.6909862136711062,0.6913208168265954,0.6911233679221124,0.6426652337452983,0.6010037641154329,0.6161321671525753,0.14621784378595273,1.0235763874066255,3.819922644761682e-12,0.6890368433194269,0.6180758017492711,0.2912087921736027,3.1358540597024915e-12,0.15726529917082327,0.95643487514436,0.6931471805599453,True,0.2617824177915528,0.09747761629243615,0.0,0.0,-0.14991939817302524,1,0,0.6676159663599002,0.24038273684164851,0.25806451612903225,0.25806451612903225,0.10814511795600701,1,72,0.22896474223907853,0.09483773796270495,0.0,0.0,-0.14991939817302524,1,0,0.6660821336813344,0.23849694364589952,0.25806451612903225,0.25806451612903225,0.10814511795600701,1,72,0.0301011322794233,0.015114277295900229,0.014986854983523071,1.0,0.01323249202851188,0.007471935378545821,0.005760556649966059,1.0,0.7710352577609214
cat,n3000,3,256,1.0,1861,797,2058,342,296,279,0.14991939817302524,7.26953125,0.6929247953638673,0.6929586512044723,0.6929384769125444,0.6426652337452983,0.6010037641154329,0.6166180758017493,0.014904539561580124,1.0023590726983915,7.261854211920429e-13,0.6927183067519331,0.6180758017492711,0.02973847358763571,5.331157253963513e-13,0.01604467838283079,0.9578261745171973,0.6931471805599453,True,0.2609599934749806,0.09741030406116762,0.0,0.0,-0.14991939817302524,1,0,0.6682752651921935,0.23997745960761635,0.25806451612903225,0.25806451612903225,0.10814511795600701,1,72,0.22896474223907853,0.09483945855355501,0.0,0.0,-0.14991939817302524,1,0,0.668116670971367,0.2396158039662276,0.25806451612903225,0.25806451612903225,0.10814511795600701,1,72,0.003074503441109743,0.0015433915095245127,0.0015311119315852303,1.0,0.001353491579122004,0.0007624745550636735,0.0005910170240583304,1.0,0.7710352577609214
cat,n3000,3,384,1e-06,1861,797,2058,342,296,279,0.14991939817302524,4.846354166666667,0.5065821965386224,0.833328230763111,0.8131552201136782,0.739924771628157,0.5671267252195734,0.5811467444120505,122.19010949403321,1093.0835718870005,4.389114052813529e-09,1.453413134736992,0.6190476190476191,172.11614552811662,1.5027004599519158e-09,142.17005956795703,0.578721675572348,0.6931471805599453,False,0.71880111831582,0.398968786610964,0.3763440860215054,0.3763440860215054,0.22642468784848013,1,105,0.7858230360371382,0.5107074227377375,0.4659498207885305,0.4659498207885305,0.31603042261550524,1,130,0.28834694978000713,0.09894270919908284,0.007168458781362007,0.007168458781362007,-0.14275093939166322,1,2,0.30452809156777183,0.10065661790930655,0.025089605734767026,0.025089605734767026,-0.12482979243825822,1,7,6.16194300483324,3.7947197708291402,2.3672232340041,1.0,-0.18166141444308254,1.0747043564193144,-1.256365770862397,0.5089605734767025,0.7116530502199929
cat,n3000,3,384,1e-05,1861,797,2058,342,296,279,0.14991939817302524,4.846354166666667,0.525834021925991,0.7427629487132367,0.7202814773854972,0.7281031703385277,0.5759096612296111,0.6015549076773566,64.67349040877887,124.40684694134303,1.2652755791104811e-09,1.0680490782227938,0.6166180758017493,76.34221790622675,1.018586697570353e-09,65.43794124860777,0.5801399456723721,0.6931471805599453,False,0.6753984113390337,0.35128548848327396,0.33691756272401435,0.33691756272401435,0.1869981645509891,1,94,0.7619092931682141,0.4704445623930151,0.44086021505376344,0.44086021505376344,0.2909408168807382,1,123,0.26335929747291437,0.09693438708612805,0.0,0.0,-0.14991939817302524,1,0,0.28753132235861323,0.09876310603402959,0.010752688172043012,0.010752688172043012,-0.13916671000098224,1,3,4.407181463195394,2.5720593135202074,1.8351221496751862,1.0,0.04614924396780808,0.829502130917827,-0.7833528869500189,0.5734767025089605,0.7366407025270856
cat,n3000,3,384,0.0001,1861,797,2058,342,296,279,0.14991939817302524,4.846354166666667,0.577830297728701,0.6661970505530922,0.6523990715969479,0.707146695325094,0.5997490589711418,0.5996112730806609,22.396543530820612,15.78981284419742,1.374953376462136e-09,0.7892404622068091,0.620019436345967,30.74658438347268,9.694921617031138e-10,25.193457286817193,0.5897669307067116,0.6931471805599453,True,0.5406839489054733,0.212676596145082,0.20430107526881722,0.20430107526881722,0.054381677095791975,1,57,0.698283557404311,0.33834263862814534,0.33691756272401435,0.33691756272401435,0.1869981645509891,1,94,0.24116063782064354,0.09554556536880761,0.0,0.0,-0.14991939817302524,1,0,0.30259324207368743,0.10055625484853506,0.014336917562724014,0.014336917562724014,-0.13558248061030123,1,4,2.691598038483673,1.455623687968895,1.235974350514778,1.0,0.34719351055034126,0.5214608451825914,-0.17426733463225014,0.7419354838709677,0.7588393621793564
cat,n3000,3,384,0.001,1861,797,2058,342,296,279,0.14991939817302524,4.846354166666667,0.6346074317406073,0.6553734445203399,0.6487834217561271,0.6646963997850618,0.6072772898368883,0.6190476190476191,6.020438123227293,2.907768137631561,7.101437151928571e-10,0.6504388852337262,0.6214771622934888,11.1351613650391,2.8240263286262e-10,7.150462401531432,0.813773427983065,0.6931471805599453,True,0.3364349831663563,0.10551582457100186,0.035842293906810034,0.035842293906810034,-0.1140771042662152,1,10,0.6468333265364381,0.22653148214402072,0.25806451612903225,0.25806451612903225,0.10814511795600701,1,72,0.23239037740893292,0.09503535382582132,0.0,0.0,-0.14991939817302524,1,0,0.4597057397514149,0.12780660393017584,0.08243727598566308,0.08243727598566308,-0.06748212218736216,1,23,1.123538461977141,0.5754740083057136,0.5480644536714273,1.0,0.37373215863722026,0.26050734981060675,0.11322480882661351,0.956989247311828,0.7676096225910671
cat,n3000,3,384,0.01,1861,797,2058,342,296,279,0.14991939817302524,4.846354166666667,0.6761798386262498,0.6793052943153487,0.677685059929611,0.645889306824288,0.6060225846925973,0.6166180758017493,1.2408899204095198,1.2354387872963528,1.0922059362397338e-10,0.6648985236712995,0.6180758017492711,2.4258004744068455,2.0030544426474896e-10,1.3282103456577397,0.9401807984793151,0.6931471805599453,True,0.27093103870152113,0.09821980817244039,0.0,0.0,-0.14991939817302524,1,0,0.6613560259007019,0.23898945979811584,0.2616487455197133,0.2616487455197133,0.11172934734668805,1,73,0.22957419717339786,0.09486591825047312,0.0,0.0,-0.14991939817302524,1,0,0.6423994852484718,0.21181467029457735,0.25448028673835127,0.25448028673835127,0.10456088856532603,1,71,0.25018054042093807,0.1260273932855067,0.12415314713543138,1.0,0.10768906114911356,0.06262566201932115,0.0450633991297924,1.0,0.7704258028266021
cat,n3000,3,384,0.1,1861,797,2058,342,296,279,0.14991939817302524,4.846354166666667,0.6909743917324035,0.6913187144720919,0.6911225689818125,0.6437399247716281,0.6035131744040151,0.6171039844509232,0.1466214961264929,1.0239643796443196,4.003146824732388e-12,0.6890375713802158,0.6185617103984451,0.29134519975407347,3.4231591949527948e-12,0.15748093928501758,0.9548744819193419,0.6931471805599453,True,0.26321656267417043,0.09761293224343341,0.0,0.0,-0.14991939817302524,1,0,0.6675298723543086,0.24067348135503938,0.25806451612903225,0.25806451612903225,0.10814511795600701,1,72,0.22910747703782244,0.09484472160394528,0.0,0.0,-0.14991939817302524,1,0,0.6658193204011075,0.23846132824731073,0.25806451612903225,0.25806451612903225,0.10814511795600701,1,72,0.030110850373785632,0.015131263739973356,0.014979586633812277,1.0,0.013196927219321935,0.007493480207770005,0.00570344701155193,1.0,0.7708925229621776
cat,n3000,3,384,1.0,1861,797,2058,342,296,279,0.14991939817302524,4.846354166666667,0.6929236127893045,0.692958440180384,0.6929383969708871,0.6432025792584632,0.6035131744040151,0.6171039844509232,0.014944158056175523,1.002397069840991,7.61761238745683e-13,0.6927183820748268,0.6180758017492711,0.02975183700657761,5.771791859435708e-13,0.016065824338768745,0.9563181011570963,0.6931471805599453,True,0.2624077321479548,0.097550444941944,0.0,0.0,-0.14991939817302524,1,0,0.6680577645464885,0.2396587116649524,0.25806451612903225,0.25806451612903225,0.10814511795600701,1,72,0.22907802382538323,0.0948443893534551,0.0,0.0,-0.14991939817302524,1,0,0.6678878421670315,0.23954187604403443,0.25806451612903225,0.25806451612903225,0.10814511795600701,1,72,0.0030754754508011102,0.0015450905262562006,0.0015303849245449097,1.0,0.0013499343368037705,0.0007646295009463549,0.0005853048358574156,1.0,0.7709219761746168
cat,n3000,4,32,1e-06,1842,789,2058,369,296,276,0.1498371335504886,57.5625,0.6357133594700878,0.6411522678750354,0.6428969785131433,0.6178067318132465,0.6362484157160964,0.6039844509232264,10.897184565902524,6.020142787513337,1.0065541268747834e-09,0.9387976958996347,0.6103012633624878,39.05511450605043,1.084720797038007e-10,31.10528600674616,0.7947913785555918,0.6931471805599453,True,0.3393511577544561,0.11932496013268046,0.04710144927536232,0.04710144927536232,-0.10273568427512629,1,13,0.5850824587706147,0.20539147497384222,0.19202898550724637,0.19202898550724637,0.04219185195675776,1,53,0.23814250282266275,0.09600633550985467,0.0,0.0,-0.1498371335504886,1,0,0.2783099191145168,0.09842405794969798,0.010869565217391304,0.010869565217391304,-0.1389675683330973,1,3,3.651805267965008,1.9148406088433356,1.7369646591216723,1.0,0.6184740818798545,0.41054560363566817,0.20792847824418637,0.9347826086956522,0.7618574971773373
cat,n3000,4,32,1e-05,1842,789,2058,369,296,276,0.1498371335504886,57.5625,0.6357253245906016,0.6409361974112644,0.6426982974495937,0.6178067318132465,0.6349809885931559,0.6044703595724004,10.693282497145274,5.839149439738608,6.109084924675067e-10,0.9063759198114603,0.6098153547133139,36.54523390736508,3.591476071743626e-10,28.75307317041135,0.7973125860483132,0.6931471805599453,True,0.3374377626001814,0.11867689729838526,0.043478260869565216,0.043478260869565216,-0.1063588726809234,1,12,0.5857649878764322,0.20395902965567111,0.19202898550724637,0.19202898550724637,0.04219185195675776,1,53,0.23773298535917226,0.09599032883584652,0.0,0.0,-0.1498371335504886,1,0,0.28389971680826254,0.09896206799176263,0.010869565217391304,0.010869565217391304,-0.1389675683330973,1,3,3.4323383045314806,1.797017527242685,1.6353207772887957,1.0,0.6151003713562896,0.4063473969748005,0.2087529743814891,0.9347826086956522,0.7622670146408277
cat,n3000,4,32,0.0001,1842,789,2058,369,296,276,0.1498371335504886,57.5625,0.6364739862657159,0.6399474825396179,0.6418375241385753,0.6123778501628665,0.6311787072243346,0.6054421768707483,9.185466523061224,4.621518332526638,4.692193744163145e-10,0.7730127853874909,0.6117589893100097,25.480032073165773,1.8117185765372783e-10,18.65586711517286,0.8236916720744305,0.6931471805599453,True,0.3222069520795158,0.11389910254347078,0.03985507246376811,0.03985507246376811,-0.1099820610867205,1,11,0.5911789475632554,0.20239444274268234,0.18840579710144928,0.18840579710144928,0.03856866355096067,1,52,0.2358357858107983,0.09589112473488694,0.0,0.0,-0.1498371335504886,1,0,0.33109139874507193,0.10440843468506977,0.028985507246376812,0.028985507246376812,-0.1208516263041118,1,8,2.4427013120244503,1.2682875571758683,1.174413754848582,1.0,0.5842881616769894,0.3721260131925155,0.2121621484844739,0.9528985507246377,0.7641642141892017
cat,n3000,4,32,0.001,1842,789,2058,369,296,276,0.1498371335504886,57.5625,0.6477516220383247,0.6471995937485654,0.6488955780635862,0.6178067318132465,0.6311787072243346,0.6044703595724004,4.920731563785585,2.236797334509612,2.527791476523796e-10,0.6506431712599363,0.620019436345967,10.61605960077263,1.8455352728969382e-10,6.366739294484467,0.9224847147734889,0.6931471805599453,True,0.27545023784404093,0.10252849633549867,0.010869565217391304,0.010869565217391304,-0.1389675683330973,1,3,0.6173070871971422,0.20528415309820283,0.2028985507246377,0.2028985507246377,0.053061417174149084,1,56,0.23368871119995557,0.0958043738156379,0.0,0.0,-0.1498371335504886,1,0,0.5023321672497085,0.1402816546472037,0.08695652173913043,0.08695652173913043,-0.06288061181135818,1,24,1.0427931600449885,0.5335336738516737,0.5092594861933147,1.0,0.40319220482262075,0.23193148379118508,0.17126072103143566,0.9855072463768116,0.7663112888000444
cat,n3000,4,32,0.01,1842,789,2058,369,296,276,0.1498371335504886,57.5625,0.6779850925691898,0.6774871880569581,0.677864782415007,0.6145494028230185,0.6248415716096325,0.6127308066083577,1.169093139870258,1.1923151695468217,3.1901192886619706e-10,0.665754403075014,0.6180758017492711,2.3463105977653207,6.062308891732222e-11,1.2427414445453482,0.9710969487022183,0.6931471805599453,True,0.2529036407722065,0.09707405245706578,0.007246376811594203,0.007246376811594203,-0.1425907567388944,1,2,0.6491522757139948,0.21219652590012572,0.20652173913043478,0.20652173913043478,0.05668460557994617,1,57,0.23269383826605217,0.09577146954741012,0.0,0.0,-0.1498371335504886,1,0,0.6354022063042553,0.203967280324378,0.18478260869565216,0.18478260869565216,0.03494547514516355,1,51,0.23208933264294057,0.11796419073799921,0.11412514190494136,1.0,0.10668426614635972,0.05800727666326949,0.048676989483090224,0.9891304347826086,0.7673061617339478
cat,n3000,4,32,0.1,1842,789,2058,369,296,276,0.1498371335504886,57.5625,0.691178682845554,0.6911146843364193,0.6911545945942574,0.6112920738327905,0.6248415716096325,0.6132167152575316,0.1395262626812918,1.0201315077051407,1.8455962949208978e-12,0.689189894862125,0.6185617103984451,0.2813093495643838,8.678744705648843e-11,0.14790559984015889,0.9774061040641715,0.6931471805599453,True,0.24948868158513335,0.0968237383411642,0.007246376811594203,0.007246376811594203,-0.1425907567388944,1,2,0.6588117978048013,0.21051795548765537,0.21739130434782608,0.21739130434782608,0.06755417079733747,1,60,0.2324994909952431,0.09576437334455172,0.0,0.0,-0.1498371335504886,1,0,0.6574351713032373,0.20969340988765214,0.21739130434782608,0.21739130434782608,0.06755417079733747,1,60,0.02784412328102531,0.014141244909870789,0.01370287837115452,1.0,0.012913193514755677,0.006957907833870078,0.005955285680885599,0.9927536231884058,0.7675005090047569
cat,n3000,4,32,1.0,1842,789,2058,369,296,276,0.1498371335504886,57.5625,0.6929443888352839,0.6929378214328998,0.692941821067396,0.6107491856677525,0.6248415716096325,0.6127308066083577,0.014232540372752057,1.002019327778805,3.5121749747845063e-13,0.6927346701773621,0.6180758017492711,0.02871736729448079,6.190457945809126e-09,0.015091725266146563,0.9780413085828584,0.6931471805599453,True,0.24908841875358617,0.09679693804526839,0.007246376811594203,0.007246376811594203,-0.1425907567388944,1,2,0.6600658004331168,0.21054415277230784,0.213768115942029,0.213768115942029,0.06393098239154038,1,59,0.23249486367927147,0.09576715469055035,0.0,0.0,-0.1498371335504886,1,0,0.6598783941362653,0.21043201619681173,0.213768115942029,0.213768115942029,0.06393098239154038,1,59,0.0028426257054147085,0.0014435758317356022,0.0013990498736791064,1.0,0.0013191229256833263,0.0007100875725493279,0.0006090353531339983,0.9927536231884058,0.7675051363207286
cat,n3000,4,64,1e-06,1842,789,2058,369,296,276,0.1498371335504886,28.78125,0.6292684490441219,0.6424871713170995,0.6485351582512344,0.6243213897937026,0.6387832699619772,0.6010689990281827,13.645153705026225,8.881952370118956,7.136511797711944e-10,0.9676095263206651,0.6122448979591837,43.318690665975986,5.706825015700681e-10,35.847928128632574,0.6577889799910899,0.6931471805599453,True,0.38352120236178205,0.13026108545908496,0.07246376811594203,0.07246376811594203,-0.07737336543454658,1,20,0.5992813778296037,0.2214788095990164,0.2210144927536232,0.2210144927536232,0.07117735920313459,1,61,0.23732115423769598,0.09570699519299489,0.0,0.0,-0.1498371335504886,1,0,0.27112832472652565,0.09754651236139053,0.010869565217391304,0.010869565217391304,-0.1389675683330973,1,3,3.9098312733923652,2.029135699773291,1.8806955736190742,1.0,0.5732548881282236,0.43854119190955676,0.1347136962186668,0.894927536231884,0.762678845762304
cat,n3000,4,64,1e-05,1842,789,2058,369,296,276,0.1498371335504886,28.78125,0.6292977793687679,0.6419320407416739,0.6478219336253375,0.6216069489685125,0.6362484157160964,0.5996112730806609,13.241250896704551,8.461748102063396,1.7133727797008905e-09,0.9255827512353124,0.6112730806608357,39.71389063121798,8.075274757522462e-10,32.41568220158546,0.6672358232838989,0.6931471805599453,True,0.3797175486330909,0.12925122829402924,0.06159420289855073,0.06159420289855073,-0.08824293065193789,1,17,0.5991656949303126,0.22077728440886385,0.21739130434782608,0.21739130434782608,0.06755417079733747,1,60,0.23637949543746645,0.09567258617048131,0.0,0.0,-0.1498371335504886,1,0,0.27647981564773166,0.09805148372176818,0.010869565217391304,0.010869565217391304,-0.1389675683330973,1,3,3.6246457929293827,1.8797508884012133,1.7448949045281694,1.0,0.5714605196000987,0.4325706358114268,0.1388898837886719,0.8985507246376812,0.7636205045625335
cat,n3000,4,64,0.0001,1842,789,2058,369,296,276,0.1498371335504886,28.78125,0.6308012266284161,0.6394422087624649,0.6442986490369164,0.6232356134636265,0.6400506970849176,0.608843537414966,10.608153658428883,5.995505255800584,3.1166874657000505e-10,0.7750636445137068,0.6122448979591837,26.266595307155352,5.37578834518836e-10,19.862168527690752,0.7320576705314547,0.6931471805599453,True,0.3526384955670313,0.12299219547100528,0.043478260869565216,0.043478260869565216,-0.1063588726809234,1,12,0.5997926962444704,0.21419346629232258,0.21014492753623187,0.21014492753623187,0.06030779398574326,1,58,0.23435041738390064,0.09565053449871642,0.0,0.0,-0.1498371335504886,1,0,0.3195323634479057,0.10286471163379705,0.018115942028985508,0.018115942028985508,-0.1317211915215031,1,5,2.496147375287044,1.288364071443211,1.2077833038438328,1.0,0.5520864188743054,0.3883592730363546,0.16372714583795084,0.9166666666666666,0.7656495826160994
cat,n3000,4,64,0.001,1842,789,2058,369,296,276,0.1498371335504886,28.78125,0.6457370914397859,0.6465136182497352,0.649070615508036,0.6216069489685125,0.6349809885931559,0.6127308066083577,5.099734352206914,2.411667798550064,7.613415946714018e-10,0.6505778729453776,0.6171039844509232,10.688925065659163,6.049449306063506e-10,6.5268476086310265,0.8957939323104389,0.6931471805599453,True,0.2861462787124956,0.10700569461541434,0.014492753623188406,0.014492753623188406,-0.1353443799273002,1,4,0.6144612878745812,0.20845313692622436,0.2028985507246377,0.2028985507246377,0.053061417174149084,1,56,0.23310566938752847,0.0957233525603839,0.0,0.0,-0.1498371335504886,1,0,0.49045616080848464,0.13671877699139484,0.07971014492753623,0.07971014492753623,-0.07012698862295239,1,22,1.0517590090459465,0.5368520276399622,0.5149069814059843,1.0,0.3947731684726686,0.23570728008469793,0.15906588838797064,0.9782608695652174,0.7668943306124716
cat,n3000,4,64,0.01,1842,789,2058,369,296,276,0.1498371335504886,28.78125,0.6777141770921086,0.6773587892937185,0.6778598255144662,0.6150922909880565,0.6299112801013942,0.6132167152575316,1.1804737336571238,1.204351266216208,5.125169204520057e-11,0.665742523877396,0.620019436345967,2.353127904764249,7.893200465904523e-11,1.2562250506031603,0.9634633239551336,0.6931471805599453,True,0.25697799248523884,0.09748838097560143,0.007246376811594203,0.007246376811594203,-0.1425907567388944,1,2,0.6418017842930387,0.2129194012953373,0.1956521739130435,0.1956521739130435,0.045815040362554876,1,54,0.2323907490699095,0.09573379985066087,0.0,0.0,-0.1498371335504886,1,0,0.6272743258000629,0.2028485139294927,0.18115942028985507,0.18115942028985507,0.03132228673936646,1,50,0.2334417368604628,0.11850609155755745,0.11493564530290534,1.0,0.10572367517285473,0.058483441556163085,0.04724023361669165,0.9927536231884058,0.7676092509300905
cat,n3000,4,64,0.1,1842,789,2058,369,296,276,0.1498371335504886,28.78125,0.6911506336740815,0.6911003962662504,0.6911535411169825,0.6118349619978285,0.6299112801013942,0.6117589893100097,0.14052653913268906,1.0211844269863615,2.5971374564367824e-12,0.6891884112360006,0.619533527696793,0.2819173712599504,8.05013368837754e-13,0.14910134466726502,0.971731191404747,0.6931471805599453,True,0.2530540285412849,0.09715910333053958,0.007246376811594203,0.007246376811594203,-0.1425907567388944,1,2,0.6516718492605549,0.20937682879677874,0.19927536231884058,0.19927536231884058,0.049438228768351966,1,55,0.23233522127824976,0.09574390363825841,0.0,0.0,-0.1498371335504886,1,0,0.6500869935402669,0.2090117376379698,0.19927536231884058,0.19927536231884058,0.049438228768351966,1,55,0.027983792272946208,0.014197407308233448,0.01378638496471276,1.0,0.01281525230641808,0.007006716583616806,0.005808535722801273,0.9927536231884058,0.7676647787217502
cat,n3000,4,64,1.0,1842,789,2058,369,296,276,0.1498371335504886,28.78125,0.6929415741460806,0.6929363756393294,0.6929417092711598,0.6118349619978285,0.6286438529784537,0.6137026239067055,0.01433106875457128,1.0021229483361596,4.602429721449739e-13,0.6927345195177421,0.619533527696793,0.02877721868109808,2.2897904565962374e-13,0.015209455522683615,0.9725559722911556,0.6931471805599453,True,0.2526051788920355,0.0971254965385111,0.007246376811594203,0.007246376811594203,-0.1425907567388944,1,2,0.6529466748107428,0.2094138960297403,0.2028985507246377,0.2028985507246377,0.053061417174149084,1,56,0.2322658115386751,0.09573875888943743,0.0,0.0,-0.1498371335504886,1,0,0.6527384455920188,0.20921286517858592,0.2028985507246377,0.2028985507246377,0.053061417174149084,1,56,0.0028566250584574106,0.0014492058974262727,0.0014074191610311379,1.0,0.001309308055168689,0.0007149801320085506,0.0005943279231601384,0.9927536231884058,0.7677341884613249
cat,n3000,4,128,1e-06,1842,789,2058,369,296,276,0.1498371335504886,14.390625,0.6116883197261915,0.6546392504918399,0.6546505609772788,0.6487513572204126,0.6311787072243346,0.6030126336248786,22.954820440272364,16.501801689938368,2.6570598508007996e-09,1.031751174737999,0.6151603498542274,57.10415616862988,5.909411759162286e-10,47.12356684467642,0.5977872935542962,0.6931471805599453,True,0.48374886630758696,0.17546961729314484,0.16304347826086957,0.16304347826086957,0.013206344710380957,1,45,0.6368783200992096,0.2624398755045097,0.2826086956521739,0.2826086956521739,0.13277156210168528,1,78,0.24732309771040406,0.09589996695509433,0.0,0.0,-0.1498371335504886,1,0,0.2762253132692913,0.09763791157605112,0.010869565217391304,0.010869565217391304,-0.1389675683330973,1,3,4.319137863730034,2.300834005147634,2.0183038585824,1.0,0.4489280151849442,0.5205556550636358,-0.07162763987869158,0.75,0.7526769022895959
cat,n3000,4,128,1e-05,1842,789,2058,369,296,276,0.1498371335504886,14.390625,0.6118732150299866,0.6515502919736512,0.6518456886779128,0.6498371335504886,0.6337135614702155,0.6068999028182702,21.375598765554756,14.87323391424003,7.581004727347196e-10,0.9575277979469756,0.6132167152575316,48.08285946147453,8.562704074901739e-10,39.36085543028376,0.5933064611639305,0.6931471805599453,True,0.4761184222703463,0.17091439430925617,0.15217391304347827,0.15217391304347827,0.00233677949298966,1,42,0.6353698150924538,0.2593191550669788,0.26811594202898553,0.26811594202898553,0.11827880847849692,1,74,0.2424482203342773,0.0956790408276288,0.0,0.0,-0.1498371335504886,1,0,0.27678290484387436,0.09775216521553068,0.007246376811594203,0.007246376811594203,-0.1425907567388944,1,2,3.8547287790188274,2.0402883972793053,1.814440381739522,1.0,0.4546116016524634,0.5049752692257329,-0.05036366757326949,0.7644927536231884,0.7575517796657227
cat,n3000,4,128,0.0001,1842,789,2058,369,296,276,0.1498371335504886,14.390625,0.6174215782643879,0.6410465465979109,0.6426137544527738,0.6449511400651465,0.6463878326996197,0.6127308066083577,14.028219274512649,8.259062422629222,4.053387221600313e-10,0.7760474969790062,0.6132167152575316,27.59227840164802,4.1510480196819993e-10,21.59806677730364,0.6350887430380053,0.6931471805599453,True,0.4209770114942529,0.14182822706244452,0.09782608695652174,0.09782608695652174,-0.05201104659396687,1,27,0.6250971736354045,0.24013271121494384,0.2572463768115942,0.2572463768115942,0.10740924326110557,1,71,0.23418383400892145,0.09546840371156409,0.0,0.0,-0.1498371335504886,1,0,0.3111823717770744,0.1016834485484432,0.021739130434782608,0.021739130434782608,-0.12809800311570602,1,6,2.53101249242876,1.3162129345344977,1.2147995578942623,1.0,0.4776985200062645,0.42255062064757715,0.05514789935868736,0.8659420289855072,0.7658161659910785
cat,n3000,4,128,0.001,1842,789,2058,369,296,276,0.1498371335504886,14.390625,0.642263928853442,0.646122599843704,0.6480128505480196,0.6357220412595005,0.641318124207858,0.6166180758017493,5.4083982175284495,2.591513742026689,6.218583779934662e-10,0.6504886401055399,0.6190476190476191,10.770216291891984,6.503576044604614e-11,6.742641785985192,0.8565301748358269,0.6931471805599453,True,0.3080681881281581,0.1083225811029886,0.021739130434782608,0.021739130434782608,-0.12809800311570602,1,6,0.6177304866085476,0.21338042741448854,0.2210144927536232,0.2210144927536232,0.07117735920313459,1,61,0.23269615192403797,0.09564600822418329,0.0,0.0,-0.1498371335504886,1,0,0.4790984137560849,0.13295266336760037,0.06884057971014493,0.06884057971014493,-0.08099655384034368,1,19,1.0577026295464242,0.5405454401778732,0.517157189368551,1.0,0.37816493398421114,0.2415487267013684,0.13661620728284274,0.9601449275362319,0.767303848075962
cat,n3000,4,128,0.01,1842,789,2058,369,296,276,0.1498371335504886,14.390625,0.6772985375473684,0.6773040852655409,0.6777317940522876,0.6156351791530945,0.6349809885931559,0.6137026239067055,1.1978151079816677,1.2152153333999196,7.669151709182332e-11,0.6657463469735726,0.6185617103984451,2.3585604629375143,1.2051741221717037e-10,1.2721551986753434,0.9520287399666225,0.6931471805599453,True,0.2655593499546523,0.09829460602284887,0.007246376811594203,0.007246376811594203,-0.1425907567388944,1,2,0.638095304199752,0.21250056711692641,0.19927536231884058,0.19927536231884058,0.049438228768351966,1,55,0.23207146426786607,0.09569742465858129,0.0,0.0,-0.1498371335504886,1,0,0.6216475095785441,0.19889343169236692,0.1956521739130435,0.1956521739130435,0.045815040362554876,1,54,0.23428442772922545,0.11897136454323651,0.11531306318598894,1.0,0.1038293412314068,0.05913496475879977,0.04469437647260703,0.9891304347826086,0.7679285357321339
cat,n3000,4,128,0.1,1842,789,2058,369,296,276,0.1498371335504886,14.390625,0.6911081926492673,0.6910949568311876,0.6911407289580331,0.6134636264929425,0.6299112801013942,0.6156462585034014,0.14202741020747545,1.0221217995625331,3.667608307270395e-12,0.6891893936804481,0.6175898931000972,0.28238767936793047,1.3458157262062724e-12,0.1504910039142754,0.9632663566021533,0.6931471805599453,True,0.2599926888407648,0.09778209076306049,0.007246376811594203,0.007246376811594203,-0.1425907567388944,1,2,0.6472573898236067,0.20983582866886988,0.2028985507246377,0.2028985507246377,0.053061417174149084,1,56,0.2319881725803765,0.09570862669742297,0.0,0.0,-0.1498371335504886,1,0,0.6454874414644529,0.20906579713358067,0.19927536231884058,0.19927536231884058,0.049438228768351966,1,55,0.02806992698994965,0.014244762895881988,0.01382516409406766,1.0,0.012623061077851543,0.007072764296201153,0.00555029678165039,0.9927536231884058,0.7680118274196235
cat,n3000,4,128,1.0,1842,789,2058,369,296,276,0.1498371335504886,14.390625,0.6929373210390255,0.692935832856468,0.6929404289275859,0.6140065146579805,0.6311787072243346,0.6151603498542274,0.014478684487560017,1.0022150410863497,6.097864578426491e-13,0.6927346262001971,0.6175898931000972,0.02882342969141263,3.298467593373307e-13,0.015346124555292226,0.964378123320902,0.6931471805599453,True,0.25945592018805413,0.097740203957615,0.007246376811594203,0.007246376811594203,-0.1425907567388944,1,2,0.6483286134710422,0.20941000713812685,0.2028985507246377,0.2028985507246377,0.053061417174149084,1,56,0.23200668184426304,0.0957134469185774,0.0,0.0,-0.1498371335504886,1,0,0.648150461806134,0.20940883798287757,0.2028985507246377,0.2028985507246377,0.053061417174149084,1,56,0.002865252701023697,0.0014539481565226118,0.0014113045445010852,1.0,0.0012900607196508582,0.0007215940611461688,0.0005684666585046894,0.9927536231884058,0.767993318155737
cat,n3000,4,256,1e-06,1842,789,2058,369,296,276,0.1498371335504886,7.1953125,0.560290955384622,0.7065274084806744,0.726978013806991,0.7041259500542888,0.6223067173637515,0.6020408163265306,54.25617788638939,51.402990672421396,1.1696154528917049e-09,1.2858187306509659,0.6044703595724004,106.0836001111496,1.5508464575936367e-09,84.34844913263957,0.6152869026481889,0.6931471805599453,False,0.637574731152942,0.28376656503687747,0.3188405797101449,0.3188405797101449,0.1690034461596563,1,88,0.7167319118218668,0.37849906960633645,0.40217391304347827,0.40217391304347827,0.25233677949298966,1,111,0.2804986395691043,0.09830686006615916,0.0,0.0,-0.1498371335504886,1,0,0.30406555981268624,0.10055171160587788,0.021739130434782608,0.021739130434782608,-0.12809800311570602,1,6,5.168367366199017,3.0637894052270855,2.1045779609719313,1.0,0.16759968549538595,0.7871234226150494,-0.6195237371196635,0.5471014492753623,0.7195013604308957
cat,n3000,4,256,1e-05,1842,789,2058,369,296,276,0.1498371335504886,7.1953125,0.5626991229734132,0.681252866333615,0.6978576199552472,0.6954397394136808,0.6248415716096325,0.6020408163265306,44.22492243781234,37.09964131066054,1.5425961674033503e-09,1.0361259954224804,0.6141885325558795,66.66932788040417,4.668466565747837e-10,52.04019292402528,0.6261707942610041,0.6931471805599453,False,0.6214577896237067,0.26667543585537257,0.2971014492753623,0.2971014492753623,0.1472643157248737,1,82,0.7104896625761193,0.3667125471413637,0.391304347826087,0.391304347826087,0.24146721427559836,1,108,0.26197549373461415,0.09703366734571413,0.0,0.0,-0.1498371335504886,1,0,0.2929600014807411,0.09940790878501687,0.007246376811594203,0.007246376811594203,-0.1425907567388944,1,2,4.042408493600016,2.3262732898733396,1.7161352037266764,1.0,0.220746698777483,0.7068523546171567,-0.4861056558396737,0.5978260869565217,0.7380245062653858
cat,n3000,4,256,0.0001,1842,789,2058,369,296,276,0.1498371335504886,7.1953125,0.589577395505627,0.6410395090855807,0.6486605376733422,0.6856677524429967,0.632446134347275,0.6214771622934888,20.258409159089695,12.071740020769372,7.355252237061191e-10,0.7817156229179418,0.6122448979591837,29.66548566666839,1.6755506140518223e-09,23.53049676860333,0.6129699515752026,0.6931471805599453,True,0.5224193458826143,0.17495967160754414,0.17753623188405798,0.17753623188405798,0.027699098333569372,1,49,0.6709700705202954,0.29899189440166724,0.3333333333333333,0.3333333333333333,0.1834961997828447,1,92,0.23873248560904733,0.09584967780008587,0.0,0.0,-0.1498371335504886,1,0,0.31090936013474746,0.10177266916611993,0.007246376811594203,0.007246376811594203,-0.1425907567388944,1,2,2.5194460699435575,1.3602675175270718,1.1591785524164857,1.0,0.3735317919701545,0.4898356972050301,-0.1163039052348756,0.7427536231884058,0.7612675143909526
cat,n3000,4,256,0.001,1842,789,2058,369,296,276,0.1498371335504886,7.1953125,0.6370980658398435,0.6450683903870108,0.6477022747653615,0.6438653637350705,0.6476552598225602,0.6151603498542274,5.851006554708096,2.776031513437715,1.3624426888145087e-10,0.6508156942064591,0.6151603498542274,10.877576417119,5.763189103342786e-10,6.911022737979467,0.8232703929997875,0.6931471805599453,True,0.33204925315120215,0.1109133041668579,0.018115942028985508,0.018115942028985508,-0.1317211915215031,1,5,0.6257079793436615,0.21917031133423234,0.22826086956521738,0.22826086956521738,0.07842373601472877,1,63,0.2335429507468488,0.09575246536851849,0.0,0.0,-0.1498371335504886,1,0,0.471056138597368,0.1303128415193005,0.05434782608695652,0.05434782608695652,-0.0954893074635321,1,15,1.0570868160009668,0.546590261421723,0.5104965545792438,1.0,0.36063200822004826,0.25107673318363105,0.10955527503641721,0.9746376811594203,0.7664570492531512
cat,n3000,4,256,0.01,1842,789,2058,369,296,276,0.1498371335504886,7.1953125,0.6767296634380691,0.6771803474707477,0.6776451063439585,0.6248642779587406,0.6400506970849176,0.6180758017492711,1.221238774378935,1.2248522566570634,1.0526982791836808e-10,0.6657243206303406,0.6171039844509232,2.3649784677878825,1.6776566596803148e-10,1.2836429878912654,0.941209328705121,0.6931471805599453,True,0.272967682825254,0.0990346145660588,0.007246376811594203,0.007246376811594203,-0.1425907567388944,1,2,0.6373387380383883,0.2139019269653818,0.20652173913043478,0.20652173913043478,0.05668460557994617,1,57,0.23244859051955505,0.09575002140265364,0.0,0.0,-0.1498371335504886,1,0,0.6188341014677846,0.19666978034466112,0.18115942028985507,0.18115942028985507,0.03132228673936646,1,50,0.2343930238522865,0.11967337953474014,0.11471964431754636,1.0,0.10195855765918482,0.06014880681358518,0.041809750845599646,0.9927536231884058,0.767551409480445
cat,n3000,4,256,0.1,1842,789,2058,369,296,276,0.1498371335504886,7.1953125,0.6910506961759058,0.691082700987742,0.6911307573216325,0.6254071661237784,0.6337135614702155,0.6166180758017493,0.144036528476625,1.0229389366548698,7.309948920233379e-10,0.6891850528381599,0.6161321671525753,0.282935916697396,4.253629315000834e-10,0.15148230061249407,0.955170935423333,0.6931471805599453,True,0.26612619616117866,0.09845923248560727,0.007246376811594203,0.007246376811594203,-0.1425907567388944,1,2,0.6454573639106372,0.21008098094540664,0.21014492753623187,0.21014492753623187,0.06030779398574326,1,58,0.23233522127824976,0.09575433897646816,0.0,0.0,-0.1498371335504886,1,0,0.6434676180428305,0.20913160894737678,0.19927536231884058,0.19927536231884058,0.049438228768351966,1,55,0.028081457253510283,0.014315697108487332,0.01376576014502295,1.0,0.012434655055653665,0.00717487228426561,0.005259782771388055,0.9927536231884058,0.7676647787217502
cat,n3000,4,256,1.0,1842,789,2058,369,296,276,0.1498371335504886,7.1953125,0.6929315652208857,0.6929346096103882,0.6929394164070807,0.6259500542888164,0.6337135614702155,0.6166180758017493,0.014676099398281772,1.0022951946767875,1.488899096069464e-08,0.6927341661363139,0.6166180758017493,0.028877216828186364,4.4290352068402125e-13,0.01544347706920685,0.9565492903259101,0.6931471805599453,True,0.2654714309511911,0.09840554776517298,0.007246376811594203,0.007246376811594203,-0.1425907567388944,1,2,0.6465193329261295,0.20958762820009386,0.21014492753623187,0.21014492753623187,0.06030779398574326,1,58,0.23227969348659003,0.09574820067748302,0.0,0.0,-0.1498371335504886,1,0,0.6463550632091362,0.20954989680095454,0.21014492753623187,0.21014492753623187,0.06030779398574326,1,58,0.0028664060620449744,0.0014610465066452626,0.0014053595553997118,1.0,0.0012712071180766245,0.0007318122498016657,0.0005393948682749589,0.9927536231884058,0.76772030651341
cat,n3000,4,384,1e-06,1842,789,2058,369,296,276,0.1498371335504886,4.796875,0.5183010521451078,0.7746554829414187,0.7974340906694953,0.738870792616721,0.5842839036755386,0.5928085519922255,116.54019940254851,1125.6569716214813,1.1245281655690294e-09,1.3863671893668537,0.6161321671525753,162.04859780142485,9.519228198813322e-10,133.9183457595218,0.5800116162655495,0.6931471805599453,False,0.716535250893072,0.37526059462628375,0.3695652173913043,0.3695652173913043,0.2197280838408157,1,102,0.7858755807281544,0.4703243933678613,0.4673913043478261,0.4673913043478261,0.3175541707973375,1,129,0.29036407722064894,0.09917921006541723,0.0,0.0,-0.1498371335504886,1,0,0.3106710533622078,0.10135296120311761,0.028985507246376812,0.028985507246376812,-0.1208516263041118,1,8,5.673207876523671,3.4393731622392796,2.2338347142843915,1.0,-0.11986732602074818,0.9966664475688225,-1.1165337735895706,0.48188405797101447,0.7096359227793511
cat,n3000,4,384,1e-05,1842,789,2058,369,296,276,0.1498371335504886,4.796875,0.5357171856621518,0.6976744209477815,0.7122641826812305,0.7274701411509229,0.6108998732572877,0.5996112730806609,61.5129315457533,124.4281373415496,1.0603882429015642e-09,1.0379364173190027,0.6229348882410107,74.23780854483194,8.338526339608438e-10,62.649309350855006,0.587983879228474,0.6931471805599453,False,0.6728233105669388,0.32058397997359106,0.32608695652173914,0.32608695652173914,0.17624982297125052,1,90,0.7574106465285876,0.423037860316326,0.427536231884058,0.427536231884058,0.27769909833356937,1,118,0.2637755196475836,0.09719278626553932,0.0,0.0,-0.1498371335504886,1,0,0.2926129527828678,0.09939011157507081,0.0036231884057971015,0.0036231884057971015,-0.14621394514469152,1,1,4.089858458548508,2.379509908568383,1.7103485499801252,1.0,0.0874009823659045,0.7817010540877287,-0.6943000717218242,0.5434782608695652,0.7362244803524164
cat,n3000,4,384,0.0001,1842,789,2058,369,296,276,0.1498371335504886,4.796875,0.5830037579295171,0.6416977419498282,0.6490752290242977,0.6959826275787188,0.6311787072243346,0.6214771622934888,21.70265239208251,15.561246682691275,8.818733339200003e-10,0.7802341090428944,0.6151603498542274,30.109240307995737,2.6320483458092695e-10,24.28659553283872,0.6027487158156429,0.6931471805599453,True,0.540778222000111,0.1885070748422217,0.20652173913043478,0.20652173913043478,0.05668460557994617,1,57,0.6849908379143761,0.3151776728615951,0.35144927536231885,0.35144927536231885,0.20161214181183024,1,97,0.2387718177948063,0.0958625889112794,0.0,0.0,-0.1498371335504886,1,0,0.3076494160327244,0.10143876291634332,0.0036231884057971015,0.0036231884057971015,-0.14621394514469152,1,1,2.521223949221902,1.3667275992016075,1.1544963500202945,1.0,0.3478756245973895,0.5019442153177208,-0.1540685907203313,0.7246376811594203,0.7612281822051937
cat,n3000,4,384,0.001,1842,789,2058,369,296,276,0.1498371335504886,4.796875,0.6362748165982731,0.645036861936208,0.6477187714436415,0.6482084690553745,0.6476552598225602,0.6171039844509232,5.920079198575262,2.86838005807386,3.654831868487379e-10,0.6506622712326647,0.6146744412050534,10.897491062211907,5.318392752424665e-10,6.9466321780374525,0.8180157325470754,0.6931471805599453,True,0.33620458289373834,0.11146250230788342,0.018115942028985508,0.018115942028985508,-0.1317211915215031,1,5,0.6271864067966016,0.22009792139873993,0.22826086956521738,0.22826086956521738,0.07842373601472877,1,63,0.23353832343087716,0.09575758157244017,0.0,0.0,-0.1498371335504886,1,0,0.4674260092176134,0.1293156306810753,0.050724637681159424,0.050724637681159424,-0.09911249586932919,1,14,1.0576268480182967,0.5475630364894192,0.5100638115288775,1.0,0.3577467601099465,0.25252129971511655,0.10522546039482994,0.9746376811594203,0.7664616765691228
cat,n3000,4,384,0.01,1842,789,2058,369,296,276,0.1498371335504886,4.796875,0.6766445232939281,0.6771729885714982,0.6776508073211397,0.6281216069489685,0.6362484157160964,0.6161321671525753,1.2247158087240542,1.229192352907085,1.15593471490703e-10,0.6657136360177635,0.6175898931000972,2.3661330236381657,1.8337092911939132e-10,1.285830633074094,0.9395192461283917,0.6931471805599453,True,0.27435125030077556,0.09916449297241772,0.007246376811594203,0.007246376811594203,-0.1425907567388944,1,2,0.6376811594202898,0.2143625026449224,0.21014492753623187,0.21014492753623187,0.06030779398574326,1,58,0.23243933588761176,0.09574918413314094,0.0,0.0,-0.1498371335504886,1,0,0.6182973328150739,0.19642529167518355,0.18840579710144928,0.18840579710144928,0.03856866355096067,1,52,0.23448085185902082,0.11978723425628812,0.1146936176027327,1.0,0.10166962491717876,0.06029837855059334,0.04137124636658542,0.9927536231884058,0.7675606641123882
cat,n3000,4,384,0.1,1842,789,2058,369,296,276,0.1498371335504886,4.796875,0.6910421576760282,0.6910818610443492,0.6911314825425889,0.6275787187839305,0.6311787072243346,0.6146744412050534,0.1443325950969414,1.0233028274531355,4.887300530153324e-12,0.6891841791346626,0.6166180758017493,0.283033804764057,2.184185791337957e-12,0.15166938520427797,0.9539108403876371,0.6931471805599453,True,0.2672691432061747,0.09856695457621101,0.007246376811594203,0.007246376811594203,-0.1425907567388944,1,2,0.6456794750772762,0.21042984293286088,0.21014492753623187,0.21014492753623187,0.06030779398574326,1,58,0.23225887056471764,0.09574550764487587,0.0,0.0,-0.1498371335504886,1,0,0.6435439687563625,0.20939136194737373,0.2028985507246377,0.2028985507246377,0.053061417174149084,1,56,0.028090382551362352,0.014327160029464145,0.013763222521898207,1.0,0.012405721419179132,0.007189861610815941,0.005215859808363191,0.9927536231884058,0.7677411294352824
cat,n3000,4,384,1.0,1842,789,2058,369,296,276,0.1498371335504886,4.796875,0.6929307111406161,0.692934524430372,0.6929394909256572,0.6275787187839305,0.6311787072243346,0.6141885325558795,0.014705167988747724,1.0023308514028757,7.876972512014433e-13,0.6927340813911571,0.6166180758017493,0.02888681155770226,4.640827027535949e-13,0.01546184217402591,0.9553309181374459,0.6931471805599453,True,0.2664963814389102,0.0985010855345043,0.007246376811594203,0.007246376811594203,-0.1425907567388944,1,2,0.6464938826882854,0.20966148730406164,0.21014492753623187,0.21014492753623187,0.06030779398574326,1,58,0.2322334203268736,0.09574498791536519,0.0,0.0,-0.1498371335504886,1,0,0.6462995354174764,0.20963696558876452,0.21014492753623187,0.21014492753623187,0.06030779398574326,1,58,0.002867298785599344,0.0014621930159129607,0.0014051057696863834,1.0,0.0012683125139936148,0.000733311325051171,0.0005350011889424437,0.9927536231884058,0.7677665796731263
resp,n300,0,32,1e-06,210,90,2352,0,2,31,0.14761904761904762,6.5625,0.593837818183134,0.6954104071500543,0.6819459609270127,0.6952380952380952,0.6,0.576530612244898,7.160588110953268,4.884643543254407,2.4997951065869e-09,0.9656712542325956,0.43920068027210885,10.640664909683354,1.945229337216082e-09,9.865630660294057,0.4407670943508669,0.6931471805599453,True,0.8992611281311949,0.716222411533121,0.6774193548387096,0.6774193548387096,0.529800307219662,1,21,0.9304379167417552,0.7602881726951766,0.5806451612903226,0.5806451612903226,0.43302611367127497,1,18,0.09623355559560282,0.0837178962138722,0.0,0.0,-0.14761904761904762,1,0,0.1706613804289061,0.08821663874179717,0.0,0.0,-0.14761904761904762,1,0,2.7289158649765817,0.5044888427485944,2.2244270222279874,1.0,-1.4168354400884842,0.2853391481082522,-1.7021745881967365,0.0967741935483871,0.9037664444043971
resp,n300,0,32,1e-05,210,90,2352,0,2,31,0.14761904761904762,6.5625,0.5938388773699503,0.6951827758353294,0.6817301524637726,0.6952380952380952,0.5888888888888889,0.576530612244898,7.133584680302444,4.857674460254576,2.3456936148607128e-09,0.9635963764824955,0.43920068027210885,10.573388338986303,1.8164206841216592e-09,9.816282218127975,0.4396695644310675,0.6931471805599453,True,0.8994413407821229,0.7163110325894841,0.6774193548387096,0.6774193548387096,0.529800307219662,1,21,0.9307983420436114,0.7605406979477017,0.5806451612903226,0.5806451612903226,0.43302611367127497,1,18,0.09623355559560282,0.0837178962138722,0.0,0.0,-0.14761904761904762,1,0,0.1706613804289061,0.08821624845872758,0.0,0.0,-0.14761904761904762,1,0,2.715191535191104,0.501318354255691,2.213873180935413,1.0,-1.4137038085169389,0.28416762937689277,-1.6978714378938315,0.0967741935483871,0.9037664444043971
resp,n300,0,32,0.0001,210,90,2352,0,2,31,0.14761904761904762,6.5625,0.5939346146206002,0.6930894511252378,0.6797563839073477,0.7,0.5888888888888889,0.576530612244898,6.880001515999079,4.612666886488115,1.2843860675562413e-09,0.9453490660228617,0.4383503401360544,9.973751084335989,8.105688606596982e-10,9.377062708862333,0.4290390700788247,0.6931471805599453,True,0.9010632546404758,0.7200554791295076,0.6774193548387096,0.6774193548387096,0.529800307219662,1,21,0.9324202559019643,0.7640087599053077,0.5806451612903226,0.5806451612903226,0.43302611367127497,1,18,0.0929897278788971,0.08353112511216039,0.0,0.0,-0.14761904761904762,1,0,0.17192286898540277,0.08831224091933791,0.0,0.0,-0.14761904761904762,1,0,2.592720208467303,0.47296983015590865,2.1197503783113945,1.0,-1.3840404827593513,0.27314945920910627,-1.6571899419684577,0.06451612903225806,0.9070102721211029
resp,n300,0,32,0.001,210,90,2352,0,2,31,0.14761904761904762,6.5625,0.5985640830004516,0.6818118587793154,0.6696447116366189,0.6904761904761905,0.5777777777777777,0.576530612244898,5.270360803204589,3.337167068394111,1.8197405498447036e-09,0.8605532544915256,0.43494897959183676,6.972692268492638,8.017447121310042e-10,7.149978027537108,0.3438627853158969,0.6931471805599453,True,0.9124166516489458,0.7431983778171775,0.6774193548387096,0.6774193548387096,0.529800307219662,1,21,0.9376464227788791,0.7702382767438429,0.6129032258064516,0.6129032258064516,0.465284178187404,1,19,0.07352676157866282,0.08262725406419301,0.0,0.0,-0.14761904761904762,1,0,0.19607136420976753,0.09056096482610108,0.0,0.0,-0.14761904761904762,1,0,1.9676432664543873,0.3285553336319551,1.6390879328224321,1.0,-1.1817910322257172,0.2026938373431756,-1.384484869568893,0.06451612903225806,0.9264732384213372
resp,n300,0,32,0.01,210,90,2352,0,2,31,0.14761904761904762,6.5625,0.6371976161233298,0.6741789872651265,0.6678950168610817,0.6714285714285714,0.5333333333333333,0.5905612244897959,2.011607127539192,1.6971422017391224,2.1555264339361762e-10,0.7495269204344497,0.42049319727891155,2.48292869317176,9.736532669448038e-11,3.210179665455896,-0.009385527082788959,0.6931471805599453,True,0.9542259866642638,0.8290657580973931,0.7419354838709677,0.7419354838709677,0.5943164362519201,1,23,0.9345828077131014,0.7687455867839622,0.6774193548387096,0.6774193548387096,0.529800307219662,1,21,0.041088484411605695,0.08141800330620821,0.0,0.0,-0.14761904761904762,1,0,0.4537754550369436,0.12761147060121653,0.0,0.0,-0.14761904761904762,1,0,0.8695449697496611,0.10742582922172715,0.762119140527934,1.0,-0.609525850053409,0.06372663171295055,-0.6732524817663595,0.03225806451612903,0.9589115155883943
resp,n300,0,32,0.1,210,90,2352,0,2,31,0.14761904761904762,6.5625,0.6813820006665264,0.687731216387893,0.6866891412260274,0.638095238095238,0.5666666666666667,0.6024659863945578,0.3349192624215014,1.0986940005672434,6.728842292065289e-11,0.7018163773089493,0.407312925170068,0.4124482496379773,5.237745349149968e-11,0.6094938297463751,-0.3228618894060974,0.6931471805599453,True,0.9702649125968643,0.8674118740465794,0.8387096774193549,0.8387096774193549,0.6910906298003072,1,26,0.8812398630383853,0.6517715782503107,0.5806451612903226,0.5806451612903226,0.43302611367127497,1,18,0.02685168498828618,0.08101618523214159,0.0,0.0,-0.14761904761904762,1,0,0.8003243827716706,0.342111305565243,0.3870967741935484,0.3870967741935484,0.23947772657450075,1,12,0.16315147805240862,0.01563325500923335,0.14751822304317527,1.0,-0.1198530872088751,0.008137119735481303,-0.1279902069443564,0.0,0.9731483150117138
resp,n300,0,32,1.0,210,90,2352,0,2,31,0.14761904761904762,6.5625,0.6918135981099329,0.6925067068732033,0.692395817424342,0.6428571428571429,0.5666666666666667,0.6041666666666666,0.03642662151081257,1.0101870192557822,5.411708889065458e-13,0.6940649254004123,0.4026360544217687,0.04492145436565985,5.854932768046666e-13,0.06770511192967016,-0.37863426171059134,0.6931471805599453,True,0.9722472517570734,0.8683639044937683,0.8387096774193549,0.8387096774193549,0.6910906298003072,1,26,0.8574517931158767,0.5706501442734938,0.5483870967741935,0.5483870967741935,0.40076804915514586,1,17,0.026311047035501894,0.0809956232927775,0.0,0.0,-0.14761904761904762,1,0,0.8507839250315372,0.5526886364172503,0.5483870967741935,0.5483870967741935,0.40076804915514586,1,17,0.018086834868930632,0.001651021797244985,0.016435813071685648,1.0,-0.013355979902567905,0.0008317121074817431,-0.014187692010049647,0.0,0.9736889529644981
resp,n300,0,64,1e-06,210,90,2352,0,2,31,0.14761904761904762,3.28125,0.47626322932139126,0.7394144727603316,0.8067822111899073,0.7428571428571429,0.6333333333333333,0.5684523809523809,19.28088134225135,18.85719522214516,3.98999579317875e-09,1.1055671441661359,0.45875850340136054,19.823172494802026,6.467868183725398e-09,16.395322580767324,0.6487353004841654,0.6931471805599453,False,0.9410704631465129,0.7957924928668653,0.7419354838709677,0.7419354838709677,0.5943164362519201,1,23,0.9626959812578844,0.8337944751867754,0.7741935483870968,0.7741935483870968,0.6265745007680491,1,24,0.19787349071904847,0.0909279506345295,0.0,0.0,-0.14761904761904762,1,0,0.24689133177149036,0.09588384114564198,0.0,0.0,-0.14761904761904762,1,0,3.3221651424430663,1.1258400414117427,2.1963251010313236,1.0,-2.7066981465585975,0.9579607720872102,-3.6646589186458076,0.0967741935483871,0.8021265092809515
resp,n300,0,64,1e-05,210,90,2352,0,2,31,0.14761904761904762,3.28125,0.47630354041291006,0.7350092615769308,0.8010216493997521,0.7428571428571429,0.6333333333333333,0.5693027210884354,18.891327142092493,17.838171818700506,2.7509682629233747e-09,1.0940447864039264,0.45875850340136054,19.38254464416544,3.446463525918956e-09,16.033015747667765,0.6493132750823493,0.6931471805599453,False,0.9416111010992971,0.7966508473665134,0.7419354838709677,0.7419354838709677,0.5943164362519201,1,23,0.9637772571634529,0.8371249021297996,0.7741935483870968,0.7741935483870968,0.6265745007680491,1,24,0.196972427464408,0.09086355527815704,0.0,0.0,-0.14761904761904762,1,0,0.24653090646963416,0.09582378851911896,0.0,0.0,-0.14761904761904762,1,0,3.2694205705946655,1.1034267055548785,2.1659938650397867,1.0,-2.660119181857223,0.9407077342414404,-3.6008269160986632,0.0967741935483871,0.803027572535592
resp,n300,0,64,0.0001,210,90,2352,0,2,31,0.14761904761904762,3.28125,0.47866378738090115,0.7071050252828448,0.7629505762148017,0.7523809523809524,0.6333333333333333,0.5667517006802721,16.162155294105677,12.15198312064307,4.337619239241151e-09,1.0195474028947618,0.4562074829931973,16.41022329565521,4.485324150586724e-09,13.643615294157675,0.6491903155333552,0.6931471805599453,False,0.9446747161650748,0.8017683149521919,0.7419354838709677,0.7419354838709677,0.5943164362519201,1,23,0.9652189583708777,0.8340269959581549,0.7741935483870968,0.7741935483870968,0.6265745007680491,1,24,0.18309605334294468,0.08964740382751675,0.0,0.0,-0.14761904761904762,1,0,0.23968282573436656,0.09513840427352276,0.0,0.0,-0.14761904761904762,1,0,2.9140692082518833,0.9493607529718683,1.964708455280015,1.0,-2.337004497944597,0.8175489432592604,-3.1545534412038574,0.0967741935483871,0.8169039466570553
resp,n300,0,64,0.001,210,90,2352,0,2,31,0.14761904761904762,3.28125,0.5128858483184321,0.6617553696255118,0.6859655739562501,0.7571428571428571,0.6555555555555556,0.5795068027210885,8.87308996110513,5.058571590161414,1.1050393166558815e-09,0.8612182745431173,0.4494047619047619,9.100797512595785,1.56214867018601e-09,8.191659615538274,0.5848321120636056,0.6931471805599453,True,0.9549468372679762,0.8442251514504682,0.7419354838709677,0.7419354838709677,0.5943164362519201,1,23,0.967922148134799,0.8553433239183075,0.7419354838709677,0.7419354838709677,0.5943164362519201,1,23,0.12218417732924851,0.08533394794338961,0.0,0.0,-0.14761904761904762,1,0,0.22346368715083798,0.0933835647669014,0.0,0.0,-0.14761904761904762,1,0,1.9848727786903742,0.5410047860848287,1.4438679926055453,1.0,-1.5086115609052342,0.4633205099790551,-1.9719320708842893,0.03225806451612903,0.8778158226707515
resp,n300,0,64,0.01,210,90,2352,0,2,31,0.14761904761904762,3.28125,0.6121989401790519,0.6652921957500111,0.6664056059032066,0.7285714285714285,0.6111111111111112,0.5939625850340136,2.5159436412782994,1.8806198973152817,6.451969366716861e-10,0.7461971419326272,0.4255952380952381,2.785704349062196,4.0146424871017907e-10,3.2915714110808296,0.23226064167387414,0.6931471805599453,True,0.9758515047756352,0.9163507294894695,0.8064516129032258,0.8064516129032258,0.6588325652841781,1,25,0.9515227969003424,0.8525108757819673,0.7741935483870968,0.7741935483870968,0.6265745007680491,1,24,0.04649486393944855,0.08171034563807571,0.0,0.0,-0.14761904761904762,1,0,0.3971886826455217,0.11698370286362379,0.0,0.0,-0.14761904761904762,1,0,0.863907391922272,0.15375439663079857,0.7101529952914734,1.0,-0.6579515547942747,0.11940391115857978,-0.7773554659528544,0.0,0.9535051360605514
resp,n300,0,64,0.1,210,90,2352,0,2,31,0.14761904761904762,3.28125,0.6782235954334698,0.6865196424596435,0.686286546693835,0.6904761904761905,0.6222222222222222,0.5986394557823129,0.37872692511251077,1.1128692971512768,2.824161482378974e-10,0.7014104739739044,0.41241496598639454,0.43875473593482944,1.9230598493711058e-10,0.6151417860188187,-0.1277609272243736,0.6931471805599453,True,0.9841412867183277,0.9313222392105871,0.8709677419354839,0.8709677419354839,0.7233486943164362,1,27,0.8837628401513786,0.707497766666467,0.6451612903225806,0.6451612903225806,0.497542242703533,1,20,0.0297350874031357,0.08112962951675368,0.0,0.0,-0.14761904761904762,1,0,0.7806812038205082,0.3148173706742714,0.3548387096774194,0.3548387096774194,0.20721966205837175,1,11,0.1624866444827165,0.021117462126363284,0.1413691823563532,1.0,-0.12530050762508257,0.014679918850026263,-0.13998042647510883,0.0,0.9702649125968643
resp,n300,0,64,1.0,210,90,2352,0,2,31,0.14761904761904762,3.28125,0.6914889878967604,0.6923805511212883,0.6923509000767233,0.680952380952381,0.6222222222222222,0.5986394557823129,0.04063465164194058,1.0115086606320856,1.3666746960045043e-12,0.6940245387399955,0.41028911564625853,0.047442078721135365,1.5189977112991308e-12,0.06823299114614748,-0.19551258630968577,0.6931471805599453,True,0.98486213732204,0.9302717221527985,0.8709677419354839,0.8709677419354839,0.7233486943164362,1,27,0.8509641376824653,0.6284458476317613,0.5806451612903226,0.5806451612903226,0.43302611367127497,1,18,0.027031897639214274,0.0810575802545208,0.0,0.0,-0.14761904761904762,1,0,0.8430347810416291,0.5983946903235136,0.5806451612903226,0.5806451612903226,0.43302611367127497,1,18,0.018020076000957914,0.002210050070515973,0.01581002593044194,1.0,-0.013909867124432668,0.0014982265827960279,-0.015408093707228697,0.0,0.9729681023607857
resp,n300,0,128,1e-06,210,90,2352,0,2,31,0.14761904761904762,1.640625,0.014442768033062083,3.9474321857882537,4.7337063953329155,1.0,0.5666666666666667,0.5573979591836735,216.24746044162328,499.58620421549574,3.4037661206035145e-09,7.046810940676507,0.48341836734693877,239.7312349957856,1.387387213273632e-09,165.24558846825303,0.7419563944849897,0.6931471805599453,False,1.0,1.0,1.0,1.0,0.8523809523809524,1,31,1.0,1.0,1.0,1.0,0.8523809523809524,1,31,0.3710578482609479,0.11661791568099954,0.03225806451612903,0.03225806451612903,-0.11536098310291859,1,1,0.37466210127950983,0.1175501802835833,0.03225806451612903,0.03225806451612903,-0.11536098310291859,1,1,19.488344198886733,12.08942126630828,7.3989229325784525,1.0,-19.02155242171374,10.561409116304631,-29.58296153801837,0.0,0.6289421517390521
resp,n300,0,128,1e-05,210,90,2352,0,2,31,0.14761904761904762,1.640625,0.07310444740827232,2.0386331239124527,2.38751668505252,0.9952380952380953,0.5666666666666667,0.5590986394557823,106.11898539597522,176.20617697367916,2.14575324150561e-09,3.246179721186285,0.47746598639455784,104.59028584736569,1.0454663942689619e-08,73.46777328736995,0.7569524511173404,0.6931471805599453,False,1.0,1.0,1.0,1.0,0.8523809523809524,1,31,1.0,1.0,1.0,1.0,0.8523809523809524,1,31,0.3451072265273022,0.11151435296082042,0.03225806451612903,0.03225806451612903,-0.11536098310291859,1,1,0.35591998558298793,0.11388704807433574,0.03225806451612903,0.03225806451612903,-0.11536098310291859,1,1,9.33897583712712,5.592850979802837,3.746124857324282,1.0,-9.41664483490644,5.448274704430941,-14.864919539337382,0.0,0.6548927734726978
resp,n300,0,128,0.0001,210,90,2352,0,2,31,0.14761904761904762,1.640625,0.20772984019505125,0.9309027466848284,1.0641858943771176,0.9571428571428572,0.5555555555555556,0.564625850340136,39.10776425271498,35.81512145398582,3.109079916581554e-09,1.4069955818387878,0.4736394557823129,36.37085140473979,8.703766963405353e-09,24.422309030055004,0.7929676402466446,0.6931471805599453,False,0.9990989367453595,0.9951375711574952,0.9354838709677419,0.9354838709677419,0.7878648233486942,1,29,0.9996395746981438,0.9979513527575442,0.967741935483871,0.967741935483871,0.8201228878648233,1,30,0.25788430347810415,0.09754820484348607,0.0,0.0,-0.14761904761904762,1,0,0.2825734366552532,0.10138416662470767,0.06451612903225806,0.06451612903225806,-0.08310291858678956,1,2,4.065784018672226,2.2390235778779437,1.8267604407942826,1.0,-3.631199680426531,2.2599615749924844,-5.891161255419016,0.0,0.7421156965218958
resp,n300,0,128,0.001,210,90,2352,0,2,31,0.14761904761904762,1.640625,0.39104640984314865,0.6645262192422365,0.7050704543566724,0.8857142857142857,0.6333333333333333,0.5795068027210885,12.995949747230332,7.06239746384555,1.698096773996476e-09,0.8897979816346476,0.45918367346938777,12.699740652085529,2.636009624296398e-09,9.404546170736163,0.7323225592208845,0.6931471805599453,False,0.9967561722832943,0.988150098749177,0.967741935483871,0.967741935483871,0.8201228878648233,1,30,0.9967561722832943,0.9853410079092303,0.9354838709677419,0.9354838709677419,0.7878648233486942,1,29,0.14687331050639754,0.08692499234288355,0.0,0.0,-0.14761904761904762,1,0,0.20309965759596324,0.0915348889425198,0.0,0.0,-0.14761904761904762,1,0,2.090602356937015,0.8638636986632666,1.2267386582737485,1.0,-1.6989578422530496,0.8154094914298026,-2.514367333682852,0.0,0.8531266894936025
resp,n300,0,128,0.01,210,90,2352,0,2,31,0.14761904761904762,1.640625,0.5868296001996162,0.662031981927846,0.6646911444522483,0.7714285714285715,0.6444444444444445,0.5965136054421769,2.955720937572044,2.0611081809750074,3.3000956507451694e-09,0.7454537719888356,0.44047619047619047,3.139205707307586,5.136199945755853e-09,3.3724861458136006,0.38891769535183973,0.6931471805599453,True,0.9926112813119481,0.9716656257333232,0.9354838709677419,0.9354838709677419,0.7878648233486942,1,29,0.9762119300774914,0.9180767405437353,0.8064516129032258,0.8064516129032258,0.6588325652841781,1,25,0.05190124346729141,0.08197535567536378,0.0,0.0,-0.14761904761904762,1,0,0.30636150657776173,0.10311783054739466,0.0,0.0,-0.14761904761904762,1,0,0.8725082097673134,0.206637629848622,0.6658705799186914,1.0,-0.6896274336392803,0.17647932123133703,-0.8661067548706173,0.0,0.9480987565327086
resp,n300,0,128,0.1,210,90,2352,0,2,31,0.14761904761904762,1.640625,0.6753102285827459,0.6860920888627795,0.6859664251969015,0.7142857142857143,0.6444444444444445,0.6033163265306123,0.41521991819177545,1.124613642841829,4.823369549123273e-10,0.7012098763772848,0.4221938775510204,0.4664841105920676,4.719708442491061e-10,0.6203738609575399,0.013297500153432113,0.6931471805599453,True,0.9929717066138043,0.9680322593131626,0.9354838709677419,0.9354838709677419,0.7878648233486942,1,29,0.8940349612542801,0.7293295958834979,0.6451612903225806,0.6451612903225806,0.497542242703533,1,20,0.030996575959632365,0.08119297094730353,0.0,0.0,-0.14761904761904762,1,0,0.7579744098035682,0.2764211377915322,0.2903225806451613,0.2903225806451613,0.1427035330261137,1,9,0.16337155371761392,0.026917860253677796,0.13645369346393613,1.0,-0.12884030504534083,0.020940233214015582,-0.14978053825935642,0.0,0.9690034240403677
resp,n300,0,128,1.0,210,90,2352,0,2,31,0.14761904761904762,1.640625,0.6911933025695683,0.6923367336425889,0.692316885946059,0.7,0.6333333333333333,0.6020408163265306,0.044121389102310074,1.0125820427226921,8.503846599604793e-10,0.6940028551351279,0.41964285714285715,0.05006682923942927,1.6772904476123155e-09,0.0687139301398787,-0.06071019391983542,0.6931471805599453,True,0.9931519192647323,0.9657285183032507,0.9354838709677419,0.9354838709677419,0.7878648233486942,1,29,0.8536673274463867,0.6244288243466625,0.5806451612903226,0.5806451612903226,0.43302611367127497,1,18,0.02757253559199856,0.08109804321309665,0.0,0.0,-0.14761904761904762,1,0,0.8403315912777077,0.5836940905020543,0.5483870967741935,0.5483870967741935,0.40076804915514586,1,17,0.01810914749896999,0.002795797706507614,0.015313349792462376,1.0,-0.014267428279141929,0.002130472456475744,-0.01639790073561767,0.0,0.9724274644080014
resp,n300,0,256,1e-06,210,90,2352,0,2,31,0.14761904761904762,0.8203125,0.003286536497566409,2.4099249963385017,2.753224327728932,1.0,0.5666666666666667,0.5497448979591837,131.59422940670518,123.27659152693596,4.1796955576689795e-10,3.6015061778838406,0.4732142857142857,130.23034041427837,8.394803448758662e-10,75.84468314046998,0.8322236265286082,0.6931471805599453,False,1.0,1.0,1.0,1.0,0.8523809523809524,1,31,1.0,1.0,1.0,1.0,0.8523809523809524,1,31,0.23319517030095513,0.09431812478306927,0.03225806451612903,0.03225806451612903,-0.11536098310291859,1,1,0.24094431429086322,0.09514250352676938,0.03225806451612903,0.03225806451612903,-0.11536098310291859,1,1,10.46601554795891,6.844085641890353,3.6219299060685577,1.0,-8.815593860975005,6.679066517455812,-15.494660378430817,0.0,0.7668048296990448
resp,n300,0,256,1e-05,210,90,2352,0,2,31,0.14761904761904762,0.8203125,0.021282039983035517,1.6245916028832823,1.8532091104492878,1.0,0.5555555555555556,0.5535714285714286,84.90384349096345,75.77260259132366,4.354691126638503e-09,2.429388951813838,0.477891156462585,84.05585507690407,8.725094145502059e-10,49.025374651443315,0.8316602908945641,0.6931471805599453,False,1.0,1.0,1.0,1.0,0.8523809523809524,1,31,1.0,1.0,1.0,1.0,0.8523809523809524,1,31,0.22454496305640656,0.09344539568677127,0.03225806451612903,0.03225806451612903,-0.11536098310291859,1,1,0.2371598486213732,0.09479909752416232,0.03225806451612903,0.03225806451612903,-0.11536098310291859,1,1,7.10073089502908,4.560591874344394,2.540139020684686,1.0,-6.0212043391597705,4.4471974329156,-10.46840177207537,0.0,0.7754550369435934
resp,n300,0,256,0.0001,210,90,2352,0,2,31,0.14761904761904762,0.8203125,0.11060551006801202,0.9852469704596195,1.107159112094963,1.0,0.5777777777777777,0.5586734693877551,43.21265511738224,32.943866223952895,2.7220863339845365e-09,1.4412188544082984,0.4766156462585034,42.5456198796026,2.0131344950783997e-09,25.560779152282908,0.8224353472487167,0.6931471805599453,False,1.0,1.0,1.0,1.0,0.8523809523809524,1,31,1.0,1.0,1.0,1.0,0.8523809523809524,1,31,0.20562263470895656,0.0915553006576907,0.0,0.0,-0.14761904761904762,1,0,0.22256262389619752,0.09323208714192258,0.03225806451612903,0.03225806451612903,-0.11536098310291859,1,1,4.147046747167686,2.498771537691748,1.6482752094759383,1.0,-3.550285410714995,2.4335134702487236,-5.983798880963718,0.0,0.7943773652910434
resp,n300,0,256,0.001,210,90,2352,0,2,31,0.14761904761904762,0.8203125,0.3454630552180579,0.6786442659218026,0.7169440319741028,0.9619047619047619,0.6,0.578656462585034,14.419364915998218,8.713439494501129,2.4039645029191868e-09,0.897024075410643,0.4608843537414966,14.129229441426846,3.4344960118157105e-09,10.074975267461959,0.7510953215312631,0.6931471805599453,False,1.0,1.0,1.0,1.0,0.8523809523809524,1,31,0.9996395746981438,0.9980449657869012,0.967741935483871,0.967741935483871,0.8201228878648233,1,30,0.1295728960173004,0.08572737238471634,0.0,0.0,-0.14761904761904762,1,0,0.1681384033159128,0.08828188739256708,0.0,0.0,-0.14761904761904762,1,0,2.1400853497137775,0.9675131703693264,1.172572179344451,1.0,-1.7701132922145186,0.9197111257593437,-2.6898244179738624,0.0,0.8704271039826996
resp,n300,0,256,0.01,210,90,2352,0,2,31,0.14761904761904762,0.8203125,0.5802607560427755,0.6626426930805699,0.6649361005627078,0.7952380952380952,0.6444444444444445,0.5960884353741497,3.063486617937071,2.154456669445888,3.870748243987286e-10,0.7453047845394067,0.43452380952380953,3.2347850734105705,4.118195487335411e-10,3.4029902365106053,0.4171884536220235,0.6931471805599453,True,0.9965759596323662,0.9859271333790894,0.9354838709677419,0.9354838709677419,0.7878648233486942,1,29,0.9832402234636871,0.9374418184438978,0.8709677419354839,0.8709677419354839,0.7233486943164362,1,27,0.04757613984501712,0.08176411055020087,0.0,0.0,-0.14761904761904762,1,0,0.2569832402234637,0.09698328920619076,0.0,0.0,-0.14761904761904762,1,0,0.8782692141792933,0.22031114606602029,0.657958068113273,1.0,-0.698171101366177,0.19061149661789556,-0.8887825979840726,0.0,0.9524238601549829
resp,n300,0,256,0.1,210,90,2352,0,2,31,0.14761904761904762,0.8203125,0.674631535888664,0.686159816263327,0.6859612872862481,0.7380952380952381,0.6444444444444445,0.6011904761904762,0.42330402139888845,1.1300577050442928,6.046358338960166e-10,0.7011804098270927,0.4179421768707483,0.4732936493484957,6.315205866064626e-10,0.6220764911867674,0.040464802705880445,0.6931471805599453,True,0.9953144710758696,0.9754295500694181,0.9354838709677419,0.9354838709677419,0.7878648233486942,1,29,0.8989007028293386,0.7405894551475736,0.6451612903225806,0.6451612903225806,0.497542242703533,1,20,0.029014236799423318,0.08113633389681316,0.0,0.0,-0.14761904761904762,1,0,0.751847179672013,0.2702868460723329,0.2903225806451613,0.2903225806451613,0.1427035330261137,1,9,0.16396146217892474,0.028320932476187423,0.13564052970273732,1.0,-0.12968772881106905,0.022387882039736642,-0.15207561085080568,0.0,0.9709857632005767
resp,n300,0,256,1.0,210,90,2352,0,2,31,0.14761904761904762,0.8203125,0.6911252102393425,0.6923438810634497,0.6923159469204931,0.7238095238095238,0.6555555555555556,0.6020408163265306,0.0448863113631712,1.0130732639637625,1.9975712173569224e-09,0.6939998387600904,0.41496598639455784,0.05070468865051324,1.946328509447089e-09,0.06886850812983872,-0.03451860952648406,0.6931471805599453,True,0.9954946837267976,0.9754151885469968,0.9354838709677419,0.9354838709677419,0.7878648233486942,1,29,0.8552892413047396,0.6291148550882631,0.6129032258064516,0.6129032258064516,0.465284178187404,1,19,0.02649125968642999,0.0810707744546561,0.0,0.0,-0.14761904761904762,1,0,0.84105244188142,0.5856978543359793,0.5483870967741935,0.5483870967741935,0.40076804915514586,1,17,0.018168310181934065,0.0029364085066085153,0.01523190167532555,1.0,-0.014352379840890925,0.002275549504195431,-0.016627929345086355,0.0,0.97350874031357
resp,n300,0,384,1e-06,210,90,2352,0,2,31,0.14761904761904762,0.546875,0.003286536497566409,2.4099249963385017,2.753224327728932,1.0,0.5666666666666667,0.5497448979591837,131.59422940670518,123.27659152693603,4.1796955576689795e-10,3.6015061778838415,0.4732142857142857,130.23034041427837,8.394803448758662e-10,75.84468314046998,0.8322236265286082,0.6931471805599453,False,1.0,1.0,1.0,1.0,0.8523809523809524,1,31,1.0,1.0,1.0,1.0,0.8523809523809524,1,31,0.23319517030095513,0.09431812478306927,0.03225806451612903,0.03225806451612903,-0.11536098310291859,1,1,0.24094431429086322,0.09514250352676938,0.03225806451612903,0.03225806451612903,-0.11536098310291859,1,1,10.46601554795891,6.844085641890353,3.6219299060685577,1.0,-8.815593860975005,6.679066517455812,-15.494660378430817,0.0,0.7668048296990448
resp,n300,0,384,1e-05,210,90,2352,0,2,31,0.14761904761904762,0.546875,0.021282039983035517,1.624591602883283,1.8532091104492878,1.0,0.5555555555555556,0.5535714285714286,84.90384349096345,75.77260259132372,4.354691126638503e-09,2.429388951813838,0.477891156462585,84.05585507690407,8.725094145502059e-10,49.025374651443315,0.8316602908945641,0.6931471805599453,False,1.0,1.0,1.0,1.0,0.8523809523809524,1,31,1.0,1.0,1.0,1.0,0.8523809523809524,1,31,0.22454496305640656,0.09344539568677127,0.03225806451612903,0.03225806451612903,-0.11536098310291859,1,1,0.2371598486213732,0.09479909752416232,0.03225806451612903,0.03225806451612903,-0.11536098310291859,1,1,7.10073089502908,4.560591874344394,2.540139020684686,1.0,-6.0212043391597705,4.4471974329156,-10.46840177207537,0.0,0.7754550369435934
resp,n300,0,384,0.0001,210,90,2352,0,2,31,0.14761904761904762,0.546875,0.11060551006801202,0.98524697045962,1.107159112094963,1.0,0.5777777777777777,0.5586734693877551,43.21265511738224,32.94386622395291,2.7220863339845365e-09,1.4412188544082989,0.4766156462585034,42.5456198796026,2.0131344950783997e-09,25.560779152282908,0.8224353472487167,0.6931471805599453,False,1.0,1.0,1.0,1.0,0.8523809523809524,1,31,1.0,1.0,1.0,1.0,0.8523809523809524,1,31,0.20562263470895656,0.0915553006576907,0.0,0.0,-0.14761904761904762,1,0,0.22256262389619752,0.09323208714192258,0.03225806451612903,0.03225806451612903,-0.11536098310291859,1,1,4.147046747167686,2.498771537691748,1.6482752094759383,1.0,-3.550285410714995,2.4335134702487236,-5.983798880963718,0.0,0.7943773652910434
resp,n300,0,384,0.001,210,90,2352,0,2,31,0.14761904761904762,0.546875,0.3454630552180579,0.6786442659218027,0.7169440319741028,0.9619047619047619,0.6,0.578656462585034,14.419364915998218,8.71343949450114,2.4039645029191868e-09,0.897024075410643,0.4608843537414966,14.129229441426846,3.4344960118157105e-09,10.074975267461959,0.7510953215312631,0.6931471805599453,False,1.0,1.0,1.0,1.0,0.8523809523809524,1,31,0.9996395746981438,0.9980449657869012,0.967741935483871,0.967741935483871,0.8201228878648233,1,30,0.1295728960173004,0.08572737238471634,0.0,0.0,-0.14761904761904762,1,0,0.1681384033159128,0.08828188739256708,0.0,0.0,-0.14761904761904762,1,0,2.1400853497137775,0.9675131703693264,1.172572179344451,1.0,-1.7701132922145186,0.9197111257593437,-2.6898244179738624,0.0,0.8704271039826996
resp,n300,0,384,0.01,210,90,2352,0,2,31,0.14761904761904762,0.546875,0.5802607560427755,0.6626426930805699,0.6649361005627078,0.7952380952380952,0.6444444444444445,0.5960884353741497,3.063486617937071,2.1544566694458926,3.870748243987286e-10,0.7453047845394067,0.43452380952380953,3.2347850734105705,4.118195487335411e-10,3.4029902365106053,0.4171884536220235,0.6931471805599453,True,0.9965759596323662,0.9859271333790894,0.9354838709677419,0.9354838709677419,0.7878648233486942,1,29,0.9832402234636871,0.9374418184438978,0.8709677419354839,0.8709677419354839,0.7233486943164362,1,27,0.04757613984501712,0.08176411055020087,0.0,0.0,-0.14761904761904762,1,0,0.2569832402234637,0.09698328920619076,0.0,0.0,-0.14761904761904762,1,0,0.8782692141792933,0.22031114606602029,0.657958068113273,1.0,-0.698171101366177,0.19061149661789556,-0.8887825979840726,0.0,0.9524238601549829
resp,n300,0,384,0.1,210,90,2352,0,2,31,0.14761904761904762,0.546875,0.674631535888664,0.686159816263327,0.6859612872862481,0.7380952380952381,0.6444444444444445,0.6011904761904762,0.42330402139888845,1.1300577050442948,6.046358338960166e-10,0.7011804098270927,0.4179421768707483,0.4732936493484957,6.315205866064626e-10,0.6220764911867674,0.040464802705880445,0.6931471805599453,True,0.9953144710758696,0.9754295500694181,0.9354838709677419,0.9354838709677419,0.7878648233486942,1,29,0.8989007028293386,0.7405894551475736,0.6451612903225806,0.6451612903225806,0.497542242703533,1,20,0.029014236799423318,0.08113633389681316,0.0,0.0,-0.14761904761904762,1,0,0.751847179672013,0.2702868460723329,0.2903225806451613,0.2903225806451613,0.1427035330261137,1,9,0.16396146217892474,0.028320932476187423,0.13564052970273732,1.0,-0.12968772881106905,0.022387882039736642,-0.15207561085080568,0.0,0.9709857632005767
resp,n300,0,384,1.0,210,90,2352,0,2,31,0.14761904761904762,0.546875,0.6911252102393425,0.6923438810634497,0.6923159469204931,0.7238095238095238,0.6555555555555556,0.6020408163265306,0.0448863113631712,1.0130732639637638,1.9975712173569224e-09,0.6939998387600904,0.41496598639455784,0.05070468865051324,1.946328509447089e-09,0.06886850812983872,-0.03451860952648406,0.6931471805599453,True,0.9954946837267976,0.9754151885469968,0.9354838709677419,0.9354838709677419,0.7878648233486942,1,29,0.8552892413047396,0.6291148550882631,0.6129032258064516,0.6129032258064516,0.465284178187404,1,19,0.02649125968642999,0.0810707744546561,0.0,0.0,-0.14761904761904762,1,0,0.84105244188142,0.5856978543359793,0.5483870967741935,0.5483870967741935,0.40076804915514586,1,17,0.018168310181934065,0.0029364085066085153,0.01523190167532555,1.0,-0.014352379840890925,0.002275549504195431,-0.016627929345086355,0.0,0.97350874031357
resp,n300,1,32,1e-06,210,90,2352,0,2,31,0.14761904761904762,6.5625,0.5594784476854322,0.7661002458881938,0.7020343667911352,0.6857142857142857,0.5444444444444444,0.5871598639455783,9.247733383169695,5.764990017313572,2.2047069914228565e-09,0.7994590677368792,0.4689625850340136,7.477996414204462,9.89719393772605e-10,9.864463071894509,0.3190924704885659,0.6931471805599453,False,0.9493602450892052,0.8091632983838172,0.7096774193548387,0.7096774193548387,0.5620583717357911,1,22,0.9538655613624076,0.8298770557085466,0.7741935483870968,0.7741935483870968,0.6265745007680491,1,24,0.16867904126869707,0.08860447066727961,0.0,0.0,-0.14761904761904762,1,0,0.31483150117138226,0.10762776781533807,0.06451612903225806,0.06451612903225806,-0.08310291858678956,1,2,1.5777967606532766,0.3239568479925073,1.2538399126607693,0.967741935483871,-2.0709913531117463,0.40153091325190066,-2.472522266363647,0.0,0.831320958731303
resp,n300,1,32,1e-05,210,90,2352,0,2,31,0.14761904761904762,6.5625,0.5594808258740557,0.7652646317360716,0.7014634196769589,0.6857142857142857,0.5444444444444444,0.5871598639455783,9.200714824602352,5.717293571509079,2.09387450533905e-09,0.7988984121240893,0.4689625850340136,7.4480854199127515,9.48714319387214e-10,9.819630656433093,0.3188635919456471,0.6931471805599453,False,0.9499008830419895,0.810830752877906,0.7096774193548387,0.7096774193548387,0.5620583717357911,1,22,0.9540457740133358,0.8299760656095366,0.7741935483870968,0.7741935483870968,0.6265745007680491,1,24,0.16831861596684086,0.08857900377424055,0.0,0.0,-0.14761904761904762,1,0,0.3153721391241665,0.10772159939936016,0.06451612903225806,0.06451612903225806,-0.08310291858678956,1,2,1.5730178046717267,0.3226988168824308,1.250318987789296,0.967741935483871,-2.0618764570080477,0.39960365174299584,-2.4614801087510436,0.0,0.8316813840331592
resp,n300,1,32,0.0001,210,90,2352,0,2,31,0.14761904761904762,6.5625,0.5596875036142334,0.7577581682447102,0.6963815805586173,0.6952380952380952,0.5444444444444444,0.5888605442176871,8.7704080917664,5.296840873109608,1.23302809826328e-09,0.7937402646841534,0.469812925170068,7.169649666824495,2.752234041689615e-09,9.410055560946896,0.3162715663920107,0.6931471805599453,False,0.9506217336457019,0.8094301983579544,0.7096774193548387,0.7096774193548387,0.5620583717357911,1,22,0.9529644981077672,0.8244598593152412,0.7741935483870968,0.7741935483870968,0.6265745007680491,1,24,0.16597585150477565,0.08840356355792336,0.0,0.0,-0.14761904761904762,1,0,0.3193368174445846,0.10816419155987701,0.06451612903225806,0.06451612903225806,-0.08310291858678956,1,2,1.5284772103353947,0.3109140124796634,1.2175631978557313,0.967741935483871,-1.9785281827856929,0.38186069394566713,-2.36038887673136,0.0,0.8340241484952243
resp,n300,1,32,0.001,210,90,2352,0,2,31,0.14761904761904762,6.5625,0.5679726719309525,0.720977286580086,0.67339468612438,0.7,0.5444444444444444,0.5914115646258503,6.3681027021124,3.419628962204018,8.196713094786823e-09,0.7645974506156431,0.4689625850340136,5.473714108939395,1.4937685848460922e-09,7.1455530423611435,0.2790723956681279,0.6931471805599453,True,0.9589115155883943,0.8236835673084073,0.7419354838709677,0.7419354838709677,0.5943164362519201,1,23,0.9511623715984863,0.8126664303740795,0.7419354838709677,0.7419354838709677,0.5943164362519201,1,23,0.14633267255361326,0.08703301364810656,0.0,0.0,-0.14761904761904762,1,0,0.3553793476302036,0.11500498692292961,0.06451612903225806,0.06451612903225806,-0.08310291858678956,1,2,1.2507194217288642,0.23653199255514348,1.0141874291737207,0.967741935483871,-1.513266703495412,0.2791981339951096,-1.7924648374905217,0.0,0.8536673274463867
resp,n300,1,32,0.01,210,90,2352,0,2,31,0.14761904761904762,6.5625,0.6234868871434178,0.6859446135368665,0.6654012758845225,0.7047619047619048,0.5333333333333333,0.594812925170068,2.2860940358302266,1.6100905286437341,5.407955896270904e-10,0.7170574354744522,0.4604591836734694,2.1218740679584704,7.916184900883004e-10,3.0515680875084854,0.042931825131749674,0.6931471805599453,True,0.9708055505496486,0.8643957842975234,0.8064516129032258,0.8064516129032258,0.6588325652841781,1,25,0.9264732384213372,0.750725357191916,0.6774193548387096,0.6774193548387096,0.529800307219662,1,21,0.09749504415209947,0.08417728840745997,0.0,0.0,-0.14761904761904762,1,0,0.5941611101099297,0.17687910337346682,0.12903225806451613,0.12903225806451613,-0.018586789554531497,1,4,0.5896622977477153,0.08412818724628714,0.5055341105014282,1.0,-0.6470681837426635,0.09413270558917292,-0.7412008893318365,0.0,0.9025049558479006
resp,n300,1,32,0.1,210,90,2352,0,2,31,0.14761904761904762,6.5625,0.6795686107134626,0.6901004427075342,0.6864565424271547,0.7095238095238096,0.5111111111111111,0.5977891156462585,0.36126988733841875,1.0817171033200725,2.619968333707772e-09,0.6966042347183676,0.4570578231292517,0.3485133173287146,3.790223588722646e-09,0.544988331810344,-0.17884107606173386,0.6931471805599453,True,0.9767525680302758,0.8861308085886981,0.8387096774193549,0.8387096774193549,0.6910906298003072,1,26,0.8644800865020724,0.5906455260312934,0.5483870967741935,0.5483870967741935,0.40076804915514586,1,17,0.07262569832402235,0.0832181604595958,0.0,0.0,-0.14761904761904762,1,0,0.7972607677058929,0.4010995894371319,0.3548387096774194,0.3548387096774194,0.20721966205837175,1,11,0.10825109620022687,0.012295615975933817,0.09595548022429305,1.0,-0.11418490037368605,0.013323542425490907,-0.12750844279917695,0.0,0.9273743016759777
resp,n300,1,32,1.0,210,90,2352,0,2,31,0.14761904761904762,6.5625,0.6916399738727036,0.692782167049873,0.6923840024028514,0.7047619047619048,0.5,0.5965136054421769,0.03874288905580204,1.0084065428935147,2.6309406090847955e-10,0.6935075876294557,0.453656462585034,0.03763440225544911,4.834700186506206e-13,0.05962568628839464,-0.21873598696971477,0.6931471805599453,True,0.9778338439358443,0.8889775795144148,0.8387096774193549,0.8387096774193549,0.6910906298003072,1,26,0.8403315912777077,0.5086034545788206,0.4838709677419355,0.4838709677419355,0.33625192012288785,1,15,0.06938187060731664,0.08310092800172654,0.0,0.0,-0.14761904761904762,1,0,0.8325824472877996,0.490220158122291,0.4838709677419355,0.4838709677419355,0.33625192012288785,1,15,0.011884764406622457,0.001295230913484951,0.010589533493137506,1.0,-0.012455003325946,0.001393987419271967,-0.013848990745217967,0.0,0.9306181293926834
resp,n300,1,64,1e-06,210,90,2352,0,2,31,0.14761904761904762,3.28125,0.4414837686400463,0.9471210783616316,0.9000960418514045,0.7666666666666667,0.5111111111111111,0.5633503401360545,22.427735465972162,21.69642164256718,2.630974827430157e-09,1.0582020166618367,0.47746598639455784,23.166253966027806,3.3589670430853044e-09,16.759494361797454,0.7302220415786361,0.6931471805599453,False,0.9536853487114796,0.8154929802442848,0.7096774193548387,0.7096774193548387,0.5620583717357911,1,22,0.9635970445125248,0.8422106030211731,0.7419354838709677,0.7419354838709677,0.5943164362519201,1,23,0.27698684447648225,0.10054332590743989,0.03225806451612903,0.03225806451612903,-0.11536098310291859,1,1,0.3301495765002703,0.11144035836691989,0.03225806451612903,0.03225806451612903,-0.11536098310291859,1,1,2.655583356592634,1.2622166155580228,1.3933667410346113,0.967741935483871,-2.7213899031139777,1.2727201680047946,-3.9941100711187723,0.0,0.7230131555235177
resp,n300,1,64,1e-05,210,90,2352,0,2,31,0.14761904761904762,3.28125,0.4415550435874096,0.9366819666119378,0.8891114479699616,0.7666666666666667,0.5111111111111111,0.5633503401360545,21.830612591339293,20.135991295738428,1.0664122573943503e-08,1.0433519459056875,0.47831632653061223,22.48309214787534,1.7240568437416943e-09,16.310638699002283,0.7294207842737958,0.6931471805599453,False,0.9538655613624076,0.8165848138001061,0.7096774193548387,0.7096774193548387,0.5620583717357911,1,22,0.9635970445125248,0.8417930251467312,0.7419354838709677,0.7419354838709677,0.5943164362519201,1,23,0.27644620652369795,0.10048281683649797,0.03225806451612903,0.03225806451612903,-0.11536098310291859,1,1,0.3299693638493422,0.1114555026303203,0.03225806451612903,0.03225806451612903,-0.11536098310291859,1,1,2.6015333477112734,1.228381281470793,1.3731520662404804,0.967741935483871,-2.6751822318104037,1.2411374121928274,-3.916319644003231,0.0,0.7235537934763021
resp,n300,1,64,0.0001,210,90,2352,0,2,31,0.14761904761904762,3.28125,0.44518567643342377,0.8724684423032327,0.822628137020144,0.7619047619047619,0.5222222222222223,0.5676020408163265,18.034203052000468,12.731343655634314,1.2911871657353016e-09,0.9557788639878264,0.47278911564625853,18.284940917519783,2.0977035254322343e-09,13.589370870495909,0.7200823305464028,0.6931471805599453,False,0.9571093890791134,0.830520684628084,0.7096774193548387,0.7096774193548387,0.5620583717357911,1,22,0.9625157686069562,0.8376241468105995,0.7741935483870968,0.7741935483870968,0.6265745007680491,1,24,0.2640115336096594,0.09906189611220075,0.03225806451612903,0.03225806451612903,-0.11536098310291859,1,1,0.3269057487835646,0.11002561590457727,0.06451612903225806,0.06451612903225806,-0.08310291858678956,1,2,2.2607879796632333,1.0171821518397026,1.2436058278235307,0.967741935483871,-2.370781512263743,1.037428709467998,-3.408210221731741,0.0,0.7359884663903407
resp,n300,1,64,0.001,210,90,2352,0,2,31,0.14761904761904762,3.28125,0.4877039403720696,0.7465056374072074,0.7037358712876743,0.780952380952381,0.5555555555555556,0.5829081632653061,9.485794120735903,4.673543660223766,2.334572789403818e-09,0.8005821500250558,0.4651360544217687,9.357350913326732,1.6288590988097913e-09,8.054194677286008,0.6346768652122139,0.6931471805599453,False,0.967922148134799,0.8568909485031245,0.7419354838709677,0.7419354838709677,0.5943164362519201,1,23,0.961975130654172,0.8368642413012833,0.7741935483870968,0.7741935483870968,0.6265745007680491,1,24,0.20886646242566229,0.09229474851631761,0.03225806451612903,0.03225806451612903,-0.11536098310291859,1,1,0.32582447287799604,0.10845203765948588,0.06451612903225806,0.06451612903225806,-0.08310291858678956,1,2,1.4712680836306706,0.5408566842564466,0.930411399374224,0.967741935483871,-1.5832212073894594,0.5574567957250226,-2.140678003114482,0.0,0.7911335375743377
resp,n300,1,64,0.01,210,90,2352,0,2,31,0.14761904761904762,3.28125,0.6008661186433712,0.6864521103938813,0.6674317941137279,0.7761904761904762,0.5666666666666667,0.5867346938775511,2.700975659331946,1.772221373609761,1.618495388839506e-09,0.71951562267487,0.453656462585034,2.6220980429776826,1.0466299396765478e-09,3.1333594265104954,0.3072994432291436,0.6931471805599453,True,0.9787349071904847,0.8933253414089753,0.8387096774193549,0.8387096774193549,0.6910906298003072,1,26,0.9329608938547486,0.786438932107538,0.7096774193548387,0.7096774193548387,0.5620583717357911,1,22,0.10668588934943234,0.08477951297451797,0.0,0.0,-0.14761904761904762,1,0,0.5236979635970445,0.14942030471328638,0.0967741935483871,0.0967741935483871,-0.05084485407066053,1,3,0.6223262893266355,0.14453575936728727,0.47779052995934823,1.0,-0.655945926505555,0.15029419352293388,-0.806240120028489,0.0,0.8933141106505676
resp,n300,1,64,0.1,210,90,2352,0,2,31,0.14761904761904762,3.28125,0.6767256577386044,0.6899451025783954,0.68651388083384,0.7476190476190476,0.5555555555555556,0.5909863945578231,0.3983369257344941,1.0951719946822984,1.4525414846647905e-10,0.6968196109858218,0.4481292517006803,0.3917645433874592,2.2550071914446875e-10,0.551363051847967,0.026114467082627785,0.6931471805599453,True,0.9803568210488376,0.8947967885803917,0.8387096774193549,0.8387096774193549,0.6910906298003072,1,26,0.8534871147954587,0.6090378360698881,0.5806451612903226,0.5806451612903226,0.43302611367127497,1,18,0.07334654892773473,0.08333498709100905,0.0,0.0,-0.14761904761904762,1,0,0.7711299333213192,0.36810373543659863,0.3225806451612903,0.3225806451612903,0.1749615975422427,1,10,0.11200518054295887,0.019305871165175764,0.0926993093777831,1.0,-0.11526660481952844,0.019870893655880503,-0.13513749847540896,0.0,0.9266534510722653
resp,n300,1,64,1.0,210,90,2352,0,2,31,0.14761904761904762,3.28125,0.6913482268185965,0.6927629453357022,0.6923870620603869,0.7428571428571429,0.5444444444444444,0.5918367346938775,0.042337638894902406,1.009680560659985,1.036019380001265e-12,0.6935291732285261,0.4494047619047619,0.0418084054233377,1.2767617859008122e-12,0.060231417635696914,-0.024689780651383015,0.6931471805599453,True,0.9801766083979095,0.8923521429318969,0.8387096774193549,0.8387096774193549,0.6910906298003072,1,26,0.82213011353397,0.4964715486398365,0.5161290322580645,0.5161290322580645,0.36850998463901685,1,16,0.06902144530546045,0.08316173632303357,0.0,0.0,-0.14761904761904762,1,0,0.812398630383853,0.46667078464086875,0.41935483870967744,0.41935483870967744,0.27173579109062984,1,13,0.012267426373542157,0.002008538897668081,0.010258887475874076,1.0,-0.012565212165346878,0.002060110773645646,-0.014625322938992524,0.0,0.9309785546945395
resp,n300,1,128,1e-06,210,90,2352,0,2,31,0.14761904761904762,1.640625,0.014955613536235002,5.183983177513317,5.344863853513055,1.0,0.5333333333333333,0.5416666666666666,218.86203838679614,597.513870118847,1.6483457835153725e-09,5.988244919718587,0.4817176870748299,217.3123213113391,1.0145502753269198e-09,178.58394715419794,0.664751113807405,0.6931471805599453,False,1.0,1.0,1.0,1.0,0.8523809523809524,1,31,1.0,1.0,1.0,1.0,0.8523809523809524,1,31,0.3321319156604794,0.11193521473382374,0.0967741935483871,0.0967741935483871,-0.05084485407066053,1,3,0.33753829518832223,0.11321737605041056,0.0967741935483871,0.0967741935483871,-0.05084485407066053,1,3,18.232722272659537,10.748588772250931,7.484133500408605,1.0,-17.58572789964629,10.854370843218598,-28.44009874286489,0.0,0.6678680843395206
resp,n300,1,128,1e-05,210,90,2352,0,2,31,0.14761904761904762,1.640625,0.07489101672962012,2.6902411096100907,2.6839209873956107,0.9904761904761905,0.5222222222222223,0.5514455782312925,107.53924422632097,209.06696522174101,2.8949068161282965e-09,3.0527632398849978,0.47959183673469385,107.43094194124821,2.3020954224639266e-09,88.3631747794271,0.6620786662502841,0.6931471805599453,False,1.0,1.0,1.0,1.0,0.8523809523809524,1,31,1.0,1.0,1.0,1.0,0.8523809523809524,1,31,0.31645341502973506,0.1108348902848512,0.0967741935483871,0.0967741935483871,-0.05084485407066053,1,3,0.3272661740854208,0.11263771096945548,0.0967741935483871,0.0967741935483871,-0.05084485407066053,1,3,9.626694349622326,5.508316104955822,4.118378244666505,1.0,-9.28014604306343,5.505594788348655,-14.785740831412085,0.0,0.6835465849702649
resp,n300,1,128,0.0001,210,90,2352,0,2,31,0.14761904761904762,1.640625,0.21301687082062223,1.2314411733042776,1.1581633146459263,0.9476190476190476,0.5222222222222223,0.5586734693877551,38.487010639964794,35.347999597968226,3.2843192618226566e-09,1.325369660151856,0.48681972789115646,38.97791406728154,6.553303970855727e-09,30.142069515342637,0.69726115101059,0.6931471805599453,False,0.9958551090286538,0.9795384925501721,0.9354838709677419,0.9354838709677419,0.7878648233486942,1,29,0.9967561722832943,0.9857604128043504,0.9354838709677419,0.9354838709677419,0.7878648233486942,1,29,0.2789691836366913,0.11491624997604002,0.06451612903225806,0.06451612903225806,-0.08310291858678956,1,2,0.3045593800684808,0.11348819754750836,0.06451612903225806,0.06451612903225806,-0.08310291858678956,1,2,3.9803282789828187,2.199005148314313,1.7813231306685058,0.967741935483871,-3.857626724628457,2.1963861721463185,-6.0540128967747755,0.03225806451612903,0.7210308163633087
resp,n300,1,128,0.001,210,90,2352,0,2,31,0.14761904761904762,1.640625,0.3900148140515222,0.7941318124536549,0.7340832487283869,0.8857142857142857,0.5555555555555556,0.5731292517006803,12.833911867628911,6.853047952792659,2.1262616856187286e-09,0.8247373693522166,0.4804421768707483,12.88131630943395,4.277483939833376e-09,10.028346213273435,0.6958417222704341,0.6931471805599453,False,0.9882861776896739,0.9695141699863469,0.9032258064516129,0.9032258064516129,0.7556067588325652,1,28,0.9891872409443143,0.9655749256643095,0.8709677419354839,0.8709677419354839,0.7233486943164362,1,27,0.20670391061452514,0.09232510774507756,0.03225806451612903,0.03225806451612903,-0.11536098310291859,1,1,0.28113173544782843,0.1006547290342991,0.0,0.0,-0.14761904761904762,1,0,1.7144118376741655,0.8164740488032055,0.89793778887096,0.967741935483871,-1.7806639902284402,0.8236451062613076,-2.604309096489748,0.03225806451612903,0.7932960893854748
resp,n300,1,128,0.01,210,90,2352,0,2,31,0.14761904761904762,1.640625,0.5819440809359926,0.6899382525795624,0.6679556053088898,0.8,0.5555555555555556,0.5854591836734694,3.017619286759201,1.9434392367423203,6.6872915064534076e-09,0.7187053278343274,0.459608843537415,2.9634007141779453,8.593865994721983e-10,3.2583672377462283,0.4065351907197316,0.6931471805599453,True,0.986664263831321,0.947899132724937,0.9032258064516129,0.9032258064516129,0.7556067588325652,1,28,0.9569291764281853,0.8559092453274729,0.7741935483870968,0.7741935483870968,0.6265745007680491,1,24,0.09839610740673996,0.08427242988221387,0.0,0.0,-0.14761904761904762,1,0,0.439358442962696,0.1260022970318886,0.03225806451612903,0.03225806451612903,-0.11536098310291859,1,1,0.655406539008334,0.18753057738964218,0.4678759616186918,1.0,-0.6820375821148077,0.19205283451251745,-0.8740904166273251,0.03225806451612903,0.90160389259326
resp,n300,1,128,0.1,210,90,2352,0,2,31,0.14761904761904762,1.640625,0.6746021225506416,0.6901366543838305,0.6864318028315771,0.7666666666666667,0.5333333333333333,0.5931122448979592,0.4240429226437238,1.1067003580745196,2.8077976603324596e-10,0.6966509668143228,0.46003401360544216,0.41920620795475466,4.351902701483306e-10,0.5598463949887595,0.11846850042193517,0.6931471805599453,True,0.9852225626238962,0.9286861362962046,0.9032258064516129,0.9032258064516129,0.7556067588325652,1,28,0.8610560461344386,0.6393279150823128,0.6129032258064516,0.6129032258064516,0.465284178187404,1,19,0.06848080735267616,0.08310362418396003,0.0,0.0,-0.14761904761904762,1,0,0.7513065417192287,0.33973140824407005,0.3225806451612903,0.3225806451612903,0.1749615975422427,1,10,0.11560976420929082,0.023950331508661066,0.09165943270062976,1.0,-0.11810959170118762,0.024383441810309776,-0.1424930335114974,0.0,0.9315191926473239
resp,n300,1,128,1.0,210,90,2352,0,2,31,0.14761904761904762,1.640625,0.6911332904508951,0.6927791074873538,0.692376699780593,0.7571428571428571,0.5333333333333333,0.5952380952380952,0.04480307311527107,1.0107485589815148,3.984106314285108e-10,0.693511493278399,0.4574829931972789,0.04443092332296499,9.737120734734284e-10,0.06102244688850215,0.06472366597894251,0.6931471805599453,True,0.98486213732204,0.9242849182084525,0.9032258064516129,0.9032258064516129,0.7556067588325652,1,28,0.8176247972607678,0.5005488734619399,0.41935483870967744,0.41935483870967744,0.27173579109062984,1,13,0.06433591638132997,0.08292174808763188,0.0,0.0,-0.14761904761904762,1,0,0.806812038205082,0.4632349393453275,0.41935483870967744,0.41935483870967744,0.27173579109062984,1,13,0.012631004683473515,0.0024767148203861293,0.010154289863087387,1.0,-0.01285200756604735,0.002514989094026815,-0.015366996660074165,0.0,0.93566408361867
resp,n300,1,256,1e-06,210,90,2352,0,2,31,0.14761904761904762,0.8203125,0.0029138225564752283,3.0324771742160124,2.659769406682261,1.0,0.6111111111111112,0.5488945578231292,125.43895182706783,114.9089407949634,3.8329363482163803e-10,3.0053364493440857,0.5093537414965986,126.76558953569617,1.0276563393886542e-09,75.80765694538167,0.8193535917098862,0.6931471805599453,False,1.0,1.0,1.0,1.0,0.8523809523809524,1,31,1.0,1.0,1.0,1.0,0.8523809523809524,1,31,0.282213011353397,0.10100583152232245,0.06451612903225806,0.06451612903225806,-0.08310291858678956,1,2,0.28888087943773655,0.10184897413942322,0.06451612903225806,0.06451612903225806,-0.08310291858678956,1,2,8.815079609658637,6.701474934139523,2.113604675519114,1.0,-8.404934765426423,6.622537545064063,-15.027472310490486,0.0,0.7177869886466031
resp,n300,1,256,1e-05,210,90,2352,0,2,31,0.14761904761904762,0.8203125,0.01903528273385321,2.091183983712155,1.835038473595296,1.0,0.5888888888888889,0.5569727891156463,81.8550434582604,70.17673155000531,1.8484946097194974e-09,2.0561111533436276,0.5080782312925171,82.43055716339606,1.5349361836917489e-09,49.63948594981317,0.8174287051832329,0.6931471805599453,False,1.0,1.0,1.0,1.0,0.8523809523809524,1,31,1.0,1.0,1.0,1.0,0.8523809523809524,1,31,0.27266174085420797,0.09970627150896894,0.06451612903225806,0.06451612903225806,-0.08310291858678956,1,2,0.2832942872589656,0.10098433172764505,0.06451612903225806,0.06451612903225806,-0.08310291858678956,1,2,6.015982106883344,4.497939888310679,1.5180422185726652,1.0,-5.827739631409367,4.464443828200093,-10.29218345960946,0.0,0.727338259145792
resp,n300,1,256,0.0001,210,90,2352,0,2,31,0.14761904761904762,0.8203125,0.10121821744281155,1.297521185492545,1.1434181254136528,1.0,0.6,0.5629251700680272,42.69650097729299,31.901410719356928,2.282415580832153e-09,1.2684057088411012,0.5102040816326531,42.8591644068323,2.1130553818351174e-09,26.559825149645263,0.8072616430981688,0.6931471805599453,False,1.0,1.0,1.0,1.0,0.8523809523809524,1,31,1.0,1.0,1.0,1.0,0.8523809523809524,1,31,0.24779239502613085,0.0965230647259802,0.06451612903225806,0.06451612903225806,-0.08310291858678956,1,2,0.2677959992791494,0.09864016932644486,0.06451612903225806,0.06451612903225806,-0.08310291858678956,1,2,3.5523746548774584,2.500511170739063,1.0518634841383956,1.0,-3.5319837548273205,2.4961541530278444,-6.0281379078551645,0.0,0.7522076049738692
resp,n300,1,256,0.001,210,90,2352,0,2,31,0.14761904761904762,0.8203125,0.3326820520536785,0.8160031875877133,0.7430015855465805,0.9619047619047619,0.5666666666666667,0.5761054421768708,14.584465714127886,8.317541186711699,2.6238255028139525e-09,0.8254638215464372,0.4931972789115646,14.616457235925335,1.919678608661532e-09,10.452068101355081,0.7437654119137179,0.6931471805599453,False,0.9994593620472157,0.9971537001897532,0.967741935483871,0.967741935483871,0.8201228878648233,1,30,0.9992791493962876,0.9959291142433703,0.967741935483871,0.967741935483871,0.8201228878648233,1,30,0.17823031176788612,0.08915880934351642,0.0,0.0,-0.14761904761904762,1,0,0.23193368174445847,0.09431724037599777,0.0,0.0,-0.14761904761904762,1,0,1.7586818561140296,0.9608498276498533,0.7978320284641763,1.0,-1.8189843515263835,0.9672859184351039,-2.7862702699614874,0.0,0.8217696882321139
resp,n300,1,256,0.01,210,90,2352,0,2,31,0.14761904761904762,0.8203125,0.5732292851802403,0.6901230944943652,0.6675273515491971,0.8428571428571429,0.5666666666666667,0.5914115646258503,3.156309956596656,2.0321807875845157,1.0528428436406492e-09,0.7174384219486827,0.4736394557823129,3.105179394529681,5.415021805726433e-10,3.2883262828962936,0.4484962667482194,0.6931471805599453,True,0.9920706433591638,0.959806125009122,0.9032258064516129,0.9032258064516129,0.7556067588325652,1,28,0.9688232113894395,0.8826585916824755,0.8064516129032258,0.8064516129032258,0.6588325652841781,1,25,0.09136781402054424,0.08404571667945523,0.0,0.0,-0.14761904761904762,1,0,0.3946657055325284,0.11799013501315495,0.06451612903225806,0.06451612903225806,-0.08310291858678956,1,2,0.662424625996717,0.20716519871166392,0.4552594272850531,1.0,-0.6887763281608067,0.21166119575083567,-0.9004375239116423,0.0,0.9086321859794557
resp,n300,1,256,0.1,210,90,2352,0,2,31,0.14761904761904762,0.8203125,0.6736895391330714,0.6900436012833399,0.6863168371208136,0.780952380952381,0.5555555555555556,0.594812925170068,0.4346529585209346,1.111973952370781,3.536417600776767e-10,0.6965006236725685,0.461734693877551,0.42991911864848686,5.419391919039528e-10,0.561686183560032,0.15589351083377626,0.6931471805599453,True,0.9893674535952424,0.9447084454006403,0.9032258064516129,0.9032258064516129,0.7556067588325652,1,28,0.8686249774734186,0.6575905119749804,0.6129032258064516,0.6129032258064516,0.465284178187404,1,19,0.06757974409803569,0.08308520694800638,0.0,0.0,-0.14761904761904762,1,0,0.751847179672013,0.35155969457301445,0.3225806451612903,0.3225806451612903,0.1749615975422427,1,10,0.11630573595803827,0.02597105106636608,0.09033468489167218,1.0,-0.11881565140782885,0.02640593313111388,-0.14522158453894274,0.0,0.9324202559019643
resp,n300,1,256,1.0,210,90,2352,0,2,31,0.14761904761904762,0.8203125,0.6910416261542828,0.6927681839257733,0.692364017723878,0.780952380952381,0.5555555555555556,0.594812925170068,0.045814458539051514,1.0112304392728895,2.4827598006855777e-12,0.6934963809536733,0.4574829931972789,0.04544885520595679,2.226312230504301e-12,0.06119219899092454,0.10087284345139395,0.6931471805599453,True,0.9884663903406019,0.9381087739218334,0.9032258064516129,0.9032258064516129,0.7556067588325652,1,28,0.8194269237700487,0.5018588278273417,0.45161290322580644,0.45161290322580644,0.30399385560675884,1,14,0.06379527842854568,0.08295281259641331,0.0,0.0,-0.14761904761904762,1,0,0.8093350153180753,0.4699930188805103,0.41935483870967744,0.41935483870967744,0.27173579109062984,1,13,0.012700760081510967,0.0026793765224558002,0.010021383559055167,1.0,-0.012922834908667266,0.0027178364450880636,-0.01564067135375533,0.0,0.9362047215714543
resp,n300,1,384,1e-06,210,90,2352,0,2,31,0.14761904761904762,0.546875,0.0029138225564752283,3.0324771742160137,2.659769406682261,1.0,0.6111111111111112,0.5488945578231292,125.43895182706783,114.90894079496346,3.8329363482163803e-10,3.005336449344085,0.5093537414965986,126.76558953569617,1.0276563393886542e-09,75.80765694538167,0.8193535917098862,0.6931471805599453,False,1.0,1.0,1.0,1.0,0.8523809523809524,1,31,1.0,1.0,1.0,1.0,0.8523809523809524,1,31,0.282213011353397,0.10100583152232245,0.06451612903225806,0.06451612903225806,-0.08310291858678956,1,2,0.28888087943773655,0.10184897413942322,0.06451612903225806,0.06451612903225806,-0.08310291858678956,1,2,8.815079609658637,6.701474934139523,2.113604675519114,1.0,-8.404934765426423,6.622537545064063,-15.027472310490486,0.0,0.7177869886466031
resp,n300,1,384,1e-05,210,90,2352,0,2,31,0.14761904761904762,0.546875,0.01903528273385321,2.091183983712155,1.8350384735952956,1.0,0.5888888888888889,0.5569727891156463,81.8550434582604,70.17673155000534,1.8484946097194974e-09,2.0561111533436276,0.5080782312925171,82.43055716339606,1.5349361836917489e-09,49.63948594981317,0.8174287051832329,0.6931471805599453,False,1.0,1.0,1.0,1.0,0.8523809523809524,1,31,1.0,1.0,1.0,1.0,0.8523809523809524,1,31,0.27266174085420797,0.09970627150896894,0.06451612903225806,0.06451612903225806,-0.08310291858678956,1,2,0.2832942872589656,0.10098433172764505,0.06451612903225806,0.06451612903225806,-0.08310291858678956,1,2,6.015982106883344,4.497939888310679,1.5180422185726652,1.0,-5.827739631409367,4.464443828200093,-10.29218345960946,0.0,0.727338259145792
resp,n300,1,384,0.0001,210,90,2352,0,2,31,0.14761904761904762,0.546875,0.10121821744281155,1.297521185492545,1.1434181254136528,1.0,0.6,0.5629251700680272,42.69650097729299,31.901410719356928,2.282415580832153e-09,1.268405708841101,0.5102040816326531,42.8591644068323,2.1130553818351174e-09,26.559825149645263,0.8072616430981688,0.6931471805599453,False,1.0,1.0,1.0,1.0,0.8523809523809524,1,31,1.0,1.0,1.0,1.0,0.8523809523809524,1,31,0.24779239502613085,0.0965230647259802,0.06451612903225806,0.06451612903225806,-0.08310291858678956,1,2,0.2677959992791494,0.09864016932644486,0.06451612903225806,0.06451612903225806,-0.08310291858678956,1,2,3.5523746548774584,2.500511170739063,1.0518634841383956,1.0,-3.5319837548273205,2.4961541530278444,-6.0281379078551645,0.0,0.7522076049738692
resp,n300,1,384,0.001,210,90,2352,0,2,31,0.14761904761904762,0.546875,0.3326820520536785,0.8160031875877133,0.7430015855465805,0.9619047619047619,0.5666666666666667,0.5761054421768708,14.584465714127886,8.31754118671173,2.6238255028139525e-09,0.8254638215464372,0.4931972789115646,14.616457235925335,1.919678608661532e-09,10.452068101355081,0.7437654119137179,0.6931471805599453,False,0.9994593620472157,0.9971537001897532,0.967741935483871,0.967741935483871,0.8201228878648233,1,30,0.9992791493962876,0.9959291142433703,0.967741935483871,0.967741935483871,0.8201228878648233,1,30,0.17823031176788612,0.08915880934351642,0.0,0.0,-0.14761904761904762,1,0,0.23193368174445847,0.09431724037599777,0.0,0.0,-0.14761904761904762,1,0,1.7586818561140296,0.9608498276498533,0.7978320284641763,1.0,-1.8189843515263835,0.9672859184351039,-2.7862702699614874,0.0,0.8217696882321139
resp,n300,1,384,0.01,210,90,2352,0,2,31,0.14761904761904762,0.546875,0.5732292851802403,0.6901230944943652,0.6675273515491971,0.8428571428571429,0.5666666666666667,0.5914115646258503,3.156309956596656,2.032180787584518,1.0528428436406492e-09,0.7174384219486827,0.4736394557823129,3.105179394529681,5.415021805726433e-10,3.2883262828962936,0.4484962667482194,0.6931471805599453,True,0.9920706433591638,0.959806125009122,0.9032258064516129,0.9032258064516129,0.7556067588325652,1,28,0.9688232113894395,0.8826585916824755,0.8064516129032258,0.8064516129032258,0.6588325652841781,1,25,0.09136781402054424,0.08404571667945523,0.0,0.0,-0.14761904761904762,1,0,0.3946657055325284,0.11799013501315495,0.06451612903225806,0.06451612903225806,-0.08310291858678956,1,2,0.662424625996717,0.20716519871166392,0.4552594272850531,1.0,-0.6887763281608067,0.21166119575083567,-0.9004375239116423,0.0,0.9086321859794557
resp,n300,1,384,0.1,210,90,2352,0,2,31,0.14761904761904762,0.546875,0.6736895391330714,0.6900436012833399,0.6863168371208136,0.780952380952381,0.5555555555555556,0.594812925170068,0.4346529585209346,1.111973952370781,3.536417600776767e-10,0.6965006236725685,0.461734693877551,0.42991911864848686,5.419391919039528e-10,0.561686183560032,0.15589351083377626,0.6931471805599453,True,0.9893674535952424,0.9447084454006403,0.9032258064516129,0.9032258064516129,0.7556067588325652,1,28,0.8686249774734186,0.6575905119749804,0.6129032258064516,0.6129032258064516,0.465284178187404,1,19,0.06757974409803569,0.08308520694800638,0.0,0.0,-0.14761904761904762,1,0,0.751847179672013,0.35155969457301445,0.3225806451612903,0.3225806451612903,0.1749615975422427,1,10,0.11630573595803827,0.02597105106636608,0.09033468489167218,1.0,-0.11881565140782885,0.02640593313111388,-0.14522158453894274,0.0,0.9324202559019643
resp,n300,1,384,1.0,210,90,2352,0,2,31,0.14761904761904762,0.546875,0.6910416261542828,0.6927681839257733,0.692364017723878,0.780952380952381,0.5555555555555556,0.594812925170068,0.045814458539051514,1.0112304392728906,2.4827598006855777e-12,0.6934963809536733,0.4574829931972789,0.04544885520595679,2.226312230504301e-12,0.06119219899092454,0.10087284345139395,0.6931471805599453,True,0.9884663903406019,0.9381087739218334,0.9032258064516129,0.9032258064516129,0.7556067588325652,1,28,0.8194269237700487,0.5018588278273417,0.45161290322580644,0.45161290322580644,0.30399385560675884,1,14,0.06379527842854568,0.08295281259641331,0.0,0.0,-0.14761904761904762,1,0,0.8093350153180753,0.4699930188805103,0.41935483870967744,0.41935483870967744,0.27173579109062984,1,13,0.012700760081510967,0.0026793765224558002,0.010021383559055167,1.0,-0.012922834908667266,0.0027178364450880636,-0.01564067135375533,0.0,0.9362047215714543
resp,n300,2,32,1e-06,210,90,2352,0,2,31,0.14761904761904762,6.5625,0.568416470008613,0.6405759184674487,0.7232703676741203,0.6857142857142857,0.6333333333333333,0.5437925170068028,9.199185116816109,7.083520499911127,1.518251894966238e-09,0.923982262476859,0.5905612244897959,18.4718256988914,6.640153228685157e-09,13.966322905242702,0.6790471251452097,0.6931471805599453,False,0.666606595783024,0.35050490610157337,0.25806451612903225,0.25806451612903225,0.11044546850998463,1,8,0.7664444043971886,0.42503553319908666,0.41935483870967744,0.41935483870967744,0.27173579109062984,1,13,0.270859614344927,0.09962062702560545,0.0,0.0,-0.14761904761904762,1,0,0.2939268336637232,0.10195758444645998,0.03225806451612903,0.03225806451612903,-0.11536098310291859,1,1,3.793591321272773,2.0422252821705698,1.7513660391022032,1.0,0.014098307648263132,0.7291140546023875,-0.7150157469541244,0.4838709677419355,0.729140385655073
resp,n300,2,32,1e-05,210,90,2352,0,2,31,0.14761904761904762,6.5625,0.5684190701357998,0.6404813965873325,0.7226646907107419,0.6857142857142857,0.6333333333333333,0.5437925170068028,9.147473960155626,7.0142658855642415,1.4122175528757126e-09,0.9143590922898461,0.5905612244897959,18.092421940830242,1.611445111960105e-09,13.65870114296054,0.6781025703873458,0.6931471805599453,False,0.6651648945755992,0.34954029320670843,0.25806451612903225,0.25806451612903225,0.11044546850998463,1,8,0.7662641917462606,0.4247726443872449,0.41935483870967744,0.41935483870967744,0.27173579109062984,1,13,0.27031897639214275,0.09956079640534005,0.0,0.0,-0.14761904761904762,1,0,0.2944674716165075,0.10200559805549102,0.03225806451612903,0.03225806451612903,-0.11536098310291859,1,1,3.732664766075583,2.004611795168212,1.7280529709073713,1.0,0.0152837147062061,0.725623078373036,-0.7103393636668298,0.4838709677419355,0.7296810236078572
resp,n300,2,32,0.0001,210,90,2352,0,2,31,0.14761904761904762,6.5625,0.568641538099514,0.6397742938989807,0.7173137334895541,0.6904761904761905,0.6222222222222222,0.5433673469387755,8.67904703234165,6.418047595636971,2.40761802736124e-09,0.8504973683473847,0.5939625850340136,15.493349738092714,1.0487366875048727e-09,11.613296753329495,0.6711698632085941,0.6931471805599453,False,0.662822130113534,0.3475475746524472,0.22580645161290322,0.22580645161290322,0.0781874039938556,1,7,0.7668048296990448,0.4247589470255915,0.41935483870967744,0.41935483870967744,0.27173579109062984,1,13,0.267075148675437,0.0991683099124291,0.0,0.0,-0.14761904761904762,1,0,0.29176428185258607,0.10158637845962028,0.03225806451612903,0.03225806451612903,-0.11536098310291859,1,1,3.306587260161772,1.7444318101766374,1.5621554499851347,1.0,0.026178813501442487,0.6939182754441818,-0.6677394619427394,0.45161290322580644,0.732924851324563
resp,n300,2,32,0.001,210,90,2352,0,2,31,0.14761904761904762,6.5625,0.5769895567921094,0.6407089752176142,0.6932949890187028,0.6857142857142857,0.6,0.5505952380952381,6.1798824126817244,3.997608344672823,2.176834018481649e-09,0.7160343119052747,0.5982142857142857,9.093721864464019,1.0307494265639955e-09,6.875229871635215,0.6549856357857821,0.6931471805599453,False,0.6395746981438097,0.3311842891802796,0.1935483870967742,0.1935483870967742,0.045929339477726566,1,6,0.7666246170481168,0.4206113847693537,0.41935483870967744,0.41935483870967744,0.27173579109062984,1,13,0.25139664804469275,0.097456107232872,0.0,0.0,-0.14761904761904762,1,0,0.31375022526581364,0.10414172695684455,0.03225806451612903,0.03225806451612903,-0.11536098310291859,1,1,2.152266439705145,1.070136054205569,1.0821303854995763,1.0,0.08811370313801273,0.5217510507839108,-0.4336373476458981,0.5483870967741935,0.7486033519553073
resp,n300,2,32,0.01,210,90,2352,0,2,31,0.14761904761904762,6.5625,0.6287900477901425,0.6607433434672512,0.6767725350738892,0.6476190476190476,0.6333333333333333,0.5659013605442177,2.17908554525311,1.7983176192748989,9.252132293155965e-11,0.6578472012956049,0.5999149659863946,3.3922728535524893,3.4641187816311666e-10,2.4125894493021987,0.7058486621785324,0.6931471805599453,True,0.5391962515768607,0.18700252439700069,0.12903225806451613,0.12903225806451613,-0.018586789554531497,1,4,0.7489637772571635,0.35501507501393165,0.3548387096774194,0.3548387096774194,0.20721966205837175,1,11,0.23265453234817085,0.09575196613306555,0.0,0.0,-0.14761904761904762,1,0,0.48927734726977834,0.13653208917389814,0.06451612903225806,0.06451612903225806,-0.08310291858678956,1,2,0.8872935708760205,0.40908966577076283,0.4782039051052576,1.0,0.1450146061213122,0.2178931678536321,-0.07287856173231991,0.8064516129032258,0.7673454676518292
resp,n300,2,32,0.1,210,90,2352,0,2,31,0.14761904761904762,6.5625,0.6800170009178159,0.6856283342783251,0.688153200949302,0.638095238095238,0.6444444444444445,0.5752551020408163,0.35405868825830245,1.1100098104698388,1.2909106365182948e-10,0.6804300261425825,0.5986394557823129,0.630405280146687,1.4121607735540222e-09,0.41230750111003267,0.790255732735732,0.6931471805599453,True,0.443142908632186,0.13232040070157952,0.0967741935483871,0.0967741935483871,-0.05084485407066053,1,3,0.6936384934222383,0.29706975812769804,0.1935483870967742,0.1935483870967742,0.045929339477726566,1,6,0.22868985402775274,0.09591490717274866,0.0,0.0,-0.14761904761904762,1,0,0.6525500090106325,0.20840363217482805,0.16129032258064516,0.16129032258064516,0.013671274961597535,1,5,0.17003291291757655,0.07607154543557669,0.09396136748199986,1.0,0.04155267179377059,0.039401823013130846,0.002150848780639744,0.8709677419354839,0.7713101459722472
resp,n300,2,32,1.0,210,90,2352,0,2,31,0.14761904761904762,6.5625,0.6916636210551091,0.6922770347383246,0.6925518304412849,0.6333333333333333,0.6444444444444445,0.5739795918367347,0.038422392161179444,1.0113310156190347,7.668244314569337e-10,0.691571911995511,0.5973639455782312,0.07041539070923555,6.266070237133435e-10,0.045485400824314355,0.8068085367578788,0.6931471805599453,True,0.42656334474680124,0.126941121076335,0.0967741935483871,0.0967741935483871,-0.05084485407066053,1,3,0.6864299873851144,0.23987980647959214,0.22580645161290322,0.22580645161290322,0.0781874039938556,1,7,0.22760857812218419,0.09583423770474588,0.0,0.0,-0.14761904761904762,1,0,0.6813840331591278,0.23072474022708822,0.22580645161290322,0.22580645161290322,0.0781874039938556,1,7,0.01906013525682548,0.00848852586584447,0.01057160939098101,1.0,0.004877883850066994,0.004342831060170872,0.0005350527898961219,0.9032258064516129,0.7723914218778158
resp,n300,2,64,1e-06,210,90,2352,0,2,31,0.14761904761904762,3.28125,0.4661183453638721,0.7154463060690138,0.8724771374060698,0.7333333333333333,0.6333333333333333,0.5259353741496599,21.648725975157983,27.43214092383058,8.369554225885742e-09,1.2655579843634435,0.5850340136054422,34.665491413326144,5.186161672401728e-09,28.96445314939886,0.5539402225566908,0.6931471805599453,False,0.8520454135880339,0.5296668194840074,0.5483870967741935,0.5483870967741935,0.40076804915514586,1,17,0.9026851684988286,0.671801829280826,0.5806451612903226,0.5806451612903226,0.43302611367127497,1,18,0.29338619571093894,0.1017126115061849,0.03225806451612903,0.03225806451612903,-0.11536098310291859,1,1,0.301135339700847,0.10309242634820183,0.03225806451612903,0.03225806451612903,-0.11536098310291859,1,1,5.770529451280134,3.35965366592898,2.4108757853511538,0.967741935483871,-0.9915192441237134,1.4332768452029407,-2.4247960893266542,0.2903225806451613,0.7066138042890611
resp,n300,2,64,1e-05,210,90,2352,0,2,31,0.14761904761904762,3.28125,0.4661882579913432,0.7104802264515955,0.8630018817963409,0.7285714285714285,0.6333333333333333,0.5267857142857143,21.04157980673492,25.63915283328282,5.195355382317254e-09,1.1910799898676294,0.5841836734693877,31.71151433913649,1.6387749371689473e-09,26.389748122379338,0.5634602786482125,0.6931471805599453,False,0.8518652009371058,0.5289183664604709,0.5483870967741935,0.5483870967741935,0.40076804915514586,1,17,0.9019643178951162,0.6704928026579533,0.5806451612903226,0.5806451612903226,0.43302611367127497,1,18,0.2924851324562984,0.1016940335622807,0.03225806451612903,0.03225806451612903,-0.11536098310291859,1,1,0.3014957650027032,0.1031714863916209,0.03225806451612903,0.03225806451612903,-0.11536098310291859,1,1,5.347152162384901,3.121198481063253,2.2259536813216485,0.967741935483871,-0.9644379398428027,1.4000897479730996,-2.3645276878159023,0.3225806451612903,0.7075148675437015
resp,n300,2,64,0.0001,210,90,2352,0,2,31,0.14761904761904762,3.28125,0.4697091458473531,0.682325550637143,0.806176481828952,0.7285714285714285,0.6222222222222222,0.5280612244897959,17.187895577563914,16.441104914386564,4.4235439456906056e-09,0.9476555411465897,0.5943877551020408,21.625331272041386,2.2171156877278175e-09,17.896651621484146,0.5956359859295502,0.6931471805599453,False,0.8421337177869886,0.5203875803666088,0.4838709677419355,0.4838709677419355,0.33625192012288785,1,15,0.8979996395746982,0.651745368813501,0.5806451612903226,0.5806451612903226,0.43302611367127497,1,18,0.2876193908812399,0.10116236370075979,0.03225806451612903,0.03225806451612903,-0.11536098310291859,1,1,0.2991530005406379,0.10307000021261127,0.03225806451612903,0.03225806451612903,-0.11536098310291859,1,1,3.9031969792005037,2.265458318273043,1.637738660927461,0.967741935483871,-0.7820800793892184,1.187377217680784,-1.9694572970700024,0.3225806451612903,0.7123806091187601
resp,n300,2,64,0.001,210,90,2352,0,2,31,0.14761904761904762,3.28125,0.5080320818539552,0.6474813107420494,0.7097895692882293,0.7142857142857143,0.6222222222222222,0.5403911564625851,8.941209918797727,5.601121180086018,2.5579379248967882e-09,0.7230211532998885,0.5935374149659864,10.29268173773945,2.6206529606192208e-09,8.555053078988264,0.6122828925651433,0.6931471805599453,False,0.7931158767345468,0.4502281343406559,0.3548387096774194,0.3548387096774194,0.20721966205837175,1,11,0.8725896557938367,0.5775935956780812,0.5483870967741935,0.5483870967741935,0.40076804915514586,1,17,0.2638313209587313,0.09832968702212525,0.0,0.0,-0.14761904761904762,1,0,0.30293746621012796,0.10261187436094779,0.0,0.0,-0.14761904761904762,1,0,2.211487939327723,1.1920061538548514,1.0194817854728717,1.0,-0.31058940736077173,0.702845568587839,-1.0134349759486108,0.3548387096774194,0.7361686790412687
resp,n300,2,64,0.01,210,90,2352,0,2,31,0.14761904761904762,3.28125,0.6088455219470253,0.6604691992242256,0.6770344808779225,0.6857142857142857,0.6222222222222222,0.5569727891156463,2.562936450035581,1.9771656324994533,3.984735166496007e-09,0.6577936960364196,0.5960884353741497,3.5169618754702165,1.5093703426225017e-10,2.656168721349589,0.6591281147614669,0.6931471805599453,True,0.6563344746801225,0.25598805865379914,0.25806451612903225,0.25806451612903225,0.11044546850998463,1,8,0.7931158767345468,0.41399528908253386,0.41935483870967744,0.41935483870967744,0.27173579109062984,1,13,0.2340962335555956,0.09604580429112246,0.0,0.0,-0.14761904761904762,1,0,0.4462065236979636,0.12671748850337924,0.03225806451612903,0.03225806451612903,-0.11536098310291859,1,1,0.9016889748759506,0.4315534943146333,0.47013548056131726,1.0,0.05695473875764097,0.2535961964385289,-0.19664145768088792,0.6451612903225806,0.7659037664444044
resp,n300,2,64,0.1,210,90,2352,0,2,31,0.14761904761904762,3.28125,0.6774986065587688,0.6855532532216351,0.6880979615301249,0.6714285714285714,0.6333333333333333,0.5735544217687075,0.3876785786404031,1.1230564090334025,8.295380492521739e-10,0.6803552432218039,0.5943877551020408,0.6409420204086299,2.919761135689495e-11,0.4339105588296477,0.7502087568742252,0.6931471805599453,True,0.526581366011894,0.18016351104262573,0.12903225806451613,0.12903225806451613,-0.018586789554531497,1,4,0.6866102000360426,0.28209408977357964,0.25806451612903225,0.25806451612903225,0.11044546850998463,1,8,0.22580645161290322,0.09581837605497838,0.0,0.0,-0.14761904761904762,1,0,0.6246170481167778,0.21197098216475935,0.16129032258064516,0.16129032258064516,0.013671274961597535,1,5,0.17238384126528364,0.07887923277447496,0.09350460849080867,1.0,0.03125881896092386,0.04358607138969927,-0.012327252428775408,0.8387096774193549,0.7741935483870968
resp,n300,2,64,1.0,210,90,2352,0,2,31,0.14761904761904762,3.28125,0.6914050454355394,0.6922687894733938,0.6925451747892165,0.6619047619047619,0.6333333333333333,0.5731292517006803,0.04164852820649888,1.0125378381208336,2.8048118555773868e-12,0.6915630652098039,0.5939625850340136,0.07139947225547684,4.079577318017659e-12,0.04752635571343479,0.7690345867384966,0.6931471805599453,True,0.5022526581366011,0.1720506872442787,0.0967741935483871,0.0967741935483871,-0.05084485407066053,1,3,0.6712921247071545,0.24397197094934744,0.1935483870967742,0.1935483870967742,0.045929339477726566,1,6,0.22508560100919084,0.09584728034866799,0.0,0.0,-0.14761904761904762,1,0,0.6660659578302397,0.23962942241045196,0.1935483870967742,0.1935483870967742,0.045929339477726566,1,6,0.01930147645499381,0.008774897053643073,0.010526579401350739,1.0,0.003830620010188271,0.004768775609775351,-0.00093815559958708,0.8387096774193549,0.7749143989908092
resp,n300,2,128,1e-06,210,90,2352,0,2,31,0.14761904761904762,1.640625,0.034462303238286994,5.319242216933793,6.414351998183368,1.0,0.6333333333333333,0.51828231292517,280.63770277538623,1459.984196464178,1.6568611598282527e-09,4.305046984040736,0.5722789115646258,172.69040427178547,7.359332425000166e-10,232.52848691217793,0.5623827010740873,0.6931471805599453,False,1.0,1.0,1.0,1.0,0.8523809523809524,1,31,1.0,1.0,1.0,1.0,0.8523809523809524,1,31,0.32366192106685887,0.10628656380962179,0.0,0.0,-0.14761904761904762,1,0,0.32636511083078035,0.1067931679472733,0.03225806451612903,0.03225806451612903,-0.11536098310291859,1,1,19.443092393371526,12.579741962396177,6.863350430975348,1.0,-10.66913794409673,14.722258213722482,-25.391396157819212,0.0,0.6763380789331411
resp,n300,2,128,1e-05,210,90,2352,0,2,31,0.14761904761904762,1.640625,0.13580705585341965,2.1365878208952176,2.5466291414124256,0.9666666666666667,0.6444444444444445,0.5191326530612245,108.44651052209056,350.6576047914988,1.060052838629784e-08,2.3849668019789565,0.5778061224489796,92.10893119232053,2.343764564155065e-09,90.7437414580663,0.6011814936388398,0.6931471805599453,False,1.0,1.0,1.0,1.0,0.8523809523809524,1,31,1.0,1.0,1.0,1.0,0.8523809523809524,1,31,0.30960533429446746,0.10398811272801518,0.0,0.0,-0.14761904761904762,1,0,0.31375022526581364,0.10462880132422235,0.03225806451612903,0.03225806451612903,-0.11536098310291859,1,1,11.033178665935237,7.105511098505022,3.9276675674302153,1.0,-4.357387462103329,6.168569645520944,-10.525957107624272,0.0,0.6903946657055325
resp,n300,2,128,0.0001,210,90,2352,0,2,31,0.14761904761904762,1.640625,0.26670369051190185,0.8963822452042106,1.0479635568740127,0.9238095238095239,0.6555555555555556,0.5310374149659864,34.74531337262635,43.03912020218042,2.8345944105962056e-09,1.1400098304533537,0.5812074829931972,36.5546847602772,3.3029007078352844e-09,29.815643811859093,0.6513282349424365,0.6931471805599453,False,0.9774734186339881,0.884845378464868,0.7419354838709677,0.7419354838709677,0.5943164362519201,1,23,0.9895476662461705,0.9411691740990241,0.8064516129032258,0.8064516129032258,0.6588325652841781,1,25,0.2825734366552532,0.10016705581221677,0.0,0.0,-0.14761904761904762,1,0,0.29104343124887366,0.10121788194566066,0.0,0.0,-0.14761904761904762,1,0,5.095312301940014,3.245851076049531,1.849461225890483,1.0,-1.8060066299375443,2.2474980053316624,-4.053504635269206,0.0,0.7174265633447467
resp,n300,2,128,0.001,210,90,2352,0,2,31,0.14761904761904762,1.640625,0.41135531414072524,0.6791652214548343,0.7309719488776946,0.8523809523809524,0.6222222222222222,0.5420918367346939,12.261034054028334,7.927960689907331,4.738899987667694e-09,0.7323358851011604,0.5871598639455783,12.611800599068436,1.5910990853252497e-09,10.64718914469695,0.6338457033067257,0.6931471805599453,False,0.9380068480807353,0.7357633152287301,0.6451612903225806,0.6451612903225806,0.497542242703533,1,20,0.9718868264552172,0.8877913215907252,0.7741935483870968,0.7741935483870968,0.6265745007680491,1,24,0.25355919985582986,0.09731870272471775,0.0,0.0,-0.14761904761904762,1,0,0.27752748242926656,0.0994334117964481,0.0,0.0,-0.14761904761904762,1,0,2.362152509494523,1.3824989299781714,0.9796535795163517,1.0,-0.6493941621390539,0.9477584717607775,-1.5971526338998314,0.0967741935483871,0.7464408001441701
resp,n300,2,128,0.01,210,90,2352,0,2,31,0.14761904761904762,1.640625,0.5884325345382039,0.6619577469789368,0.6768674980814735,0.7714285714285715,0.6,0.5629251700680272,2.9170739254613935,2.1689849502827334,5.99452165930442e-10,0.6577931497352929,0.5943877551020408,3.7156277512061027,6.294833392351703e-10,2.857562105271021,0.6527290761782911,0.6931471805599453,True,0.7653631284916201,0.4158288266455832,0.3548387096774194,0.3548387096774194,0.20721966205837175,1,11,0.850243287078753,0.5472199661325017,0.5161290322580645,0.5161290322580645,0.36850998463901685,1,16,0.22923049198053702,0.09566356646075494,0.0,0.0,-0.14761904761904762,1,0,0.3897999639574698,0.11573819289615614,0.0,0.0,-0.14761904761904762,1,0,0.925017685959296,0.46467884703568585,0.46033883892361016,1.0,-0.0027815505066566444,0.29348382584414745,-0.2962653763508041,0.5161290322580645,0.770769508019463
resp,n300,2,128,0.1,210,90,2352,0,2,31,0.14761904761904762,1.640625,0.6751693166302962,0.6855914290013859,0.6879744516576395,0.7142857142857143,0.6333333333333333,0.5705782312925171,0.4164930886069705,1.1352726044514345,9.945267764823605e-10,0.6803191335058593,0.5965136054421769,0.6544791248232678,5.870520569608094e-11,0.4491822248886103,0.7337953882122894,0.6931471805599453,True,0.6038925932600469,0.21919599827498662,0.16129032258064516,0.16129032258064516,0.013671274961597535,1,5,0.6961614705352316,0.30255790513991115,0.22580645161290322,0.22580645161290322,0.0781874039938556,1,7,0.22436475040547846,0.09565219554253637,0.0,0.0,-0.14761904761904762,1,0,0.6154262029194449,0.184633342076189,0.12903225806451613,0.12903225806451613,-0.018586789554531497,1,4,0.17506749336668673,0.08256989075306391,0.09249760261362282,1.0,0.024712817404665376,0.047946155635334844,-0.02323333823066947,0.8064516129032258,0.7756352495945216
resp,n300,2,128,1.0,210,90,2352,0,2,31,0.14761904761904762,1.640625,0.6911688294710046,0.6922709306513554,0.6925311689155972,0.7095238095238096,0.6555555555555556,0.5748299319727891,0.04439248264249445,1.0136460862211198,3.660785244206739e-12,0.6915592799578567,0.5939625850340136,0.07263889559237578,1.5969545020492522e-09,0.04895029694845498,0.7521768030188263,0.6931471805599453,True,0.5703730401874212,0.1808060226290039,0.12903225806451613,0.12903225806451613,-0.018586789554531497,1,4,0.6714723373580825,0.22744451928379775,0.22580645161290322,0.22580645161290322,0.0781874039938556,1,7,0.22472517570733466,0.09579062153380193,0.0,0.0,-0.14761904761904762,1,0,0.6646242566228149,0.22091651129580417,0.22580645161290322,0.22580645161290322,0.0781874039938556,1,7,0.019572010747507425,0.009147331873939107,0.010424678873568318,1.0,0.0031696001663695694,0.005208836484660734,-0.0020392363182911645,0.8064516129032258,0.7752748242926654
resp,n300,2,256,1e-06,210,90,2352,0,2,31,0.14761904761904762,0.8203125,0.0033535664499642513,2.3125967413686803,2.821076023129781,1.0,0.6111111111111112,0.5114795918367347,132.3535311653887,141.7947862598947,6.32313896086586e-10,2.494473135248767,0.5527210884353742,113.69098871996265,4.0864472633614226e-10,91.66666740015782,0.7323628873548286,0.6931471805599453,False,1.0,1.0,1.0,1.0,0.8523809523809524,1,31,1.0,1.0,1.0,1.0,0.8523809523809524,1,31,0.3301495765002703,0.10770808473934539,0.03225806451612903,0.03225806451612903,-0.11536098310291859,1,1,0.33267255361326364,0.10816409136322569,0.03225806451612903,0.03225806451612903,-0.11536098310291859,1,1,10.145756156134839,8.1267522318486,2.0190039242862383,1.0,-6.3468375482831805,6.833982195184702,-13.180819743467882,0.0,0.6698504234997297
resp,n300,2,256,1e-05,210,90,2352,0,2,31,0.14761904761904762,0.8203125,0.02161199775267631,1.5808186352116333,1.9070585136334943,1.0,0.6111111111111112,0.5110544217687075,85.14540185771986,88.35285588804346,2.0794412142172855e-09,1.7189526916543065,0.5573979591836735,73.64686368821397,7.639755010163498e-10,59.16797296927791,0.731398643850505,0.6931471805599453,False,1.0,1.0,1.0,1.0,0.8523809523809524,1,31,1.0,1.0,1.0,1.0,0.8523809523809524,1,31,0.31843575418994413,0.10538047101879265,0.0,0.0,-0.14761904761904762,1,0,0.3225806451612903,0.10598621050515533,0.03225806451612903,0.03225806451612903,-0.11536098310291859,1,1,7.056704439479257,5.533840410475742,1.5228640290035154,1.0,-4.22036335526334,4.602853587026152,-8.823216942289491,0.0,0.6815642458100559
resp,n300,2,256,0.0001,210,90,2352,0,2,31,0.14761904761904762,0.8203125,0.11141361116555352,0.9867222660283987,1.1537522319217812,1.0,0.6,0.5212585034013606,43.22661002189424,39.04586323891907,1.5189155588946127e-09,1.086673437433299,0.5773809523809523,38.190754667367806,1.1962394250235984e-09,30.629083363108183,0.7235432909154342,0.6931471805599453,False,1.0,1.0,1.0,1.0,0.8523809523809524,1,31,1.0,1.0,1.0,1.0,0.8523809523809524,1,31,0.29807172463506937,0.10197439710317191,0.0,0.0,-0.14761904761904762,1,0,0.30275725355919986,0.10250282341677588,0.0,0.0,-0.14761904761904762,1,0,4.355336043298865,3.2336525158456193,1.121683527453246,1.0,-2.2953832336077338,2.602998713493634,-4.898381947101368,0.0,0.7019282753649306
resp,n300,2,256,0.001,210,90,2352,0,2,31,0.14761904761904762,0.8203125,0.34667103808816824,0.6887406233613813,0.7494108172198402,0.9476190476190476,0.6111111111111112,0.5399659863945578,14.364509584499864,9.730900312266556,3.16805197083636e-09,0.7388067443792038,0.5816326530612245,13.86022581715317,2.731059589752491e-09,11.293236851307727,0.680346882437707,0.6931471805599453,False,0.9945936204721572,0.9768174744988521,0.9032258064516129,0.9032258064516129,0.7556067588325652,1,28,0.9985582987925753,0.9921096191535568,0.9354838709677419,0.9354838709677419,0.7878648233486942,1,29,0.25824472877996035,0.09775478836286965,0.0,0.0,-0.14761904761904762,1,0,0.27266174085420797,0.09891745325700904,0.0,0.0,-0.14761904761904762,1,0,2.337652198651506,1.4861076491725431,0.8515445494789631,1.0,-0.7802098072631596,1.0948112217214279,-1.8750210289845874,0.06451612903225806,0.7417552712200397
resp,n300,2,256,0.01,210,90,2352,0,2,31,0.14761904761904762,0.8203125,0.5792594557367723,0.6616316029600178,0.6773097090783439,0.8142857142857143,0.5777777777777777,0.5607993197278912,3.0681371067186203,2.270224399685982,1.00623263446607e-09,0.6580948740944387,0.594812925170068,3.8036958701259422,1.2130796998336898e-09,2.900258496651844,0.662798757053356,0.6931471805599453,True,0.8098756532708596,0.49038380265186465,0.4838709677419355,0.4838709677419355,0.33625192012288785,1,15,0.8803387997837449,0.6388790050062735,0.6129032258064516,0.6129032258064516,0.465284178187404,1,19,0.23067219318796178,0.09587149141249635,0.0,0.0,-0.14761904761904762,1,0,0.3604253018561903,0.1109461163265619,0.0,0.0,-0.14761904761904762,1,0,0.9257404198534074,0.4807106172471776,0.44502980260622976,1.0,-0.019154768380259406,0.31247849129315586,-0.3316332596734153,0.41935483870967744,0.7693278068120382
resp,n300,2,256,0.1,210,90,2352,0,2,31,0.14761904761904762,0.8203125,0.6742161054277281,0.6855286335262333,0.6879807167014538,0.7428571428571429,0.6,0.5705782312925171,0.4277673379020856,1.1407714286021906,1.0994256984279743e-09,0.6803339358504675,0.5969387755102041,0.6599908720575542,8.814751228245336e-11,0.4521166527576066,0.7334932968003389,0.6931471805599453,True,0.6336276806631825,0.23979143041056253,0.1935483870967742,0.1935483870967742,0.045929339477726566,1,6,0.7051721030816364,0.3148850207037337,0.25806451612903225,0.25806451612903225,0.11044546850998463,1,8,0.22580645161290322,0.09581577705250914,0.0,0.0,-0.14761904761904762,1,0,0.6121823752027392,0.18353659873020395,0.12903225806451613,0.12903225806451613,-0.018586789554531497,1,4,0.17519508643795498,0.08425329955112018,0.0909417868868348,1.0,0.023043362309264966,0.04989683330108594,-0.026853470991820977,0.8064516129032258,0.7741935483870968
resp,n300,2,256,1.0,210,90,2352,0,2,31,0.14761904761904762,0.8203125,0.6910731375839171,0.6922643747308479,0.6925313637803462,0.7380952380952381,0.6222222222222222,0.5744047619047619,0.04545734941892928,1.0141374873609323,5.4885054711720555e-12,0.6915606123058111,0.5973639455782312,0.0731388601900413,8.586982189695208e-12,0.04922120006691103,0.7508856237683559,0.6931471805599453,True,0.5992070643359164,0.21887102514763865,0.12903225806451613,0.12903225806451613,-0.018586789554531497,1,4,0.6745359524238601,0.23235408164596866,0.22580645161290322,0.22580645161290322,0.0781874039938556,1,7,0.22400432510362228,0.09573824708898697,0.0,0.0,-0.14761904761904762,1,0,0.6651648945755992,0.22235049872620885,0.22580645161290322,0.22580645161290322,0.0781874039938556,1,7,0.019584890688749895,0.009316165340116334,0.01026872534863356,1.0,0.0030022701303562306,0.0054044183370876245,-0.002402148206731394,0.8064516129032258,0.7759956748963777
resp,n300,2,384,1e-06,210,90,2352,0,2,31,0.14761904761904762,0.546875,0.0033535664499642513,2.312596741368681,2.8210760231297813,1.0,0.6111111111111112,0.5114795918367347,132.3535311653887,141.79478625989498,6.32313896086586e-10,2.494473135248768,0.5527210884353742,113.69098871996265,4.0864472633614226e-10,91.66666740015782,0.7323628873548286,0.6931471805599453,False,1.0,1.0,1.0,1.0,0.8523809523809524,1,31,1.0,1.0,1.0,1.0,0.8523809523809524,1,31,0.3301495765002703,0.10770808473934539,0.03225806451612903,0.03225806451612903,-0.11536098310291859,1,1,0.33267255361326364,0.10816409136322569,0.03225806451612903,0.03225806451612903,-0.11536098310291859,1,1,10.145756156134839,8.1267522318486,2.0190039242862383,1.0,-6.3468375482831805,6.833982195184702,-13.180819743467882,0.0,0.6698504234997297
resp,n300,2,384,1e-05,210,90,2352,0,2,31,0.14761904761904762,0.546875,0.02161199775267631,1.5808186352116342,1.907058513633495,1.0,0.6111111111111112,0.5110544217687075,85.14540185771986,88.35285588804346,2.0794412142172855e-09,1.718952691654307,0.5573979591836735,73.64686368821397,7.639755010163498e-10,59.16797296927791,0.731398643850505,0.6931471805599453,False,1.0,1.0,1.0,1.0,0.8523809523809524,1,31,1.0,1.0,1.0,1.0,0.8523809523809524,1,31,0.31843575418994413,0.10538047101879265,0.0,0.0,-0.14761904761904762,1,0,0.3225806451612903,0.10598621050515533,0.03225806451612903,0.03225806451612903,-0.11536098310291859,1,1,7.056704439479257,5.533840410475742,1.5228640290035154,1.0,-4.22036335526334,4.602853587026152,-8.823216942289491,0.0,0.6815642458100559
resp,n300,2,384,0.0001,210,90,2352,0,2,31,0.14761904761904762,0.546875,0.11141361116555352,0.9867222660283991,1.1537522319217812,1.0,0.6,0.5212585034013606,43.22661002189424,39.04586323891913,1.5189155588946127e-09,1.086673437433299,0.5773809523809523,38.190754667367806,1.1962394250235984e-09,30.629083363108183,0.7235432909154342,0.6931471805599453,False,1.0,1.0,1.0,1.0,0.8523809523809524,1,31,1.0,1.0,1.0,1.0,0.8523809523809524,1,31,0.29807172463506937,0.10197439710317191,0.0,0.0,-0.14761904761904762,1,0,0.30275725355919986,0.10250282341677588,0.0,0.0,-0.14761904761904762,1,0,4.355336043298865,3.2336525158456193,1.121683527453246,1.0,-2.2953832336077338,2.602998713493634,-4.898381947101368,0.0,0.7019282753649306
resp,n300,2,384,0.001,210,90,2352,0,2,31,0.14761904761904762,0.546875,0.34667103808816824,0.6887406233613815,0.7494108172198402,0.9476190476190476,0.6111111111111112,0.5399659863945578,14.364509584499864,9.730900312266566,3.16805197083636e-09,0.7388067443792038,0.5816326530612245,13.86022581715317,2.731059589752491e-09,11.293236851307727,0.680346882437707,0.6931471805599453,False,0.9945936204721572,0.9768174744988521,0.9032258064516129,0.9032258064516129,0.7556067588325652,1,28,0.9985582987925753,0.9921096191535568,0.9354838709677419,0.9354838709677419,0.7878648233486942,1,29,0.25824472877996035,0.09775478836286965,0.0,0.0,-0.14761904761904762,1,0,0.27266174085420797,0.09891745325700904,0.0,0.0,-0.14761904761904762,1,0,2.337652198651506,1.4861076491725431,0.8515445494789631,1.0,-0.7802098072631596,1.0948112217214279,-1.8750210289845874,0.06451612903225806,0.7417552712200397
resp,n300,2,384,0.01,210,90,2352,0,2,31,0.14761904761904762,0.546875,0.5792594557367723,0.6616316029600179,0.6773097090783439,0.8142857142857143,0.5777777777777777,0.5607993197278912,3.0681371067186203,2.2702243996859828,1.00623263446607e-09,0.6580948740944387,0.594812925170068,3.8036958701259422,1.2130796998336898e-09,2.900258496651844,0.662798757053356,0.6931471805599453,True,0.8098756532708596,0.49038380265186465,0.4838709677419355,0.4838709677419355,0.33625192012288785,1,15,0.8803387997837449,0.6388790050062735,0.6129032258064516,0.6129032258064516,0.465284178187404,1,19,0.23067219318796178,0.09587149141249635,0.0,0.0,-0.14761904761904762,1,0,0.3604253018561903,0.1109461163265619,0.0,0.0,-0.14761904761904762,1,0,0.9257404198534074,0.4807106172471776,0.44502980260622976,1.0,-0.019154768380259406,0.31247849129315586,-0.3316332596734153,0.41935483870967744,0.7693278068120382
resp,n300,2,384,0.1,210,90,2352,0,2,31,0.14761904761904762,0.546875,0.6742161054277281,0.6855286335262333,0.6879807167014538,0.7428571428571429,0.6,0.5705782312925171,0.4277673379020856,1.1407714286021922,1.0994256984279743e-09,0.6803339358504675,0.5969387755102041,0.6599908720575542,8.814751228245336e-11,0.4521166527576066,0.7334932968003389,0.6931471805599453,True,0.6336276806631825,0.23979143041056253,0.1935483870967742,0.1935483870967742,0.045929339477726566,1,6,0.7051721030816364,0.3148850207037337,0.25806451612903225,0.25806451612903225,0.11044546850998463,1,8,0.22580645161290322,0.09581577705250914,0.0,0.0,-0.14761904761904762,1,0,0.6121823752027392,0.18353659873020395,0.12903225806451613,0.12903225806451613,-0.018586789554531497,1,4,0.17519508643795498,0.08425329955112018,0.0909417868868348,1.0,0.023043362309264966,0.04989683330108594,-0.026853470991820977,0.8064516129032258,0.7741935483870968
resp,n300,2,384,1.0,210,90,2352,0,2,31,0.14761904761904762,0.546875,0.6910731375839171,0.6922643747308479,0.6925313637803462,0.7380952380952381,0.6222222222222222,0.5744047619047619,0.04545734941892928,1.014137487360934,5.4885054711720555e-12,0.6915606123058111,0.5973639455782312,0.0731388601900413,8.586982189695208e-12,0.04922120006691103,0.7508856237683559,0.6931471805599453,True,0.5992070643359164,0.21887102514763865,0.12903225806451613,0.12903225806451613,-0.018586789554531497,1,4,0.6745359524238601,0.23235408164596866,0.22580645161290322,0.22580645161290322,0.0781874039938556,1,7,0.22400432510362228,0.09573824708898697,0.0,0.0,-0.14761904761904762,1,0,0.6651648945755992,0.22235049872620885,0.22580645161290322,0.22580645161290322,0.0781874039938556,1,7,0.019584890688749895,0.009316165340116334,0.01026872534863356,1.0,0.0030022701303562306,0.0054044183370876245,-0.002402148206731394,0.8064516129032258,0.7759956748963777
resp,n300,3,32,1e-06,210,90,2352,0,2,31,0.14761904761904762,6.5625,0.5227996572048199,0.8294384556984975,0.7329218766873353,0.7285714285714285,0.5222222222222223,0.5782312925170068,11.90527421122626,6.166688164805005,7.868380239175966e-10,1.0178095132659997,0.5914115646258503,21.943014769486748,6.025998742492092e-10,16.327497416952966,0.6826051621178143,0.6931471805599453,False,0.7444584609839611,0.37535375094385304,0.3225806451612903,0.3225806451612903,0.1749615975422427,1,10,0.8178050099116958,0.5156450384999323,0.45161290322580644,0.45161290322580644,0.30399385560675884,1,14,0.3341142548206884,0.10692138785108982,0.0,0.0,-0.14761904761904762,1,0,0.3708776356100198,0.11263658767435585,0.03225806451612903,0.03225806451612903,-0.11536098310291859,1,1,3.7367863953753995,2.5702483354404584,1.166538059934941,1.0,-0.16277116935162678,1.0231910051676683,-1.185962174519295,0.45161290322580644,0.6658857451793116
resp,n300,3,32,1e-05,210,90,2352,0,2,31,0.14761904761904762,6.5625,0.5228054051216746,0.827526435048103,0.7316588751880543,0.7285714285714285,0.5222222222222223,0.5782312925170068,11.816757970196484,6.08613637723506,2.5103426670186644e-09,1.003551229091153,0.5909863945578231,21.43049776497135,2.530102618019449e-09,15.916672010139319,0.6822834324722935,0.6931471805599453,False,0.7433771850783925,0.374493214691475,0.3225806451612903,0.3225806451612903,0.1749615975422427,1,10,0.8178050099116958,0.5163334521581243,0.45161290322580644,0.45161290322580644,0.30399385560675884,1,14,0.3344746801225446,0.10698544315259144,0.0,0.0,-0.14761904761904762,1,0,0.3710578482609479,0.1126955907904718,0.06451612903225806,0.06451612903225806,-0.08310291858678956,1,2,3.6624823551066013,2.5139802259009514,1.1485021292056499,1.0,-0.1596552739862238,1.0165498170042766,-1.1762050909905004,0.45161290322580644,0.6655253198774553
resp,n300,3,32,0.0001,210,90,2352,0,2,31,0.14761904761904762,6.5625,0.523273548453784,0.8110886837385791,0.7209516214438536,0.7285714285714285,0.5333333333333333,0.5799319727891157,11.040213626531095,5.43027386806761,1.4994631887999351e-09,0.9109690485189436,0.5922619047619048,18.00705953590279,4.968591564719739e-10,13.266562603838482,0.6794175112712656,0.6931471805599453,False,0.7404937826635429,0.3714538454774773,0.3225806451612903,0.3225806451612903,0.1749615975422427,1,10,0.8154622454496305,0.5027397790344956,0.45161290322580644,0.45161290322580644,0.30399385560675884,1,14,0.32852766264191746,0.10623338247085792,0.0,0.0,-0.14761904761904762,1,0,0.37664444043971884,0.11383237278450267,0.06451612903225806,0.06451612903225806,-0.08310291858678956,1,2,3.160456879975286,2.134649874181189,1.0258070057940971,1.0,-0.1321004188430829,0.9581196493950195,-1.0902200682381025,0.45161290322580644,0.6714723373580825
resp,n300,3,32,0.001,210,90,2352,0,2,31,0.14761904761904762,6.5625,0.5377440325856162,0.7437785155976321,0.6811246872991891,0.719047619047619,0.5222222222222223,0.5837585034013606,7.408544957258635,3.249276773153113,2.7583794923619033e-10,0.7236990099215742,0.5982142857142857,9.93388250179042,3.135853889836984e-10,7.32379600634395,0.6789166164648512,0.6931471805599453,True,0.7107586952604072,0.34847860950042914,0.25806451612903225,0.25806451612903225,0.11044546850998463,1,8,0.8082537394125068,0.4829726399380218,0.45161290322580644,0.45161290322580644,0.30399385560675884,1,14,0.31663362768066317,0.10504950450176893,0.0,0.0,-0.14761904761904762,1,0,0.4089025049558479,0.12066735237913441,0.06451612903225806,0.06451612903225806,-0.08310291858678956,1,2,1.8875588221499329,1.2051621618667423,0.6823966602831906,1.0,0.002187019286716736,0.6801378794795333,-0.6779508601928166,0.4838709677419355,0.6833663723193368
resp,n300,3,32,0.01,210,90,2352,0,2,31,0.14761904761904762,6.5625,0.6107580445524442,0.6893667405938554,0.6658417006142711,0.6857142857142857,0.4888888888888889,0.594812925170068,2.4898666755251484,1.5917889229506528,4.414774105371472e-10,0.6538267592472831,0.6024659863945578,3.445475127219448,1.7934841144900538e-09,2.2331775352917123,0.7625596307028014,0.6931471805599453,True,0.6044332312128311,0.21538429922759691,0.16129032258064516,0.16129032258064516,0.013671274961597535,1,5,0.7606775995674896,0.40789674999159425,0.41935483870967744,0.41935483870967744,0.27173579109062984,1,13,0.3056406559740494,0.10396378224437328,0.0,0.0,-0.14761904761904762,1,0,0.5721751666967021,0.17394479714682756,0.1935483870967742,0.1935483870967742,0.045929339477726566,1,6,0.7037401170434054,0.4206367911731453,0.28310332587026016,1.0,0.1239040851218082,0.26547626626980864,-0.14157218114800044,0.7741935483870968,0.6943593440259506
resp,n300,3,32,0.1,210,90,2352,0,2,31,0.14761904761904762,6.5625,0.6770605606833647,0.6902054214905363,0.6861203177740074,0.680952380952381,0.4777777777777778,0.5999149659863946,0.39296334602782035,1.0832721302985315,2.577285002880554e-11,0.6803070946982672,0.6028911564625851,0.6059389839079138,4.0389295369520964e-12,0.3537180391301255,0.8325202167147293,0.6931471805599453,True,0.5264011533609659,0.15897559821858112,0.0967741935483871,0.0967741935483871,-0.05084485407066053,1,3,0.6941791313750225,0.29645877783177593,0.3225806451612903,0.3225806451612903,0.1749615975422427,1,10,0.29320598306001083,0.10266743504207139,0.0,0.0,-0.14761904761904762,1,0,0.6747161650747883,0.2418069691597223,0.2903225806451613,0.2903225806451613,0.1427035330261137,1,9,0.12791249658034623,0.0736021596806188,0.05431033689972743,1.0,0.03513948292750096,0.045345918119619896,-0.010206435192118939,0.8709677419354839,0.7067940169399891
resp,n300,3,32,1.0,210,90,2352,0,2,31,0.14761904761904762,6.5625,0.6913552753555694,0.692781662693951,0.6923349521174641,0.6904761904761905,0.4888888888888889,0.5977891156462585,0.04224038940695258,1.0085917205556234,4.372143558215085e-13,0.6916014519244926,0.6020408163265306,0.06660669236930138,9.203018813296366e-13,0.03836153492653614,0.8439856151112227,0.6931471805599453,True,0.5137862677959992,0.15221449284158708,0.0967741935483871,0.0967741935483871,-0.05084485407066053,1,3,0.6815642458100558,0.2456120073286786,0.25806451612903225,0.25806451612903225,0.11044546850998463,1,8,0.289781942692377,0.10226622938833028,0.0,0.0,-0.14761904761904762,1,0,0.6792214813479907,0.24101949033601439,0.25806451612903225,0.25806451612903225,0.11044546850998463,1,8,0.014133272731465389,0.00807897152853544,0.006054301202929949,1.0,0.004067560125660982,0.004926869242552958,-0.0008593091168919761,0.8709677419354839,0.710218057307623
resp,n300,3,64,1e-06,210,90,2352,0,2,31,0.14761904761904762,3.28125,0.4070972456148268,1.2029500239567552,0.9736489698900227,0.8,0.5333333333333333,0.5561224489795918,29.21569990681863,38.44680831373528,1.8901449198392456e-09,2.51741177927911,0.594812925170068,82.78003588540939,2.81571288493206e-09,72.6737253365969,0.5012703081377229,0.6931471805599453,False,0.8805190124346729,0.6727286022187724,0.5483870967741935,0.5483870967741935,0.40076804915514586,1,17,0.9041268697062533,0.7729666262911785,0.6451612903225806,0.6451612903225806,0.497542242703533,1,20,0.35591998558298793,0.11061025208066103,0.03225806451612903,0.03225806451612903,-0.11536098310291859,1,1,0.3688952964498108,0.11333838561868964,0.03225806451612903,0.03225806451612903,-0.11536098310291859,1,1,10.693170977303971,7.833276160574412,2.8598948167295593,1.0,-1.5939091114648112,2.1528550613688995,-3.7467641728337107,0.22580645161290322,0.644080014417012
resp,n300,3,64,1e-05,210,90,2352,0,2,31,0.14761904761904762,3.28125,0.40730841555735653,1.1695417522473823,0.9482301861656542,0.8,0.5333333333333333,0.5590986394557823,27.820478626276973,33.22594423667388,2.393136902716068e-09,1.7850716537170204,0.592687074829932,55.588613932531416,2.392817346254875e-09,47.83599153711482,0.5094694674635908,0.6931471805599453,False,0.8790773112272482,0.6724993179139888,0.5483870967741935,0.5483870967741935,0.40076804915514586,1,17,0.9035862317534691,0.7710108376994724,0.6774193548387096,0.6774193548387096,0.529800307219662,1,21,0.3526761578662822,0.10976052483361366,0.03225806451612903,0.03225806451612903,-0.11536098310291859,1,1,0.3638493422238241,0.11197126802430406,0.03225806451612903,0.03225806451612903,-0.11536098310291859,1,1,7.495684976860569,5.44796329740243,2.0477216794581388,1.0,-1.523212870291395,2.061655244981114,-3.584868115272509,0.22580645161290322,0.6473238421337177
resp,n300,3,64,0.0001,210,90,2352,0,2,31,0.14761904761904762,3.28125,0.4148696377041607,1.0128795337137184,0.831307526422975,0.7904761904761904,0.5222222222222223,0.5625,20.87405113886428,16.120469322907933,1.524805535906593e-09,1.0752635306646503,0.6007653061224489,27.414867704517025,2.073349161708378e-09,23.772247250485226,0.5436182409244626,0.6931471805599453,False,0.8709677419354839,0.6665849799436262,0.5483870967741935,0.5483870967741935,0.40076804915514586,1,17,0.8981798522256262,0.7693969507676749,0.6774193548387096,0.6774193548387096,0.529800307219662,1,21,0.338979996395747,0.10791690452974866,0.0,0.0,-0.14761904761904762,1,0,0.3622274283654713,0.1117914117760782,0.06451612903225806,0.06451612903225806,-0.08310291858678956,1,2,4.207405567621481,2.9427940747315735,1.2646114928899075,1.0,-1.1363653897993033,1.6062068554140665,-2.7425722452133696,0.22580645161290322,0.6610200036042531
resp,n300,3,64,0.001,210,90,2352,0,2,31,0.14761904761904762,3.28125,0.4712026074066477,0.8008768380580592,0.6947361022773662,0.8,0.45555555555555555,0.5697278911564626,9.898449537720385,4.737592875159821,3.5061587008353683e-09,0.7316775780871698,0.6045918367346939,11.265035795609569,9.531720468415378e-10,9.572786091218209,0.5974639800216572,0.6931471805599453,False,0.8273562804108848,0.601866362551565,0.5161290322580645,0.5161290322580645,0.36850998463901685,1,16,0.8740313570012614,0.7120743734234615,0.6451612903225806,0.6451612903225806,0.497542242703533,1,20,0.31465128852045415,0.10446789642039496,0.0,0.0,-0.14761904761904762,1,0,0.38114975671292123,0.116873172942094,0.0967741935483871,0.0967741935483871,-0.05084485407066053,1,3,2.0725169266581216,1.3307371528828864,0.7417797737752352,1.0,-0.40249128435111625,0.8615882251803149,-1.264079509531431,0.25806451612903225,0.6853487114795458
resp,n300,3,64,0.01,210,90,2352,0,2,31,0.14761904761904762,3.28125,0.592833571224671,0.6999880030260497,0.6661929953319189,0.719047619047619,0.5,0.5888605442176871,2.7981386904263945,1.7667096915734295,3.3724627946766914e-09,0.6533087292339337,0.60671768707483,3.5857611214730043,9.069294952049542e-10,2.5379635132121945,0.709925016775399,0.6931471805599453,True,0.7096774193548387,0.3659725339327714,0.3225806451612903,0.3225806451612903,0.1749615975422427,1,10,0.8194269237700487,0.5416006093969634,0.4838709677419355,0.4838709677419355,0.33625192012288785,1,15,0.2937466210127951,0.10208490976884288,0.0,0.0,-0.14761904761904762,1,0,0.5402775274824293,0.15728837590583722,0.0967741935483871,0.0967741935483871,-0.05084485407066053,1,3,0.7394102146379933,0.4428312422555183,0.296578972382475,1.0,0.039611920263459034,0.29699435824525117,-0.2573824379817921,0.5483870967741935,0.706253378987205
resp,n300,3,64,0.1,210,90,2352,0,2,31,0.14761904761904762,3.28125,0.6747672683566422,0.6914582168527671,0.6861197208967292,0.6904761904761905,0.4777777777777778,0.5956632653061225,0.42083732526944534,1.0977512610830844,1.691921500390127e-10,0.680130653831714,0.6037414965986394,0.6179983416199394,5.69298378371377e-10,0.3821667804320596,0.7939474139406504,0.6931471805599453,True,0.606055145071184,0.23088752890708147,0.1935483870967742,0.1935483870967742,0.045929339477726566,1,6,0.7186880519012435,0.3780164281043116,0.3870967741935484,0.3870967741935484,0.23947772657450075,1,12,0.28365471256082175,0.10144575982006807,0.0,0.0,-0.14761904761904762,1,0,0.676157866282213,0.2627897244400069,0.25806451612903225,0.25806451612903225,0.11044546850998463,1,8,0.132423414172816,0.07636025651996184,0.05606315765285416,1.0,0.02514612154691161,0.04905461764446763,-0.023908496097556017,0.7419354838709677,0.7163452874391782
resp,n300,3,64,1.0,210,90,2352,0,2,31,0.14761904761904762,3.28125,0.6911191365292609,0.6929098788411877,0.6923346601224357,0.680952380952381,0.4777777777777778,0.5960884353741497,0.0449458520207291,1.0099602946227375,6.85723651544129e-13,0.6915812916182333,0.6020408163265306,0.06774930116616594,1.6787492006673813e-12,0.041104884543773604,0.8079482741550429,0.6931471805599453,True,0.5874932420255902,0.211614226430508,0.1935483870967742,0.1935483870967742,0.045929339477726566,1,6,0.6938187060731663,0.2853495799088202,0.25806451612903225,0.25806451612903225,0.11044546850998463,1,8,0.2823932240043251,0.1013382020379237,0.0,0.0,-0.14761904761904762,1,0,0.6894936024508921,0.27597861061917084,0.25806451612903225,0.25806451612903225,0.11044546850998463,1,8,0.014593726159626065,0.008360204920934157,0.006233521238691909,1.0,0.003047872441008416,0.005304953419136117,-0.0022570809781277006,0.8064516129032258,0.7176067759956749
resp,n300,3,128,1e-06,210,90,2352,0,2,31,0.14761904761904762,1.640625,0.015521604353059892,7.5509194262147386,5.25246311905208,1.0,0.35555555555555557,0.5582482993197279,221.3769965914989,580.7732332917082,3.200203798391937e-09,5.063265597917701,0.5799319727891157,176.85207196047728,8.253616127600551e-10,185.0333948011804,0.5880704922291503,0.6931471805599453,False,1.0,1.0,1.0,1.0,0.8523809523809524,1,31,1.0,1.0,1.0,1.0,0.8523809523809524,1,31,0.4236799423319517,0.12334299657715826,0.03225806451612903,0.03225806451612903,-0.11536098310291859,1,1,0.42566228149216073,0.12376015721152418,0.03225806451612903,0.03225806451612903,-0.11536098310291859,1,1,16.97415635730343,15.508184994648055,1.4659713626553739,1.0,-11.882777108395391,12.766665671350038,-24.649442779745428,0.0,0.5763200576680483
resp,n300,3,128,1e-05,210,90,2352,0,2,31,0.14761904761904762,1.640625,0.07810003852871254,3.5615485159516798,2.541772570955234,0.9952380952380953,0.36666666666666664,0.5544217687074829,105.222630745368,201.55211225796603,7.425807326783345e-09,2.7062889692600387,0.5901360544217688,91.9357236145534,1.927321908996374e-09,87.96225100833028,0.6092084162652663,0.6931471805599453,False,1.0,1.0,1.0,1.0,0.8523809523809524,1,31,1.0,1.0,1.0,1.0,0.8523809523809524,1,31,0.4179131375022527,0.1220557614726489,0.03225806451612903,0.03225806451612903,-0.11536098310291859,1,1,0.42548206884123263,0.12357105686156628,0.03225806451612903,0.03225806451612903,-0.11536098310291859,1,1,9.392866077415388,8.459265745117827,0.9336003322975603,1.0,-5.828139384069986,6.483441689979591,-12.311581074049577,0.0,0.5820868624977473
resp,n300,3,128,0.0001,210,90,2352,0,2,31,0.14761904761904762,1.640625,0.2060929471285733,1.405838152791639,1.0752763289696092,0.9619047619047619,0.4666666666666667,0.5586734693877551,36.87811375264919,34.18675533874335,2.98863238149631e-09,1.2090317599669251,0.5986394557823129,34.99941060667064,2.8635849998493465e-09,30.167859612135135,0.6488100925914143,0.6931471805599453,False,0.9908091548026672,0.929786795513975,0.9032258064516129,0.9032258064516129,0.7556067588325652,1,28,0.99621553433051,0.9789241660921663,0.9354838709677419,0.9354838709677419,0.7878648233486942,1,29,0.390160389259326,0.11655438252294059,0.03225806451612903,0.03225806451612903,-0.11536098310291859,1,1,0.40349612542800506,0.11940560465431022,0.03225806451612903,0.03225806451612903,-0.11536098310291859,1,1,4.28711000882672,3.62417704493003,0.6629329638966901,1.0,-2.2465641279022246,2.6831115422422664,-4.929675670144491,0.0,0.609839610740674
resp,n300,3,128,0.001,210,90,2352,0,2,31,0.14761904761904762,1.640625,0.37123230286868414,0.8444964366948801,0.721178529785552,0.9095238095238095,0.4777777777777778,0.5625,13.05394096051004,6.627636326777782,3.929680299502704e-09,0.7473946386777456,0.6003401360544217,12.94359992342498,6.614333728527598e-10,10.764296409995527,0.6571541163800391,0.6931471805599453,False,0.9621553433051,0.8194357247575177,0.7741935483870968,0.7741935483870968,0.6265745007680491,1,24,0.9722472517570734,0.9275619440553061,0.8709677419354839,0.8709677419354839,0.7233486943164362,1,27,0.32906830059470177,0.10680646476960552,0.03225806451612903,0.03225806451612903,-0.11536098310291859,1,1,0.3717786988646603,0.11435645145485088,0.03225806451612903,0.03225806451612903,-0.11536098310291859,1,1,2.0512111122318353,1.5055506651920145,0.5456604470398208,1.0,-0.7172494665361839,1.1186067787493916,-1.8358562452855756,0.12903225806451613,0.6709316994052983
resp,n300,3,128,0.01,210,90,2352,0,2,31,0.14761904761904762,1.640625,0.5713235512606287,0.7018031577412227,0.6671723603448091,0.8095238095238095,0.5,0.5854591836734694,3.1415893723814627,1.9312360719395512,1.088656832579355e-08,0.6540761634502248,0.6041666666666666,3.7714877060509315,7.264225583377721e-10,2.6978236354272735,0.7096045752242898,0.6931471805599453,True,0.8077131014597225,0.4770088912927371,0.45161290322580644,0.45161290322580644,0.30399385560675884,1,14,0.8752928455577581,0.6660254569411249,0.6129032258064516,0.6129032258064516,0.465284178187404,1,19,0.2989727878897099,0.10291101510943847,0.0,0.0,-0.14761904761904762,1,0,0.4908992611281312,0.13944916499432536,0.06451612903225806,0.06451612903225806,-0.08310291858678956,1,2,0.7472970534088693,0.47737736350641874,0.2699196899024506,1.0,-0.01596594737062895,0.3402848978627989,-0.35625084523342787,0.45161290322580644,0.7010272121102901
resp,n300,3,128,0.1,210,90,2352,0,2,31,0.14761904761904762,1.640625,0.6723025800313683,0.6914768133705312,0.6861296556461977,0.7380952380952381,0.4888888888888889,0.5871598639455783,0.449025597150752,1.1093854575976592,3.650908299711345e-10,0.6800968629625905,0.6020408163265306,0.6318606536829119,2.3813866340783155e-10,0.3957618008510048,0.7828879755185545,0.6931471805599453,True,0.6797621193007749,0.2929228475399493,0.1935483870967742,0.1935483870967742,0.045929339477726566,1,6,0.7257163452874392,0.4017715976146879,0.3870967741935484,0.3870967741935484,0.23947772657450075,1,12,0.28473598846639037,0.10165691436806838,0.0,0.0,-0.14761904761904762,1,0,0.662822130113534,0.23650787140953325,0.25806451612903225,0.25806451612903225,0.11044546850998463,1,8,0.13358124813934058,0.08026867714599037,0.05331257099335021,1.0,0.019070672080454515,0.05381520255784625,-0.03474453047739173,0.7419354838709677,0.7152640115336096
resp,n300,3,128,1.0,210,90,2352,0,2,31,0.14761904761904762,1.640625,0.6908692255721692,0.6929090342511547,0.6923344143819452,0.7333333333333333,0.4888888888888889,0.5880102040816326,0.04764358986079663,1.0110376517955306,1.5855119352314343e-09,0.6915759943957935,0.6033163265306123,0.06904064207411344,2.4210398481096345e-12,0.04239365685411179,0.7964049543141134,0.6931471805599453,True,0.6523697963597045,0.2602084442517301,0.1935483870967742,0.1935483870967742,0.045929339477726566,1,6,0.6844476482249053,0.2507028201164939,0.2903225806451613,0.2903225806451613,0.1427035330261137,1,9,0.2829338619571094,0.10141491247929144,0.0,0.0,-0.14761904761904762,1,0,0.6808433952063435,0.2449929766430076,0.2903225806451613,0.2903225806451613,0.1427035330261137,1,9,0.01471057025083433,0.008754869023401501,0.0059557012274328285,1.0,0.0024350654704388304,0.005785510562617554,-0.0033504450921787235,0.7741935483870968,0.7170661380428907
resp,n300,3,256,1e-06,210,90,2352,0,2,31,0.14761904761904762,0.8203125,0.002836998428251961,3.3990632540262147,2.5805271263459204,1.0,0.4666666666666667,0.5590986394557823,123.48509867392795,107.79087305185779,1.26758908730547e-09,2.5902994479082713,0.5909863945578231,109.27037002392021,4.453765148338926e-10,87.63170275370592,0.7229262804775248,0.6931471805599453,False,1.0,1.0,1.0,1.0,0.8523809523809524,1,31,1.0,1.0,1.0,1.0,0.8523809523809524,1,31,0.4020544242205803,0.11905735811596321,0.03225806451612903,0.03225806451612903,-0.11536098310291859,1,1,0.40547846458821407,0.11954642283037083,0.03225806451612903,0.03225806451612903,-0.11536098310291859,1,1,9.343635787029646,8.7067773373518,0.6368584496778453,1.0,-6.476085402246868,7.364608277124169,-13.840693679371038,0.0,0.5979455757794196
resp,n300,3,256,1e-05,210,90,2352,0,2,31,0.14761904761904762,0.8203125,0.018488982068020923,2.3099737536096288,1.7769481173278008,1.0,0.4666666666666667,0.5599489795918368,80.44853368927247,67.44963661210109,8.263655736398731e-10,1.8085885109677577,0.5897108843537415,71.55921908736015,7.831554185589634e-10,57.30917578745232,0.7216072603860378,0.6931471805599453,False,1.0,1.0,1.0,1.0,0.8523809523809524,1,31,1.0,1.0,1.0,1.0,0.8523809523809524,1,31,0.390160389259326,0.11653713984991361,0.03225806451612903,0.03225806451612903,-0.11536098310291859,1,1,0.39610740673995315,0.1179569519020214,0.03225806451612903,0.03225806451612903,-0.11536098310291859,1,1,6.546595577004178,5.973312199102273,0.5732833779019044,1.0,-4.348198933095022,4.995090600546722,-9.343289533641745,0.0,0.609839610740674
resp,n300,3,256,0.0001,210,90,2352,0,2,31,0.14761904761904762,0.8203125,0.09784800362386434,1.3947855132906473,1.1050354345296516,1.0,0.4666666666666667,0.5586734693877551,41.897610022495236,30.45774169657089,2.207462986128226e-09,1.151321161926368,0.5960884353741497,37.83336577299399,2.3804032175524036e-09,30.487022846710595,0.71202934140468,0.6931471805599453,False,1.0,1.0,1.0,1.0,0.8523809523809524,1,31,1.0,1.0,1.0,1.0,0.8523809523809524,1,31,0.367453595242386,0.11255937137281641,0.03225806451612903,0.03225806451612903,-0.11536098310291859,1,1,0.3780861416471436,0.11490073750701267,0.03225806451612903,0.03225806451612903,-0.11536098310291859,1,1,4.0375855081070515,3.5043998033712893,0.5331857047357622,1.0,-2.398144535009767,2.855572722545051,-5.253717257554818,0.0,0.6325464047576139
resp,n300,3,256,0.001,210,90,2352,0,2,31,0.14761904761904762,0.8203125,0.31970090707327903,0.8589723462705082,0.7297032012279644,0.9761904761904762,0.43333333333333335,0.5676020408163265,14.594387188267275,7.858241906102206,3.5820725380466225e-09,0.7529763188421634,0.6016156462585034,14.084056339990541,2.7485441541101353e-09,11.429840689258207,0.6828460703042832,0.6931471805599453,False,0.9918904307082357,0.9456916194905447,0.9032258064516129,0.9032258064516129,0.7556067588325652,1,28,0.9980176608397909,0.9899604304726435,0.9354838709677419,0.9354838709677419,0.7878648233486942,1,29,0.327626599387277,0.10640861069999052,0.03225806451612903,0.03225806451612903,-0.11536098310291859,1,1,0.35916381329969366,0.11202857975169934,0.03225806451612903,0.03225806451612903,-0.11536098310291859,1,1,2.0735282318883343,1.5865544819899902,0.4869737498983442,1.0,-0.8218156845520805,1.2306953992639178,-2.0525110838159986,0.03225806451612903,0.672373400612723
resp,n300,3,256,0.01,210,90,2352,0,2,31,0.14761904761904762,0.8203125,0.5631781039195143,0.7033046623348527,0.6665338043965362,0.8476190476190476,0.4888888888888889,0.5858843537414966,3.2661929329517334,2.0273886485854984,3.9727676536168065e-10,0.6542347386566316,0.6037414965986394,3.858565257502005,1.3126963311969275e-09,2.757942286594615,0.7121540454663192,0.6931471805599453,True,0.8513245629843215,0.5830806814659882,0.4838709677419355,0.4838709677419355,0.33625192012288785,1,15,0.89781942692377,0.720480903779277,0.6774193548387096,0.6774193548387096,0.529800307219662,1,21,0.29789151198414127,0.10279470678745783,0.0,0.0,-0.14761904761904762,1,0,0.4645882140926293,0.13237274386406223,0.06451612903225806,0.06451612903225806,-0.08310291858678956,1,2,0.7548282033822061,0.4924001543545589,0.2624280490276472,1.0,-0.03167404445105668,0.35697777507836187,-0.3886518195294185,0.41935483870967744,0.7021084880158588
resp,n300,3,256,0.1,210,90,2352,0,2,31,0.14761904761904762,0.8203125,0.6714458902236329,0.691631231540545,0.6860089958228888,0.7571428571428571,0.4888888888888889,0.5922619047619048,0.4584506251392043,1.1151549821062217,4.3117723984435874e-10,0.6800665858054502,0.6050170068027211,0.637741659604899,3.107778591493681e-11,0.4003718360853564,0.7808410751239769,0.6931471805599453,True,0.7051721030816364,0.31454047518853556,0.25806451612903225,0.25806451612903225,0.11044546850998463,1,8,0.7307622995134259,0.42287757029810763,0.41935483870967744,0.41935483870967744,0.27173579109062984,1,13,0.28365471256082175,0.10147841764968336,0.0,0.0,-0.14761904761904762,1,0,0.6621012795098216,0.2363173586947017,0.25806451612903225,0.25806451612903225,0.11044546850998463,1,8,0.13446008509547155,0.08187454924201332,0.05258553585345824,1.0,0.017455495879208135,0.055548820354161255,-0.038093324474953116,0.6774193548387096,0.7163452874391782
resp,n300,3,256,1.0,210,90,2352,0,2,31,0.14761904761904762,0.8203125,0.6907831822450962,0.6929247605769082,0.6923215192862615,0.7523809523809524,0.4777777777777778,0.5892857142857143,0.048538038428574334,1.0115639793801914,1.3939936096762078e-12,0.6915721727272705,0.6054421768707483,0.06958273141683109,2.7573099789687226e-12,0.042826796833901594,0.7940351162659098,0.6931471805599453,True,0.6795819066498469,0.29219737450054944,0.1935483870967742,0.1935483870967742,0.045929339477726566,1,6,0.6869706253378988,0.247983153347476,0.2903225806451613,0.2903225806451613,0.1427035330261137,1,9,0.2829338619571094,0.10142542681037946,0.0,0.0,-0.14761904761904762,1,0,0.6815642458100558,0.24046249778544426,0.2903225806451613,0.2903225806451613,0.1427035330261137,1,9,0.014798756610769062,0.008915973872655343,0.005882782738113719,1.0,0.0022731301212985883,0.005959387656622744,-0.0036862575353241557,0.7419354838709677,0.7170661380428907
resp,n300,3,384,1e-06,210,90,2352,0,2,31,0.14761904761904762,0.546875,0.002836998428251961,3.3990632540262165,2.5805271263459217,1.0,0.4666666666666667,0.5590986394557823,123.48509867392795,107.79087305185783,1.26758908730547e-09,2.5902994479082717,0.5909863945578231,109.27037002392021,4.453765148338926e-10,87.63170275370592,0.7229262804775248,0.6931471805599453,False,1.0,1.0,1.0,1.0,0.8523809523809524,1,31,1.0,1.0,1.0,1.0,0.8523809523809524,1,31,0.4020544242205803,0.11905735811596321,0.03225806451612903,0.03225806451612903,-0.11536098310291859,1,1,0.40547846458821407,0.11954642283037083,0.03225806451612903,0.03225806451612903,-0.11536098310291859,1,1,9.343635787029646,8.7067773373518,0.6368584496778453,1.0,-6.476085402246868,7.364608277124169,-13.840693679371038,0.0,0.5979455757794196
resp,n300,3,384,1e-05,210,90,2352,0,2,31,0.14761904761904762,0.546875,0.018488982068020923,2.3099737536096296,1.7769481173278014,1.0,0.4666666666666667,0.5599489795918368,80.44853368927247,67.44963661210117,8.263655736398731e-10,1.8085885109677577,0.5897108843537415,71.55921908736015,7.831554185589634e-10,57.30917578745232,0.7216072603860378,0.6931471805599453,False,1.0,1.0,1.0,1.0,0.8523809523809524,1,31,1.0,1.0,1.0,1.0,0.8523809523809524,1,31,0.390160389259326,0.11653713984991361,0.03225806451612903,0.03225806451612903,-0.11536098310291859,1,1,0.39610740673995315,0.1179569519020214,0.03225806451612903,0.03225806451612903,-0.11536098310291859,1,1,6.546595577004178,5.973312199102273,0.5732833779019044,1.0,-4.348198933095022,4.995090600546722,-9.343289533641745,0.0,0.609839610740674
resp,n300,3,384,0.0001,210,90,2352,0,2,31,0.14761904761904762,0.546875,0.09784800362386434,1.3947855132906475,1.1050354345296518,1.0,0.4666666666666667,0.5586734693877551,41.897610022495236,30.45774169657094,2.207462986128226e-09,1.151321161926368,0.5960884353741497,37.83336577299399,2.3804032175524036e-09,30.487022846710595,0.71202934140468,0.6931471805599453,False,1.0,1.0,1.0,1.0,0.8523809523809524,1,31,1.0,1.0,1.0,1.0,0.8523809523809524,1,31,0.367453595242386,0.11255937137281641,0.03225806451612903,0.03225806451612903,-0.11536098310291859,1,1,0.3780861416471436,0.11490073750701267,0.03225806451612903,0.03225806451612903,-0.11536098310291859,1,1,4.0375855081070515,3.5043998033712893,0.5331857047357622,1.0,-2.398144535009767,2.855572722545051,-5.253717257554818,0.0,0.6325464047576139
resp,n300,3,384,0.001,210,90,2352,0,2,31,0.14761904761904762,0.546875,0.31970090707327903,0.8589723462705082,0.7297032012279646,0.9761904761904762,0.43333333333333335,0.5676020408163265,14.594387188267275,7.858241906102204,3.5820725380466225e-09,0.7529763188421634,0.6016156462585034,14.084056339990541,2.7485441541101353e-09,11.429840689258207,0.6828460703042832,0.6931471805599453,False,0.9918904307082357,0.9456916194905447,0.9032258064516129,0.9032258064516129,0.7556067588325652,1,28,0.9980176608397909,0.9899604304726435,0.9354838709677419,0.9354838709677419,0.7878648233486942,1,29,0.327626599387277,0.10640861069999052,0.03225806451612903,0.03225806451612903,-0.11536098310291859,1,1,0.35916381329969366,0.11202857975169934,0.03225806451612903,0.03225806451612903,-0.11536098310291859,1,1,2.0735282318883343,1.5865544819899902,0.4869737498983442,1.0,-0.8218156845520805,1.2306953992639178,-2.0525110838159986,0.03225806451612903,0.672373400612723
resp,n300,3,384,0.01,210,90,2352,0,2,31,0.14761904761904762,0.546875,0.5631781039195143,0.7033046623348527,0.6665338043965362,0.8476190476190476,0.4888888888888889,0.5858843537414966,3.2661929329517334,2.0273886485854993,3.9727676536168065e-10,0.6542347386566316,0.6037414965986394,3.858565257502005,1.3126963311969275e-09,2.757942286594615,0.7121540454663192,0.6931471805599453,True,0.8513245629843215,0.5830806814659882,0.4838709677419355,0.4838709677419355,0.33625192012288785,1,15,0.89781942692377,0.720480903779277,0.6774193548387096,0.6774193548387096,0.529800307219662,1,21,0.29789151198414127,0.10279470678745783,0.0,0.0,-0.14761904761904762,1,0,0.4645882140926293,0.13237274386406223,0.06451612903225806,0.06451612903225806,-0.08310291858678956,1,2,0.7548282033822061,0.4924001543545589,0.2624280490276472,1.0,-0.03167404445105668,0.35697777507836187,-0.3886518195294185,0.41935483870967744,0.7021084880158588
resp,n300,3,384,0.1,210,90,2352,0,2,31,0.14761904761904762,0.546875,0.6714458902236329,0.691631231540545,0.6860089958228888,0.7571428571428571,0.4888888888888889,0.5922619047619048,0.4584506251392043,1.1151549821062217,4.3117723984435874e-10,0.6800665858054502,0.6050170068027211,0.637741659604899,3.107778591493681e-11,0.4003718360853564,0.7808410751239769,0.6931471805599453,True,0.7051721030816364,0.31454047518853556,0.25806451612903225,0.25806451612903225,0.11044546850998463,1,8,0.7307622995134259,0.42287757029810763,0.41935483870967744,0.41935483870967744,0.27173579109062984,1,13,0.28365471256082175,0.10147841764968336,0.0,0.0,-0.14761904761904762,1,0,0.6621012795098216,0.2363173586947017,0.25806451612903225,0.25806451612903225,0.11044546850998463,1,8,0.13446008509547155,0.08187454924201332,0.05258553585345824,1.0,0.017455495879208135,0.055548820354161255,-0.038093324474953116,0.6774193548387096,0.7163452874391782
resp,n300,3,384,1.0,210,90,2352,0,2,31,0.14761904761904762,0.546875,0.6907831822450962,0.6929247605769082,0.6923215192862615,0.7523809523809524,0.4777777777777778,0.5892857142857143,0.048538038428574334,1.0115639793801932,1.3939936096762078e-12,0.6915721727272705,0.6054421768707483,0.06958273141683109,2.7573099789687226e-12,0.042826796833901594,0.7940351162659098,0.6931471805599453,True,0.6795819066498469,0.29219737450054944,0.1935483870967742,0.1935483870967742,0.045929339477726566,1,6,0.6869706253378988,0.247983153347476,0.2903225806451613,0.2903225806451613,0.1427035330261137,1,9,0.2829338619571094,0.10142542681037946,0.0,0.0,-0.14761904761904762,1,0,0.6815642458100558,0.24046249778544426,0.2903225806451613,0.2903225806451613,0.1427035330261137,1,9,0.014798756610769062,0.008915973872655343,0.005882782738113719,1.0,0.0022731301212985883,0.005959387656622744,-0.0036862575353241557,0.7419354838709677,0.7170661380428907
resp,n300,4,32,1e-06,210,90,2352,0,2,31,0.14761904761904762,6.5625,0.6035696477895132,0.7481442603255469,0.6931662577521684,0.6666666666666666,0.45555555555555555,0.5595238095238095,7.8932241882175065,5.572480356251028,9.329321748776669e-10,0.8598015568820848,0.5918367346938775,17.374540009139803,1.6643718051140974e-09,14.068021869621687,0.6061944284043874,0.6931471805599453,False,0.594701748062714,0.23564453089873824,0.22580645161290322,0.22580645161290322,0.0781874039938556,1,7,0.7304018742115697,0.35957403117162196,0.3548387096774194,0.3548387096774194,0.20721966205837175,1,11,0.20598306001081276,0.09273661922729348,0.0,0.0,-0.14761904761904762,1,0,0.24364750405478464,0.0954551610985322,0.0,0.0,-0.14761904761904762,1,0,3.8428947466419987,1.633451883867914,2.2094428627740847,1.0,0.11134575944074843,0.49851539424777014,-0.3871696348070217,0.6129032258064516,0.7940169399891872
resp,n300,4,32,1e-05,210,90,2352,0,2,31,0.14761904761904762,6.5625,0.6035712664036138,0.747687992676856,0.6928723869513516,0.6666666666666666,0.45555555555555555,0.5599489795918368,7.8557533206727115,5.53152066053266,8.705648306458256e-10,0.853131541869124,0.5922619047619048,17.07794019409152,1.3740748661055143e-09,13.799300058540235,0.6072902343827936,0.6931471805599453,True,0.5945215354117859,0.23528217182968206,0.22580645161290322,0.22580645161290322,0.0781874039938556,1,7,0.7300414489097135,0.3594541085140782,0.3548387096774194,0.3548387096774194,0.20721966205837175,1,11,0.20544242205802848,0.09270515143669524,0.0,0.0,-0.14761904761904762,1,0,0.24310686610200036,0.09540165197818581,0.0,0.0,-0.14761904761904762,1,0,3.788441351049287,1.6093097255485855,2.179131625500702,1.0,0.11229701165641194,0.49661246390245084,-0.3843154522460389,0.6129032258064516,0.7945575779419716
resp,n300,4,32,0.0001,210,90,2352,0,2,31,0.14761904761904762,6.5625,0.6037145275551017,0.743512415101631,0.6902287062188243,0.6666666666666666,0.45555555555555555,0.5599489795918368,7.508153057142057,5.169395781720618,1.2477849349501857e-08,0.8067767283277836,0.5952380952380952,14.945629386980846,1.9356025685799545e-09,11.901694798289883,0.6153143601886887,0.6931471805599453,True,0.592899621553433,0.23402369407926243,0.22580645161290322,0.22580645161290322,0.0781874039938556,1,7,0.7305820868624977,0.3609947147057589,0.3548387096774194,0.3548387096774194,0.20721966205837175,1,11,0.20039646783204182,0.09237549690905791,0.0,0.0,-0.14761904761904762,1,0,0.2418453775455037,0.09535474071708698,0.03225806451612903,0.03225806451612903,-0.11536098310291859,1,1,3.3917215098146984,1.4333291507818375,1.958392359032861,1.0,0.12097488033498308,0.4788935154302919,-0.35791863509530886,0.6129032258064516,0.7996035321679582
resp,n300,4,32,0.001,210,90,2352,0,2,31,0.14761904761904762,6.5625,0.6098832219306725,0.7209731772311084,0.6778322635184626,0.6523809523809524,0.45555555555555555,0.5659013605442177,5.445115758673502,3.6224267193427853,5.92003995684435e-10,0.6979715998851622,0.5939625850340136,8.988524924141041,1.2199612229902518e-09,6.940543845930893,0.6361584516853102,0.6931471805599453,True,0.5673094251216435,0.21655022704742785,0.1935483870967742,0.1935483870967742,0.045929339477726566,1,6,0.7304018742115697,0.3598140230180061,0.3548387096774194,0.3548387096774194,0.20721966205837175,1,11,0.18111371418273564,0.09122206142818604,0.0,0.0,-0.14761904761904762,1,0,0.2542800504595423,0.09690886287598016,0.03225806451612903,0.03225806451612903,-0.11536098310291859,1,1,2.22348889159963,0.9098723099882254,1.3136165816114045,1.0,0.16539098832497953,0.3706436672540076,-0.20525267892902807,0.6451612903225806,0.8188862858172643
resp,n300,4,32,0.01,210,90,2352,0,2,31,0.14761904761904762,6.5625,0.6503542273789029,0.6936565222372134,0.674854015357544,0.6238095238095238,0.45555555555555555,0.5790816326530612,1.8232189084199222,1.7213140377648761,6.079972652690277e-10,0.6525934141500853,0.6033163265306123,3.2920403766367246,1.3328060793968474e-09,2.4188871915612595,0.6923099894207235,0.6931471805599453,True,0.4467471616507479,0.14417390355094145,0.06451612903225806,0.06451612903225806,-0.08310291858678956,1,2,0.7251757073346549,0.3558718302860908,0.3870967741935484,0.3870967741935484,0.23947772657450075,1,12,0.16471436294827896,0.09041004527871793,0.0,0.0,-0.14761904761904762,1,0,0.4608037484231393,0.130215400202662,0.06451612903225806,0.06451612903225806,-0.08310291858678956,1,2,0.908421469387253,0.3439302246967026,0.5644912446905503,1.0,0.15994253945143846,0.15117769183957602,0.008764847611862442,0.8709677419354839,0.835285637051721
resp,n300,4,32,0.1,210,90,2352,0,2,31,0.14761904761904762,6.5625,0.6852906926786324,0.6920721596471732,0.688785747088872,0.6,0.5111111111111111,0.5905612244897959,0.27522650296949663,1.092661835778842,1.0377545843493942e-10,0.6802933595576474,0.6071428571428571,0.5873481259344757,8.749553658829056e-12,0.4159863054767863,0.7660905202458295,0.6931471805599453,True,0.3607857271580465,0.11994056611662832,0.06451612903225806,0.06451612903225806,-0.08310291858678956,1,2,0.7152640115336096,0.2690880704184853,0.3225806451612903,0.3225806451612903,0.1749615975422427,1,10,0.15714543160929897,0.08987457810219719,0.0,0.0,-0.14761904761904762,1,0,0.6900342404036763,0.2486493506045723,0.2903225806451613,0.2903225806451613,0.1427035330261137,1,9,0.1676180936490893,0.06115444030129872,0.1064636533477906,1.0,0.03758609465392011,0.025604644221340702,0.011981450432579411,0.9354838709677419,0.842854568390701
resp,n300,4,32,1.0,210,90,2352,0,2,31,0.14761904761904762,6.5625,0.6922816388261621,0.6930077448831131,0.6926488936760286,0.6047619047619047,0.5222222222222223,0.5939625850340136,0.02936350078589725,1.0095039510393502,5.772395288412644e-10,0.6915992008631702,0.6050170068027211,0.06470471032545441,1.5695484905820932e-12,0.045650887453299455,0.7802575226803691,0.6931471805599453,True,0.34781041629122367,0.11371455657569779,0.03225806451612903,0.03225806451612903,-0.11536098310291859,1,1,0.7176067759956749,0.26328747425173404,0.3225806451612903,0.3225806451612903,0.1749615975422427,1,10,0.15804649486393946,0.08996367268230777,0.0,0.0,-0.14761904761904762,1,0,0.7136420976752568,0.2606120833262136,0.25806451612903225,0.25806451612903225,0.11044546850998463,1,8,0.01853866263814775,0.006726320396703897,0.011812342241443854,1.0,0.004264319311741218,0.0027771988463229074,0.0014871204654183104,0.9354838709677419,0.8419535051360605
resp,n300,4,64,1e-06,210,90,2352,0,2,31,0.14761904761904762,3.28125,0.5286484535171941,0.8029022959013539,0.7587580853478723,0.7285714285714285,0.4888888888888889,0.5493197278911565,14.822708517529765,14.888139407408678,2.1250947576971944e-09,1.1290395398402846,0.5939625850340136,30.49339595523902,2.840340917944471e-09,25.797341982584612,0.535467572897023,0.6931471805599453,False,0.7756352495945216,0.3721564265258077,0.3870967741935484,0.3870967741935484,0.23947772657450075,1,12,0.8307803207785186,0.5375190934336763,0.5483870967741935,0.5483870967741935,0.40076804915514586,1,17,0.26509280951522796,0.0978408219636626,0.0,0.0,-0.14761904761904762,1,0,0.2856370517210308,0.10104447455142275,0.03225806451612903,0.03225806451612903,-0.11536098310291859,1,1,5.563946988579049,2.6030077145427195,2.96093927403633,1.0,-0.4133139924200778,0.8817827382313264,-1.2950967306514043,0.3225806451612903,0.734907190484772
resp,n300,4,64,1e-05,210,90,2352,0,2,31,0.14761904761904762,3.28125,0.5286623055983335,0.8006939581349259,0.7566027235551318,0.7333333333333333,0.4888888888888889,0.5505952380952381,14.650528885724942,14.515922828320159,9.835656924685166e-10,1.086525124228902,0.5935374149659864,28.693878280643816,4.471925245419415e-09,24.16490157341587,0.5400276503808155,0.6931471805599453,False,0.7752748242926654,0.37197445349619745,0.3870967741935484,0.3870967741935484,0.23947772657450075,1,12,0.8302396828257343,0.5349043291173827,0.5161290322580645,0.5161290322580645,0.36850998463901685,1,16,0.2611281311948099,0.09738742010225447,0.0,0.0,-0.14761904761904762,1,0,0.2832942872589656,0.10072482806817347,0.03225806451612903,0.03225806451612903,-0.11536098310291859,1,1,5.30049582414862,2.4771737795672264,2.823322044581394,1.0,-0.40607552069636915,0.8733585898481585,-1.2794341105445277,0.3225806451612903,0.7388718688051901
resp,n300,4,64,0.0001,210,90,2352,0,2,31,0.14761904761904762,3.28125,0.5296750701976835,0.78309573335971,0.7397922798102402,0.7333333333333333,0.5,0.5476190476190477,13.243489360771067,11.842740425782914,2.9275863672037374e-09,0.909382146075774,0.5935374149659864,20.908505653161704,2.090321358770108e-09,17.340484404236047,0.5631300994116597,0.6931471805599453,False,0.7711299333213192,0.3688306350780477,0.3548387096774194,0.3548387096774194,0.20721966205837175,1,11,0.8278969183636691,0.5425994728163145,0.5161290322580645,0.5161290322580645,0.36850998463901685,1,16,0.2382411245269418,0.09483641217899577,0.0,0.0,-0.14761904761904762,1,0,0.26923770048657414,0.09877681649993605,0.0,0.0,-0.14761904761904762,1,0,4.106626716997317,1.9072279702773214,2.1993987467199956,1.0,-0.345939231558694,0.803781246687745,-1.149720478246439,0.3548387096774194,0.7617588754730582
resp,n300,4,64,0.001,210,90,2352,0,2,31,0.14761904761904762,3.28125,0.5524604034377365,0.7263648449098402,0.6908464357783465,0.7285714285714285,0.5222222222222223,0.5497448979591837,7.940824529557781,5.433840058050872,9.26021576446107e-10,0.7107047310492135,0.5973639455782312,10.308328708511247,6.645533704281092e-10,8.453287924670782,0.5977540174291135,0.6931471805599453,True,0.7406739953144711,0.30044424525597185,0.2903225806451613,0.2903225806451613,0.1427035330261137,1,9,0.8156424581005587,0.50207350954429,0.5161290322580645,0.5161290322580645,0.36850998463901685,1,16,0.19499008830419895,0.09155658481841464,0.0,0.0,-0.14761904761904762,1,0,0.25554153901603893,0.09684076999179085,0.0,0.0,-0.14761904761904762,1,0,2.3364630428186124,1.0379503072158194,1.298512735602793,1.0,-0.10592489162345833,0.5288551022289955,-0.6347799938524538,0.3548387096774194,0.805009911695801
resp,n300,4,64,0.01,210,90,2352,0,2,31,0.14761904761904762,3.28125,0.6332125565796148,0.6909227807913187,0.6745892553054696,0.6714285714285714,0.5,0.5654761904761905,2.2115138396893683,1.8940708226611311,5.982640437517919e-10,0.6528941883493116,0.6037414965986394,3.4414033318502857,5.114991150026585e-10,2.620166896639782,0.6483478129991561,0.6931471805599453,True,0.5977653631284916,0.18046978885570406,0.16129032258064516,0.16129032258064516,0.013671274961597535,1,5,0.757613984501712,0.3865263718941853,0.41935483870967744,0.41935483870967744,0.27173579109062984,1,13,0.1668769147594161,0.09024056235087324,0.0,0.0,-0.14761904761904762,1,0,0.40547846458821407,0.11879818839792214,0.03225806451612903,0.03225806451612903,-0.11536098310291859,1,1,0.9286193353067571,0.36914166154376743,0.5594776737629896,1.0,0.0976023790869429,0.18412899077570363,-0.08652661168876073,0.8064516129032258,0.8331230852405839
resp,n300,4,64,0.1,210,90,2352,0,2,31,0.14761904761904762,3.28125,0.6831339500367514,0.6915744429938492,0.688639792231386,0.6571428571428571,0.4888888888888889,0.5816326530612245,0.3116230197951122,1.1054894454396689,1.5143971465114585e-10,0.6802037652134597,0.6062925170068028,0.5998005420666205,9.639497643841496e-12,0.4329927564586911,0.7206261906560638,0.6931471805599453,True,0.46296630023427643,0.13158729116850684,0.06451612903225806,0.06451612903225806,-0.08310291858678956,1,2,0.7105784826094792,0.2611388000760082,0.2903225806451613,0.2903225806451613,0.1427035330261137,1,9,0.16111010992971705,0.09001641792143097,0.0,0.0,-0.14761904761904762,1,0,0.6658857451793115,0.21410650161466396,0.16129032258064516,0.16129032258064516,0.013671274961597535,1,5,0.17034408089196357,0.06422444287846105,0.10611963801350252,1.0,0.030336948490588277,0.029458567522923522,0.0008783809676647554,0.9032258064516129,0.8388898900702829
resp,n300,4,64,1.0,210,90,2352,0,2,31,0.14761904761904762,3.28125,0.6920602837808929,0.6929542163213414,0.6926324692514525,0.6428571428571429,0.5222222222222223,0.5841836734693877,0.032914349721027934,1.0107058659381336,2.7602769671605887e-12,0.6915879261912041,0.6062925170068028,0.06588047548779774,2.4999868439273636e-10,0.04726106447117418,0.7355571190559981,0.6931471805599453,True,0.43827716705712744,0.12523327218239938,0.06451612903225806,0.06451612903225806,-0.08310291858678956,1,2,0.7066138042890611,0.2470893170529991,0.2903225806451613,0.2903225806451613,0.1427035330261137,1,9,0.16074968462786088,0.09002217924625197,0.0,0.0,-0.14761904761904762,1,0,0.7021084880158587,0.24248573251656466,0.25806451612903225,0.25806451612903225,0.11044546850998463,1,8,0.018817021687886393,0.007039115137379801,0.011777906550506593,1.0,0.003527244901186651,0.003169436002598913,0.0003578088985877379,0.9354838709677419,0.8392503153721391
resp,n300,4,128,1e-06,210,90,2352,0,2,31,0.14761904761904762,1.640625,0.02022794089436886,4.331750233289438,5.57328057148082,1.0,0.5777777777777777,0.5080782312925171,241.20677040393952,694.3110360518074,1.2301541503307128e-09,4.046233576525852,0.5595238095238095,190.5527582126628,1.6767174601744295e-09,212.47678053450997,0.5367914451273803,0.6931471805599453,False,1.0,1.0,1.0,1.0,0.8523809523809524,1,31,1.0,1.0,1.0,1.0,0.8523809523809524,1,31,0.331411065056767,0.10698162577054812,0.0,0.0,-0.14761904761904762,1,0,0.3348351054244008,0.10763111626269015,0.0,0.0,-0.14761904761904762,1,0,18.38235109136586,10.35765648555473,8.02469460581113,1.0,-12.825097969687585,10.83453138031003,-23.659629349997616,0.0,0.668588934943233
resp,n300,4,128,1e-05,210,90,2352,0,2,31,0.14761904761904762,1.640625,0.09412489389594886,2.1450109207428487,2.582324177275115,1.0,0.5888888888888889,0.5102040816326531,110.44894224849708,196.6173925944766,2.018938281551838e-09,2.194910133765362,0.5654761904761905,98.47030903774024,2.8428133981039824e-09,97.22149891763895,0.5720585560960701,0.6931471805599453,False,1.0,1.0,1.0,1.0,0.8523809523809524,1,31,1.0,1.0,1.0,1.0,0.8523809523809524,1,31,0.3204180933501532,0.10513861946732911,0.0,0.0,-0.14761904761904762,1,0,0.3274463867363489,0.10627275423126893,0.0,0.0,-0.14761904761904762,1,0,10.211507934086319,5.830306205290325,4.381201728795993,1.0,-6.113121247450367,5.200634109479521,-11.313755356929889,0.0,0.6795819066498467
resp,n300,4,128,0.0001,210,90,2352,0,2,31,0.14761904761904762,1.640625,0.23871921626835751,1.0235557324717328,1.1097014697243686,0.9380952380952381,0.6,0.51828231292517,39.575505285559316,36.90823017344708,2.6597190702092963e-09,1.0635909811137454,0.5795068027210885,36.14007538664556,6.5400627087037965e-09,33.26251143796482,0.6173453940192076,0.6931471805599453,False,0.9918904307082357,0.960129048305427,0.8709677419354839,0.8709677419354839,0.7233486943164362,1,27,0.9940529825193729,0.9755812133106349,0.9032258064516129,0.9032258064516129,0.7556067588325652,1,28,0.28185258605154084,0.0998395288851843,0.0,0.0,-0.14761904761904762,1,0,0.29500810956929174,0.10156505532577077,0.0,0.0,-0.14761904761904762,1,0,4.785316274069886,2.699271770444489,2.0860445036253967,1.0,-2.2606520507201395,2.1077980679762,-4.368450118696339,0.03225806451612903,0.7181474139484592
resp,n300,4,128,0.001,210,90,2352,0,2,31,0.14761904761904762,1.640625,0.4252018827662932,0.7346277548465914,0.7226367110146722,0.8571428571428571,0.6,0.5395408163265306,12.655985694290395,7.710253645494704,1.3500412517971456e-09,0.7182258226184834,0.5905612244897959,12.441734750119432,1.5202175746253962e-09,10.97251683176231,0.61784461193416,0.6931471805599453,False,0.9410704631465129,0.798490847654072,0.6774193548387096,0.6774193548387096,0.529800307219662,1,21,0.9457559920706433,0.8749060969551286,0.7419354838709677,0.7419354838709677,0.5943164362519201,1,23,0.20760497386916563,0.09238568169815788,0.0,0.0,-0.14761904761904762,1,0,0.24328707875292846,0.09547878771946464,0.0,0.0,-0.14761904761904762,1,0,2.369524007704564,1.2136926868636764,1.1558313208408875,1.0,-0.6448864585927558,0.8231952581246617,-1.4680817167174176,0.12903225806451613,0.7923950261308343
resp,n300,4,128,0.01,210,90,2352,0,2,31,0.14761904761904762,1.640625,0.6086365046159092,0.6882779798386829,0.674775320510717,0.7571428571428571,0.5666666666666667,0.5650510204081632,2.691910335035223,2.067573706332304,1.1552325081864218e-09,0.6525852237826131,0.6028911564625851,3.615294607827138,3.537403838129955e-10,2.8541137443364395,0.6252933574898791,0.6931471805599453,True,0.7577941971526401,0.3496113649503717,0.2903225806451613,0.2903225806451613,0.1427035330261137,1,9,0.8282573436655253,0.5788386008210303,0.5161290322580645,0.5161290322580645,0.36850998463901685,1,16,0.16561542620291944,0.0901078326606641,0.0,0.0,-0.14761904761904762,1,0,0.34060191025409986,0.10806545989390506,0.03225806451612903,0.03225806451612903,-0.11536098310291859,1,1,0.9355092463823181,0.39926634273590833,0.5362429036464098,1.0,0.00894138402130553,0.22885547526888164,-0.2199140912475761,0.5161290322580645,0.8343845737970805
resp,n300,4,128,0.1,210,90,2352,0,2,31,0.14761904761904762,1.640625,0.6803860654752397,0.6911910106926072,0.6885681858227988,0.7,0.5444444444444444,0.5790816326530612,0.3527979468021432,1.116563616413642,1.0641482115729314e-11,0.6801318523283528,0.6075680272108843,0.6117709150134586,9.542703948688818e-10,0.4503810442872669,0.6854581641465037,0.6931471805599453,True,0.5867723914218779,0.1981209326240458,0.06451612903225806,0.06451612903225806,-0.08310291858678956,1,2,0.7199495404577402,0.2830661846277215,0.3225806451612903,0.3225806451612903,0.1749615975422427,1,10,0.15822670751486753,0.08983564474060665,0.0,0.0,-0.14761904761904762,1,0,0.6554334114254821,0.20969787138976645,0.22580645161290322,0.22580645161290322,0.0781874039938556,1,7,0.17120343928687073,0.06750604680410631,0.10369739248276443,1.0,0.02068542698618654,0.034263111080466244,-0.013577684094279705,0.8387096774193549,0.8417732924851324
resp,n300,4,128,1.0,210,90,2352,0,2,31,0.14761904761904762,1.640625,0.6917822010475084,0.6929142622237419,0.6926243693312757,0.6904761904761905,0.5444444444444444,0.5837585034013606,0.03689598348682462,1.011723861983706,7.22282895289605e-12,0.6915802854601065,0.6079931972789115,0.06698799126606764,4.695212898900486e-12,0.04888793670776507,0.6996866929827192,0.6931471805599453,True,0.5539736889529645,0.16928960854842406,0.06451612903225806,0.06451612903225806,-0.08310291858678956,1,2,0.7037304018742115,0.24708167227828995,0.2903225806451613,0.2903225806451613,0.1427035330261137,1,9,0.15786628221301136,0.08980543374679603,0.0,0.0,-0.14761904761904762,1,0,0.6972427464408002,0.2394409854964536,0.25806451612903225,0.25806451612903225,0.11044546850998463,1,8,0.018903880168279354,0.007369624048120258,0.011534256120159096,1.0,0.0025534037381035215,0.003653556475705514,-0.0011001527376019926,0.8709677419354839,0.8421337177869886
resp,n300,4,256,1e-06,210,90,2352,0,2,31,0.14761904761904762,0.8203125,0.003910398001418688,2.458880362862426,2.9941611116723825,1.0,0.5333333333333333,0.5165816326530612,141.29393830696634,163.69830754548045,5.223445053569549e-10,2.6108229741304716,0.5667517006802721,117.35598689987643,1.188292869472637e-09,96.5376584459565,0.7362604714627456,0.6931471805599453,False,1.0,1.0,1.0,1.0,0.8523809523809524,1,31,1.0,1.0,1.0,1.0,0.8523809523809524,1,31,0.23607857271580465,0.09469920989352366,0.0,0.0,-0.14761904761904762,1,0,0.24022346368715083,0.09508156786025973,0.0,0.0,-0.14761904761904762,1,0,10.63090133438594,7.271128687358516,3.359772647027425,1.0,-6.287322857985195,6.574831754185662,-12.862154612170858,0.0,0.7639214272841953
resp,n300,4,256,1e-05,210,90,2352,0,2,31,0.14761904761904762,0.8203125,0.024974815642342316,1.6550950994990719,1.989428048120797,1.0,0.5555555555555556,0.5178571428571429,89.95064519610209,99.50045362843879,1.098974216253392e-09,1.7893754433086184,0.5650510204081632,76.22648067074634,8.336775046092981e-10,62.244771279794925,0.7312044229466479,0.6931471805599453,False,1.0,1.0,1.0,1.0,0.8523809523809524,1,31,1.0,1.0,1.0,1.0,0.8523809523809524,1,31,0.2335555956028113,0.09448282748946844,0.0,0.0,-0.14761904761904762,1,0,0.23679942331951703,0.09470235139656974,0.0,0.0,-0.14761904761904762,1,0,7.43031214943085,4.984427171856266,2.4458849775745835,1.0,-4.1694425309708585,4.354907791502885,-8.524350322473744,0.0,0.7664444043971887
resp,n300,4,256,0.0001,210,90,2352,0,2,31,0.14761904761904762,0.8203125,0.12614852283601427,1.0168825631666374,1.1610479827783806,1.0,0.6,0.5242346938775511,44.59142005671575,41.76327697047029,3.1607743394440295e-09,1.1071305026959244,0.5735544217687075,39.44529586633644,1.4889666094747315e-09,32.10875454878819,0.7144587243979281,0.6931471805599453,False,1.0,1.0,1.0,1.0,0.8523809523809524,1,31,1.0,1.0,1.0,1.0,0.8523809523809524,1,31,0.2185979455757794,0.09313821701846983,0.0,0.0,-0.14761904761904762,1,0,0.22760857812218419,0.09376747235774159,0.0,0.0,-0.14761904761904762,1,0,4.5769101995356944,2.9145547225893367,1.6623554769463578,1.0,-2.249681200000741,2.3758838088913428,-4.625565008892083,0.0,0.7814020544242206
resp,n300,4,256,0.001,210,90,2352,0,2,31,0.14761904761904762,0.8203125,0.37514123015913375,0.7295903217576225,0.7356493421633876,0.9238095238095239,0.6333333333333333,0.5365646258503401,14.268774295572323,9.83970526692419,1.0238618586670486e-08,0.7290404902502383,0.5824829931972789,13.832548002075393,2.34744588060352e-09,11.530150321297882,0.6636983449200967,0.6931471805599453,False,0.9845017120201838,0.9487707346815506,0.8709677419354839,0.8709677419354839,0.7233486943164362,1,27,0.9794557577941971,0.9481051220086655,0.8709677419354839,0.8709677419354839,0.7233486943164362,1,27,0.18363669129572896,0.09065293505794247,0.0,0.0,-0.14761904761904762,1,0,0.208325824472878,0.09228420127307178,0.0,0.0,-0.14761904761904762,1,0,2.40942147642059,1.3199797820189718,1.0894416944016183,1.0,-0.7145888762091768,0.9415259545816037,-1.6561148307907805,0.0967741935483871,0.816363308704271
resp,n300,4,256,0.01,210,90,2352,0,2,31,0.14761904761904762,0.8203125,0.6015994050108465,0.6870205371157988,0.6752921031324347,0.7714285714285715,0.5888888888888889,0.5684523809523809,2.8179267337018437,2.158977165847765,2.176934690313003e-09,0.6530699294825877,0.5922619047619048,3.702778123593051,7.68684866752945e-10,2.8957911937946585,0.6356847842048773,0.6931471805599453,True,0.8017660839790953,0.39954328920800297,0.3548387096774194,0.3548387096774194,0.20721966205837175,1,11,0.8549288160028834,0.628867057201057,0.5806451612903226,0.5806451612903226,0.43302611367127497,1,18,0.16147053523157326,0.08982529368154489,0.0,0.0,-0.14761904761904762,1,0,0.3014957650027032,0.10249813738234832,0.0,0.0,-0.14761904761904762,1,0,0.9423105561262936,0.4136214420819118,0.5286891140443817,1.0,-0.0010606929587483882,0.2438582286984326,-0.244918921657181,0.4838709677419355,0.8385294647684267
resp,n300,4,256,0.1,210,90,2352,0,2,31,0.14761904761904762,0.8203125,0.6796567186786971,0.6910664593163571,0.6886121879985648,0.7142857142857143,0.5333333333333333,0.5803571428571429,0.3629737451843612,1.121665321666785,5.319043766617283e-10,0.6801681849983344,0.6050170068027211,0.6173416611579274,1.1625724664238502e-09,0.45324029174338043,0.6859950247796793,0.6931471805599453,True,0.6076770589295368,0.2068323731297654,0.06451612903225806,0.06451612903225806,-0.08310291858678956,1,2,0.7271580464948639,0.2975893891110315,0.3548387096774194,0.3548387096774194,0.20721966205837175,1,11,0.1562443683546585,0.0896861067735166,0.0,0.0,-0.14761904761904762,1,0,0.6500270318976392,0.20729423276559777,0.25806451612903225,0.25806451612903225,0.11044546850998463,1,8,0.17193386207139835,0.06899103437220629,0.10294282769919207,1.0,0.01966023255878545,0.03579921114152623,-0.01613897858274078,0.8064516129032258,0.8437556316453415
resp,n300,4,256,1.0,210,90,2352,0,2,31,0.14761904761904762,0.8203125,0.6917089978696329,0.6929019611986658,0.6926287663042382,0.7095238095238096,0.5444444444444444,0.5837585034013606,0.03787488318944024,1.0121865037221047,2.07199529716306e-09,0.6915838378766486,0.6054421768707483,0.0674999319753291,5.403298603273607e-12,0.04915294343793832,0.6991322082118864,0.6931471805599453,True,0.575779419715264,0.1771504893446032,0.06451612903225806,0.06451612903225806,-0.08310291858678956,1,2,0.706433591638133,0.25039068482661453,0.2903225806451613,0.2903225806451613,0.1427035330261137,1,9,0.1564245810055866,0.08973981630598792,0.0,0.0,-0.14761904761904762,1,0,0.6995855109028654,0.2429356151375943,0.25806451612903225,0.25806451612903225,0.11044546850998463,1,8,0.01897719808515594,0.007518521768534145,0.011458676316621792,1.0,0.00245066652240833,0.0038075491049218554,-0.0013568825825135255,0.8709677419354839,0.8435754189944134
resp,n300,4,384,1e-06,210,90,2352,0,2,31,0.14761904761904762,0.546875,0.003910398001418688,2.4588803628624225,2.9941611116723825,1.0,0.5333333333333333,0.5165816326530612,141.29393830696634,163.69830754548076,5.223445053569549e-10,2.610822974130471,0.5667517006802721,117.35598689987643,1.188292869472637e-09,96.5376584459565,0.7362604714627456,0.6931471805599453,False,1.0,1.0,1.0,1.0,0.8523809523809524,1,31,1.0,1.0,1.0,1.0,0.8523809523809524,1,31,0.23607857271580465,0.09469920989352366,0.0,0.0,-0.14761904761904762,1,0,0.24022346368715083,0.09508156786025973,0.0,0.0,-0.14761904761904762,1,0,10.63090133438594,7.271128687358516,3.359772647027425,1.0,-6.287322857985195,6.574831754185662,-12.862154612170858,0.0,0.7639214272841953
resp,n300,4,384,1e-05,210,90,2352,0,2,31,0.14761904761904762,0.546875,0.024974815642342316,1.65509509949907,1.989428048120797,1.0,0.5555555555555556,0.5178571428571429,89.95064519610209,99.50045362843892,1.098974216253392e-09,1.7893754433086184,0.5650510204081632,76.22648067074634,8.336775046092981e-10,62.244771279794925,0.7312044229466479,0.6931471805599453,False,1.0,1.0,1.0,1.0,0.8523809523809524,1,31,1.0,1.0,1.0,1.0,0.8523809523809524,1,31,0.2335555956028113,0.09448282748946844,0.0,0.0,-0.14761904761904762,1,0,0.23679942331951703,0.09470235139656974,0.0,0.0,-0.14761904761904762,1,0,7.43031214943085,4.984427171856266,2.4458849775745835,1.0,-4.1694425309708585,4.354907791502885,-8.524350322473744,0.0,0.7664444043971887
resp,n300,4,384,0.0001,210,90,2352,0,2,31,0.14761904761904762,0.546875,0.12614852283601427,1.0168825631666363,1.1610479827783806,1.0,0.6,0.5242346938775511,44.59142005671575,41.7632769704703,3.1607743394440295e-09,1.1071305026959242,0.5735544217687075,39.44529586633644,1.4889666094747315e-09,32.10875454878819,0.7144587243979281,0.6931471805599453,False,1.0,1.0,1.0,1.0,0.8523809523809524,1,31,1.0,1.0,1.0,1.0,0.8523809523809524,1,31,0.2185979455757794,0.09313821701846983,0.0,0.0,-0.14761904761904762,1,0,0.22760857812218419,0.09376747235774159,0.0,0.0,-0.14761904761904762,1,0,4.5769101995356944,2.9145547225893367,1.6623554769463578,1.0,-2.249681200000741,2.3758838088913428,-4.625565008892083,0.0,0.7814020544242206
resp,n300,4,384,0.001,210,90,2352,0,2,31,0.14761904761904762,0.546875,0.37514123015913375,0.7295903217576223,0.7356493421633877,0.9238095238095239,0.6333333333333333,0.5365646258503401,14.268774295572323,9.83970526692419,1.0238618586670486e-08,0.7290404902502383,0.5824829931972789,13.832548002075393,2.34744588060352e-09,11.530150321297882,0.6636983449200967,0.6931471805599453,False,0.9845017120201838,0.9487707346815506,0.8709677419354839,0.8709677419354839,0.7233486943164362,1,27,0.9794557577941971,0.9481051220086655,0.8709677419354839,0.8709677419354839,0.7233486943164362,1,27,0.18363669129572896,0.09065293505794247,0.0,0.0,-0.14761904761904762,1,0,0.208325824472878,0.09228420127307178,0.0,0.0,-0.14761904761904762,1,0,2.40942147642059,1.3199797820189718,1.0894416944016183,1.0,-0.7145888762091768,0.9415259545816037,-1.6561148307907805,0.0967741935483871,0.816363308704271
resp,n300,4,384,0.01,210,90,2352,0,2,31,0.14761904761904762,0.546875,0.6015994050108465,0.6870205371157988,0.6752921031324347,0.7714285714285715,0.5888888888888889,0.5684523809523809,2.8179267337018437,2.158977165847769,2.176934690313003e-09,0.6530699294825877,0.5922619047619048,3.702778123593051,7.68684866752945e-10,2.8957911937946585,0.6356847842048773,0.6931471805599453,True,0.8017660839790953,0.39954328920800297,0.3548387096774194,0.3548387096774194,0.20721966205837175,1,11,0.8549288160028834,0.628867057201057,0.5806451612903226,0.5806451612903226,0.43302611367127497,1,18,0.16147053523157326,0.08982529368154489,0.0,0.0,-0.14761904761904762,1,0,0.3014957650027032,0.10249813738234832,0.0,0.0,-0.14761904761904762,1,0,0.9423105561262936,0.4136214420819118,0.5286891140443817,1.0,-0.0010606929587483882,0.2438582286984326,-0.244918921657181,0.4838709677419355,0.8385294647684267
resp,n300,4,384,0.1,210,90,2352,0,2,31,0.14761904761904762,0.546875,0.6796567186786971,0.6910664593163571,0.6886121879985648,0.7142857142857143,0.5333333333333333,0.5803571428571429,0.3629737451843612,1.121665321666786,5.319043766617283e-10,0.6801681849983344,0.6050170068027211,0.6173416611579274,1.1625724664238502e-09,0.45324029174338043,0.6859950247796793,0.6931471805599453,True,0.6076770589295368,0.2068323731297654,0.06451612903225806,0.06451612903225806,-0.08310291858678956,1,2,0.7271580464948639,0.2975893891110315,0.3548387096774194,0.3548387096774194,0.20721966205837175,1,11,0.1562443683546585,0.0896861067735166,0.0,0.0,-0.14761904761904762,1,0,0.6500270318976392,0.20729423276559777,0.25806451612903225,0.25806451612903225,0.11044546850998463,1,8,0.17193386207139835,0.06899103437220629,0.10294282769919207,1.0,0.01966023255878545,0.03579921114152623,-0.01613897858274078,0.8064516129032258,0.8437556316453415
resp,n300,4,384,1.0,210,90,2352,0,2,31,0.14761904761904762,0.546875,0.6917089978696329,0.6929019611986658,0.6926287663042382,0.7095238095238096,0.5444444444444444,0.5837585034013606,0.03787488318944024,1.0121865037221072,2.07199529716306e-09,0.6915838378766486,0.6054421768707483,0.0674999319753291,5.403298603273607e-12,0.04915294343793832,0.6991322082118864,0.6931471805599453,True,0.575779419715264,0.1771504893446032,0.06451612903225806,0.06451612903225806,-0.08310291858678956,1,2,0.706433591638133,0.25039068482661453,0.2903225806451613,0.2903225806451613,0.1427035330261137,1,9,0.1564245810055866,0.08973981630598792,0.0,0.0,-0.14761904761904762,1,0,0.6995855109028654,0.2429356151375943,0.25806451612903225,0.25806451612903225,0.11044546850998463,1,8,0.01897719808515594,0.007518521768534145,0.011458676316621792,1.0,0.00245066652240833,0.0038075491049218554,-0.0013568825825135255,0.8709677419354839,0.8435754189944134
resp,n1000,0,32,1e-06,699,300,2352,1,2,104,0.14878397711015737,21.84375,0.6104179267317447,0.630194824490795,0.6661839767543138,0.6523605150214592,0.65,0.5973639455782312,6.02010660936505,4.363299372232431,5.588854564597253e-09,0.8748345550836276,0.6079931972789115,15.205534431724494,1.990996744232655e-10,11.564933706799739,0.730302709082292,0.6931471805599453,True,0.5089366515837104,0.15176167810145202,0.14423076923076922,0.14423076923076922,-0.004553207879388149,1,15,0.6206690368455074,0.22913497976072175,0.27884615384615385,0.27884615384615385,0.1300621767359965,1,29,0.2609243697478992,0.09748802288743191,0.0,0.0,-0.14878397711015737,1,0,0.27543632837750487,0.09853277294042219,0.0,0.0,-0.14878397711015737,1,0,3.1516719376051645,1.6553736092470686,1.496298328358096,1.0,0.4501434700403983,0.511284701033277,-0.06114123099287866,0.7211538461538461,0.7390756302521009
resp,n1000,0,32,1e-05,699,300,2352,1,2,104,0.14878397711015737,21.84375,0.6104185705996438,0.6301581975475558,0.666036549242711,0.65379113018598,0.65,0.5965136054421769,6.000592208317506,4.3450938388527,5.162372128873727e-09,0.8704307989419389,0.6079931972789115,15.049316419665667,1.4572468235238622e-10,11.423583873117591,0.7308069293519706,0.6931471805599453,True,0.5086296056884292,0.1515875993096059,0.14423076923076922,0.14423076923076922,-0.004553207879388149,1,15,0.6207175177763413,0.22915559823953008,0.27884615384615385,0.27884615384615385,0.1300621767359965,1,29,0.26105365223012283,0.09750757126028153,0.0,0.0,-0.14878397711015737,1,0,0.27596961861667746,0.09858598331695331,0.0,0.0,-0.14878397711015737,1,0,3.121134075264161,1.639216749451797,1.4819173258123641,1.0,0.44969887853192775,0.5100894877272834,-0.060390609195355605,0.7211538461538461,0.7389463477698772
resp,n1000,0,32,0.0001,699,300,2352,1,2,104,0.14878397711015737,21.84375,0.6104775415246305,0.6298511102548804,0.6646777900339818,0.6509298998569385,0.65,0.5994897959183674,5.815843892403283,4.175519766246268,9.903716782179984e-10,0.8351967513384363,0.6071428571428571,13.774277103852754,8.644022932422727e-10,10.283217706007873,0.7353113683110151,0.6931471805599453,True,0.5065449256625727,0.15067656074804672,0.14423076923076922,0.14423076923076922,-0.004553207879388149,1,15,0.6212669683257919,0.22913925754546047,0.27884615384615385,0.27884615384615385,0.1300621767359965,1,29,0.2606496444731739,0.09749029696685065,0.0,0.0,-0.14878397711015737,1,0,0.2783290239172592,0.09878103529225807,0.009615384615384616,0.009615384615384616,-0.13916859249477276,1,1,2.870965410072149,1.5066738170209262,1.364291593051223,1.0,0.44536568365414486,0.49867121840903267,-0.05330553475488781,0.7211538461538461,0.7393503555268262
resp,n1000,0,32,0.001,699,300,2352,1,2,104,0.14878397711015737,21.84375,0.6135328112077119,0.6298803013442943,0.6576248881825439,0.6523605150214592,0.6433333333333333,0.6028911564625851,4.5932827691421405,3.1748145612287337,4.979968347937082e-10,0.7191309565216478,0.608843537414966,8.99995791377261,5.07137926536013e-10,6.2425652541441865,0.7635323927286534,0.6931471805599453,True,0.4904492566257272,0.14225116881245492,0.14423076923076922,0.14423076923076922,-0.004553207879388149,1,15,0.6233839689722043,0.22651506656341974,0.2692307692307692,0.2692307692307692,0.12044679212061185,1,28,0.2585649644473174,0.09739135323601997,0.0,0.0,-0.14878397711015737,1,0,0.3050904977375566,0.10129595221686177,0.009615384615384616,0.009615384615384616,-0.13916859249477276,1,1,1.9165783071939506,0.9986269217069348,0.9179513854870158,1.0,0.4092427328914589,0.41773414229872197,-0.008491409407263062,0.75,0.7414350355526826
resp,n1000,0,32,0.01,699,300,2352,1,2,104,0.14878397711015737,21.84375,0.6431913155445198,0.6499258770744464,0.6615219312856597,0.6351931330472103,0.6466666666666666,0.60671768707483,1.8884536867357649,1.636293012125582,1.035332747147702e-10,0.6509438215208604,0.6118197278911565,3.335859366875185,2.9292001207569306e-10,2.017826992846731,0.8431140409730383,0.6931471805599453,True,0.43127020038784747,0.12191198049140359,0.07692307692307693,0.07692307692307693,-0.07186090018708044,1,8,0.6384453781512605,0.24170992870418115,0.3076923076923077,0.3076923076923077,0.15890833058215034,1,32,0.2540562378797673,0.09710981560856011,0.0,0.0,-0.14878397711015737,1,0,0.47572721396250806,0.13229613594758413,0.08653846153846154,0.08653846153846154,-0.06224551557169583,1,9,0.7310209930279883,0.3733325718667117,0.3576884211612766,1.0,0.23829878735406393,0.19386713064117456,0.04443165671288937,0.8557692307692307,0.7459437621202327
resp,n1000,0,32,0.1,699,300,2352,1,2,104,0.14878397711015737,21.84375,0.6825757239827206,0.683607551308805,0.6856265200291837,0.6337625178826896,0.66,0.6096938775510204,0.31792151265864027,1.0833582734557978,7.995825250626996e-11,0.6792792413916204,0.6139455782312925,0.5799715209467735,1.1266291370470961e-11,0.3322219314917286,0.8869183794795359,0.6931471805599453,True,0.39062702003878474,0.11325297176047532,0.019230769230769232,0.019230769230769232,-0.12955320787938812,1,2,0.6434389140271494,0.25287119983863804,0.2692307692307692,0.2692307692307692,0.12044679212061185,1,28,0.2503070458952812,0.09687655043543712,0.0,0.0,-0.14878397711015737,1,0,0.6263089851325145,0.23108831903114346,0.25,0.25,0.10121602288984263,1,26,0.12853912231166426,0.06485182472415729,0.06368729758750696,1.0,0.047031204911217386,0.03415069844282536,0.012880506468392026,0.9038461538461539,0.7496929541047188
resp,n1000,0,32,1.0,699,300,2352,1,2,104,0.14878397711015737,21.84375,0.6919581561518166,0.6920674573418351,0.6922881463292139,0.630901287553648,0.6633333333333333,0.6101190476190477,0.034402327743152036,1.0085326863797768,8.474633319609906e-13,0.6914861221594005,0.6143707482993197,0.06341279222630951,1.0082854911976871e-10,0.036147484214483924,0.8934165927790418,0.6931471805599453,True,0.3838396897220427,0.11209484439173846,0.019230769230769232,0.019230769230769232,-0.12955320787938812,1,2,0.645071105365223,0.23857590300128673,0.25,0.25,0.10121602288984263,1,26,0.24940206851971558,0.09681619148366251,0.0,0.0,-0.14878397711015737,1,0,0.643584356819651,0.23825713204961071,0.25,0.25,0.10121602288984263,1,26,0.014076848790265791,0.007087319744802975,0.006989529045462816,1.0,0.005206781967388349,0.003716733621602217,0.0014900483457861318,0.9134615384615384,0.7505979314802844
resp,n1000,0,64,1e-06,699,300,2352,1,2,104,0.14878397711015737,10.921875,0.5789250706112891,0.6345309953858007,0.6811437506128691,0.6967095851216023,0.6266666666666667,0.594812925170068,9.975620751254652,8.11734006105035,1.93599958250471e-09,0.9698427022121707,0.6058673469387755,20.593749062954743,3.348918939013656e-09,14.790878930855762,0.7419494523261942,0.6931471805599453,True,0.6023109243697479,0.24043867612097297,0.25961538461538464,0.25961538461538464,0.11083140750522727,1,27,0.6649644473173885,0.3051368465148153,0.33653846153846156,0.33653846153846156,0.1877544844283042,1,35,0.3005171299288946,0.10138074283251174,0.0,0.0,-0.14878397711015737,1,0,0.31535229476405946,0.10260580677060321,0.009615384615384616,0.009615384615384616,-0.13916859249477276,1,1,3.484667509690463,2.07930005322389,1.405367456466573,0.9903846153846154,0.3050188097628754,0.6844087432445628,-0.3793899334816874,0.6057692307692307,0.6994828700711053
resp,n1000,0,64,1e-05,699,300,2352,1,2,104,0.14878397711015737,10.921875,0.5789294763556445,0.6341829280745266,0.6805164729940213,0.6967095851216023,0.6266666666666667,0.5952380952380952,9.894605154424344,8.01427149070732,1.824340414333358e-09,0.9584117780816822,0.60671768707483,20.133277799841597,3.6357579357522172e-09,14.423735731207886,0.7409434700938463,0.6931471805599453,True,0.6017937944408532,0.23929838193083552,0.25961538461538464,0.25961538461538464,0.11083140750522727,1,27,0.6645927601809954,0.30507265665615807,0.33653846153846156,0.33653846153846156,0.1877544844283042,1,35,0.29970911441499676,0.1012952053672062,0.0,0.0,-0.14878397711015737,1,0,0.3149159663865546,0.10256427547622603,0.009615384615384616,0.009615384615384616,-0.13916859249477276,1,1,3.4257650831589506,2.0394609418762766,1.386304141282674,0.9903846153846154,0.3055143221535275,0.680775783844907,-0.3752614616913795,0.6057692307692307,0.7002908855850032
resp,n1000,0,64,0.0001,699,300,2352,1,2,104,0.14878397711015737,10.921875,0.5792847450039247,0.6314040896847888,0.6752684451085238,0.6967095851216023,0.6333333333333333,0.5960884353741497,9.187184244724232,7.170352889458545,9.780972024859791e-10,0.883226664928792,0.608843537414966,17.033612684338465,1.768938005332455e-09,12.03745439302319,0.7337421897195066,0.6931471805599453,True,0.596945701357466,0.23446310671964898,0.25961538461538464,0.25961538461538464,0.11083140750522727,1,27,0.6627343244990304,0.3022165185839247,0.33653846153846156,0.33653846153846156,0.1877544844283042,1,35,0.29343891402714933,0.100704031304802,0.0,0.0,-0.14878397711015737,1,0,0.31069812540400776,0.10209593927167568,0.0,0.0,-0.14878397711015737,1,0,3.0190704882423227,1.7665787818387737,1.252491706403549,0.9903846153846154,0.3097924651452503,0.6486326094860551,-0.3388401443408048,0.6153846153846154,0.7065610859728506
resp,n1000,0,64,0.001,699,300,2352,1,2,104,0.14878397711015737,10.921875,0.5895750276692239,0.6257245551135833,0.6574699657344553,0.6895565092989986,0.6633333333333333,0.6041666666666666,5.997415207308572,4.228867262597577,1.3546127156695925e-09,0.7220844169659569,0.6105442176870748,9.629710092463268,1.984192833059547e-09,6.647826475565124,0.7316171259753305,0.6931471805599453,True,0.5619747899159664,0.19515410304196185,0.22115384615384615,0.22115384615384615,0.07236986904368878,1,23,0.6509696186166775,0.28210565773487084,0.3076923076923077,0.3076923076923077,0.15890833058215034,1,32,0.2749353587588882,0.09911600987390567,0.0,0.0,-0.14878397711015737,1,0,0.3144311570782159,0.10253320686386211,0.0,0.0,-0.14878397711015737,1,0,1.914481867308267,1.0602433497944268,0.8542385175138403,1.0,0.3216135091923109,0.4887723104161009,-0.16715880122379,0.6923076923076923,0.7250646412411118
resp,n1000,0,64,0.01,699,300,2352,1,2,104,0.14878397711015737,10.921875,0.6367863061444603,0.6479483387032711,0.6604215925127869,0.6766809728183119,0.6566666666666666,0.6075680272108843,2.039814746380581,1.7452004057058867,2.0808068600245735e-09,0.6504273008410163,0.608843537414966,3.381711665134426,1.3356088000932091e-09,2.075535206120418,0.8182708531993129,0.6931471805599453,True,0.4705559146735617,0.13537286173196394,0.125,0.125,-0.023783977110157367,1,13,0.6399967679379444,0.25137001167575135,0.3076923076923077,0.3076923076923077,0.15890833058215034,1,32,0.26037491919844863,0.09782810706180765,0.0,0.0,-0.14878397711015737,1,0,0.4452650290885585,0.1239598539340738,0.04807692307692308,0.04807692307692308,-0.1007070540332343,1,5,0.7292472507451776,0.3820173381174784,0.3472299126276992,1.0,0.21775047535036646,0.20650663839913252,0.011243836951233932,0.8173076923076923,0.7396250808015514
resp,n1000,0,64,0.1,699,300,2352,1,2,104,0.14878397711015737,10.921875,0.6817972553230319,0.6833248625808718,0.6854724122004987,0.6595135908440629,0.6533333333333333,0.6079931972789115,0.3298378474869366,1.0917527862863663,2.1506589566092783e-10,0.679201158201025,0.610969387755102,0.5834065528690805,1.7400022018588746e-10,0.3370572600928104,0.8718738747310603,0.6931471805599453,True,0.4179541047188106,0.11870008571333555,0.04807692307692308,0.04807692307692308,-0.1007070540332343,1,5,0.6350032320620556,0.24881170550819817,0.22115384615384615,0.22115384615384615,0.07236986904368878,1,23,0.2542663219133807,0.09731303334803879,0.0,0.0,-0.14878397711015737,1,0,0.6119747899159664,0.21252548325423584,0.22115384615384615,0.22115384615384615,0.07236986904368878,1,23,0.12837360483471474,0.06583572948730516,0.06253787534740958,1.0,0.04465212251307201,0.03557943786785644,0.009072684645215573,0.8846153846153846,0.7457336780866193
resp,n1000,0,64,1.0,699,300,2352,1,2,104,0.14878397711015737,10.921875,0.6918785140930961,0.6920377312349604,0.6922720931711472,0.6580829756795422,0.6533333333333333,0.608843537414966,0.03554003474111177,1.0093252188422257,1.8673983031475835e-12,0.6914779588193988,0.6126700680272109,0.06373680873874102,5.002578245218513e-10,0.03660657225626313,0.8797057548359589,0.6931471805599453,True,0.40948610213316095,0.11688013313785973,0.04807692307692308,0.04807692307692308,-0.1007070540332343,1,5,0.6345992243051066,0.22714565632203018,0.23076923076923078,0.23076923076923078,0.08198525365907341,1,24,0.2531674208144796,0.09722750776426468,0.0,0.0,-0.14878397711015737,1,0,0.63180349062702,0.2253136535624693,0.22115384615384615,0.22115384615384615,0.07236986904368878,1,23,0.014060104935231018,0.007187210459092638,0.00687289447613838,1.0,0.004965154460961931,0.0038617850599977264,0.0011033694009642049,0.8942307692307693,0.7468325791855204
resp,n1000,0,128,1e-06,699,300,2352,1,2,104,0.14878397711015737,5.4609375,0.5171846596192109,0.6990503977178448,0.748021339241049,0.7296137339055794,0.61,0.5909863945578231,18.28888562226677,17.216877545812252,3.2234937666668894e-09,1.215403887199275,0.5973639455782312,34.760068548362796,1.951073930466789e-09,26.377297448828156,0.6661580526945088,0.6931471805599453,False,0.7195539754363284,0.3364017801709585,0.3557692307692308,0.3557692307692308,0.20698525365907341,1,37,0.7614414996767938,0.4054882187864842,0.4230769230769231,0.4230769230769231,0.2742929459667657,1,44,0.3264059469941823,0.10363013642259362,0.028846153846153848,0.028846153846153848,-0.11993782326400351,1,3,0.3345669036845507,0.10503264529805308,0.038461538461538464,0.038461538461538464,-0.1103224386486189,1,4,4.714423932190576,3.0265964167737005,1.6878275154168758,0.9711538461538461,-0.05778170753065674,1.034601111986739,-1.092382819517396,0.49038461538461536,0.6735940530058178
resp,n1000,0,128,1e-05,699,300,2352,1,2,104,0.14878397711015737,5.4609375,0.5172192398060598,0.6957419932954279,0.7442476898032323,0.7281831187410587,0.6066666666666667,0.5914115646258503,17.937604003235634,16.670881858967082,3.3149613452413692e-09,1.16369314578959,0.6007653061224489,32.50242143714618,4.039757289535931e-09,24.445877335582765,0.6694196218425871,0.6931471805599453,False,0.7185035552682612,0.3345504384140558,0.3557692307692308,0.3557692307692308,0.20698525365907341,1,37,0.7613122171945701,0.4054229795366035,0.4230769230769231,0.4230769230769231,0.2742929459667657,1,44,0.3244343891402715,0.10335995000834816,0.028846153846153848,0.028846153846153848,-0.11993782326400351,1,3,0.33240142210730445,0.10468324155925655,0.04807692307692308,0.04807692307692308,-0.1007070540332343,1,5,4.469166253690735,2.862285532402751,1.6068807212879834,0.9711538461538461,-0.05027397058360082,1.0204549400208043,-1.0707289106044051,0.49038461538461536,0.6755656108597285
resp,n1000,0,128,0.0001,699,300,2352,1,2,104,0.14878397711015737,5.4609375,0.5193804194844841,0.673129822932647,0.7179435014158428,0.7310443490701002,0.6033333333333334,0.5914115646258503,15.337789158429697,13.193926294595455,3.2946243846920166e-09,0.9565753825284419,0.6062925170068028,23.010476697251864,1.5319228290595773e-09,16.83687569454247,0.6817919263018414,0.6931471805599453,False,0.7093083387201035,0.32519679822408537,0.3269230769230769,0.3269230769230769,0.17813909981291956,1,34,0.7567873303167421,0.40066729281793745,0.40384615384615385,0.40384615384615385,0.2550621767359965,1,42,0.311748545572075,0.10187744026404201,0.009615384615384616,0.009615384615384616,-0.13916859249477276,1,1,0.3212508080155139,0.10309789057480657,0.038461538461538464,0.038461538461538464,-0.1103224386486189,1,4,3.4338025353990775,2.1585379144079915,1.275264620991086,0.9903846153846154,0.007313846208198049,0.9146168184940566,-0.9073029722858585,0.5384615384615384,0.688251454427925
resp,n1000,0,128,0.001,699,300,2352,1,2,104,0.14878397711015737,5.4609375,0.5512704067864598,0.6325291582757763,0.6632042848975274,0.7181688125894135,0.62,0.5952380952380952,7.943326720826468,5.696243286816492,1.565249555184288e-09,0.7248671115655634,0.6122448979591837,10.651123374953679,7.645281699024761e-10,7.640986323647354,0.6982903118924757,0.6931471805599453,True,0.6498868778280543,0.26850889349003804,0.25,0.25,0.10121602288984263,1,26,0.7230446024563671,0.35951854575737746,0.375,0.375,0.22621602288984263,1,39,0.28285391079508726,0.09945154539574573,0.0,0.0,-0.14878397711015737,1,0,0.30858112475759536,0.10166403356687918,0.009615384615384616,0.009615384615384616,-0.13916859249477276,1,1,1.9556137522763342,1.1433135144978104,0.8123002377785238,1.0,0.18165273249430777,0.588332790744277,-0.4066800582499692,0.625,0.7171460892049127
resp,n1000,0,128,0.01,699,300,2352,1,2,104,0.14878397711015737,5.4609375,0.6284817422311936,0.6485474200442738,0.6599069252945506,0.6952789699570815,0.6433333333333333,0.6058673469387755,2.2249234023469384,1.85824142759044,5.149114283636465e-09,0.6499030815004734,0.6113945578231292,3.458814042806519,8.650255678195953e-11,2.1704567114785447,0.7928428093097575,0.6931471805599453,True,0.5142210730446024,0.15582971394972417,0.17307692307692307,0.17307692307692307,0.024292945966765706,1,18,0.6569974143503555,0.2713654042158574,0.3173076923076923,0.3173076923076923,0.16852371519753492,1,33,0.2611021331609567,0.09783465114887581,0.0,0.0,-0.14878397711015737,1,0,0.41570782159017455,0.11780593360692437,0.019230769230769232,0.019230769230769232,-0.12955320787938812,1,2,0.7351630354189591,0.39485242819685584,0.34031060722210327,1.0,0.19333786734783545,0.22275221260436934,-0.029414345256533886,0.7692307692307693,0.7388978668390433
resp,n1000,0,128,0.1,699,300,2352,1,2,104,0.14878397711015737,5.4609375,0.6808481928319445,0.6834695418781253,0.6853908438233375,0.6752503576537912,0.6533333333333333,0.6092687074829932,0.3438491305994579,1.0996690157461662,3.854614845726196e-10,0.6791180195689323,0.6079931972789115,0.5890569637120217,7.868100339929716e-12,0.34443762981496256,0.8555632053362116,0.6931471805599453,True,0.4466386554621849,0.12587436862690754,0.09615384615384616,0.09615384615384616,-0.05263013095631121,1,10,0.6326276664511958,0.2710175970231817,0.28846153846153844,0.28846153846153844,0.13967756135138107,1,30,0.25418552036199094,0.09730955166172381,0.0,0.0,-0.14878397711015737,1,0,0.5986748545572075,0.20474300811609045,0.23076923076923078,0.23076923076923078,0.08198525365907341,1,24,0.12912757273573514,0.0672779869038337,0.061849585831901435,1.0,0.04198807462787465,0.03735577573784283,0.004632298890031819,0.8557692307692307,0.7458144796380091
resp,n1000,0,128,1.0,699,300,2352,1,2,104,0.14878397711015737,5.4609375,0.6917822109542785,0.692054349422019,0.6922636754884242,0.6752503576537912,0.6533333333333333,0.6105442176870748,0.036869292055578824,1.0100629024467844,7.372669471543655e-10,0.6914693267367754,0.6071428571428571,0.06426493410535301,3.697806762416494e-12,0.03730081249093944,0.8647698363822484,0.6931471805599453,True,0.4364738202973497,0.12302367011438237,0.08653846153846154,0.08653846153846154,-0.06224551557169583,1,9,0.6278118939883646,0.23199838427088063,0.2403846153846154,0.2403846153846154,0.09160063827445802,1,25,0.25323206205559146,0.09723466263893951,0.0,0.0,-0.14878397711015737,1,0,0.6249030381383323,0.23172327097894918,0.2403846153846154,0.2403846153846154,0.09160063827445802,1,25,0.014136336376114307,0.007332892891864497,0.0068034434842498106,1.0,0.004696153508848274,0.004041161700740001,0.0006549918081082727,0.8653846153846154,0.7467679379444085
resp,n1000,0,256,1e-06,699,300,2352,1,2,104,0.14878397711015737,2.73046875,0.3444029568304388,1.3019057209966733,1.4777886993762839,0.8540772532188842,0.61,0.5697278911564626,74.41954057687171,205.35392097552037,2.6876990403613245e-09,5.400852315201867,0.5892857142857143,262.28520696900296,1.5106849912297534e-09,230.65091528303657,0.5413135033226129,0.6931471805599453,False,0.9040239172592114,0.6874042518079341,0.625,0.625,0.47621602288984266,1,65,0.913623141564318,0.7403172447171629,0.6538461538461539,0.6538461538461539,0.5050621767359965,1,68,0.3960084033613445,0.11562538274590545,0.038461538461538464,0.038461538461538464,-0.1103224386486189,1,4,0.39762443438914025,0.1160164303911778,0.038461538461538464,0.038461538461538464,-0.1103224386486189,1,4,18.02333121491134,13.520225951040821,4.50310526387052,1.0,-1.8122996009902979,2.764838039686841,-4.5771376406771385,0.25961538461538464,0.6039915966386555
resp,n1000,0,256,1e-05,699,300,2352,1,2,104,0.14878397711015737,2.73046875,0.3494117178892938,1.074427297981313,1.2253155869947596,0.8497854077253219,0.6133333333333333,0.5680272108843537,57.592622816638816,101.64045831711168,4.629011592790901e-09,2.0352469526167183,0.5965136054421769,87.66692343629092,2.295077708711078e-09,69.82046393056214,0.6068074126735554,0.6931471805599453,False,0.8984486102133161,0.6770164924298865,0.6153846153846154,0.6153846153846154,0.4666006382744581,1,64,0.9098739495798319,0.7328794624393506,0.6442307692307693,0.6442307692307693,0.49544679212061193,1,67,0.38144796380090495,0.11258169686051632,0.038461538461538464,0.038461538461538464,-0.1103224386486189,1,4,0.38577892695539756,0.11342452897869423,0.038461538461538464,0.038461538461538464,-0.1103224386486189,1,4,7.263587433307058,5.373163971503626,1.8904234618034321,1.0,-1.401381616405074,2.2629062811451512,-3.664287897550225,0.27884615384615385,0.618552036199095
resp,n1000,0,256,0.0001,699,300,2352,1,2,104,0.14878397711015737,2.73046875,0.39102858330117196,0.7502619174451646,0.8546327419201519,0.8340486409155937,0.63,0.5693027210884354,29.929296220923693,31.387777569222337,6.559829312949843e-09,1.0570033253419073,0.6011904761904762,32.71138488675099,1.3927922524761013e-09,25.303443001349788,0.6769634065674854,0.6931471805599453,False,0.8672268907563025,0.6150727985073642,0.5673076923076923,0.5673076923076923,0.41852371519753495,1,59,0.8881544925662572,0.678735795393362,0.6057692307692307,0.6057692307692307,0.4569852536590734,1,63,0.34565287653522947,0.10617759562531609,0.019230769230769232,0.019230769230769232,-0.12955320787938812,1,2,0.3547511312217195,0.10757395499347303,0.028846153846153848,0.028846153846153848,-0.11993782326400351,1,3,3.6462377490741904,2.596945308631251,1.0492924404429393,1.0,-0.6497789998299717,1.4042094333707897,-2.0539884332007614,0.34615384615384615,0.6543471234647705
resp,n1000,0,256,0.001,699,300,2352,1,2,104,0.14878397711015737,2.73046875,0.5038050548674103,0.6252011722841736,0.6716216102704481,0.7696709585121603,0.6533333333333333,0.5884353741496599,10.179769414670847,7.5855086231009965,1.5718360002339583e-09,0.7291899319141549,0.6054421768707483,11.611920390170615,3.3867284652008966e-09,8.71986525783487,0.6870523785779474,0.6931471805599453,True,0.7528280542986425,0.40841711863306895,0.41346153846153844,0.41346153846153844,0.2646775613513811,1,43,0.8036199095022625,0.4996803762845384,0.46153846153846156,0.46153846153846156,0.3127544844283042,1,48,0.2920168067226891,0.10010350750964324,0.0,0.0,-0.14878397711015737,1,0,0.31278280542986425,0.102128891318767,0.019230769230769232,0.019230769230769232,-0.12955320787938812,1,2,1.9503874242193482,1.211683079917873,0.7387043443014751,1.0,0.008593928545148578,0.6905550196763407,-0.6819610911311921,0.5384615384615384,0.7079831932773109
resp,n1000,0,256,0.01,699,300,2352,1,2,104,0.14878397711015737,2.73046875,0.6213903437796933,0.6457539742315257,0.6593666526286178,0.7181688125894135,0.6566666666666666,0.6084183673469388,2.375824819111756,1.9516216075141504,5.032048112831786e-09,0.6498011359109371,0.6075680272108843,3.512060055768014,2.006612169280052e-10,2.249097952481007,0.7742453693502837,0.6931471805599453,True,0.5536360698125404,0.18022488592841127,0.20192307692307693,0.20192307692307693,0.05313909981291956,1,21,0.6788299935358759,0.2988184258688238,0.34615384615384615,0.34615384615384615,0.19736986904368878,1,36,0.2636069812540401,0.09797793323937776,0.0,0.0,-0.14878397711015737,1,0,0.39520038784744665,0.11404609510517767,0.028846153846153848,0.028846153846153848,-0.11993782326400351,1,3,0.7365329900131415,0.4038262065067807,0.33270678350636085,1.0,0.16990921311185228,0.23568521025251726,-0.06577599714066498,0.7403846153846154,0.73639301874596
resp,n1000,0,256,0.1,699,300,2352,1,2,104,0.14878397711015737,2.73046875,0.6800973889675184,0.6831093450500896,0.6852846398193917,0.6809728183118741,0.6533333333333333,0.6101190476190477,0.35457491591293844,1.105557136887748,5.663119742371508e-10,0.6790762138412025,0.6084183673469388,0.5926231416850785,1.8802458523671414e-11,0.35012197838992953,0.8431479052172822,0.6931471805599453,True,0.4708629605688429,0.13360352064059125,0.1346153846153846,0.1346153846153846,-0.014168592494772758,1,14,0.6365061409179056,0.2780257367353705,0.27884615384615385,0.27884615384615385,0.1300621767359965,1,29,0.2551066580478345,0.09733509688817218,0.0,0.0,-0.14878397711015737,1,0,0.5923400129282482,0.19634596013899805,0.22115384615384615,0.22115384615384615,0.07236986904368878,1,23,0.1293550605940318,0.06823315362909571,0.06112190696493608,1.0,0.03954931314473587,0.03869755612697663,0.0008517570177592401,0.8461538461538461,0.7448933419521655
resp,n1000,0,256,1.0,699,300,2352,1,2,104,0.14878397711015737,2.73046875,0.6917066727733396,0.6920170201970153,0.6922522249802764,0.6766809728183119,0.65,0.6122448979591837,0.03787962226827673,1.0106053361187624,3.3341836527991864e-12,0.6914645693717347,0.6084183673469388,0.06459485629422747,4.5994899424769945e-12,0.037830870270433005,0.8533875706801977,0.6931471805599453,True,0.4591952165481577,0.12948192465067693,0.125,0.125,-0.023783977110157367,1,13,0.628409825468649,0.23287987014734607,0.2692307692307692,0.2692307692307692,0.12044679212061185,1,28,0.25421784098254685,0.0972672006102375,0.0,0.0,-0.14878397711015737,1,0,0.6247414350355527,0.22934359535833856,0.25961538461538464,0.25961538461538464,0.11083140750522727,1,27,0.014159255112326241,0.007428821702976795,0.006730433409349446,1.0,0.004451287235721658,0.004175884697157812,0.0002754025385638464,0.8557692307692307,0.7457821590174532
resp,n1000,0,384,1e-06,699,300,2352,1,2,104,0.14878397711015737,1.8203125,0.08277018642021365,4.136492864248895,4.201698151402035,0.9957081545064378,0.59,0.5671768707482994,327.6470407731172,2024.3548094707085,7.940939297463683e-09,3.952217325542608,0.5943877551020408,223.5080389369005,8.932731817205457e-10,270.54340886845665,0.5743048167805905,0.6931471805599453,False,0.9999191984486102,0.9995331457339336,0.9903846153846154,0.9903846153846154,0.8416006382744581,1,103,0.9999353587588882,0.9996283475618086,0.9903846153846154,0.9903846153846154,0.8416006382744581,1,103,0.37168713639301876,0.1109874530722374,0.038461538461538464,0.038461538461538464,-0.1103224386486189,1,4,0.37327084680025857,0.11128685848732621,0.038461538461538464,0.038461538461538464,-0.1103224386486189,1,4,13.826309141417267,10.398276608527633,3.4280325328896346,1.0,-5.2269761593534945,7.327923051795201,-12.554899211148696,0.0,0.6283128636069812
resp,n1000,0,384,1e-05,699,300,2352,1,2,104,0.14878397711015737,1.8203125,0.2089418175550512,1.5626916558116033,1.640053602722821,0.9370529327610873,0.59,0.5705782312925171,107.34750499164453,360.4144171569155,4.250994121769037e-09,2.05047086527065,0.5994897959183674,102.83357307515905,1.8585464161203407e-09,92.47956162303716,0.6135451683408649,0.6931471805599453,False,0.978765352294764,0.9049821116299481,0.8365384615384616,0.8365384615384616,0.6877544844283042,1,87,0.9816418875242404,0.9257547960599634,0.8557692307692307,0.8557692307692307,0.7069852536590734,1,89,0.3680672268907563,0.11016151364294183,0.009615384615384616,0.009615384615384616,-0.13916859249477276,1,1,0.3712508080155139,0.11072958822991368,0.038461538461538464,0.038461538461538464,-0.1103224386486189,1,4,7.271928162741181,5.505620734203372,1.766307428537809,1.0,-2.198849848500311,3.0810123214754066,-5.279862169975718,0.07692307692307693,0.6319327731092437
resp,n1000,0,384,0.0001,699,300,2352,1,2,104,0.14878397711015737,1.8203125,0.341887945375059,0.8006885902647269,0.8759952482830975,0.876967095851216,0.6433333333333333,0.5718537414965986,35.862471471754,53.32793056865885,1.8468357511072018e-08,1.0594287163983536,0.6071428571428571,35.62180634125552,3.5845069032972874e-09,29.635417344959258,0.6562780210128424,0.6931471805599453,False,0.9210084033613445,0.7277429837895794,0.625,0.625,0.47621602288984266,1,65,0.9337588881706529,0.7750620658453897,0.7019230769230769,0.7019230769230769,0.5531390998129195,1,73,0.34164511958629606,0.10558020605994664,0.009615384615384616,0.009615384615384616,-0.13916859249477276,1,1,0.34932126696832577,0.10670783545063654,0.028846153846153848,0.028846153846153848,-0.11993782326400351,1,3,3.6789911659067087,2.6584120118303236,1.020579154076385,1.0,-0.8445498707551079,1.5220094005873024,-2.3665592713424104,0.22115384615384615,0.6583548804137039
resp,n1000,0,384,0.001,699,300,2352,1,2,104,0.14878397711015737,1.8203125,0.4947659335418138,0.6290166149662493,0.6694156965268407,0.7868383404864091,0.65,0.5901360544217688,10.595005429702343,8.544423530705611,2.3638997120338248e-09,0.7276086369932429,0.6092687074829932,11.805457196843829,8.44087257376412e-09,9.013103889972918,0.6811178423033265,0.6931471805599453,True,0.7743051066580479,0.4417439570411196,0.4230769230769231,0.4230769230769231,0.2742929459667657,1,44,0.8218810601163542,0.5215159093400646,0.4807692307692308,0.4807692307692308,0.3319852536590734,1,50,0.29116031027795736,0.10006847808455413,0.0,0.0,-0.14878397711015737,1,0,0.3095507433742728,0.10179791147313838,0.009615384615384616,0.009615384615384616,-0.13916859249477276,1,1,1.9556867519470917,1.222016191745283,0.7336705602018088,1.0,-0.02287942196275385,0.707273341873612,-0.7301527638363658,0.5384615384615384,0.7088396897220426
resp,n1000,0,384,0.01,699,300,2352,1,2,104,0.14878397711015737,1.8203125,0.6203676331021033,0.6460462776186211,0.6589265489796515,0.7181688125894135,0.6433333333333333,0.6071428571428571,2.397149497486766,1.9825021477005507,4.5789016631771874e-09,0.6495450814884162,0.6118197278911565,3.521241728650065,2.630003826898219e-10,2.263112136804107,0.7714655061316308,0.6931471805599453,True,0.5597446670976083,0.18425577078700683,0.21153846153846154,0.21153846153846154,0.06275448442830417,1,22,0.6837427278603749,0.3001968755212002,0.34615384615384615,0.34615384615384615,0.19736986904368878,1,36,0.2629928894634777,0.09794111744368902,0.0,0.0,-0.14878397711015737,1,0,0.38910795087265676,0.11301023405037042,0.028846153846153848,0.028846153846153848,-0.11993782326400351,1,3,0.7375150191264216,0.4052114652992718,0.33230355382714977,1.0,0.16656041748202333,0.23751460574723027,-0.07095418826520694,0.7307692307692307,0.7370071105365223
resp,n1000,0,384,0.1,699,300,2352,1,2,104,0.14878397711015737,1.8203125,0.6799937900509111,0.6831315375747782,0.6852343264852514,0.6838340486409156,0.6533333333333333,0.6105442176870748,0.3560321014031228,1.107365512188283,5.958328550748801e-10,0.6790464682414281,0.608843537414966,0.5932140088502658,2.1720891563588874e-11,0.3510718054788988,0.8413941033631425,0.6931471805599453,True,0.4740142210730446,0.13447282650255132,0.1346153846153846,0.1346153846153846,-0.014168592494772758,1,14,0.63710407239819,0.27714421287389185,0.27884615384615385,0.27884615384615385,0.1300621767359965,1,29,0.2550258564964447,0.09733769791334128,0.0,0.0,-0.14878397711015737,1,0,0.5912087912087912,0.19493049303515175,0.23076923076923078,0.23076923076923078,0.08198525365907341,1,24,0.12946664754460865,0.06837849718748215,0.0610881503571265,1.0,0.039212710878642115,0.038882253701967164,0.0003304571766749517,0.8365384615384616,0.7449741435035553
resp,n1000,0,384,1.0,699,300,2352,1,2,104,0.14878397711015737,1.8203125,0.6916962992850852,0.6920190886890117,0.6922470883966618,0.6781115879828327,0.65,0.6096938775510204,0.03801629606905439,1.010770804864695,9.082596081536007e-10,0.6914615449912571,0.6092687074829932,0.06464920580851236,4.759857347161689e-12,0.037918993593450814,0.8517859639589782,0.6931471805599453,True,0.46184550743374275,0.130176228781283,0.11538461538461539,0.11538461538461539,-0.033399361725541976,1,12,0.628409825468649,0.23161319087207535,0.2692307692307692,0.2692307692307692,0.12044679212061185,1,28,0.25395927601809953,0.09724779521463435,0.0,0.0,-0.14878397711015737,1,0,0.6246929541047188,0.22834210245813225,0.25961538461538464,0.25961538461538464,0.11083140750522727,1,27,0.014170436157658903,0.007443373314266932,0.0067270628433919715,1.0,0.004417597593388295,0.004194370612479333,0.00022322698090896168,0.8557692307692307,0.7460407239819005
resp,n1000,1,32,1e-06,699,300,2352,1,2,104,0.14878397711015737,21.84375,0.6206612221598582,0.6443721106572243,0.6655327015866762,0.6452074391988555,0.61,0.5956632653061225,6.483786315148144,4.594994544673898,1.381524520890088e-09,0.8513126741817684,0.4481292517006803,6.822359615803599,1.153932988268185e-09,8.223334193838445,0.23692757111783028,0.6931471805599453,True,0.9278765352294764,0.7637045046573397,0.6923076923076923,0.6923076923076923,0.543523715197535,1,72,0.9497899159663865,0.812669294498645,0.75,0.75,0.6012160228898427,1,78,0.10816095669036846,0.08278061124175787,0.009615384615384616,0.009615384615384616,-0.13916859249477276,1,1,0.24065934065934066,0.09853334240253792,0.08653846153846154,0.08653846153846154,-0.06224551557169583,1,9,1.759158805130407,0.17702062636832716,1.5821381787620798,0.9326923076923077,-1.4057834123971078,0.13659697672834162,-1.5423803891254495,0.038461538461538464,0.8918390433096315
resp,n1000,1,32,1e-05,699,300,2352,1,2,104,0.14878397711015737,21.84375,0.6206622604499903,0.6443141035468792,0.6653497632831555,0.6437768240343348,0.61,0.5956632653061225,6.454530929326251,4.568942286377434,9.135082805991008e-09,0.8506588578090704,0.44727891156462585,6.79272126372148,1.040073147725357e-09,8.197761826017295,0.23491028232802263,0.6931471805599453,True,0.9282159017453135,0.7642246595694036,0.6923076923076923,0.6923076923076923,0.543523715197535,1,72,0.9499191984486102,0.81321269249519,0.75,0.75,0.6012160228898427,1,78,0.10775694893341953,0.08275788032863945,0.009615384615384616,0.009615384615384616,-0.13916859249477276,1,1,0.24099870717517777,0.09853670405275514,0.08653846153846154,0.08653846153846154,-0.06224551557169583,1,9,1.7541318207912346,0.1762082898073268,1.577923530983908,0.9326923076923077,-1.4022190019256284,0.1358795706352133,-1.5380985725608418,0.038461538461538464,0.8922430510665804
resp,n1000,1,32,0.0001,699,300,2352,1,2,104,0.14878397711015737,21.84375,0.6207545777201362,0.6438307664346109,0.6637159593901766,0.6437768240343348,0.6033333333333334,0.5956632653061225,6.182444181312639,4.3349431074075095,1.7005787838603643e-09,0.8445938750134311,0.4447278911564626,6.517159962297168,4.734145898479345e-10,7.959200253686304,0.21526768288020115,0.6931471805599453,True,0.9308823529411765,0.7688413055203589,0.7019230769230769,0.7019230769230769,0.5531390998129195,1,73,0.9508564964447317,0.8154961996842451,0.75,0.75,0.6012160228898427,1,78,0.10458952811893989,0.08259178779704215,0.0,0.0,-0.14878397711015737,1,0,0.24436005171299288,0.09839321343719483,0.08653846153846154,0.08653846153846154,-0.06224551557169583,1,9,1.7069889113460972,0.1686255809587659,1.5383633303873312,0.9326923076923077,-1.3686870356188892,0.12919254551433382,-1.497879581133223,0.028846153846153848,0.8954104718810602
resp,n1000,1,32,0.001,699,300,2352,1,2,104,0.14878397711015737,21.84375,0.6247824498918848,0.643403167211368,0.6568486864820533,0.642346208869814,0.6,0.6007653061224489,4.561748803095573,3.181935803933813,1.3868024106704762e-09,0.8084795667914263,0.4379251700680272,4.874710967328605,1.9586570796971143e-09,6.47779580628564,0.058697134467501313,0.6931471805599453,True,0.9483031674208144,0.8008973053067142,0.7307692307692307,0.7307692307692307,0.5819852536590734,1,76,0.9554137039431158,0.8295417055340505,0.7596153846153846,0.7596153846153846,0.6108314075052272,1,79,0.08306399482870071,0.0817119179346401,0.0,0.0,-0.14878397711015737,1,0,0.2802682611506141,0.100740641294195,0.08653846153846154,0.08653846153846154,-0.06224551557169583,1,9,1.4041787671720352,0.12240718783432719,1.281771579337708,0.9807692307692307,-1.1483585066976085,0.08895650846031802,-1.2373150151579266,0.009615384615384616,0.9169360051712993
resp,n1000,1,32,0.01,699,300,2352,1,2,104,0.14878397711015737,21.84375,0.65316664136494,0.66050931171635,0.6643822366902702,0.6251788268955651,0.6166666666666667,0.6028911564625851,1.704184740911494,1.629694191553805,9.608785137402733e-11,0.7373583136805377,0.4175170068027211,1.8983488958089054,5.97801409153659e-11,3.01978846979259,-0.40356066256418943,0.6931471805599453,True,0.9720588235294118,0.841800685904916,0.7884615384615384,0.7884615384615384,0.6396775613513811,1,82,0.9484486102133161,0.8040819614183892,0.75,0.75,0.6012160228898427,1,78,0.04605688429217841,0.08077304292942476,0.0,0.0,-0.14878397711015737,1,0,0.5762120232708468,0.16137339540052129,0.125,0.125,-0.023783977110157367,1,13,0.657415126977856,0.040188248816089796,0.6172268781617661,1.0,-0.5561546869740485,0.02328759564998364,-0.5794422826240321,0.0,0.9539431157078215
resp,n1000,1,32,0.1,699,300,2352,1,2,104,0.14878397711015737,21.84375,0.6848947250029896,0.6861632377269304,0.6866792451769791,0.6280400572246065,0.63,0.608843537414966,0.2810665787226221,1.0816493626387649,7.295886696646209e-11,0.6997486880294208,0.40773809523809523,0.3214314700020462,5.444723597282951e-11,0.5429163199497067,-0.6222990043649639,0.6931471805599453,True,0.9759372979961215,0.8424557320626328,0.8076923076923077,0.8076923076923077,0.6589083305821504,1,84,0.9138493859082094,0.6687887373913337,0.6442307692307693,0.6442307692307693,0.49544679212061193,1,67,0.03660310277957337,0.08057122075436121,0.0,0.0,-0.14878397711015737,1,0,0.8653846153846154,0.45891246851806117,0.49038461538461536,0.49038461538461536,0.34160063827445797,1,51,0.11839002912321718,0.00588133035746026,0.11250869876575692,1.0,-0.10020682899003007,0.002704036869440863,-0.10291086585947093,0.0,0.9633968972204267
resp,n1000,1,32,1.0,699,300,2352,1,2,104,0.14878397711015737,21.84375,0.6922217436294273,0.6923609496419627,0.6924144990766117,0.6266094420600858,0.6266666666666667,0.6096938775510204,0.030352212557235945,1.0083477472025586,9.23928317630327e-13,0.6938379501035694,0.40433673469387754,0.03486189694574537,9.506671022453813e-11,0.05929278297960233,-0.6516297671229817,0.6931471805599453,True,0.9764382676147382,0.8420772741173956,0.8076923076923077,0.8076923076923077,0.6589083305821504,1,84,0.8986102133160957,0.5854064604179504,0.5961538461538461,0.5961538461538461,0.4473698690436888,1,62,0.0355688429217841,0.08055029888609601,0.0,0.0,-0.14878397711015737,1,0,0.8933257918552037,0.5609782966583685,0.5961538461538461,0.5961538461538461,0.4473698690436888,1,62,0.01293639911138066,0.0006217650205705857,0.012314634090810074,1.0,-0.010937692086805758,0.0002724113248510506,-0.011210103411656808,0.0,0.9644311570782159
resp,n1000,1,64,1e-06,699,300,2352,1,2,104,0.14878397711015737,10.921875,0.6022798398581943,0.6688944961131964,0.6700245121865694,0.6494992846924177,0.5766666666666667,0.5973639455782312,8.883514376689027,7.440232791545034,2.8898625350840937e-09,0.8819812196707317,0.4770408163265306,11.078205588792121,8.179029110628112e-09,10.238601513363678,0.4918766507431655,0.6931471805599453,True,0.9117808661926309,0.7352378384404298,0.625,0.625,0.47621602288984266,1,65,0.9407724628312863,0.8006801176649618,0.7307692307692307,0.7307692307692307,0.5819852536590734,1,76,0.11824499030381383,0.08349841051584848,0.009615384615384616,0.009615384615384616,-0.13916859249477276,1,1,0.22045895281189398,0.09217377876570881,0.04807692307692308,0.04807692307692308,-0.1007070540332343,1,5,2.1349285016317125,0.3343141063622749,1.8006143952694376,0.9807692307692307,-1.458762368468411,0.2378035020830499,-1.6965658705514608,0.04807692307692308,0.8817550096961861
resp,n1000,1,64,1e-05,699,300,2352,1,2,104,0.14878397711015737,10.921875,0.6022830117915992,0.6684484027243076,0.6695934639899769,0.6509298998569385,0.5766666666666667,0.5973639455782312,8.818082194172575,7.362763417459811,1.2373022340468669e-09,0.8802518534323192,0.47746598639455784,10.974729744238573,6.832205425295173e-09,10.168011740947357,0.48986699301427616,0.6931471805599453,True,0.9123464770523594,0.7359395054369678,0.6346153846153846,0.6346153846153846,0.48583140750522724,1,66,0.9411118293471235,0.8017837742810949,0.7307692307692307,0.7307692307692307,0.5819852536590734,1,76,0.11755009696186167,0.08346117717334331,0.009615384615384616,0.009615384615384616,-0.13916859249477276,1,1,0.22055591467356173,0.09221330133270546,0.04807692307692308,0.04807692307692308,-0.1007070540332343,1,5,2.1227645913914155,0.33135720411778763,1.7914073872736278,0.9807692307692307,-1.453512178829925,0.2359789240180414,-1.6894911028479664,0.04807692307692308,0.8824499030381383
resp,n1000,1,64,0.0001,699,300,2352,1,2,104,0.14878397711015737,10.921875,0.6025454019183976,0.6646757730762158,0.6659575563314128,0.648068669527897,0.58,0.5982142857142857,8.236536386646181,6.706441946178827,3.425717332718927e-09,0.865662535199587,0.47151360544217685,10.085110426284642,3.5760159094975916e-09,9.563136403245197,0.470084329195077,0.6931471805599453,True,0.916273432449903,0.7443674664048084,0.6442307692307693,0.6442307692307693,0.49544679212061193,1,67,0.9434389140271493,0.8049445204148191,0.75,0.75,0.6012160228898427,1,78,0.1111344537815126,0.083122780416863,0.0,0.0,-0.14878397711015737,1,0,0.22146089204912733,0.09224822317682854,0.04807692307692308,0.04807692307692308,-0.1007070540332343,1,5,2.017120754236838,0.3057272080849998,1.7113935461518384,0.9807692307692307,-1.4062070851327932,0.21964832945110754,-1.6258554145839008,0.04807692307692308,0.8888655462184873
resp,n1000,1,64,0.001,699,300,2352,1,2,104,0.14878397711015737,10.921875,0.610824364031808,0.6521860972844064,0.6541053904537486,0.6452074391988555,0.58,0.6045918367346939,5.432271193194057,4.127195317739531,8.145787896137924e-10,0.8078808515615267,0.4570578231292517,6.306487963289533,1.336906122890801e-09,6.9616749057355705,0.3038138143088871,0.6931471805599453,True,0.9410310277957337,0.7937350777281676,0.7115384615384616,0.7115384615384616,0.5627544844283042,1,74,0.9538946347769878,0.8263152340499167,0.7596153846153846,0.7596153846153846,0.6108314075052272,1,79,0.08080155138978669,0.08179118083420513,0.0,0.0,-0.14878397711015737,1,0,0.24335811247575953,0.09424180587558718,0.028846153846153848,0.028846153846153848,-0.11993782326400351,1,3,1.5249309669586577,0.19148751863166535,1.3334434483269924,0.9903846153846154,-1.147515446531199,0.13797478192471058,-1.2854902284559095,0.038461538461538464,0.9191984486102133
resp,n1000,1,64,0.01,699,300,2352,1,2,104,0.14878397711015737,10.921875,0.6494542707011534,0.661654075075077,0.6630058219298401,0.6452074391988555,0.6166666666666667,0.6096938775510204,1.8025757613810147,1.7349406499516082,1.589762636062843e-10,0.7353651052312136,0.4268707482993197,2.05240372016884,3.263647555593774e-10,3.0498592061897987,-0.24867474959588778,0.6931471805599453,True,0.971606334841629,0.8431270671196534,0.7692307692307693,0.7692307692307693,0.6204467921206119,1,80,0.949612152553329,0.8201339818622174,0.7788461538461539,0.7788461538461539,0.6300621767359965,1,81,0.04326115061409179,0.08066896840411145,0.0,0.0,-0.14878397711015737,1,0,0.511344537815126,0.14054655903693994,0.09615384615384616,0.09615384615384616,-0.05263013095631121,1,10,0.6747184458063399,0.05369224126945195,0.621026204536888,1.0,-0.5528542114527771,0.03323113903672927,-0.5860853504895064,0.0,0.9567388493859083
resp,n1000,1,64,0.1,699,300,2352,1,2,104,0.14878397711015737,10.921875,0.684445665206028,0.6862696267898265,0.6864950281455974,0.630901287553648,0.6333333333333333,0.608843537414966,0.28888261914636537,1.0898220532548253,1.8359347944205934e-10,0.6994908296988429,0.4166666666666667,0.3333862395642612,1.5909005364534622e-10,0.54494536249971,-0.5314424137072343,0.6931471805599453,True,0.9764544279250161,0.8477642752730967,0.8173076923076923,0.8173076923076923,0.668523715197535,1,85,0.9129120879120879,0.6993130356123066,0.6730769230769231,0.6730769230769231,0.5242929459667658,1,70,0.03464770523594053,0.08048240703580199,0.0,0.0,-0.14878397711015737,1,0,0.8493374272786037,0.4201408338276569,0.47115384615384615,0.47115384615384615,0.3223698690436888,1,49,0.12029698987325618,0.007417621139553015,0.11287936873370316,1.0,-0.09980787183794736,0.003837306150999536,-0.10364517798894689,0.0,0.9653522947640595
resp,n1000,1,64,1.0,699,300,2352,1,2,104,0.14878397711015737,10.921875,0.6921758605465711,0.6923714234302973,0.6923954169552428,0.6280400572246065,0.6366666666666667,0.6096938775510204,0.031098278197359486,1.0091200665539075,1.1962341557916085e-12,0.693811544686086,0.4141156462585034,0.03599955830330733,1.4262162832293988e-12,0.05948414245084874,-0.5695687543580654,0.6931471805599453,True,0.9767776341305753,0.8448105353992237,0.8173076923076923,0.8173076923076923,0.668523715197535,1,85,0.8940206851971558,0.5971262434212162,0.5961538461538461,0.5961538461538461,0.4473698690436888,1,62,0.03367808661926309,0.0804615318727642,0.0,0.0,-0.14878397711015737,1,0,0.887475759534583,0.5602347952490748,0.5865384615384616,0.5865384615384616,0.4377544844283042,1,61,0.013129957705763317,0.0007776608358408848,0.012352296869922431,1.0,-0.010897155238045032,0.0003873896193624221,-0.011284544857407455,0.0,0.9663219133807369
resp,n1000,1,128,1e-06,699,300,2352,1,2,104,0.14878397711015737,5.4609375,0.54569997338201,0.7254613867273279,0.7315798392065305,0.7110157367668097,0.5766666666666667,0.5846088435374149,17.225621595722426,16.958911757076535,1.898065928994034e-09,0.9688062682207947,0.4923469387755102,19.61808962952067,2.70054029306332e-09,15.25056759901458,0.6643485845544245,0.6931471805599453,False,0.9173076923076923,0.741832020268339,0.6538461538461539,0.6538461538461539,0.5050621767359965,1,68,0.944327731092437,0.7934956456628359,0.7115384615384616,0.7115384615384616,0.5627544844283042,1,74,0.18080155138978668,0.08764783475192534,0.009615384615384616,0.009615384615384616,-0.13916859249477276,1,1,0.24851325145442793,0.09495823159385705,0.028846153846153848,0.028846153846153848,-0.11993782326400351,1,3,2.64657421290611,0.6433184502434105,2.0032557626626994,0.9807692307692307,-1.9120962721231496,0.5288327665135023,-2.440929038636652,0.0673076923076923,0.8191984486102133
resp,n1000,1,128,1e-05,699,300,2352,1,2,104,0.14878397711015737,5.4609375,0.5457294739852734,0.7225214374408688,0.7283607965069954,0.7110157367668097,0.5766666666666667,0.5867346938775511,16.907855880386602,16.476134734622388,1.3420026231495402e-08,0.9614466965025542,0.491921768707483,19.157274849558895,3.13661031662978e-09,14.948445201805809,0.6628736707856382,0.6931471805599453,False,0.918164188752424,0.7441911287179648,0.6538461538461539,0.6538461538461539,0.5050621767359965,1,68,0.9450064641241112,0.7947849847508499,0.7115384615384616,0.7115384615384616,0.5627544844283042,1,74,0.17878151260504202,0.08748417940319404,0.009615384615384616,0.009615384615384616,-0.13916859249477276,1,1,0.24778603749191985,0.09485349522754292,0.028846153846153848,0.028846153846153848,-0.11993782326400351,1,3,2.607628881889764,0.6302065599043561,1.977422321985408,0.9807692307692307,-1.8920535319410863,0.5197783520905106,-2.4118318840315967,0.0673076923076923,0.821218487394958
resp,n1000,1,128,0.0001,699,300,2352,1,2,104,0.14878397711015737,5.4609375,0.5476256798612911,0.7016951813342223,0.7055837127107344,0.7153075822603719,0.5766666666666667,0.5858843537414966,14.505057054828429,13.165958597671949,9.287915453000865e-10,0.9125336864123399,0.4914965986394558,15.936484772728228,2.0757522823254762e-09,12.853460530223733,0.6470783658754595,0.6931471805599453,False,0.925404007756949,0.762526263953345,0.6538461538461539,0.6538461538461539,0.5050621767359965,1,68,0.9510342598577892,0.8119219754586002,0.7115384615384616,0.7115384615384616,0.5627544844283042,1,74,0.16082740788623143,0.08617143522621226,0.009615384615384616,0.009615384615384616,-0.13916859249477276,1,1,0.2421945701357466,0.09412621252680126,0.028846153846153848,0.028846153846153848,-0.11993782326400351,1,3,2.334197996597551,0.5364278668884289,1.797770129709122,0.9807692307692307,-1.739079698887101,0.45036789671360444,-2.189447595600705,0.04807692307692308,0.8391725921137686
resp,n1000,1,128,0.001,699,300,2352,1,2,104,0.14878397711015737,5.4609375,0.5765649501855802,0.6579175743935495,0.6587899779386149,0.7238912732474965,0.6,0.6037414965986394,7.388895964599271,5.622640136373792,2.9303625356715363e-09,0.8094711071335193,0.47066326530612246,7.8786544869187765,9.695892743928223e-10,7.674278685493551,0.49621974639949534,0.6931471805599453,True,0.9553652230122819,0.8334262405742918,0.7211538461538461,0.7211538461538461,0.5723698690436888,1,75,0.9641079508726568,0.8503175511565791,0.75,0.75,0.6012160228898427,1,78,0.0971234647705236,0.08263636532338724,0.0,0.0,-0.14878397711015737,1,0,0.23002585649644472,0.09234425368722508,0.028846153846153848,0.028846153846153848,-0.11993782326400351,1,3,1.5860767661527733,0.2778106236914672,1.308266142461306,1.0,-1.2455413956151096,0.23091828589114627,-1.4764596815062558,0.019230769230769232,0.9028765352294764
resp,n1000,1,128,0.01,699,300,2352,1,2,104,0.14878397711015737,5.4609375,0.6424932721004333,0.6613092613903806,0.6623091969548097,0.6652360515021459,0.6033333333333334,0.6079931972789115,1.9785327143768703,1.8367249347595427,2.695178931347527e-10,0.7342744996427444,0.4328231292517007,2.189940879419801,3.739951813367861e-10,3.0885342922708046,-0.095619229281403,0.6931471805599453,True,0.9778280542986425,0.8749915161509304,0.7884615384615384,0.7884615384615384,0.6396775613513811,1,82,0.9520685197155785,0.8303667928714149,0.7692307692307693,0.7692307692307693,0.6204467921206119,1,80,0.04389140271493212,0.08073975129536834,0.0,0.0,-0.14878397711015737,1,0,0.4461538461538462,0.12475290120777689,0.057692307692307696,0.057692307692307696,-0.09109166941784967,1,6,0.6804283913309188,0.06772345155718026,0.6127049397737385,1.0,-0.5646297680729943,0.048311182364788874,-0.6129409504377832,0.0,0.9561085972850679
resp,n1000,1,128,0.1,699,300,2352,1,2,104,0.14878397711015737,5.4609375,0.6836599951036182,0.6861782980622234,0.6863765633019995,0.648068669527897,0.6333333333333333,0.6084183673469388,0.3021097233473462,1.096824363605872,2.370657220828805e-10,0.6993620034380691,0.4200680272108844,0.3435205230282416,2.7027486878248503e-10,0.5474430083087808,-0.4356159043830331,0.6931471805599453,True,0.9795572074983839,0.8680425926133399,0.8173076923076923,0.8173076923076923,0.668523715197535,1,85,0.9097769877181642,0.7207574947690862,0.6634615384615384,0.6634615384615384,0.5146775613513811,1,69,0.034987071751777635,0.08053176195660328,0.0,0.0,-0.14878397711015737,1,0,0.8289269553975437,0.3848529204403966,0.4326923076923077,0.4326923076923077,0.28390833058215037,1,45,0.12089821837924669,0.008940487806988575,0.11195773057225812,1.0,-0.10105953277614511,0.005473848718146021,-0.10653338149429113,0.0,0.9650129282482224
resp,n1000,1,128,1.0,699,300,2352,1,2,104,0.14878397711015737,5.4609375,0.6920962172727388,0.6923612591395223,0.6923828173295548,0.648068669527897,0.6333333333333333,0.6092687074829932,0.03235283127634322,1.0097731684248201,1.5688889072410813e-12,0.6937985669217079,0.4175170068027211,0.036956858470522526,1.7516049989801267e-12,0.05971732873828157,-0.4824303023109656,0.6931471805599453,True,0.9796056884292178,0.8648703328894722,0.8173076923076923,0.8173076923076923,0.668523715197535,1,85,0.8854072398190045,0.6018728697899085,0.5961538461538461,0.5961538461538461,0.4473698690436888,1,62,0.034114414996767935,0.08050160056131092,0.0,0.0,-0.14878397711015737,1,0,0.8768422753716871,0.5523140731871455,0.5769230769230769,0.5769230769230769,0.42813909981291953,1,60,0.013190626103783975,0.0009313189232548934,0.012259307180529082,1.0,-0.011023505501468085,0.0005525282327632252,-0.01157603373423131,0.0,0.9658855850032321
resp,n1000,1,256,1e-06,699,300,2352,1,2,104,0.14878397711015737,2.73046875,0.4129310823068202,1.214867677088438,1.2292321959723722,0.8111587982832618,0.5933333333333334,0.5416666666666666,55.970809556021386,131.9865676183566,3.0433187955659134e-09,1.5184962050475725,0.4927721088435374,55.05556962363735,3.166458043198103e-09,40.5326564233888,0.7335622239948785,0.6931471805599453,False,0.9493859082094376,0.8418169340901624,0.7596153846153846,0.7596153846153846,0.6108314075052272,1,79,0.9615869424692954,0.8874379798764634,0.7884615384615384,0.7884615384615384,0.6396775613513811,1,82,0.25919521654815775,0.09548880919666257,0.038461538461538464,0.038461538461538464,-0.1103224386486189,1,4,0.2840012928248222,0.09952361649739289,0.057692307692307696,0.057692307692307696,-0.09109166941784967,1,6,4.306166098402826,1.5893423477979503,2.7168237506048754,0.9615384615384616,-3.645482428117531,1.4338223652497686,-5.0793047933672995,0.0673076923076923,0.7408047834518423
resp,n1000,1,256,1e-05,699,300,2352,1,2,104,0.14878397711015737,2.73046875,0.4149773693543762,1.1051701606025581,1.1142261844317314,0.8125894134477826,0.6066666666666667,0.5446428571428571,47.982925018504766,91.7349312366159,2.9228202070048675e-09,1.3663898859787815,0.4927721088435374,46.7632399916601,2.9620585405426546e-09,34.52974375679582,0.7346474917511767,0.6931471805599453,False,0.9517614738202973,0.8479339517631103,0.75,0.75,0.6012160228898427,1,78,0.9640917905623788,0.8909744478599454,0.7884615384615384,0.7884615384615384,0.6396775613513811,1,82,0.24848093083387202,0.09411182320736855,0.028846153846153848,0.028846153846153848,-0.11993782326400351,1,3,0.2778118939883646,0.09859682370247332,0.057692307692307696,0.057692307692307696,-0.09109166941784967,1,6,3.8655435481883837,1.4012443101481857,2.464299238040198,0.9615384615384616,-3.258031992191643,1.2726629743965923,-4.530694966588236,0.0673076923076923,0.751519069166128
resp,n1000,1,256,0.0001,699,300,2352,1,2,104,0.14878397711015737,2.73046875,0.4441228883090987,0.84251709386092,0.8405320491148995,0.8082975679542204,0.6,0.5616496598639455,27.26362452901453,34.61144615388336,2.8479577580835165e-09,1.0336212130356426,0.4885204081632653,26.936841625543483,3.271281733130886e-09,20.075430632873665,0.7256819460480821,0.6931471805599453,False,0.9582579185520362,0.8657641894499228,0.7596153846153846,0.7596153846153846,0.6108314075052272,1,79,0.9728021978021978,0.9081846961625966,0.8076923076923077,0.8076923076923077,0.6589083305821504,1,84,0.20433096315449256,0.08947895581114641,0.0,0.0,-0.14878397711015737,1,0,0.24975759534583064,0.09495808150797477,0.019230769230769232,0.019230769230769232,-0.12955320787938812,1,2,2.766551654113933,0.9032032931504087,1.8633483609635242,0.9903846153846154,-2.2500966097269477,0.8216752942453976,-3.0717719039723455,0.028846153846153848,0.7956690368455075
resp,n1000,1,256,0.001,699,300,2352,1,2,104,0.14878397711015737,2.73046875,0.5385306280898644,0.6743714709329138,0.6714781197980942,0.7625178826895566,0.58,0.5850340136054422,9.329965157007997,7.660635701019549,3.0196682942044943e-09,0.8151135525722639,0.4642857142857143,9.561290604689706,1.266582503707197e-09,8.45864500360599,0.5992715930783381,0.6931471805599453,True,0.9733516483516483,0.9042603801047899,0.7980769230769231,0.7980769230769231,0.6492929459667658,1,83,0.9781351001939237,0.9090545741630325,0.7980769230769231,0.7980769230769231,0.6492929459667658,1,83,0.10413703943115708,0.0828513760836529,0.0,0.0,-0.14878397711015737,1,0,0.20502585649644472,0.08983160643029318,0.009615384615384616,0.009615384615384616,-0.13916859249477276,1,1,1.639718033825089,0.36536018415842125,1.2743578496666677,1.0,-1.319891463117257,0.3223323434663006,-1.6422238065835575,0.019230769230769232,0.895862960568843
resp,n1000,1,256,0.01,699,300,2352,1,2,104,0.14878397711015737,2.73046875,0.6367881564773243,0.6623808979225355,0.662584207983078,0.6838340486409156,0.6066666666666667,0.60671768707483,2.11497747825239,1.929233481855034,1.1870618423085506e-09,0.733889495166641,0.43154761904761907,2.3029599179837335,2.1421474097036588e-09,3.1198899310646913,0.004418344542079274,0.6931471805599453,True,0.9827892695539754,0.9019922364468276,0.8269230769230769,0.8269230769230769,0.6781390998129195,1,86,0.9598901098901099,0.8531488925555778,0.7692307692307693,0.7692307692307693,0.6204467921206119,1,80,0.04432773109243698,0.0807317700100043,0.0,0.0,-0.14878397711015737,1,0,0.3885908209437621,0.11369438789573058,0.028846153846153848,0.028846153846153848,-0.11993782326400351,1,3,0.6855318508462598,0.07929660294286782,0.606235247903392,1.0,-0.5731434265550188,0.06050231270271587,-0.6336457392577347,0.0,0.9556722689075631
resp,n1000,1,256,0.1,699,300,2352,1,2,104,0.14878397711015737,2.73046875,0.683056398369568,0.6862711535742907,0.6863660961675369,0.6609442060085837,0.6266666666666667,0.6016156462585034,0.31191895987465645,1.1026003375364077,2.449984478633167e-10,0.6993217065890356,0.42346938775510207,0.35141323570969535,3.4273239795295665e-10,0.5493387494590042,-0.36943048522390226,0.6931471805599453,True,0.982175177763413,0.884042587168875,0.8173076923076923,0.8173076923076923,0.668523715197535,1,85,0.9110051712992889,0.7280672989520599,0.6730769230769231,0.6730769230769231,0.5242929459667658,1,70,0.03476082740788623,0.08051061518259518,0.0,0.0,-0.14878397711015737,1,0,0.8152553329023917,0.35570726774932016,0.3942307692307692,0.3942307692307692,0.24544679212061185,1,41,0.12141900054895402,0.010144059044065063,0.11127494150488895,1.0,-0.10194242887706421,0.0067407313409512575,-0.10868316021801547,0.0,0.9652391725921138
resp,n1000,1,256,1.0,699,300,2352,1,2,104,0.14878397711015737,2.73046875,0.6920355110316868,0.6923704087383585,0.6923811885402028,0.6566523605150214,0.6333333333333333,0.6041666666666666,0.033277605674316264,1.0103061401340523,5.632037653561608e-10,0.6937947536158254,0.4200680272108844,0.03769760134832464,1.8375819368377097e-10,0.05989255190382451,-0.42192964310728986,0.6931471805599453,True,0.9820943762120232,0.8808843160823248,0.8173076923076923,0.8173076923076923,0.668523715197535,1,85,0.8835649644473174,0.5985787895629942,0.6057692307692307,0.6057692307692307,0.4569852536590734,1,63,0.03379120879120879,0.08048713095181291,0.0,0.0,-0.14878397711015737,1,0,0.8736425339366516,0.5332660905376103,0.5769230769230769,0.5769230769230769,0.42813909981291953,1,60,0.013242962774580239,0.0010521616152314069,0.012190801159348832,1.0,-0.01111209667081808,0.0006797078425519491,-0.01179180451337003,0.0,0.9662087912087912
resp,n1000,1,384,1e-06,699,300,2352,1,2,104,0.14878397711015737,1.8203125,0.12999845584612857,4.016994412024754,4.292098803370565,0.977110157367668,0.51,0.5369897959183674,332.69603786974955,2461.540102949234,2.373473427838792e-09,4.954741943973526,0.49362244897959184,325.31641110676924,1.9590372832925533e-09,266.1903769020746,0.6729100572642686,0.6931471805599453,False,0.9990627020038785,0.9947359976282768,0.9423076923076923,0.9423076923076923,0.793523715197535,1,98,0.9994828700711054,0.9970999304158721,0.9711538461538461,0.9711538461538461,0.8223698690436888,1,101,0.29468325791855204,0.100381610105827,0.038461538461538464,0.038461538461538464,-0.1103224386486189,1,4,0.3009696186166774,0.10144689290768025,0.04807692307692308,0.04807692307692308,-0.1007070540332343,1,5,11.902761720661015,5.479984823628663,6.422776897032352,1.0,-11.17126191470159,5.206618849294311,-16.3778807639959,0.0,0.7053167420814479
resp,n1000,1,384,1e-05,699,300,2352,1,2,104,0.14878397711015737,1.8203125,0.25545179551757813,1.5220567470518753,1.6098653297928303,0.9141630901287554,0.5466666666666666,0.5437925170068028,105.78784989501193,408.93828907008253,2.3001157323923254e-09,1.9107178420334243,0.48894557823129253,104.73600162455324,2.185718302438832e-09,75.28237638935303,0.7442944980197244,0.6931471805599453,False,0.990917905623788,0.9601880464326707,0.8942307692307693,0.8942307692307693,0.7454467921206119,1,93,0.9942630898513252,0.9758651556422215,0.9134615384615384,0.9134615384615384,0.7646775613513811,1,95,0.2671137685843568,0.09632319811794623,0.04807692307692308,0.04807692307692308,-0.1007070540332343,1,5,0.2840497737556561,0.09881746057906424,0.04807692307692308,0.04807692307692308,-0.1007070540332343,1,5,5.005037154762861,2.264194675157806,2.740842479605055,1.0,-4.493677010966051,2.14796528217946,-6.641642293145511,0.028846153846153848,0.7328862314156432
resp,n1000,1,384,0.0001,699,300,2352,1,2,104,0.14878397711015737,1.8203125,0.38607401463691005,0.8630430338954191,0.8769439927839354,0.8512160228898427,0.5566666666666666,0.5590986394557823,34.74440406070076,60.019896615663455,1.7903640455853485e-08,1.0702426525600746,0.4800170068027211,34.044985899462624,3.624592738085028e-09,23.899926197862452,0.7587579525063641,0.6931471805599453,False,0.9789107950872656,0.926476410125473,0.8076923076923077,0.8076923076923077,0.6589083305821504,1,84,0.9877181641887525,0.9582360441642039,0.8846153846153846,0.8846153846153846,0.7358314075052272,1,92,0.20093729799612153,0.08921497356720469,0.0,0.0,-0.14878397711015737,1,0,0.23923723335488042,0.09326078414772952,0.038461538461538464,0.038461538461538464,-0.1103224386486189,1,4,2.8491655279648502,1.063182220837664,1.7859833071271862,1.0,-2.379267068280628,0.9877765000503801,-3.367043568331008,0.019230769230769232,0.7990627020038785
resp,n1000,1,384,0.001,699,300,2352,1,2,104,0.14878397711015737,1.8203125,0.5280961676349294,0.6724572326334889,0.6718935294810794,0.7739628040057225,0.5833333333333334,0.5837585034013606,9.851699703194756,8.65967012273416,1.9454953760057223e-09,0.8158002917232338,0.4719387755102041,10.032609705168069,3.1218199340279525e-09,8.617142204951556,0.6245259031655197,0.6931471805599453,True,0.9796541693600517,0.9253761074943072,0.8076923076923077,0.8076923076923077,0.6589083305821504,1,84,0.9825791855203619,0.9276872776459743,0.8365384615384616,0.8365384615384616,0.6877544844283042,1,87,0.10140594699418229,0.08277167114193149,0.0,0.0,-0.14878397711015737,1,0,0.1952650290885585,0.08876100363722114,0.009615384615384616,0.009615384615384616,-0.13916859249477276,1,1,1.647226599903754,0.38801505517309537,1.2592115447306587,1.0,-1.3313274429462456,0.3459999890269474,-1.677327431973193,0.019230769230769232,0.8985940530058177
resp,n1000,1,384,0.01,699,300,2352,1,2,104,0.14878397711015737,1.8203125,0.6356196030786109,0.6620599282380693,0.662548936299345,0.6895565092989986,0.6166666666666667,0.6020408163265306,2.142284405612207,1.9598695322486304,1.9962528147675406e-09,0.7338683531228024,0.4306972789115646,2.3269375525279874,3.026903364104452e-09,3.124503798629082,0.02422253757551894,0.6931471805599453,True,0.9837265675500969,0.9067472116325838,0.8269230769230769,0.8269230769230769,0.6781390998129195,1,86,0.9618939883645766,0.8577929836688634,0.7788461538461539,0.7788461538461539,0.6300621767359965,1,81,0.04424692954104719,0.08074615483870963,0.0,0.0,-0.14878397711015737,1,0,0.3765837104072398,0.11162885151589273,0.028846153846153848,0.028846153846153848,-0.11993782326400351,1,3,0.6863382437593438,0.08179234012069089,0.6045459036386529,1.0,-0.5742841495191897,0.06306103552760674,-0.6373451850467965,0.0,0.9557530704589529
resp,n1000,1,384,0.1,699,300,2352,1,2,104,0.14878397711015737,1.8203125,0.6829379183027219,0.6862354646648599,0.6863655162844038,0.6595135908440629,0.6366666666666667,0.6054421768707483,0.31381151833906284,1.1043875918738948,2.418407415308937e-10,0.6993157743591238,0.42304421768707484,0.35301990467660954,3.5677327284513263e-10,0.5496041627582537,-0.3563946248366371,0.6931471805599453,True,0.9826761473820297,0.8871892313850241,0.8173076923076923,0.8173076923076923,0.668523715197535,1,85,0.9119909502262443,0.7322670056017823,0.6730769230769231,0.6730769230769231,0.5242929459667658,1,70,0.03489010989010989,0.08051664832501672,0.0,0.0,-0.14878397711015737,1,0,0.8144311570782159,0.3540056792500667,0.3942307692307692,0.3942307692307692,0.24544679212061185,1,41,0.12149947727165754,0.010396177527467942,0.1111032997441896,1.0,-0.10205815678222288,0.006999014076102664,-0.10905717085832554,0.0,0.9651098901098901
resp,n1000,1,384,1.0,699,300,2352,1,2,104,0.14878397711015737,1.8203125,0.6920236477211806,0.692366774420933,0.6923812039038869,0.6566523605150214,0.64,0.6075680272108843,0.033455370077603616,1.010470002064437,5.838863483755514e-10,0.6937940822650075,0.41836734693877553,0.0378476828973013,2.096163677456796e-12,0.05991693384345953,-0.41001552603705244,0.6931471805599453,True,0.9824499030381383,0.8836235379679633,0.8173076923076923,0.8173076923076923,0.668523715197535,1,85,0.8838720103425985,0.5967045967302578,0.6057692307692307,0.6057692307692307,0.4569852536590734,1,63,0.03395281189398836,0.08049840379412607,0.0,0.0,-0.14878397711015737,1,0,0.8739334195216548,0.5310183919292829,0.5769230769230769,0.5769230769230769,0.42813909981291953,1,60,0.013251016848102017,0.0010773958956090215,0.012173620952492996,1.0,-0.011123678033045533,0.0007055586547194308,-0.011829236687764963,0.0,0.9660471881060116
resp,n1000,2,32,1e-06,698,299,2352,3,2,104,0.1489971346704871,21.8125,0.6305931398692352,0.6722974083352012,0.6690290713959882,0.6361031518624641,0.568561872909699,0.5841836734693877,5.922796054441941,4.616450637781323,1.3446586070018446e-09,0.8753080766511219,0.43239795918367346,7.094307349403889,2.270687232986906e-09,7.512539700418565,0.34473753679696206,0.6931471805599453,True,0.9011590261590262,0.6521485826909281,0.6057692307692307,0.6057692307692307,0.4567720960987436,1,63,0.9155011655011654,0.6729009312898406,0.6538461538461539,0.6538461538461539,0.5048490191756667,1,68,0.11423530173530173,0.08387113525783943,0.009615384615384616,0.009615384615384616,-0.1393817500551025,1,1,0.23013791763791763,0.09221936005557087,0.009615384615384616,0.009615384615384616,-0.1393817500551025,1,1,1.731614054303518,0.22482374307312922,1.5067903112303886,0.9903846153846154,-1.0754192482904559,0.12866600127041897,-1.204085249560875,0.038461538461538464,0.8857646982646983
resp,n1000,2,32,1e-05,698,299,2352,3,2,104,0.1489971346704871,21.8125,0.6305938644564474,0.6721496171624958,0.6688809988996506,0.6361031518624641,0.5719063545150501,0.5841836734693877,5.900466534641122,4.598076243017539,1.274040852227421e-09,0.8745845029917975,0.43239795918367346,7.062570791766091,2.3941538299360605e-09,7.49023674711412,0.3430534602440096,0.6931471805599453,True,0.9014504014504015,0.6526949947133132,0.6057692307692307,0.6057692307692307,0.4567720960987436,1,63,0.9155335405335405,0.6730798647827124,0.6538461538461539,0.6538461538461539,0.5048490191756667,1,68,0.11392773892773893,0.0838520056377178,0.009615384615384616,0.009615384615384616,-0.1393817500551025,1,1,0.2301864801864802,0.0922196692207149,0.009615384615384616,0.009615384615384616,-0.1393817500551025,1,1,1.726673332671512,0.2238271321925389,1.502846200478973,0.9903846153846154,-1.0732462674157035,0.12807281958166306,-1.2013190869973664,0.038461538461538464,0.8860722610722611
resp,n1000,2,32,0.0001,698,299,2352,3,2,104,0.1489971346704871,21.8125,0.6306598436999146,0.6708009630376903,0.6675276687277099,0.6389684813753582,0.568561872909699,0.5833333333333334,5.689469109633751,4.426976282676312,9.372453128009374e-09,0.867891708013917,0.43154761904761907,6.7682794384674105,3.6250324663591896e-09,7.282177857560057,0.3265503960435552,0.6931471805599453,True,0.9044936544936545,0.657614517830173,0.6057692307692307,0.6057692307692307,0.4567720960987436,1,63,0.9159706034706034,0.675148943854158,0.6538461538461539,0.6538461538461539,0.5048490191756667,1,68,0.1104959854959855,0.08368616970957048,0.0,0.0,-0.1489971346704871,1,0,0.23104441854441854,0.09228600429331836,0.009615384615384616,0.009615384615384616,-0.1393817500551025,1,1,1.6804996756366006,0.21454070722654714,1.4659589684100536,0.9903846153846154,-1.0525119165781098,0.12246004010741393,-1.1749719566855237,0.038461538461538464,0.8895040145040145
resp,n1000,2,32,0.001,698,299,2352,3,2,104,0.1489971346704871,21.8125,0.633920447598955,0.6643573022159293,0.6610095415159198,0.6289398280802292,0.5819397993311036,0.5897108843537415,4.316620258337593,3.3970963923936135,1.434689896506058e-09,0.8284390553349008,0.4247448979591837,5.0387538424778775,2.472884099349089e-09,5.984512154089862,0.18868319561569227,0.6931471805599453,True,0.924485236985237,0.6966299606201571,0.6153846153846154,0.6153846153846154,0.4663874807141283,1,64,0.9168285418285418,0.6864397626049044,0.6634615384615384,0.6634615384615384,0.5144644037910513,1,69,0.08920940170940171,0.08279324264562361,0.0,0.0,-0.1489971346704871,1,0,0.24724812224812226,0.09388501040176972,0.009615384615384616,0.009615384615384616,-0.1393817500551025,1,1,1.3889544744468116,0.15824338410006725,1.2307110903467444,0.9903846153846154,-0.9051218835422787,0.08579546843699479,-0.9909173519792736,0.009615384615384616,0.9107905982905983
resp,n1000,2,32,0.01,698,299,2352,3,2,104,0.1489971346704871,21.8125,0.6597063461388114,0.669338371396222,0.6668647836178693,0.6131805157593123,0.6153846153846154,0.6122448979591837,1.5773854708615465,1.6893247372383189,7.223997152736281e-10,0.7478314725107168,0.4039115646258503,1.9760682064691473,4.529730331353233e-10,2.866103307438702,-0.29219526046866806,0.6931471805599453,True,0.9607938357938358,0.7821471042462274,0.7211538461538461,0.7211538461538461,0.572156711483359,1,75,0.8911551411551412,0.6478970715243679,0.625,0.625,0.47600286532951286,1,65,0.05608974358974359,0.0816168555773514,0.0,0.0,-0.1489971346704871,1,0,0.47274022274022276,0.12919842779427096,0.038461538461538464,0.038461538461538464,-0.11053559620894865,1,4,0.66910940412032,0.05553751296845193,0.6135718911518682,1.0,-0.4555210887477463,0.019411652059343785,-0.47493274080709014,0.0,0.9439102564102564
resp,n1000,2,32,0.1,698,299,2352,3,2,104,0.1489971346704871,21.8125,0.6865045989562326,0.687803092371614,0.6873033336628759,0.6017191977077364,0.6287625418060201,0.6113945578231292,0.252407969638556,1.0878793358709595,4.9751206387006e-11,0.7015816890971973,0.3979591836734694,0.34228632985417723,3.611910264403478e-11,0.5280696925075805,-0.5670871047995252,0.6931471805599453,True,0.9686609686609686,0.8003772519534647,0.7403846153846154,0.7403846153846154,0.5913874807141283,1,77,0.8313422688422688,0.5015749249001812,0.5192307692307693,0.5192307692307693,0.37023363456028213,1,54,0.047283734783734786,0.08133315136870954,0.0,0.0,-0.1489971346704871,1,0,0.7701372701372702,0.3150797111270929,0.41346153846153844,0.41346153846153844,0.2644644037910513,1,43,0.12401960140527785,0.008628532802652068,0.11539106860262578,1.0,-0.08376966337605132,0.0015832461484355806,-0.0853529095244869,0.0,0.9527162652162652
resp,n1000,2,32,1.0,698,299,2352,3,2,104,0.1489971346704871,21.8125,0.6924056759684994,0.6925414978800443,0.6924863750475706,0.6002865329512894,0.6321070234113713,0.6105442176870748,0.02717118865648814,1.0089856754253086,1.9811510003702347e-10,0.6940345652775931,0.3983843537414966,0.03734408513536203,3.62462344624561e-13,0.057990234529995244,-0.6061069773081506,0.6931471805599453,True,0.9689847189847189,0.8003761593654171,0.75,0.75,0.6010028653295129,1,78,0.813001813001813,0.435029433344074,0.5,0.5,0.35100286532951286,1,52,0.046296296296296294,0.08130407101018282,0.0,0.0,-0.1489971346704871,1,0,0.8063973063973064,0.41066414277109387,0.49038461538461536,0.49038461538461536,0.3413874807141283,1,51,0.01363889846237972,0.000923393715948099,0.01271550474643162,1.0,-0.009180771517544482,0.00014284650998984812,-0.00932361802753433,0.0,0.9537037037037037
resp,n1000,2,64,1e-06,698,299,2352,3,2,104,0.1489971346704871,10.90625,0.6109906298108021,0.6969906915956948,0.6805128464242595,0.6518624641833811,0.5618729096989966,0.6020408163265306,8.221877458389223,7.572014192816602,3.4095458452099203e-09,0.9033732289508972,0.45110544217687076,9.428871415490923,7.71734383274712e-09,8.879491361665279,0.5008674385388175,0.6931471805599453,True,0.8948458948458948,0.6470693156502842,0.6153846153846154,0.6153846153846154,0.4663874807141283,1,64,0.9075692825692826,0.6581045462030073,0.6346153846153846,0.6346153846153846,0.48561824994489744,1,66,0.14691789691789692,0.08550577595815859,0.009615384615384616,0.009615384615384616,-0.1393817500551025,1,1,0.22533022533022534,0.0920102982537397,0.019230769230769232,0.019230769230769232,-0.12976636543971787,1,2,1.9155937082594814,0.3238663737738335,1.591727334485648,0.9807692307692307,-1.2116010898081377,0.21739024477484253,-1.4289913345829803,0.0673076923076923,0.8530821030821031
resp,n1000,2,64,1e-05,698,299,2352,3,2,104,0.1489971346704871,10.90625,0.6109928950325554,0.6964851948336845,0.6801080112181883,0.6518624641833811,0.5652173913043478,0.6020408163265306,8.171458688549478,7.509398125182714,3.1813102117721236e-09,0.9019726489761309,0.45195578231292516,9.362427117332468,1.849832333999235e-09,8.832647431176861,0.4993950146349271,0.6931471805599453,True,0.89507252007252,0.6473145909843881,0.6153846153846154,0.6153846153846154,0.4663874807141283,1,64,0.9079092204092204,0.6586943911229601,0.6346153846153846,0.6346153846153846,0.48561824994489744,1,66,0.14633514633514633,0.08547167902497914,0.009615384615384616,0.009615384615384616,-0.1393817500551025,1,1,0.22515216265216265,0.0919886687679107,0.019230769230769232,0.019230769230769232,-0.12976636543971787,1,2,1.9070640212032282,0.3217484029445758,1.5853156182586523,0.9807692307692307,-1.2076099185664086,0.21598745843413777,-1.4235973770005463,0.0673076923076923,0.8536648536648537
resp,n1000,2,64,0.0001,698,299,2352,3,2,104,0.1489971346704871,10.90625,0.611186614306732,0.6920335454390094,0.6765710450043567,0.6504297994269341,0.5652173913043478,0.6041666666666666,7.7136348251929965,6.9715277727575975,1.3991577217919559e-08,0.8896754219034504,0.44982993197278914,8.77159562921281,1.5991413937336008e-09,8.417711197837427,0.4846462604395281,0.6931471805599453,True,0.8983423983423984,0.6541393972027254,0.6153846153846154,0.6153846153846154,0.4663874807141283,1,64,0.9094146594146594,0.6680531063001148,0.6442307692307693,0.6442307692307693,0.49523363456028213,1,67,0.14026482776482777,0.0851149139560695,0.009615384615384616,0.009615384615384616,-0.1393817500551025,1,1,0.22363053613053613,0.09176485213383873,0.019230769230769232,0.019230769230769232,-0.12976636543971787,1,2,1.830978745726885,0.3027375836076431,1.5282411621192418,0.9807692307692307,-1.1710469094304066,0.2031603718548069,-1.3742072812852135,0.0673076923076923,0.8597351722351723
resp,n1000,2,64,0.001,698,299,2352,3,2,104,0.1489971346704871,10.90625,0.618231139867593,0.6732319476183048,0.6625593218539818,0.6489971346704871,0.5618729096989966,0.6041666666666666,5.27757522974257,4.5145243239218455,1.3865080429417125e-09,0.8326889585244472,0.4336734693877551,5.898914128266869,3.2515392188631453e-09,6.389952347744041,0.35041955323767265,0.6931471805599453,True,0.9225265475265475,0.7072941794270581,0.6634615384615384,0.6634615384615384,0.5144644037910513,1,69,0.9148698523698524,0.6961376098184263,0.6346153846153846,0.6346153846153846,0.48561824994489744,1,66,0.10461991711991712,0.08335613067524779,0.0,0.0,-0.1489971346704871,1,0,0.2225135975135975,0.09138247201484608,0.019230769230769232,0.019230769230769232,-0.12976636543971787,1,2,1.4401754494282613,0.2053446321482511,1.2348308172800102,0.9903846153846154,-0.9592427887466948,0.13233479969615308,-1.0915775884428478,0.04807692307692308,0.8953800828800829
resp,n1000,2,64,0.01,698,299,2352,3,2,104,0.1489971346704871,10.90625,0.6551877800113207,0.6703272896489163,0.6663856061619733,0.6174785100286533,0.5919732441471572,0.6139455782312925,1.7042780495941525,1.8068066185773712,1.0732418101882371e-10,0.7471296161925387,0.405187074829932,2.068945338747577,2.17467368228796e-09,2.896908991801805,-0.17115191786122463,0.6931471805599453,True,0.9621050246050246,0.7961570783398128,0.7115384615384616,0.7115384615384616,0.5625413268679744,1,74,0.8917055167055167,0.6823829648167561,0.625,0.625,0.47600286532951286,1,65,0.05814555814555815,0.08174236443295209,0.0,0.0,-0.1489971346704871,1,0,0.40654946904946904,0.11608148168453508,0.028846153846153848,0.028846153846153848,-0.12015098082433326,1,3,0.6742755728716469,0.06488221153610128,0.6093933613355456,1.0,-0.4643148237614092,0.029361415492797034,-0.49367623925420623,0.0,0.9418544418544419
resp,n1000,2,64,0.1,698,299,2352,3,2,104,0.1489971346704871,10.90625,0.6859466618817501,0.6878903145672699,0.6872347244153094,0.6131805157593123,0.6153846153846154,0.6135204081632653,0.26313381704502853,1.096516534654085,9.202081650715744e-11,0.7014593902074993,0.39965986394557823,0.349304912658848,4.877115866296164e-11,0.53021113220845,-0.4888840688658249,0.6931471805599453,True,0.9702635327635327,0.8159398559772916,0.7403846153846154,0.7403846153846154,0.5913874807141283,1,77,0.8254662004662005,0.5243951287416765,0.5288461538461539,0.5288461538461539,0.3798490191756667,1,55,0.04853017353017353,0.08142324450344643,0.0,0.0,-0.1489971346704871,1,0,0.7434116809116809,0.2750422771678952,0.2980769230769231,0.2980769230769231,0.14907978840643596,1,31,0.12456133416165735,0.00969384887294684,0.1148674852887105,1.0,-0.08477631144224763,0.002729948029742815,-0.08750625947199045,0.0,0.9514698264698265
resp,n1000,2,64,1.0,698,299,2352,3,2,104,0.1489971346704871,10.90625,0.6923485252301741,0.692550044798494,0.6924793596442262,0.6103151862464183,0.6187290969899666,0.6118197278911565,0.028202353784743096,1.009797300827637,5.3076505889838e-13,0.694021524020068,0.40008503401360546,0.03800807595472839,6.463218065545406e-11,0.05819164372574505,-0.5346871930226876,0.6931471805599453,True,0.9707491582491582,0.8168493209077601,0.75,0.75,0.6010028653295129,1,78,0.8026579901579901,0.4357313657463871,0.46153846153846156,0.46153846153846156,0.3125413268679744,1,48,0.047445609945609944,0.08138428128905434,0.0,0.0,-0.1489971346704871,1,0,0.7936901061901062,0.40429044803881725,0.4326923076923077,0.4326923076923077,0.28369517302182057,1,45,0.013693795427041954,0.001031569276034082,0.012662226151007872,1.0,-0.009283210409314843,0.00025934590744275485,-0.009542556316757596,0.0,0.95255439005439
resp,n1000,2,128,1e-06,698,299,2352,3,2,104,0.1489971346704871,5.453125,0.5502695265104754,0.7965468205722026,0.7696372527123033,0.7077363896848138,0.5150501672240803,0.5718537414965986,17.238675828377755,17.601499948382912,2.459461348052154e-09,1.048207524807507,0.459608843537415,19.37900444029403,2.6139043021370666e-09,14.013210628678369,0.71294938451759,0.6931471805599453,False,0.8954286454286454,0.7011002070366332,0.6346153846153846,0.6346153846153846,0.48561824994489744,1,66,0.9101430976430976,0.7127930572585428,0.6538461538461539,0.6538461538461539,0.5048490191756667,1,68,0.20975783475783477,0.09018934757358929,0.009615384615384616,0.009615384615384616,-0.1393817500551025,1,1,0.2450951825951826,0.09421425723411142,0.038461538461538464,0.038461538461538464,-0.11053559620894865,1,4,2.446546146862285,0.6920968697634288,1.7544492770988565,0.9423076923076923,-1.6091904743307006,0.5275193362253366,-2.136709810556037,0.10576923076923077,0.7902421652421652
resp,n1000,2,128,1e-05,698,299,2352,3,2,104,0.1489971346704871,5.453125,0.5502995573443379,0.7922834946309765,0.765741245654054,0.7077363896848138,0.5117056856187291,0.5727040816326531,16.915302749508495,17.022352439461606,2.8641650863162577e-09,1.039441849482905,0.459608843537415,18.93197502762521,2.045027641829246e-09,13.750925877695202,0.7111214341456213,0.6931471805599453,False,0.8961247086247086,0.703358246789801,0.6346153846153846,0.6346153846153846,0.48561824994489744,1,66,0.9108067858067858,0.7146483493568483,0.6538461538461539,0.6538461538461539,0.5048490191756667,1,68,0.20754014504014504,0.08998664881058702,0.009615384615384616,0.009615384615384616,-0.1393817500551025,1,1,0.24316886816886818,0.09397565602917794,0.038461538461538464,0.038461538461538464,-0.11053559620894865,1,4,2.4129584179573516,0.6781607037522741,1.7347977142050774,0.9519230769230769,-1.591886276215927,0.5185467380860417,-2.1104330143019685,0.10576923076923077,0.7924598549598549
resp,n1000,2,128,0.0001,698,299,2352,3,2,104,0.1489971346704871,5.453125,0.552211915824815,0.7616784655233216,0.7379790617809973,0.7091690544412608,0.5217391304347826,0.5773809523809523,14.486493109401808,13.31204960844759,1.2482922634391372e-09,0.9800524528521548,0.459608843537415,15.791871135560617,8.666465365139645e-10,11.9177202045465,0.6932972870108126,0.6931471805599453,False,0.9033929033929033,0.7122601644039702,0.6346153846153846,0.6346153846153846,0.48561824994489744,1,66,0.9163267288267288,0.7248452485594612,0.6826923076923077,0.6826923076923077,0.5336951730218206,1,71,0.1897015022015022,0.08845090773113383,0.009615384615384616,0.009615384615384616,-0.1393817500551025,1,1,0.23012173012173012,0.09244113027189862,0.038461538461538464,0.038461538461538464,-0.11053559620894865,1,4,2.175963294267298,0.5787389468277941,1.5972243474395038,0.9519230769230769,-1.4618589756781648,0.4500447943735154,-1.9119037700516803,0.08653846153846154,0.8102984977984978
resp,n1000,2,128,0.001,698,299,2352,3,2,104,0.1489971346704871,5.453125,0.5809886008491386,0.690382341868952,0.6761119029864395,0.7177650429799427,0.5484949832775919,0.5965136054421769,7.398098328073202,6.065724549922258,4.701606790746552e-09,0.8474518729575925,0.44855442176870747,7.834694696269763,1.570752074661002e-09,7.22392349034917,0.5514768626157946,0.6931471805599453,True,0.9347481222481222,0.7664857168634686,0.6923076923076923,0.6923076923076923,0.5433105576372051,1,72,0.9297299922299922,0.7610606118773114,0.7019230769230769,0.7019230769230769,0.5529259422525897,1,73,0.12088837088837089,0.08405311013180036,0.0,0.0,-0.1489971346704871,1,0,0.19646788396788398,0.08904561218787627,0.019230769230769232,0.019230769230769232,-0.12976636543971787,1,2,1.5170051947867245,0.3067313797804159,1.2102738150063086,0.9903846153846154,-1.051313258147982,0.2336229258222821,-1.2849361839702642,0.04807692307692308,0.8791116291116291
resp,n1000,2,128,0.01,698,299,2352,3,2,104,0.1489971346704871,5.453125,0.6474068335367187,0.6715493751805431,0.6670963951591949,0.669054441260745,0.5819397993311036,0.6126700680272109,1.9098577232644895,1.918528480469658,3.795013283619217e-10,0.7475725404317954,0.4192176870748299,2.2270389854815646,4.825361980168676e-10,2.945425439801619,-0.008025699144303443,0.6931471805599453,True,0.9690009065009065,0.8279712651905372,0.7403846153846154,0.7403846153846154,0.5913874807141283,1,77,0.9018389018389018,0.7283491675470433,0.6634615384615384,0.6634615384615384,0.5144644037910513,1,69,0.06016899766899767,0.08178255915450174,0.0,0.0,-0.1489971346704871,1,0,0.34495596995596994,0.10638814211858155,0.0,0.0,-0.1489971346704871,1,0,0.682255526677365,0.08094342415716475,0.6013121025202003,1.0,-0.4772054005013272,0.04624328631233441,-0.5234486868136616,0.0,0.9398310023310024
resp,n1000,2,128,0.1,698,299,2352,3,2,104,0.1489971346704871,5.453125,0.6850679037997321,0.6879564062452055,0.6872751258815364,0.6346704871060171,0.6020066889632107,0.6152210884353742,0.27925618092165133,1.104019272886576,1.9069161263308758e-10,0.7014769552833908,0.405187074829932,0.3605136295564715,6.876944566258036e-11,0.5333024795010405,-0.3797215903474868,0.6931471805599453,True,0.9747312872312872,0.837892490319362,0.7596153846153846,0.7596153846153846,0.6106182499448974,1,79,0.8252395752395753,0.5590402767322927,0.5576923076923077,0.5576923076923077,0.40869517302182057,1,58,0.04896723646723647,0.08142484528754966,0.0,0.0,-0.1489971346704871,1,0,0.7232258482258482,0.2504631711872833,0.27884615384615385,0.27884615384615385,0.12984901917566674,1,29,0.1254086781830526,0.01143361551236871,0.11397506267068389,1.0,-0.08615837490938985,0.004563312077095391,-0.09072168698648524,0.0,0.9510327635327636
resp,n1000,2,128,1.0,698,299,2352,3,2,104,0.1489971346704871,5.453125,0.6922594821046089,0.6925555826401872,0.6924830178737137,0.6303724928366762,0.6086956521739131,0.6156462585034014,0.02973839338553931,1.010493622402463,7.270801078110884e-13,0.6940229622887045,0.40221088435374147,0.03905868936373347,7.357063083163035e-13,0.058478703513488814,-0.4346829157619581,0.6931471805599453,True,0.9749740999741,0.8365304776440546,0.7692307692307693,0.7692307692307693,0.6202336345602821,1,80,0.7956811706811707,0.4490868295778228,0.4423076923076923,0.4423076923076923,0.29331055763720515,1,46,0.04776936026936027,0.08139410532117151,0.0,0.0,-0.1489971346704871,1,0,0.7853697228697228,0.41058205269968223,0.4326923076923077,0.4326923076923077,0.28369517302182057,1,45,0.013779320956682002,0.0012070685709548098,0.012572252385727192,1.0,-0.009422698320389396,0.00044429315816323263,-0.009866991478552628,0.0,0.9522306397306397
resp,n1000,2,256,1e-06,698,299,2352,3,2,104,0.1489971346704871,2.7265625,0.43174410609762626,1.259545387724645,1.1734810157168087,0.7822349570200573,0.5384615384615384,0.5518707482993197,52.987055543207376,121.12573515370823,2.0335770712898578e-09,1.5647728712682063,0.4800170068027211,54.89924895757127,5.079129465286564e-09,42.018987685892334,0.6971520457969959,0.6931471805599453,False,0.9338254338254338,0.821954316830312,0.7596153846153846,0.7596153846153846,0.6106182499448974,1,79,0.9423724423724423,0.8379733390970698,0.7692307692307693,0.7692307692307693,0.6202336345602821,1,80,0.2722902097902098,0.09729982623000712,0.038461538461538464,0.038461538461538464,-0.11053559620894865,1,4,0.28405853405853404,0.09945288048106092,0.057692307692307696,0.057692307692307696,-0.09130482697817942,1,6,4.02571083217968,1.570365983531785,2.4553448486478953,0.9423076923076923,-3.1719738777881767,1.3620768164683725,-4.53405069425655,0.09615384615384616,0.7277097902097902
resp,n1000,2,256,1e-05,698,299,2352,3,2,104,0.1489971346704871,2.7265625,0.4334868968235072,1.1543182793852276,1.0745943254258272,0.7793696275071633,0.5384615384615384,0.5505952380952381,45.91829428243313,87.86012978465165,3.2235047277211365e-09,1.4062290779161613,0.47959183673469385,46.254573195220594,3.1110702017627762e-09,35.61871047709111,0.7013604984120387,0.6931471805599453,False,0.9361240611240611,0.8261094587414579,0.7596153846153846,0.7596153846153846,0.6106182499448974,1,79,0.9455128205128205,0.8433449495717433,0.7692307692307693,0.7692307692307693,0.6202336345602821,1,80,0.26115319865319864,0.095865886186936,0.028846153846153848,0.028846153846153848,-0.12015098082433326,1,3,0.2754791504791505,0.09822581775164038,0.0673076923076923,0.0673076923076923,-0.08168944236279481,1,7,3.6064944870809863,1.3770403147260986,2.2294541723548877,0.9519230769230769,-2.8570757682640746,1.2126967960215407,-4.069772564285615,0.09615384615384616,0.7388468013468014
resp,n1000,2,256,0.0001,698,299,2352,3,2,104,0.1489971346704871,2.7265625,0.46027035169093455,0.8867817293040761,0.8293141242611367,0.7965616045845272,0.5384615384615384,0.5697278911564626,26.25381149860731,35.75168902594467,5.048411994738464e-09,1.0716771897181745,0.47151360544217685,26.03847258407658,3.5886183465350346e-09,20.189009756166598,0.7019131886037129,0.6931471805599453,False,0.9441045066045066,0.8378425185682337,0.75,0.75,0.6010028653295129,1,78,0.9541245791245792,0.8505816629296338,0.7596153846153846,0.7596153846153846,0.6106182499448974,1,79,0.21723646723646722,0.09082677882111675,0.009615384615384616,0.009615384615384616,-0.1393817500551025,1,1,0.2396076146076146,0.0934320133689363,0.038461538461538464,0.038461538461538464,-0.11053559620894865,1,4,2.5878572089071614,0.8884036526907833,1.6994535562163782,0.9807692307692307,-1.9756863756112761,0.7782356674717767,-2.753922043083053,0.0673076923076923,0.7827635327635327
resp,n1000,2,256,0.001,698,299,2352,3,2,104,0.1489971346704871,2.7265625,0.5476176484367205,0.7026299780970927,0.6795840849609349,0.7550143266475645,0.5384615384615384,0.5863095238095238,9.124064086361114,8.44546196243186,4.5829335567696436e-09,0.8501793993618696,0.4583333333333333,9.314569428403678,1.4675408028809869e-09,8.205110051348196,0.604129139132095,0.6931471805599453,True,0.9574915824915825,0.8418459181101411,0.7692307692307693,0.7692307692307693,0.6202336345602821,1,80,0.9538170163170163,0.8307282531072949,0.75,0.75,0.6010028653295129,1,78,0.12446581196581197,0.0841426462309917,0.0,0.0,-0.1489971346704871,1,0,0.1744042994042994,0.08713646656608588,0.019230769230769232,0.019230769230769232,-0.12976636543971787,1,2,1.5788887028629794,0.37903219074162375,1.1998565121213556,1.0,-1.1387288679610819,0.3106039176770338,-1.4493327856381157,0.038461538461538464,0.875534188034188
resp,n1000,2,256,0.01,698,299,2352,3,2,104,0.1489971346704871,2.7265625,0.6424141215580749,0.6723107460115327,0.6667424371316536,0.6919770773638968,0.5785953177257525,0.6113945578231292,2.0337889027434475,2.019493747430028,1.6498979736994786e-09,0.7472002473555224,0.41624149659863946,2.3250988405252957,1.0907709460257854e-09,2.9876787476307416,0.06515001728473346,0.6931471805599453,True,0.9758158508158508,0.8600720596344785,0.7692307692307693,0.7692307692307693,0.6202336345602821,1,80,0.914044289044289,0.7562687064063496,0.6826923076923077,0.6826923076923077,0.5336951730218206,1,71,0.05874449624449624,0.08169564072801976,0.0,0.0,-0.1489971346704871,1,0,0.2891090391090391,0.09912291209628674,0.0,0.0,-0.1489971346704871,1,0,0.6895838390468841,0.0906337099445695,0.5989501291023146,1.0,-0.4874490725938003,0.056436234600082694,-0.5438853071938831,0.0,0.9412555037555037
resp,n1000,2,256,0.1,698,299,2352,3,2,104,0.1489971346704871,2.7265625,0.6845393371307049,0.6880352972142715,0.6872328792658308,0.6432664756446992,0.6120401337792643,0.6160714285714286,0.28854464293493914,1.110061887604694,2.7236734089364385e-10,0.7014271301586963,0.399234693877551,0.36717849426841687,1.2356515635918632e-10,0.5358395607893494,-0.3258503059967717,0.6931471805599453,True,0.9779040404040404,0.8539970198241422,0.7788461538461539,0.7788461538461539,0.6298490191756667,1,81,0.8279267029267029,0.5714591056458577,0.5576923076923077,0.5576923076923077,0.40869517302182057,1,58,0.04819023569023569,0.08137802362064692,0.0,0.0,-0.1489971346704871,1,0,0.7052738927738927,0.23357350759845102,0.25961538461538464,0.25961538461538464,0.11061824994489752,1,27,0.1261804709011214,0.012443506081529407,0.11373696481959199,1.0,-0.08721562352967127,0.005623171072176296,-0.09283879460184757,0.0,0.9518097643097643
resp,n1000,2,256,1.0,698,299,2352,3,2,104,0.1489971346704871,2.7265625,0.6922063093362902,0.6925636204292,0.692478797000679,0.6446991404011462,0.6187290969899666,0.6147959183673469,0.030619160952147798,1.0110479264949666,7.359975516525403e-10,0.6940178175477545,0.4013605442176871,0.03967971672650032,8.963015733743402e-13,0.058712123047785746,-0.3848277878881356,0.6931471805599453,True,0.9778231028231028,0.8514967511112947,0.7788461538461539,0.7788461538461539,0.6298490191756667,1,81,0.7910515410515411,0.45148005768881205,0.4326923076923077,0.4326923076923077,0.28369517302182057,1,45,0.04700854700854701,0.08133779315901962,0.0,0.0,-0.1489971346704871,1,0,0.7781662781662781,0.39949051044258255,0.41346153846153844,0.41346153846153844,0.2644644037910513,1,43,0.013856851836349781,0.0013084664801969424,0.012548385356152839,1.0,-0.009528844933678561,0.000550701237111841,-0.010079546170790403,0.0,0.9529914529914529
resp,n1000,2,384,1e-06,698,299,2352,3,2,104,0.1489971346704871,1.8177083333333333,0.14601492074909386,4.712120915461446,4.183335030375302,0.9713467048710601,0.5117056856187291,0.5340136054421769,327.6521600517648,3326.426353439834,1.1046635327292256e-08,5.116773751010013,0.4770408163265306,334.845707046336,7.26036990668772e-09,247.79575394982294,0.7204021686516543,0.6931471805599453,False,0.9985107485107485,0.9922324668037822,0.9615384615384616,0.9615384615384616,0.8125413268679744,1,100,0.9988506863506863,0.9941142572221033,0.9615384615384616,0.9615384615384616,0.8125413268679744,1,100,0.30396917896917897,0.10160648722803244,0.057692307692307696,0.057692307692307696,-0.09130482697817942,1,6,0.30743330743330743,0.10221209685309346,0.057692307692307696,0.057692307692307696,-0.09130482697817942,1,6,12.183165721208034,5.835944778896936,6.347220942311099,1.0,-8.55944182115916,5.493674928261683,-14.053116749420843,0.009615384615384616,0.696030821030821
resp,n1000,2,384,1e-05,698,299,2352,3,2,104,0.1489971346704871,1.8177083333333333,0.26686422239159746,1.8711898675880918,1.6195520296257995,0.9068767908309455,0.4916387959866221,0.546343537414966,105.40216653623766,486.5742671367973,2.522159829575492e-09,2.0100125596155665,0.48299319727891155,106.19368619921256,4.017548424871625e-09,70.32179505065038,0.7791249595882368,0.6931471805599453,False,0.9889439264439265,0.9546013828556164,0.8653846153846154,0.8653846153846154,0.7163874807141283,1,90,0.9907731157731158,0.9626623088991249,0.9038461538461539,0.9038461538461539,0.7548490191756667,1,94,0.27355283605283603,0.09731104379472733,0.019230769230769232,0.019230769230769232,-0.12976636543971787,1,2,0.28375097125097126,0.09891691433570894,0.028846153846153848,0.028846153846153848,-0.12015098082433326,1,3,5.071060299207691,2.3072812822908335,2.7637790169168572,0.9903846153846154,-3.7980411414352653,2.1729994617369095,-5.971040603172175,0.028846153846153848,0.7264471639471639
resp,n1000,2,384,0.0001,698,299,2352,3,2,104,0.1489971346704871,1.8177083333333333,0.3979357314608363,0.9891311804943063,0.8788865921308165,0.8409742120343839,0.4882943143812709,0.5629251700680272,34.48876122647373,66.86707703843636,3.1928383123005117e-09,1.1153892102094922,0.47406462585034015,34.006220703903125,3.460028756723106e-09,23.75488840323985,0.759530063649527,0.6931471805599453,False,0.9741161616161617,0.9041552127620734,0.8173076923076923,0.8173076923076923,0.6683105576372051,1,85,0.9786324786324786,0.9153525024179628,0.8365384615384616,0.8365384615384616,0.6875413268679744,1,87,0.21603859103859105,0.09072498915471011,0.019230769230769232,0.019230769230769232,-0.12976636543971787,1,2,0.23648342398342398,0.09297815014388099,0.038461538461538464,0.038461538461538464,-0.11053559620894865,1,4,2.7321911132485783,1.0539882939598524,1.678202819288726,0.9807692307692307,-2.079034426225188,0.9566770754835467,-3.035711501708735,0.057692307692307696,0.783961408961409
resp,n1000,2,384,0.001,698,299,2352,3,2,104,0.1489971346704871,1.8177083333333333,0.5364930173037253,0.7114578291859903,0.6809109427423513,0.7765042979942693,0.5250836120401338,0.5892857142857143,9.69027194539569,9.648042226834754,9.066585477132337e-10,0.8496072465959469,0.459608843537415,9.830658627114254,1.3870014092622944e-09,8.37742649247097,0.6317432643941636,0.6931471805599453,True,0.9651482776482776,0.8631065688335906,0.7884615384615384,0.7884615384615384,0.6394644037910513,1,82,0.9606643356643356,0.8501383116104149,0.7788461538461539,0.7788461538461539,0.6298490191756667,1,81,0.12357549857549857,0.08408294049499743,0.0,0.0,-0.1489971346704871,1,0,0.169499481999482,0.0867727342206648,0.019230769230769232,0.019230769230769232,-0.12976636543971787,1,2,1.5885391385845535,0.40281574023336014,1.1857233983511934,1.0,-1.1508432738086454,0.335777760869747,-1.4866210346783924,0.028846153846153848,0.8764245014245015
resp,n1000,2,384,0.01,698,299,2352,3,2,104,0.1489971346704871,1.8177083333333333,0.6411648348831311,0.6730733793106307,0.666695295271757,0.6948424068767909,0.5785953177257525,0.6105442176870748,2.06412901610405,2.053002464860245,2.274068545797814e-09,0.7470223591763174,0.41709183673469385,2.3500173037972787,1.1277203810493778e-09,2.9928012015874046,0.08517783653280023,0.6931471805599453,True,0.9771108521108521,0.8644117207336292,0.7788461538461539,0.7788461538461539,0.6298490191756667,1,81,0.916990416990417,0.7619781055710628,0.6923076923076923,0.6923076923076923,0.5433105576372051,1,72,0.05848549598549599,0.08167728349557331,0.0,0.0,-0.1489971346704871,1,0,0.27946127946127947,0.09795643290667275,0.0,0.0,-0.1489971346704871,1,0,0.6903649733080434,0.09326093861943627,0.5971040346886071,1.0,-0.4887364912929817,0.05916041141470944,-0.5478969027076911,0.0,0.941514504014504
resp,n1000,2,384,0.1,698,299,2352,3,2,104,0.1489971346704871,1.8177083333333333,0.6844127854201939,0.6881127536195393,0.6872224794670776,0.6461318051575932,0.6086956521739131,0.6177721088435374,0.2907282735106547,1.1119338842363407,3.021649488802041e-10,0.7014104049073536,0.40348639455782315,0.3687868161054805,1.5032729179516289e-10,0.5361259144344102,-0.3120051142583863,0.6931471805599453,True,0.9785515410515411,0.8575603345573806,0.7788461538461539,0.7788461538461539,0.6298490191756667,1,81,0.8293026418026418,0.5754399468661914,0.5576923076923077,0.5576923076923077,0.40869517302182057,1,58,0.04815786065786066,0.08137969995751757,0.0,0.0,-0.1489971346704871,1,0,0.7033475783475783,0.23197426360087564,0.25,0.25,0.10100286532951289,1,26,0.12625628061882238,0.012708666860571559,0.11354761375825081,1.0,-0.08734603368752952,0.005897896405536507,-0.09324393009306603,0.0,0.9518421393421393
resp,n1000,2,384,1.0,698,299,2352,3,2,104,0.1489971346704871,1.8177083333333333,0.6921936380096786,0.6925714239623235,0.6924776606928531,0.6446991404011462,0.6120401337792643,0.6186224489795918,0.030825375044030927,1.0112185027169098,1.0441409696236711e-12,0.6940161886203415,0.4017857142857143,0.03982883170329892,9.5920800665905e-13,0.058738303790192264,-0.3720860022708642,0.6931471805599453,True,0.9785515410515411,0.8556868258378996,0.7788461538461539,0.7788461538461539,0.6298490191756667,1,81,0.7912134162134162,0.45135067014803126,0.4326923076923077,0.4326923076923077,0.28369517302182057,1,45,0.04708948458948459,0.0813430264721773,0.0,0.0,-0.1489971346704871,1,0,0.7782634032634033,0.39821223847355836,0.41346153846153844,0.41346153846153844,0.2644644037910513,1,43,0.013864437003147777,0.0013350043887769866,0.01252943261437079,1.0,-0.009541899502848268,0.0005781967431214557,-0.010120096245969724,0.0,0.9529105154105154
resp,n1000,3,32,1e-06,700,300,2352,0,2,105,0.15,21.875,0.5923367509374409,0.6623500801522867,0.6709579741678713,0.6742857142857143,0.5966666666666667,0.6079931972789115,6.798890025830244,3.9407461257514744,1.6861888488910546e-09,0.8011938793558679,0.4443027210884354,5.378089765105251,2.7241816448732323e-09,8.21274306648596,0.10528644638756157,0.6931471805599453,True,0.967202881152461,0.8665491458853384,0.8,0.8,0.65,1,84,0.9697318927571028,0.8454333631711837,0.7904761904761904,0.7904761904761904,0.6404761904761904,1,83,0.09325330132052821,0.08298945414843033,0.0,0.0,-0.15,1,0,0.2729251700680272,0.09857680865416263,0.047619047619047616,0.047619047619047616,-0.10238095238095238,1,5,1.310098307734373,0.0872591963380162,1.2228391113963568,0.9904761904761905,-2.0547194842609096,0.19818828061007626,-2.2529077648709857,0.0,0.9067466986794718
resp,n1000,3,32,1e-05,700,300,2352,0,2,105,0.15,21.875,0.5923377368474232,0.6621515859222491,0.670685477407164,0.6757142857142857,0.5966666666666667,0.6079931972789115,6.772410820510958,3.922871711881908,1.5858354425965891e-09,0.8008743248687537,0.44345238095238093,5.359209494777477,2.8936863778476895e-09,8.190133905308175,0.10343613805287295,0.6931471805599453,True,0.967250900360144,0.8667217524972336,0.8,0.8,0.65,1,84,0.9697158863545419,0.8454771820731094,0.7904761904761904,0.7904761904761904,0.6404761904761904,1,83,0.09299719887955182,0.08297555140994382,0.0,0.0,-0.15,1,0,0.2730532212885154,0.09858492460002086,0.047619047619047616,0.047619047619047616,-0.10238095238095238,1,5,1.3075278733690179,0.08685661774351885,1.220671255625499,0.9904761904761905,-2.0493158277358408,0.19739073202802693,-2.246706559763868,0.0,0.9070028011204482
resp,n1000,3,32,0.0001,700,300,2352,0,2,105,0.15,21.875,0.5924260062596893,0.6603643779632042,0.6682124661781887,0.6771428571428572,0.5966666666666667,0.6050170068027211,6.525547345874665,3.760474615473497,3.4202960562298916e-09,0.7978520803279353,0.44345238095238093,5.1807012076154155,3.3907900986341313e-09,7.977698162229701,0.08546721697837578,0.6931471805599453,True,0.9686434573829532,0.8687229637414977,0.8095238095238095,0.8095238095238095,0.6595238095238095,1,85,0.9700520208083233,0.8479063278356622,0.7904761904761904,0.7904761904761904,0.6404761904761904,1,83,0.09005202080832334,0.08284508091564989,0.0,0.0,-0.15,1,0,0.27537414965986395,0.09879450528599013,0.0380952380952381,0.0380952380952381,-0.1119047619047619,1,4,1.2829126241326616,0.08304585963999249,1.199866764492669,0.9904761904761905,-1.998389267901144,0.18992611839263782,-2.1883153862937816,0.0,0.9099479791916767
resp,n1000,3,32,0.001,700,300,2352,0,2,105,0.15,21.875,0.596493911867955,0.6523174484218159,0.6562013188805487,0.67,0.6033333333333334,0.6075680272108843,5.023167069120697,2.8804839979740944,1.2760862491258528e-09,0.7778133189239548,0.4332482993197279,4.0157923455103015,7.068358540262633e-10,6.600175159784372,-0.054618209022833784,0.6931471805599453,True,0.9761824729891957,0.8838026911562517,0.819047619047619,0.819047619047619,0.669047619047619,1,86,0.9707563025210084,0.8509869824901762,0.8,0.8,0.65,1,84,0.06962785114045618,0.08200464970487328,0.0,0.0,-0.15,1,0,0.3042016806722689,0.10211332615545328,0.02857142857142857,0.02857142857142857,-0.12142857142857143,1,3,1.10460996704406,0.058133624430120386,1.0464763426139394,0.9904761904761905,-1.6613093900331526,0.14350166063498385,-1.8048110506681365,0.0,0.9303721488595438
resp,n1000,3,32,0.01,700,300,2352,0,2,105,0.15,21.875,0.6314363856619485,0.658470944611214,0.6572521852454121,0.6571428571428571,0.6133333333333333,0.6118197278911565,2.071388304906075,1.6166814185829133,6.271761611908986e-11,0.7294092666741353,0.4107142857142857,1.6050972338704599,3.651289690050013e-10,3.1461891267976907,-0.4558977904305557,0.6931471805599453,True,0.9844417767106842,0.9067249693756749,0.8476190476190476,0.8476190476190476,0.6976190476190476,1,89,0.9561424569827931,0.8205165623964779,0.7714285714285715,0.7714285714285715,0.6214285714285714,1,81,0.03545418167266907,0.08090426561964212,0.0,0.0,-0.15,1,0,0.5692196878751501,0.15602997405308278,0.05714285714285714,0.05714285714285714,-0.09285714285714286,1,6,0.555494694037132,0.013131474861148905,0.5423632191759832,1.0,-0.7884441142336099,0.05297357420428957,-0.8414176884378995,0.0,0.9645458183273309
resp,n1000,3,32,0.1,700,300,2352,0,2,105,0.15,21.875,0.6794218724058646,0.6847311540847292,0.6841697346145542,0.6642857142857143,0.6166666666666667,0.6118197278911565,0.3613653497915833,1.0873547472381064,7.204867965789463e-11,0.6989593177805904,0.405187074829932,0.2728630079531611,6.634075916843536e-11,0.578351707566211,-0.6564265299216079,0.6931471805599453,True,0.9866506602641056,0.9118665799761365,0.8380952380952381,0.8380952380952381,0.6880952380952381,1,88,0.9005042016806722,0.6556506309428605,0.638095238095238,0.638095238095238,0.488095238095238,1,67,0.026362545018007204,0.0806588683435249,0.0,0.0,-0.15,1,0,0.8326690676270508,0.38855689008240174,0.44761904761904764,0.44761904761904764,0.29761904761904767,1,47,0.10300574227868506,0.0010290118380965171,0.10197673044058854,1.0,-0.1445495065764719,0.008358412480697242,-0.15290791905716913,0.0,0.9736374549819928
resp,n1000,3,32,1.0,700,300,2352,0,2,105,0.15,21.875,0.6915842258085857,0.692177247981919,0.6921092995862178,0.6657142857142857,0.6166666666666667,0.6147959183673469,0.03943249103500268,1.0089700438980775,6.308561475600435e-13,0.6937643557067128,0.40476190476190477,0.0296356449095712,1.3755142610149895e-10,0.06350614157685465,-0.6845059142270747,0.6931471805599453,True,0.9867466986794717,0.9103167664976268,0.8380952380952381,0.8380952380952381,0.6880952380952381,1,88,0.8722529011604642,0.5380956520512472,0.5619047619047619,0.5619047619047619,0.4119047619047619,1,59,0.02516206482593037,0.08062916681360092,0.0,0.0,-0.15,1,0,0.8639935974389756,0.4989759347499267,0.5428571428571428,0.5428571428571428,0.3928571428571428,1,57,0.011311538907122325,9.057800972928368e-05,0.01122096089739304,1.0,-0.015872388259537847,0.0008954335051027197,-0.01676782176464057,0.0,0.9748379351740696
resp,n1000,3,64,1e-06,700,300,2352,0,2,105,0.15,10.9375,0.5750403809118909,0.6770449599539247,0.6935257783238562,0.6928571428571428,0.6033333333333334,0.5935374149659864,8.932871067958665,6.4178622469695075,1.0786209897622317e-09,0.827253051803308,0.4417517006802721,7.4177714840015385,1.891983425129776e-09,9.520897569447957,0.3333134470646366,0.6931471805599453,False,0.9617607042817127,0.852473976115144,0.780952380952381,0.780952380952381,0.6309523809523809,1,82,0.969859943977591,0.8706203788139248,0.780952380952381,0.780952380952381,0.6309523809523809,1,82,0.1369827931172469,0.08531338893944145,0.02857142857142857,0.02857142857142857,-0.12142857142857143,1,3,0.2615766306522609,0.09961152335009468,0.06666666666666667,0.06666666666666667,-0.08333333333333333,1,7,1.4397462105459156,0.1578145005542954,1.28193170999162,0.9523809523809523,-2.243312101852792,0.27976768134987123,-2.5230797832026632,0.009523809523809525,0.8630172068827531
resp,n1000,3,64,1e-05,700,300,2352,0,2,105,0.15,10.9375,0.5750432200583504,0.6765403784822901,0.6928449182706421,0.6914285714285714,0.6033333333333334,0.5935374149659864,8.8746659355393,6.357079065485611,2.2761568283856485e-09,0.8265426502649342,0.44302721088435376,7.375114442611285,1.7750994586761773e-09,9.4755883107299,0.33127672749478765,0.6931471805599453,True,0.9620488195278111,0.8531881034598002,0.780952380952381,0.780952380952381,0.6309523809523809,1,82,0.9698919567827131,0.870675394570713,0.780952380952381,0.780952380952381,0.6309523809523809,1,82,0.13627851140456182,0.08527341541520841,0.02857142857142857,0.02857142857142857,-0.12142857142857143,1,3,0.26172068827531014,0.09960881801349795,0.06666666666666667,0.06666666666666667,-0.08333333333333333,1,7,1.435430654956743,0.15679757697786323,1.27863307797888,0.9523809523809523,-2.234477431441581,0.278074604598704,-2.5125520360402853,0.009523809523809525,0.8637214885954382
resp,n1000,3,64,0.0001,700,300,2352,0,2,105,0.15,10.9375,0.5752805742660222,0.6721982026443446,0.6869335520248185,0.69,0.61,0.5943877551020408,8.355108472095385,5.835238059386343,1.2740523979362062e-09,0.8201061560802461,0.4409013605442177,6.985289908306518,5.1744132690796354e-09,9.06995808145815,0.31131079134855927,0.6931471805599453,True,0.9642737094837935,0.85800464141765,0.7904761904761904,0.7904761904761904,0.6404761904761904,1,83,0.9707563025210084,0.8735421639088627,0.7904761904761904,0.7904761904761904,0.6404761904761904,1,83,0.13037214885954382,0.08486869740771845,0.009523809523809525,0.009523809523809525,-0.14047619047619048,1,1,0.26167266906762704,0.09939415017112346,0.05714285714285714,0.05714285714285714,-0.09285714285714286,1,6,1.3954925810489864,0.14746329253218837,1.248029288516798,0.9523809523809523,-2.15466497940837,0.26279629295627377,-2.4174612723646436,0.009523809523809525,0.8696278511404562
resp,n1000,3,64,0.001,700,300,2352,0,2,105,0.15,10.9375,0.5832425629713659,0.655798789192261,0.6629786153487421,0.6957142857142857,0.5933333333333334,0.5986394557823129,5.787631510630865,3.700849931445043,4.822640612781808e-10,0.7863165724784957,0.43494897959183676,4.867627463953936,1.0220628984843831e-08,6.9866687266838445,0.148674669830215,0.6931471805599453,True,0.974389755902361,0.8779726765032119,0.819047619047619,0.819047619047619,0.669047619047619,1,86,0.97374949979992,0.8839470794754118,0.8,0.8,0.65,1,84,0.0935094037615046,0.08288051225282426,0.0,0.0,-0.15,1,0,0.27819127651060427,0.09942984811195929,0.047619047619047616,0.047619047619047616,-0.10238095238095238,1,5,1.153342524930985,0.09545214591161995,1.057890379019365,0.9714285714285714,-1.7174686362266784,0.18265229828186821,-1.9001209345085466,0.0,0.9064905962384954
resp,n1000,3,64,0.01,700,300,2352,0,2,105,0.15,10.9375,0.627939349944336,0.6586865499073746,0.6579975876838627,0.6685714285714286,0.6033333333333334,0.6071428571428571,2.1484399611741356,1.7198479276007441,1.836646646139859e-10,0.7300450759341722,0.413265306122449,1.7039766543452513,8.375087351576897e-10,3.172472356094727,-0.347627090158989,0.6931471805599453,True,0.9847779111644658,0.9059948650801278,0.8380952380952381,0.8380952380952381,0.6880952380952381,1,88,0.9602561024409764,0.8559781422874811,0.8,0.8,0.65,1,84,0.04025610244097639,0.0810824782607068,0.0,0.0,-0.15,1,0,0.5142697078831533,0.14063736779645142,0.05714285714285714,0.05714285714285714,-0.09285714285714286,1,6,0.56203128699413,0.020948182446769104,0.5410831045473609,1.0,-0.7946809684531206,0.060754968737705695,-0.8554359371908263,0.0,0.9597438975590236
resp,n1000,3,64,0.1,700,300,2352,0,2,105,0.15,10.9375,0.6789978773680977,0.6847503066414449,0.6842500808018012,0.6671428571428571,0.61,0.6135204081632653,0.36713593102445585,1.0956074956424697,1.2719675519026618e-10,0.6989958417448366,0.40348639455782315,0.2805771862936888,1.2266394415308285e-10,0.5801141361715634,-0.5971269860159428,0.6931471805599453,True,0.9868267306922769,0.910498303210537,0.8380952380952381,0.8380952380952381,0.6880952380952381,1,88,0.9070348139255703,0.7268826283679659,0.6857142857142857,0.6857142857142857,0.5357142857142857,1,72,0.02809123649459784,0.08072925977154317,0.0,0.0,-0.15,1,0,0.8252581032412966,0.3934321045055667,0.4380952380952381,0.4380952380952381,0.28809523809523807,1,46,0.10372041991012666,0.0019247744691791892,0.10179564544094748,1.0,-0.14521960999958494,0.009246322207475226,-0.15446593220706017,0.0,0.9719087635054021
resp,n1000,3,64,1.0,700,300,2352,0,2,105,0.15,10.9375,0.6915408409229279,0.6921791786886549,0.6921175439710566,0.6642857142857143,0.61,0.6156462585034014,0.03997835393781108,1.0097471088609737,1.0620706011101514e-12,0.6937675295962967,0.4005102040816326,0.030369361739432322,9.949163727786498e-13,0.06367171484872831,-0.6315372566752774,0.6931471805599453,True,0.9870988395358143,0.9107491718625991,0.8476190476190476,0.8476190476190476,0.6976190476190476,1,89,0.8735334133653462,0.5939430983618493,0.5619047619047619,0.5619047619047619,0.4119047619047619,1,59,0.026634653861544618,0.08068310723227641,0.0,0.0,-0.15,1,0,0.8641536614645858,0.5519735836373157,0.5238095238095238,0.5238095238095238,0.3738095238095238,1,55,0.011384122093935108,0.00018154071154932966,0.011202581382385779,1.0,-0.015940434459743462,0.0009855955617671542,-0.016926030021510614,0.0,0.9733653461384554
resp,n1000,3,128,1e-06,700,300,2352,0,2,105,0.15,5.46875,0.5137196140310344,0.7518810249567228,0.7651825062290624,0.7357142857142858,0.5666666666666667,0.5875850340136054,17.81321713896256,15.310243578186716,8.480606842610183e-09,0.9282874092881971,0.475765306122449,19.107404259581575,2.4354742472649784e-09,13.72861010696968,0.7255884464917658,0.6931471805599453,False,0.9516606642657063,0.8390171122978471,0.7523809523809524,0.7523809523809524,0.6023809523809524,1,79,0.9608323329331733,0.8653267754638976,0.7619047619047619,0.7619047619047619,0.6119047619047618,1,80,0.21610244097639056,0.09164232846094653,0.0380952380952381,0.0380952380952381,-0.1119047619047619,1,4,0.2781592637054822,0.10080928419409532,0.06666666666666667,0.06666666666666667,-0.08333333333333333,1,7,2.0792220088477245,0.5823424694318,1.4968795394159244,0.9142857142857143,-2.436815361290263,0.6476942028106204,-3.0845095641008835,0.02857142857142857,0.7838975590236095
resp,n1000,3,128,1e-05,700,300,2352,0,2,105,0.15,5.46875,0.5137536003322268,0.7479420412474092,0.7608961919458732,0.7357142857142858,0.5633333333333334,0.5880102040816326,17.458428143241523,14.826763079620138,2.1856790556348527e-09,0.9222880613110991,0.47534013605442177,18.70570864370637,3.245983072325846e-09,13.50218119492165,0.7232569865019991,0.6931471805599453,False,0.9522689075630252,0.8405156132868784,0.7619047619047619,0.7619047619047619,0.6119047619047618,1,80,0.9614565826330532,0.8662984034911716,0.7619047619047619,0.7619047619047619,0.6119047619047618,1,80,0.21418167266906762,0.09143806528539988,0.0380952380952381,0.0380952380952381,-0.1119047619047619,1,4,0.2771988795518207,0.10064573198830831,0.06666666666666667,0.06666666666666667,-0.08333333333333333,1,7,2.052712988043754,0.5710551036199141,1.48165788442384,0.9238095238095239,-2.414308444367677,0.6366805240098637,-3.0509889683775406,0.02857142857142857,0.7858183273309324
resp,n1000,3,128,0.0001,700,300,2352,0,2,105,0.15,5.46875,0.5158389515291518,0.7207827306947829,0.7312219555532559,0.7342857142857143,0.5666666666666667,0.5901360544217688,14.865983600155584,11.675033938221757,1.1754147758095303e-09,0.8809810079095364,0.469812925170068,15.794073327052606,2.2939456804405747e-09,11.883567749245216,0.7011048582261123,0.6931471805599453,False,0.957983193277311,0.8551264601532345,0.780952380952381,0.780952380952381,0.6309523809523809,1,82,0.9658583433373349,0.8769886615321332,0.780952380952381,0.780952380952381,0.6309523809523809,1,82,0.1979671868747499,0.08981143372034986,0.0380952380952381,0.0380952380952381,-0.1119047619047619,1,4,0.2690196078431373,0.0994388225337934,0.05714285714285714,0.05714285714285714,-0.09285714285714286,1,6,1.8601133509120784,0.48770107464416934,1.3724122762679092,0.9333333333333333,-2.2481147988627272,0.5543922519225986,-2.8025070507853256,0.02857142857142857,0.8020328131252501
resp,n1000,3,128,0.001,700,300,2352,0,2,105,0.15,5.46875,0.5454229199805588,0.6644104589783408,0.6680777671109824,0.7371428571428571,0.59,0.5986394557823129,7.756944393184773,5.0388590985337,2.0883723062702207e-09,0.7891365408565364,0.45663265306122447,7.827229809584411,3.7970237764248895e-09,7.578629503689313,0.5270499906755972,0.6931471805599453,True,0.973797519007603,0.8951949275920386,0.819047619047619,0.819047619047619,0.669047619047619,1,86,0.9758783513405362,0.900384314607829,0.819047619047619,0.819047619047619,0.669047619047619,1,86,0.12505802320928372,0.08432566413622976,0.0,0.0,-0.15,1,0,0.249187675070028,0.09617809920298927,0.047619047619047616,0.047619047619047616,-0.10238095238095238,1,5,1.2969941402530947,0.24201487556205065,1.054979264691044,0.9714285714285714,-1.703800065915964,0.3049231224315636,-2.0087231883475276,0.01904761904761905,0.8749419767907163
resp,n1000,3,128,0.01,700,300,2352,0,2,105,0.15,5.46875,0.6196083103072177,0.6584996551600726,0.6572061792686014,0.7114285714285714,0.5966666666666667,0.6101190476190477,2.324961025636334,1.8247998617141574,1.0865520924487997e-09,0.7279217477840897,0.4281462585034014,2.0011490971816146,8.088663765930074e-10,3.203517268886988,-0.09161356814560663,0.6931471805599453,True,0.9860104041616646,0.9153507596820204,0.8476190476190476,0.8476190476190476,0.6976190476190476,1,89,0.9623209283713485,0.8768813574413663,0.8285714285714286,0.8285714285714286,0.6785714285714286,1,87,0.04326530612244898,0.08109926542434388,0.0,0.0,-0.15,1,0,0.45163665466186476,0.12597936141436866,0.06666666666666667,0.06666666666666667,-0.08333333333333333,1,7,0.5806954344292854,0.04625057267745339,0.534444861751832,1.0,-0.7905377452530824,0.08207094183286413,-0.8726086870859465,0.0,0.9567346938775511
resp,n1000,3,128,0.1,700,300,2352,0,2,105,0.15,5.46875,0.6780403251075499,0.684669393438951,0.6841062796724612,0.6828571428571428,0.6066666666666667,0.6152210884353742,0.3798849884021672,1.1031849802884999,2.4090816255850543e-10,0.6987381229261058,0.4119897959183674,0.3030346220697583,2.1179057252616912e-10,0.5821152772274812,-0.44613065830574,0.6931471805599453,True,0.9879311724689875,0.9178579149935578,0.8571428571428571,0.8571428571428571,0.7071428571428571,1,90,0.9078831532613045,0.7732326240620391,0.6857142857142857,0.6857142857142857,0.5357142857142857,1,72,0.02860344137655062,0.08072162540113617,0.0,0.0,-0.15,1,0,0.8162625050020008,0.3785214927410175,0.45714285714285713,0.45714285714285713,0.30714285714285716,1,48,0.10571093890879518,0.004690368328429248,0.10102057058036594,1.0,-0.14479696410455803,0.011586092123780596,-0.15638305622833862,0.0,0.9713965586234494
resp,n1000,3,128,1.0,700,300,2352,0,2,105,0.15,5.46875,0.6914436837303635,0.692170140320884,0.6921021644524785,0.6842857142857143,0.6066666666666667,0.6156462585034014,0.04117491324780046,1.010451523536104,1.8164774058656006e-12,0.6937415236851572,0.4107142857142857,0.032494548024302045,1.5358479827459376e-12,0.06385777525243849,-0.49573460105969935,0.6931471805599453,True,0.9880752300920368,0.9178283263121817,0.8571428571428571,0.8571428571428571,0.7071428571428571,1,90,0.8736934773909564,0.6412470006871033,0.6095238095238096,0.6095238095238096,0.45952380952380956,1,64,0.027466986794717888,0.08068977078058032,0.0,0.0,-0.15,1,0,0.8633373349339736,0.5912012289036482,0.5714285714285714,0.5714285714285714,0.4214285714285714,1,60,0.01158507520736355,0.0004607626581764602,0.01112431254918709,1.0,-0.01589784672380165,0.0012218397153864137,-0.017119686439188063,0.0,0.9725330132052821
resp,n1000,3,256,1e-06,700,300,2352,0,2,105,0.15,2.734375,0.34671821313524387,1.4871216148582835,1.6112280226220452,0.8457142857142858,0.59,0.564625850340136,81.55850317077713,242.6996531911019,2.2475749931780958e-09,1.8057981094172382,0.5102040816326531,76.60241048379578,5.817587219704495e-09,57.090666436347256,0.7411171680166315,0.6931471805599453,False,0.9689315726290516,0.8956954980876276,0.8095238095238095,0.8095238095238095,0.6595238095238095,1,85,0.9750140056022409,0.9158282515903834,0.8380952380952381,0.8380952380952381,0.6880952380952381,1,88,0.2870108043217287,0.10578346076231201,0.047619047619047616,0.047619047619047616,-0.10238095238095238,1,5,0.3030492196878751,0.1068818792973851,0.05714285714285714,0.05714285714285714,-0.09285714285714286,1,6,4.725102623747529,2.176403575264598,2.548699048482931,0.9428571428571428,-4.985118940051108,2.383937382407097,-7.369056322458205,0.05714285714285714,0.7129891956782712
resp,n1000,3,256,1e-05,700,300,2352,0,2,105,0.15,2.734375,0.3533622694447654,1.1960867156317916,1.2694856354579562,0.8314285714285714,0.5933333333333334,0.5680272108843537,60.09888840528805,108.83905864445308,6.482820510196344e-09,1.5018292951536039,0.5051020408163265,59.720538037785715,2.617445605410502e-09,41.56263555641207,0.7593698613763726,0.6931471805599453,False,0.9708843537414966,0.9033492586824828,0.819047619047619,0.819047619047619,0.669047619047619,1,86,0.9774149659863945,0.9230542802345605,0.8380952380952381,0.8380952380952381,0.6880952380952381,1,88,0.27583833533413366,0.10413264230939842,0.05714285714285714,0.05714285714285714,-0.09285714285714286,1,6,0.2957983193277311,0.10624257760843607,0.05714285714285714,0.05714285714285714,-0.09285714285714286,1,6,3.890616780238415,1.7465839726638772,2.1440328075745376,0.9428571428571428,-4.042360218602594,1.8442923694617044,-5.886652588064298,0.05714285714285714,0.7241616646658664
resp,n1000,3,256,0.0001,700,300,2352,0,2,105,0.15,2.734375,0.3990782385306929,0.8263949423042889,0.8501794341127692,0.8257142857142857,0.5866666666666667,0.5799319727891157,29.361985943426674,30.685457759408603,1.953996967393406e-09,1.034073796695354,0.4991496598639456,30.70504764109001,2.8866476922654897e-09,19.966343668283415,0.7799089652597919,0.6931471805599453,False,0.9757983193277311,0.9171542830139424,0.8476190476190476,0.8476190476190476,0.6976190476190476,1,89,0.9827931172468988,0.9314579341068642,0.8380952380952381,0.8380952380952381,0.6880952380952381,1,88,0.23228491396558623,0.09616298156707397,0.02857142857142857,0.02857142857142857,-0.12142857142857143,1,3,0.2738375350140056,0.10188117361533656,0.0380952380952381,0.0380952380952381,-0.1119047619047619,1,4,2.4569713413027117,0.9776418857301615,1.4793294555725502,0.9619047619047619,-2.7095875249878665,1.0324968257213891,-3.7420843507092556,0.02857142857142857,0.7677150860344137
resp,n1000,3,256,0.001,700,300,2352,0,2,105,0.15,2.734375,0.5055021614536294,0.6661566078918437,0.6726497979111863,0.78,0.5866666666666667,0.5965136054421769,9.731835588383419,6.7717857962165064,2.4663477475557946e-09,0.7954318014349598,0.4736394557823129,9.9417429202943,2.1161131929976645e-09,8.3198732643795,0.6425053041072397,0.6931471805599453,True,0.9832412965186075,0.9256889764541434,0.8571428571428571,0.8571428571428571,0.7071428571428571,1,90,0.9851300520208083,0.9298590857753039,0.8476190476190476,0.8476190476190476,0.6976190476190476,1,89,0.13323729491796718,0.0849564939978414,0.01904761904761905,0.01904761904761905,-0.13095238095238093,1,2,0.2245858343337335,0.09306261314129481,0.02857142857142857,0.02857142857142857,-0.12142857142857143,1,3,1.3754823881069183,0.3489096096106303,1.026572778496288,0.9714285714285714,-1.7507009846195025,0.40769771874326644,-2.158398703362769,0.009523809523809525,0.8667627050820328
resp,n1000,3,256,0.01,700,300,2352,0,2,105,0.15,2.734375,0.6137808612043881,0.6575310953556004,0.6565647975420614,0.7228571428571429,0.6033333333333334,0.6079931972789115,2.444552865569466,1.9190406757023701,3.5389947416893857e-09,0.7271701722921683,0.4328231292517007,2.149224839223693,1.943179577011304e-09,3.229956614106495,0.015453909152135369,0.6931471805599453,True,0.9882352941176471,0.9258537061033268,0.8571428571428571,0.8571428571428571,0.7071428571428571,1,90,0.9689475790316127,0.8908214156367039,0.8380952380952381,0.8380952380952381,0.6880952380952381,1,88,0.04321728691476591,0.0810896176049413,0.0,0.0,-0.15,1,0,0.39695878351340536,0.11538833564177005,0.0380952380952381,0.0380952380952381,-0.1119047619047619,1,4,0.5881239410427332,0.05999241778369399,0.5281315232590392,1.0,-0.7949013844934052,0.09529775079799173,-0.8901991352913969,0.0,0.9567827130852341
resp,n1000,3,256,0.1,700,300,2352,0,2,105,0.15,2.734375,0.677423058984496,0.6845333571948615,0.6840076223174366,0.7,0.61,0.6147959183673469,0.38790686484920495,1.1091921596058438,3.504690514756759e-10,0.698633544212139,0.41369047619047616,0.31372039073632063,2.296367995958052e-10,0.5836648616990859,-0.3770614422449276,0.6931471805599453,True,0.9890676270508203,0.9247245510307401,0.8571428571428571,0.8571428571428571,0.7071428571428571,1,90,0.9101560624249699,0.7819174971618899,0.7142857142857143,0.7142857142857143,0.5642857142857143,1,75,0.028331332533013204,0.08071326672978864,0.0,0.0,-0.15,1,0,0.8040336134453782,0.35201041144934075,0.4,0.4,0.25,1,42,0.10646002478063774,0.00611551201104312,0.10034451276959462,1.0,-0.1452576396205743,0.012960358987413276,-0.15821799860798758,0.0,0.9716686674669868
resp,n1000,3,256,1.0,700,300,2352,0,2,105,0.15,2.734375,0.6913815914901863,0.6921558839063197,0.692091807721922,0.6928571428571428,0.6133333333333333,0.6143707482993197,0.04192197678509541,1.0110031795399803,2.2416751723519604e-12,0.6937307487444166,0.4107142857142857,0.033500870346223684,1.7861316124603477e-12,0.06400021363171987,-0.4330131112390055,0.6931471805599453,True,0.9891156462585035,0.9244128527823223,0.8571428571428571,0.8571428571428571,0.7071428571428571,1,90,0.8719007603041217,0.6437128114119625,0.5904761904761905,0.5904761904761905,0.44047619047619047,1,62,0.027162865146058424,0.08068609137920008,0.0,0.0,-0.15,1,0,0.8593037214885955,0.5828353808489424,0.5714285714285714,0.5714285714285714,0.4214285714285714,1,60,0.011660260319177041,0.0006038268855653855,0.011056433433611656,1.0,-0.01594412944843665,0.0013598035240840554,-0.017303932972520704,0.0,0.9728371348539415
resp,n1000,3,384,1e-06,700,300,2352,0,2,105,0.15,1.8229166666666667,0.07165888315919006,4.136033643235986,4.317825162331845,1.0,0.54,0.5510204081632653,327.82156940572304,2235.93000506903,5.149561616487286e-09,5.133879141657073,0.502125850340136,327.37293862493283,6.042027887530353e-09,247.7144593637782,0.7141152475322341,0.6931471805599453,False,1.0,1.0,1.0,1.0,0.85,1,105,1.0,1.0,1.0,1.0,0.85,1,105,0.3300200080032013,0.10673804995287188,0.0761904761904762,0.0761904761904762,-0.0738095238095238,1,8,0.33602240896358543,0.1079864923451188,0.0761904761904762,0.0761904761904762,-0.0738095238095238,1,8,12.19080147440448,6.632772644977789,5.558028829426692,1.0,-11.787671507725781,6.67723620706124,-18.46490771478702,0.0,0.6699799919967987
resp,n1000,3,384,1e-05,700,300,2352,0,2,105,0.15,1.8229166666666667,0.2006809430144605,1.6367642109372478,1.6717469463048138,0.9371428571428572,0.58,0.5663265306122449,111.68141677649552,377.6886323284932,2.982090529470363e-09,2.1015597584175003,0.5012755102040817,115.59515372780734,2.7753955905684213e-09,76.85495220895133,0.7718263487855708,0.6931471805599453,False,0.9958863545418167,0.981793912538573,0.9428571428571428,0.9428571428571428,0.7928571428571428,1,99,0.9966866746698679,0.9853264249475272,0.9428571428571428,0.9428571428571428,0.7928571428571428,1,99,0.3002160864345738,0.10197787928102578,0.06666666666666667,0.06666666666666667,-0.08333333333333333,1,7,0.31465386154461783,0.10438307494765305,0.0761904761904762,0.0761904761904762,-0.0738095238095238,1,8,5.231063410326107,2.7411805418923887,2.4898828684337184,0.9904761904761905,-5.062102295447324,2.7046267281933614,-7.766729023640686,0.01904761904761905,0.6997839135654262
resp,n1000,3,384,0.0001,700,300,2352,0,2,105,0.15,1.8229166666666667,0.3454577935655944,0.8659390712345263,0.8722047932673389,0.8771428571428571,0.5866666666666667,0.5803571428571429,35.896010641702006,50.847529292038374,1.883449817593464e-09,1.082906452515921,0.4965986394557823,37.45852007967539,2.482159002272753e-09,23.18124013870226,0.8010843710903278,0.6931471805599453,False,0.9876110444177671,0.9517322839556831,0.8857142857142857,0.8857142857142857,0.7357142857142857,1,93,0.9912284913965587,0.9619836089121557,0.8571428571428571,0.8571428571428571,0.7071428571428571,1,90,0.23526210484193677,0.09428974901891615,0.0380952380952381,0.0380952380952381,-0.1119047619047619,1,4,0.2678671468587435,0.0991455591690808,0.0380952380952381,0.0380952380952381,-0.1119047619047619,1,4,2.5711413676577486,1.1406409035449339,1.4305004641128147,0.9619047619047619,-2.7550225470887724,1.1848061708742696,-3.9398287179630422,0.02857142857142857,0.7647378951580632
resp,n1000,3,384,0.001,700,300,2352,0,2,105,0.15,1.8229166666666667,0.4956482364372107,0.6692780556758001,0.6727190375520861,0.7942857142857143,0.59,0.5931122448979592,10.201761899237223,7.589867128076526,1.8217011743376407e-09,0.7984485152332569,0.47406462585034015,10.437686632944827,3.1663694600828374e-09,8.448860428193063,0.6650746120372286,0.6931471805599453,True,0.9858663465386155,0.9360742683025872,0.8761904761904762,0.8761904761904762,0.7261904761904762,1,92,0.9870348139255702,0.93637709940904,0.8476190476190476,0.8476190476190476,0.6976190476190476,1,89,0.13171668667466988,0.08475239888231419,0.01904761904761905,0.01904761904761905,-0.13095238095238093,1,2,0.21575030012004803,0.09198987029832961,0.0380952380952381,0.0380952380952381,-0.1119047619047619,1,4,1.385046200214842,0.37324871171065266,1.0117974885041894,0.9809523809523809,-1.7531052740450204,0.43104054146619736,-2.1841458155112177,0.009523809523809525,0.8682833133253302
resp,n1000,3,384,0.01,700,300,2352,0,2,105,0.15,1.8229166666666667,0.6126455503975003,0.6578739534319147,0.6565618425964391,0.73,0.6033333333333334,0.6075680272108843,2.467514012385721,1.9490108194361004,2.8853406359654204e-10,0.7273588287784193,0.43239795918367346,2.177291386116951,3.1936036980677716e-09,3.2334766757130047,0.03479311097804096,0.6931471805599453,True,0.9884913965586235,0.9278000381937861,0.8571428571428571,0.8571428571428571,0.7071428571428571,1,90,0.9704361744697879,0.8931136697922425,0.8380952380952381,0.8380952380952381,0.6880952380952381,1,88,0.04257703081232493,0.081082948762034,0.0,0.0,-0.15,1,0,0.38455382152861145,0.11326828090049902,0.0380952380952381,0.0380952380952381,-0.1119047619047619,1,4,0.5891781866271195,0.0626943649698284,0.5264838216572911,1.0,-0.7953646581082211,0.09789816759700072,-0.8932628257052219,0.0,0.9574229691876751
resp,n1000,3,384,0.1,700,300,2352,0,2,105,0.15,1.8229166666666667,0.6773076072450726,0.6845750505296002,0.6840144812937375,0.7028571428571428,0.6066666666666667,0.6113945578231292,0.3893914594772777,1.1109993474145556,3.737851852692296e-10,0.6986447894996721,0.41369047619047616,0.3156888102161515,2.2802191360523473e-10,0.5838650919276251,-0.3644994879325373,0.6931471805599453,True,0.9893077230892356,0.9257571775375557,0.8666666666666667,0.8666666666666667,0.7166666666666667,1,91,0.9106842737094838,0.7823546932084466,0.7142857142857143,0.7142857142857143,0.5642857142857143,1,75,0.028123249299719887,0.0807044502332093,0.0,0.0,-0.15,1,0,0.8023689475790317,0.34742574431075407,0.4,0.4,0.25,1,42,0.10656640763785859,0.006388541703549877,0.1001778659343087,1.0,-0.14530726673969996,0.013223375823681015,-0.15853064256338098,0.0,0.9718767507002801
resp,n1000,3,384,1.0,700,300,2352,0,2,105,0.15,1.8229166666666667,0.69137003186944,0.6921602269036136,0.6920926661373594,0.6928571428571428,0.6133333333333333,0.6139455782312925,0.04205961530556431,1.0111681010278304,2.3296743029030055e-12,0.6937317206028337,0.4111394557823129,0.03368560129568301,1.855841530120427e-12,0.06401850924865578,-0.4215964350717428,0.6931471805599453,True,0.9893077230892356,0.9250767154288211,0.8666666666666667,0.8666666666666667,0.7166666666666667,1,91,0.8716126450580232,0.6419389868501325,0.6,0.6,0.44999999999999996,1,63,0.026842737094837935,0.08067564864787456,0.0,0.0,-0.15,1,0,0.858999599839936,0.5796963487584746,0.5714285714285714,0.5714285714285714,0.4214285714285714,1,60,0.011670910011276703,0.0006311537450945191,0.011039756266182183,1.0,-0.01594909578568769,0.001386127439030159,-0.01733522322471785,0.0,0.973157262905162
resp,n1000,4,32,1e-06,700,300,2352,0,2,105,0.15,21.875,0.6316554583136041,0.6737670708973524,0.670295033543128,0.62,0.5333333333333333,0.5901360544217688,5.982082804693457,4.3295625306975145,6.219627668359344e-10,0.8918167573950768,0.4383503401360544,7.204377703341884,4.073473626543202e-10,8.070342339868683,0.26171022338286976,0.6931471805599453,True,0.8941336534613845,0.6512346294843223,0.6476190476190476,0.6476190476190476,0.4976190476190476,1,68,0.9183193277310925,0.6521528516858965,0.6285714285714286,0.6285714285714286,0.47857142857142854,1,66,0.11260504201680673,0.08408525531531855,0.0,0.0,-0.15,1,0,0.21419767907162865,0.0914683943960804,0.02857142857142857,0.02857142857142857,-0.12142857142857143,1,3,1.7596531258163046,0.2227501954524252,1.5369029303638795,0.9714285714285714,-1.0976068884404337,0.12011781266596258,-1.2177247011063963,0.08571428571428572,0.8873949579831932
resp,n1000,4,32,1e-05,700,300,2352,0,2,105,0.15,21.875,0.6316562358207394,0.6736416356211108,0.6701356667477172,0.62,0.5333333333333333,0.5892857142857143,5.9583542102325655,4.3122159574529935,6.352934616788097e-10,0.8908970383285802,0.43920068027210885,7.170966272390642,3.9178260025136046e-10,8.043821894439835,0.26004154059449774,0.6931471805599453,True,0.8943097238895559,0.6514828026311815,0.6476190476190476,0.6476190476190476,0.4976190476190476,1,68,0.9184313725490196,0.6522633808822882,0.6285714285714286,0.6285714285714286,0.47857142857142854,1,66,0.11218887555022009,0.08406466976650308,0.0,0.0,-0.15,1,0,0.21426170468187275,0.09147618175057105,0.02857142857142857,0.02857142857142857,-0.12142857142857143,1,3,1.75419725306145,0.2217122486643755,1.5324850043970746,0.9714285714285714,-1.0950739197994266,0.11954604370472682,-1.2146199635041535,0.08571428571428572,0.8878111244497799
resp,n1000,4,32,0.0001,700,300,2352,0,2,105,0.15,21.875,0.6317265753867568,0.672505619968303,0.6686890878291553,0.6214285714285714,0.5266666666666666,0.5918367346938775,5.735110766811591,4.152990308069696,1.2917761926527976e-09,0.8824402933388125,0.4375,6.8625259233774445,2.9444713725106544e-09,7.797012901450571,0.2438216644452506,0.6931471805599453,True,0.8969347739095638,0.6610424107464948,0.6571428571428571,0.6571428571428571,0.5071428571428571,1,69,0.9195838335334133,0.6563554320480709,0.6285714285714286,0.6285714285714286,0.47857142857142854,1,66,0.10857142857142857,0.08391439145231146,0.0,0.0,-0.15,1,0,0.21531812725090035,0.09153138531071363,0.02857142857142857,0.02857142857142857,-0.12142857142857143,1,3,1.7034010160841813,0.21208746621339541,1.491313549870786,0.9714285714285714,-1.0710060220658784,0.11415784109827834,-1.1851638631641568,0.08571428571428572,0.8914285714285715
resp,n1000,4,32,0.001,700,300,2352,0,2,105,0.15,21.875,0.6350919187078663,0.6673618101190283,0.6619841853498855,0.6214285714285714,0.5366666666666666,0.5990646258503401,4.315268978851145,3.2227959890780844,4.580990176528987e-10,0.8343072635961725,0.42772108843537415,5.084600730870974,2.5992858486020436e-09,6.281948797933387,0.11420934235738205,0.6931471805599453,True,0.9122529011604642,0.6906157434335493,0.6761904761904762,0.6761904761904762,0.5261904761904762,1,71,0.9224169667867147,0.6657964643534368,0.6285714285714286,0.6285714285714286,0.47857142857142854,1,66,0.08857943177270908,0.08314871598590831,0.0,0.0,-0.15,1,0,0.2386234493797519,0.09375424851108231,0.02857142857142857,0.02857142857142857,-0.12142857142857143,1,3,1.3884853579910343,0.1551153427171171,1.2333700152739173,0.9904761904761905,-0.9046366067908367,0.07966990529282694,-0.9843065120836636,0.05714285714285714,0.9114205682272909
resp,n1000,4,32,0.01,700,300,2352,0,2,105,0.15,21.875,0.6608217456723647,0.6728259895704899,0.6679927461374873,0.6257142857142857,0.5533333333333333,0.5982142857142857,1.5592642680298927,1.6450478617923419,7.427913268466415e-10,0.7458399859227359,0.40901360544217685,1.9709465688279217,1.989628037246961e-10,2.872758479902021,-0.3151095130729737,0.6931471805599453,True,0.9465706282513006,0.7522021243467092,0.7142857142857143,0.7142857142857143,0.5642857142857143,1,75,0.8985514205682273,0.6218336000324054,0.6,0.6,0.44999999999999996,1,63,0.05834333733493397,0.0821914705659778,0.0,0.0,-0.15,1,0,0.49720688275310126,0.13580444900915642,0.0380952380952381,0.0380952380952381,-0.1119047619047619,1,4,0.6448245992376437,0.05404647860764247,0.5907781206300012,1.0,-0.43633802230948493,0.018333912459046052,-0.45467193476853096,0.01904761904761905,0.941656662665066
resp,n1000,4,32,0.1,700,300,2352,0,2,105,0.15,21.875,0.6868743579562955,0.688727577694861,0.6876791500770745,0.6357142857142857,0.5533333333333333,0.6033163265306123,0.24558286579619276,1.0817496703888767,1.5514662000174418e-09,0.7009400432624455,0.39965986394557823,0.3343345398513563,2.2536570473794904e-11,0.5137338986028507,-0.5592225708091279,0.6931471805599453,True,0.9579511804721889,0.7650360276564867,0.7238095238095238,0.7238095238095238,0.5738095238095238,1,76,0.8357743097238896,0.4525439409461446,0.4095238095238095,0.4095238095238095,0.2595238095238095,1,43,0.049699879951980795,0.08194082470831301,0.0,0.0,-0.15,1,0,0.7764545818327331,0.29198332184705306,0.3047619047619048,0.3047619047619048,0.1547619047619048,1,32,0.11613446321769619,0.008323767509346394,0.1078106957083498,1.0,-0.07791054294576114,0.0015798351145095133,-0.07949037806027065,0.0,0.9503001200480192
resp,n1000,4,32,1.0,700,300,2352,0,2,105,0.15,21.875,0.6924513818292126,0.692649604811218,0.6925324249186985,0.6285714285714286,0.55,0.6062925170068028,0.02632404266176503,1.0083528496871619,1.3898993560831198e-10,0.693961448015867,0.39880952380952384,0.036290500361276255,1.175243729604264e-10,0.0560818998376592,-0.5941635000570669,0.6931471805599453,True,0.9590876350540216,0.7640388413278688,0.7238095238095238,0.7238095238095238,0.5738095238095238,1,76,0.8175270108043218,0.4024443231371001,0.37142857142857144,0.37142857142857144,0.22142857142857145,1,39,0.04880352140856343,0.08192104818355912,0.0,0.0,-0.15,1,0,0.8114445778311324,0.38153194548484654,0.3523809523809524,0.3523809523809524,0.2023809523809524,1,37,0.012695874130577225,0.0008883769165035182,0.011807497214073707,1.0,-0.008488483614670236,0.00014589645182892203,-0.00863438006649916,0.0,0.9511964785914365
resp,n1000,4,64,1e-06,700,300,2352,0,2,105,0.15,10.9375,0.6068373524808964,0.7069667112976997,0.6842339207031355,0.6614285714285715,0.5566666666666666,0.5799319727891157,8.814136550127673,7.060641539110356,1.5526032463217842e-09,0.944798310608696,0.4379251700680272,10.522083909381605,2.9435349125608062e-09,9.48291574620006,0.5309159305011703,0.6931471805599453,True,0.8860024009603842,0.6585711202542412,0.6190476190476191,0.6190476190476191,0.46904761904761905,1,65,0.9152140856342537,0.6806097497896925,0.6,0.6,0.44999999999999996,1,63,0.16075230092036816,0.08693231072917126,0.009523809523809525,0.009523809523809525,-0.14047619047619048,1,1,0.23367747098839536,0.0952481216572497,0.05714285714285714,0.05714285714285714,-0.09285714285714286,1,6,1.9924135530338523,0.3702133616190537,1.6222001914147985,0.9333333333333333,-1.1963268906360893,0.23986630207720924,-1.4361931927132985,0.10476190476190476,0.8392476990796318
resp,n1000,4,64,1e-05,700,300,2352,0,2,105,0.15,10.9375,0.6068401818919087,0.7063714277334312,0.6837745563168618,0.6614285714285715,0.5533333333333333,0.5795068027210885,8.755360876129625,6.999755230344836,4.413005122133775e-09,0.9426891991649781,0.4383503401360544,10.43629296272719,2.6683307380468516e-09,9.427924300206955,0.5290745485380797,0.6931471805599453,True,0.8864025610244097,0.6593693590077958,0.6285714285714286,0.6285714285714286,0.47857142857142854,1,66,0.9155342136854742,0.6812681006412087,0.6,0.6,0.44999999999999996,1,63,0.15998399359743898,0.08687919264650167,0.009523809523809525,0.009523809523809525,-0.14047619047619048,1,1,0.233453381352541,0.09522612744386992,0.05714285714285714,0.05714285714285714,-0.09285714285714286,1,6,1.9822297212565383,0.3673749527602319,1.6148547684963064,0.9523809523809523,-1.1922580013051447,0.23818880376857007,-1.4304468050737147,0.10476190476190476,0.840016006402561
resp,n1000,4,64,0.0001,700,300,2352,0,2,105,0.15,10.9375,0.6070792480365675,0.7011680946347089,0.6797869403981508,0.6585714285714286,0.5433333333333333,0.5799319727891157,8.225514836223683,6.472827810732428,2.8056285890298864e-09,0.9244640006064566,0.4409013605442177,9.685608755924797,1.1623202717803594e-09,8.945630385921712,0.5111504294609462,0.6931471805599453,True,0.8899559823929571,0.6660082118453974,0.638095238095238,0.638095238095238,0.488095238095238,1,67,0.9175350140056022,0.6850846549955059,0.6095238095238096,0.6095238095238096,0.45952380952380956,1,64,0.15434973989595838,0.08647968238394073,0.009523809523809525,0.009523809523809525,-0.14047619047619048,1,1,0.23153261304521808,0.09472351170012203,0.05714285714285714,0.05714285714285714,-0.09285714285714286,1,6,1.8924099653300375,0.342354846788475,1.5500551185415625,0.9523809523809523,-1.1550403630290764,0.22298653676018798,-1.3780268997892644,0.09523809523809523,0.8456502601040417
resp,n1000,4,64,0.001,700,300,2352,0,2,105,0.15,10.9375,0.61529934261738,0.6797928276142279,0.6643798727467857,0.6514285714285715,0.5366666666666666,0.5969387755102041,5.502377364736545,4.187037679197752,8.145494108549841e-09,0.8459296104906757,0.43239795918367346,6.2750764144654285,7.919673941707763e-09,6.660902049894278,0.3661556255255009,0.6931471805599453,True,0.9130372148859544,0.710492259167013,0.638095238095238,0.638095238095238,0.488095238095238,1,67,0.9277791116446579,0.7095551025641426,0.6476190476190476,0.6476190476190476,0.4976190476190476,1,68,0.1158703481392557,0.08421015967059231,0.0,0.0,-0.15,1,0,0.23156462585034013,0.09333696028552912,0.0380952380952381,0.0380952380952381,-0.1119047619047619,1,4,1.4518888524106872,0.22355662272013424,1.228332229690553,0.9809523809523809,-0.9395876136500081,0.14252192445024892,-1.082109538100257,0.05714285714285714,0.8841296518607443
resp,n1000,4,64,0.01,700,300,2352,0,2,105,0.15,10.9375,0.6551441416324761,0.6743705036097906,0.667583274907662,0.65,0.55,0.6058673469387755,1.7192443555519537,1.7509854762422565,6.595576849454943e-11,0.7461487192167635,0.4166666666666667,2.105067913226549,8.713835151597634e-11,2.900401507631555,-0.14163872656768065,0.6931471805599453,True,0.9520608243297319,0.7775201152026039,0.7142857142857143,0.7142857142857143,0.5642857142857143,1,75,0.9066506602641057,0.6648203360506338,0.6285714285714286,0.6285714285714286,0.47857142857142854,1,66,0.06375350140056023,0.0823653074800302,0.0,0.0,-0.15,1,0,0.43012404961984796,0.1213909034028205,0.0380952380952381,0.0380952380952381,-0.1119047619047619,1,4,0.6519005009892587,0.06782483402625947,0.5840756669629992,1.0,-0.44168462097912214,0.03178811832905137,-0.4734727393081735,0.009523809523809525,0.9362464985994398
resp,n1000,4,64,0.1,700,300,2352,0,2,105,0.15,10.9375,0.6861784461606713,0.6888734470463409,0.6876113022820608,0.6385714285714286,0.5466666666666666,0.608843537414966,0.2592516360677191,1.0897850341326811,5.4063636626466365e-11,0.700925759266655,0.40773809523809523,0.34492436804291826,3.3496668438053207e-11,0.5157386569733974,-0.4462098103877132,0.6931471805599453,True,0.9623849539815926,0.7824306967173749,0.7428571428571429,0.7428571428571429,0.5928571428571429,1,78,0.8333413365346138,0.45502895458448644,0.47619047619047616,0.47619047619047616,0.32619047619047614,1,50,0.052036814725890355,0.08202339114150026,0.0,0.0,-0.15,1,0,0.7548139255702281,0.26763087239043004,0.2571428571428571,0.2571428571428571,0.10714285714285712,1,27,0.11693507961254229,0.009904735272083999,0.1070303443404583,1.0,-0.07851003142280022,0.0031252883802554915,-0.08163531980305572,0.0,0.9479631852741096
resp,n1000,4,64,1.0,700,300,2352,0,2,105,0.15,10.9375,0.6923801921292859,0.6926640968507923,0.6925253626085466,0.6371428571428571,0.5433333333333333,0.6113945578231292,0.027642076551621313,1.009112050343228,3.877978531825486e-13,0.6939592986600642,0.40773809523809523,0.037299076929476455,3.940081765182818e-13,0.05627144790969227,-0.49037188902861895,0.6931471805599453,True,0.9632012805122049,0.7814482369888721,0.7523809523809524,0.7523809523809524,0.6023809523809524,1,79,0.8080992396958784,0.38013440801954596,0.38095238095238093,0.38095238095238093,0.23095238095238094,1,40,0.05078831532613045,0.08198639967200723,0.0,0.0,-0.15,1,0,0.800016006402561,0.3594745848262777,0.3523809523809524,0.3523809523809524,0.2023809523809524,1,37,0.012777323369881473,0.0010489475507289552,0.011728375819152518,1.0,-0.008549259624238614,0.00030281886435475655,-0.00885207848859337,0.0,0.9492116846738695
resp,n1000,4,128,1e-06,700,300,2352,0,2,105,0.15,5.46875,0.5448629151569353,0.7489790247214135,0.7492367495354125,0.7171428571428572,0.5866666666666667,0.5744047619047619,17.150238012186552,16.230503061572918,2.4866261422565544e-09,1.0354034920517592,0.4528061224489796,18.557103721834675,2.2887983980880685e-09,13.94529814497442,0.6975855779919828,0.6931471805599453,False,0.9030492196878751,0.6994326874480593,0.638095238095238,0.638095238095238,0.488095238095238,1,67,0.9260504201680673,0.7387854373666077,0.6761904761904762,0.6761904761904762,0.5261904761904762,1,71,0.22364145658263304,0.09231765128584644,0.02857142857142857,0.02857142857142857,-0.12142857142857143,1,3,0.2726530612244898,0.09873766545552914,0.05714285714285714,0.05714285714285714,-0.09285714285714286,1,6,2.4013048252505453,0.7028981597432682,1.6984066655072771,0.9333333333333333,-1.570637398198238,0.5553044713784427,-2.125941869576681,0.10476190476190476,0.776358543417367
resp,n1000,4,128,1e-05,700,300,2352,0,2,105,0.15,5.46875,0.5448899962459025,0.7458519436716505,0.7460203116067898,0.7185714285714285,0.59,0.5739795918367347,16.85767233287703,15.768775711895193,3.5156727101587256e-09,1.0279047789914024,0.45110544217687076,18.18278540303757,2.490663155096711e-09,13.697795527557858,0.6967995266105973,0.6931471805599453,False,0.9036574629851941,0.701055341652151,0.638095238095238,0.638095238095238,0.488095238095238,1,67,0.9267867146858744,0.7402903676276774,0.6761904761904762,0.6761904761904762,0.5261904761904762,1,71,0.22213685474189676,0.09215748554718992,0.02857142857142857,0.02857142857142857,-0.12142857142857143,1,3,0.27156462585034014,0.09857409097507044,0.05714285714285714,0.05714285714285714,-0.09285714285714286,1,6,2.370635974411961,0.690587651678888,1.680048322733073,0.9428571428571428,-1.5547278623672272,0.5465999920205333,-2.1013278543877605,0.10476190476190476,0.7778631452581033
resp,n1000,4,128,0.0001,700,300,2352,0,2,105,0.15,5.46875,0.5466758606039244,0.7233055709071186,0.722712580185283,0.7171428571428572,0.5866666666666667,0.5748299319727891,14.610818621514333,12.704440407371651,3.663435559018247e-09,0.9754440443652473,0.4502551020408163,15.468346860042896,2.1659391591405184e-09,11.930455216341528,0.6867319855767909,0.6931471805599453,False,0.910140056022409,0.7167037017992631,0.6666666666666666,0.6666666666666666,0.5166666666666666,1,70,0.931860744297719,0.7497701642128729,0.7047619047619048,0.7047619047619048,0.5547619047619048,1,74,0.2066106442577031,0.09059528761656101,0.02857142857142857,0.02857142857142857,-0.12142857142857143,1,3,0.26191276510604244,0.09720734632001954,0.047619047619047616,0.047619047619047616,-0.10238095238095238,1,5,2.1483710338803044,0.5994990626094989,1.5488719712708054,0.9523809523809523,-1.4321800113428989,0.47873085062658316,-1.910910861969482,0.08571428571428572,0.7933893557422969
resp,n1000,4,128,0.001,700,300,2352,0,2,105,0.15,5.46875,0.5760171126897157,0.6735901862391444,0.669876553085175,0.6971428571428572,0.6,0.5922619047619048,7.627029264522251,5.831524731690254,9.212370126765031e-10,0.847893972727622,0.4383503401360544,8.009760954692549,1.134866635476538e-09,7.303630209310271,0.5646101038660255,0.6931471805599453,True,0.9342136854741897,0.7710604291923602,0.7333333333333333,0.7333333333333333,0.5833333333333333,1,77,0.9453541416566626,0.7749590809535362,0.6952380952380952,0.6952380952380952,0.5452380952380952,1,73,0.1395438175270108,0.08558926476392344,0.0,0.0,-0.15,1,0,0.22879551820728292,0.09287858843940956,0.0380952380952381,0.0380952380952381,-0.1119047619047619,1,4,1.4984215964243364,0.3269206584277691,1.1715009379965673,0.9809523809523809,-1.024673389953426,0.25244069084722426,-1.2771140808006503,0.047619047619047616,0.8604561824729892
resp,n1000,4,128,0.01,700,300,2352,0,2,105,0.15,5.46875,0.6467136958606265,0.6709956796726388,0.6667094831752708,0.6814285714285714,0.5833333333333334,0.6033163265306123,1.938814634958765,1.8650838628245947,2.5942989894147e-10,0.74483112752368,0.42091836734693877,2.265787516105094,2.8994681476571137e-10,2.9365438122712697,0.030674852493944596,0.6931471805599453,True,0.9627210884353742,0.8190267925921366,0.7619047619047619,0.7619047619047619,0.6119047619047618,1,80,0.920704281712685,0.7168793098062806,0.6761904761904762,0.6761904761904762,0.5261904761904762,1,71,0.06743497398959584,0.08256571928761612,0.0,0.0,-0.15,1,0,0.37795918367346937,0.11203245477626633,0.01904761904761905,0.01904761904761905,-0.13095238095238093,1,2,0.6558903976798376,0.08530628071849398,0.5705841169613436,1.0,-0.45305256253941556,0.05057836226745805,-0.5036309248068737,0.009523809523809525,0.9325650260104041
resp,n1000,4,128,0.1,700,300,2352,0,2,105,0.15,5.46875,0.6852208904305278,0.6884241283061501,0.6874663782013261,0.6685714285714286,0.57,0.6020408163265306,0.27701630160313667,1.0974296477512422,1.0503711039596981e-10,0.7007646744313524,0.4166666666666667,0.35677028728877097,3.874438996393183e-11,0.5180794849093845,-0.3257235209106441,0.6931471805599453,True,0.9680672268907563,0.8128854793878155,0.7619047619047619,0.7619047619047619,0.6119047619047618,1,80,0.8403841536614646,0.5016188491092763,0.4857142857142857,0.4857142857142857,0.33571428571428574,1,51,0.05374949979991997,0.0821134142055932,0.0,0.0,-0.15,1,0,0.7397839135654262,0.25575798142969586,0.24761904761904763,0.24761904761904763,0.09761904761904763,1,26,0.11734043768052707,0.011809080975634021,0.10553135670489305,1.0,-0.07973337912443959,0.005173995366076406,-0.084907374490516,0.0,0.9462505002000801
resp,n1000,4,128,1.0,700,300,2352,0,2,105,0.15,5.46875,0.6922831074557341,0.6926174962806158,0.6925100749305966,0.6571428571428571,0.57,0.6058673469387755,0.029344831928562232,1.0098246085741167,4.739829252546197e-10,0.6939430194624813,0.413265306122449,0.03841722398400738,5.76072189660735e-13,0.056489746419458385,-0.3788049311334841,0.6931471805599453,True,0.9686274509803922,0.8109599472220284,0.7619047619047619,0.7619047619047619,0.6119047619047618,1,80,0.8081952781112445,0.4041668892441542,0.41904761904761906,0.41904761904761906,0.2690476190476191,1,44,0.052180872348939575,0.08206343232581416,0.0,0.0,-0.15,1,0,0.7975830332132853,0.3721380632113167,0.4,0.4,0.25,1,42,0.01281816932451366,0.0012411489624289274,0.011577020362084732,1.0,-0.008672675802848424,0.0005095914977000715,-0.009182267300548497,0.0,0.9478191276510605
resp,n1000,4,256,1e-06,700,300,2352,0,2,105,0.15,2.734375,0.4077733876514578,1.2587676901094484,1.18300488306203,0.7985714285714286,0.5666666666666667,0.5620748299319728,59.72473330023622,145.28987381136017,2.9787523682749466e-09,1.6256402543720385,0.4736394557823129,57.807885768308566,6.590738879975088e-09,45.646691413684465,0.698782092839317,0.6931471805599453,False,0.9495958383353341,0.8350016231996363,0.7428571428571429,0.7428571428571429,0.5928571428571429,1,78,0.9595518207282914,0.8743426838176995,0.8,0.8,0.65,1,84,0.27775910364145656,0.0988480180919128,0.047619047619047616,0.047619047619047616,-0.10238095238095238,1,5,0.30036014405762307,0.10202554715151375,0.047619047619047616,0.047619047619047616,-0.10238095238095238,1,5,4.0002734300288045,1.7150978465248266,2.285175583503978,0.9523809523809523,-3.374104662999924,1.6152936030203748,-4.989398266020299,0.06666666666666667,0.7222408963585434
resp,n1000,4,256,1e-05,700,300,2352,0,2,105,0.15,2.734375,0.4103278372945434,1.1276900430244032,1.0614928840084803,0.7914285714285715,0.5633333333333334,0.5565476190476191,50.149849908539935,94.95451907194781,2.2889929942104836e-09,1.4558192837169868,0.47151360544217685,48.791218453371606,2.3161980481750044e-09,37.65766296095691,0.7105991778770314,0.6931471805599453,False,0.9506202480992397,0.8396963020142065,0.7238095238095238,0.7238095238095238,0.5738095238095238,1,76,0.9613605442176871,0.8783796950357301,0.7904761904761904,0.7904761904761904,0.6404761904761904,1,83,0.2698039215686274,0.09780050532872074,0.0380952380952381,0.0380952380952381,-0.1119047619047619,1,4,0.295078031212485,0.10121873276442281,0.047619047619047616,0.047619047619047616,-0.10238095238095238,1,5,3.5647947121896464,1.5016742657176299,2.0631204464720163,0.9523809523809523,-2.966032776482709,1.3983793673432887,-4.364412143825998,0.06666666666666667,0.7301960784313726
resp,n1000,4,256,0.0001,700,300,2352,0,2,105,0.15,2.734375,0.44231700914566935,0.8378208065775428,0.809195966947032,0.7857142857142857,0.59,0.564625850340136,27.582853672446173,34.27792577457729,2.968457905916406e-09,1.0859197600420536,0.46343537414965985,26.959333764495156,2.2569656656603746e-09,20.257652252630297,0.7243308028009745,0.6931471805599453,False,0.9539335734293718,0.8504016481777464,0.7333333333333333,0.7333333333333333,0.5833333333333333,1,77,0.9664185674269707,0.8816020239468412,0.8,0.8,0.65,1,84,0.23327731092436974,0.09359344282236429,0.047619047619047616,0.047619047619047616,-0.10238095238095238,1,5,0.27154861944777914,0.09792475877363362,0.047619047619047616,0.047619047619047616,-0.10238095238095238,1,5,2.5152010782850405,0.9521426061387971,1.5630584721462433,0.9428571428571428,-1.9978961362802896,0.8614347681733169,-2.8593309044536066,0.047619047619047616,0.7667226890756302
resp,n1000,4,256,0.001,700,300,2352,0,2,105,0.15,2.734375,0.5383224242185417,0.6770485014762524,0.6719078353128859,0.7585714285714286,0.6,0.5867346938775511,9.508802442051387,8.034562563923643,3.2505644584380642e-09,0.851548138698418,0.445578231292517,9.469574284781638,2.708029056610081e-09,8.224512343463493,0.6244012329878312,0.6931471805599453,True,0.9599519807923169,0.8597954264347968,0.780952380952381,0.780952380952381,0.6309523809523809,1,82,0.9673629451780712,0.8587399591643907,0.7523809523809524,0.7523809523809524,0.6023809523809524,1,79,0.14709883953581432,0.08605260177201735,0.0,0.0,-0.15,1,0,0.21419767907162865,0.09123890839821971,0.02857142857142857,0.02857142857142857,-0.12142857142857143,1,3,1.5336806028179673,0.4016338658179655,1.1320467370000018,0.9714285714285714,-1.1295477097749194,0.33892850968544497,-1.4684762194603644,0.0380952380952381,0.8529011604641856
resp,n1000,4,256,0.01,700,300,2352,0,2,105,0.15,2.734375,0.6410917494697129,0.6702232145511146,0.6662054838641648,0.7071428571428572,0.5866666666666667,0.5973639455782312,2.0758850398739295,1.9611188018466632,6.334395303536818e-10,0.7446498698735569,0.42304421768707484,2.3557785491553296,6.078301969322063e-10,2.974791949623241,0.10322463594079424,0.6931471805599453,True,0.9703561424569828,0.8512281417698637,0.8095238095238095,0.8095238095238095,0.6595238095238095,1,85,0.934405762304922,0.752485295391612,0.6952380952380952,0.6952380952380952,0.5452380952380952,1,73,0.06781912765106042,0.08251334224171981,0.0,0.0,-0.15,1,0,0.3264665866346539,0.1044045434735964,0.01904761904761905,0.01904761904761905,-0.13095238095238093,1,2,0.6590177869543387,0.09494096166420837,0.5640768252901303,1.0,-0.46562666289110916,0.06187705411771232,-0.5275037170088215,0.009523809523809525,0.9321808723489395
resp,n1000,4,256,0.1,700,300,2352,0,2,105,0.15,2.734375,0.6846254043074255,0.6883332544894168,0.6874069441240487,0.6842857142857143,0.5766666666666667,0.6011904761904762,0.28754039253778324,1.103316597630293,1.5816781616528954e-10,0.7007351861773253,0.41496598639455784,0.36298352476832846,8.967646131398188e-11,0.5204101658659555,-0.2701394742738441,0.6931471805599453,True,0.9721968787515006,0.8330372147442864,0.780952380952381,0.780952380952381,0.6309523809523809,1,82,0.846514605842337,0.531651125511247,0.5333333333333333,0.5333333333333333,0.3833333333333333,1,56,0.0535094037615046,0.08208214502813421,0.0,0.0,-0.15,1,0,0.7289155662264906,0.24686944850209427,0.24761904761904763,0.24761904761904763,0.09761904761904763,1,26,0.1176582685414182,0.012809558520382396,0.1048487100210358,1.0,-0.08103647203668829,0.006348341591252341,-0.08738481362794064,0.0,0.9464905962384954
resp,n1000,4,256,1.0,700,300,2352,0,2,105,0.15,2.734375,0.692223195446792,0.6926083904869839,0.69250406709048,0.6785714285714286,0.5833333333333334,0.6041666666666666,0.030348271961558246,1.0103674508926737,7.978879826274014e-13,0.6939399002778285,0.4119897959183674,0.038999165773492585,3.3111150429575465e-10,0.05670532076114488,-0.3267864038449479,0.6931471805599453,True,0.9722769107643057,0.8293295631735904,0.780952380952381,0.780952380952381,0.6309523809523809,1,82,0.8083073229291716,0.41880423915174864,0.42857142857142855,0.42857142857142855,0.2785714285714286,1,45,0.051924769907963186,0.08202970193470559,0.0,0.0,-0.15,1,0,0.7963985594237695,0.37885694241817097,0.3904761904761905,0.3904761904761905,0.24047619047619048,1,41,0.012850029081668705,0.0013415745862143875,0.011508454495454318,1.0,-0.008803570208294125,0.0006274938210987704,-0.009431064029392896,0.0,0.9480752300920368
resp,n1000,4,384,1e-06,700,300,2352,0,2,105,0.15,1.8229166666666667,0.13335012933497023,4.110301894065088,4.257979481186438,0.9771428571428571,0.5666666666666667,0.5548469387755102,331.64935772116064,2656.974352007609,9.548145047346791e-09,5.621118597651947,0.48639455782312924,332.6942156147288,2.476863692150542e-09,283.98686933101214,0.6345430420610397,0.6931471805599453,False,0.9989435774309724,0.9936663420007692,0.9619047619047619,0.9619047619047619,0.8119047619047619,1,101,0.9992316926770708,0.9956326095303785,0.9619047619047619,0.9619047619047619,0.8119047619047619,1,101,0.33805522208883554,0.10791604249345578,0.06666666666666667,0.06666666666666667,-0.08333333333333333,1,7,0.3448739495798319,0.10936340640827653,0.06666666666666667,0.06666666666666667,-0.08333333333333333,1,7,10.79808512571501,6.021261421223623,4.776823704491387,1.0,-11.189820129080116,5.827624134755756,-17.017444263835873,0.009523809523809525,0.6619447779111645
resp,n1000,4,384,1e-05,700,300,2352,0,2,105,0.15,1.8229166666666667,0.25815555772647636,1.6138934596948524,1.5862130180669443,0.9128571428571428,0.5766666666666667,0.5514455782312925,105.71387207140911,420.1069890504565,5.651741248188744e-09,2.0077227529635184,0.4719387755102041,101.6191413449287,2.9044266452956913e-09,76.6172266923347,0.7275585861036545,0.6931471805599453,False,0.9893237294917967,0.955899086655101,0.9047619047619048,0.9047619047619048,0.7547619047619047,1,95,0.9919967987194878,0.96832971503177,0.9047619047619048,0.9047619047619048,0.7547619047619047,1,95,0.29720688275310125,0.10222167177420359,0.06666666666666667,0.06666666666666667,-0.08333333333333333,1,7,0.3141416566626651,0.10495304219369268,0.06666666666666667,0.06666666666666667,-0.08333333333333333,1,7,4.4321103175890615,2.3167063119820854,2.115404005606976,0.9619047619047619,-4.293981347813806,2.267088418508979,-6.561069766322785,0.02857142857142857,0.7027931172468987
resp,n1000,4,384,0.0001,700,300,2352,0,2,105,0.15,1.8229166666666667,0.38854619644409794,0.8696318526166874,0.8513406368610028,0.8285714285714286,0.59,0.5671768707482994,34.54475964411073,60.45370825204347,1.725827409872977e-09,1.13282644671985,0.45195578231292516,33.343394693156895,1.323316693060003e-08,24.45562764587245,0.7410080062738484,0.6931471805599453,False,0.9751740696278511,0.9125469347381632,0.8380952380952381,0.8380952380952381,0.6880952380952381,1,88,0.9814165666266507,0.9314922802088158,0.8476190476190476,0.8476190476190476,0.6976190476190476,1,89,0.23202881152460986,0.09405718220999287,0.047619047619047616,0.047619047619047616,-0.10238095238095238,1,5,0.2650660264105642,0.09791660483143633,0.05714285714285714,0.05714285714285714,-0.09285714285714286,1,6,2.6082498432022483,1.085642811242337,1.5226070319599112,0.9523809523809523,-2.1564311787130026,1.0064086730192099,-3.1628398517322127,0.0380952380952381,0.7679711884753901
resp,n1000,4,384,0.001,700,300,2352,0,2,105,0.15,1.8229166666666667,0.528735433576652,0.6768647207371052,0.6733542755412545,0.7657142857142857,0.6,0.5867346938775511,9.97959682026514,9.088356080995382,3.285005269154067e-09,0.8543244415641026,0.44005102040816324,9.890429180175868,2.3951805621870196e-09,8.477546166606155,0.6359725369462181,0.6931471805599453,True,0.96656262505002,0.8780111759223381,0.8,0.8,0.65,1,84,0.9729331732693077,0.8800845105440243,0.7714285714285715,0.7714285714285715,0.6214285714285714,1,81,0.14554621848739496,0.08589807846185142,0.0,0.0,-0.15,1,0,0.20653061224489797,0.09050796115351406,0.01904761904761905,0.01904761904761905,-0.13095238095238093,1,2,1.5459905053082927,0.4204867860911582,1.1255037192171344,0.9714285714285714,-1.148977075233282,0.3591894214460073,-1.5081664966792894,0.0380952380952381,0.854453781512605
resp,n1000,4,384,0.01,700,300,2352,0,2,105,0.15,1.8229166666666667,0.6400143161705173,0.6700795155962912,0.6662459090112424,0.7128571428571429,0.5766666666666667,0.5982142857142857,2.101561931643879,1.992035009204665,7.891214095817568e-10,0.7448264289717368,0.4192176870748299,2.376282591480995,7.35835770286959e-10,2.9829920637701446,0.11664617637663906,0.6931471805599453,True,0.9719247699079632,0.8581596894135525,0.8095238095238095,0.8095238095238095,0.6595238095238095,1,85,0.9382953181272509,0.7610945859662135,0.7047619047619048,0.7047619047619048,0.5547619047619048,1,74,0.06773909563825531,0.08250186618120627,0.0,0.0,-0.15,1,0,0.31615846338535414,0.10300066375239765,0.01904761904761905,0.01904761904761905,-0.13095238095238093,1,2,0.6603183426606641,0.09701842742875699,0.5632999152319071,1.0,-0.4676087774360563,0.06407521168659511,-0.5316839891226514,0.009523809523809525,0.9322609043617447
resp,n1000,4,384,0.1,700,300,2352,0,2,105,0.15,1.8229166666666667,0.6845163403040943,0.6883139991031322,0.6874077267415752,0.6857142857142857,0.5866666666666667,0.6011904761904762,0.2894297569011918,1.105094685367635,1.7339555911253874e-10,0.7007515232334147,0.4166666666666667,0.364344026849106,1.0895170557470165e-10,0.5208840499354654,-0.2598530031461173,0.6931471805599453,True,0.973109243697479,0.8380003744045532,0.7904761904761904,0.7904761904761904,0.6404761904761904,1,83,0.848547418967587,0.5383062469576534,0.5333333333333333,0.5333333333333333,0.3833333333333333,1,56,0.05331732693077231,0.08207063394602963,0.0,0.0,-0.15,1,0,0.7276830732292917,0.2450295193327381,0.24761904761904763,0.24761904761904763,0.09761904761904763,1,26,0.11778935700818288,0.013019479118049267,0.10476987789013362,1.0,-0.08123469287144636,0.006570109017093326,-0.08780480188853969,0.0,0.9466826730692277
resp,n1000,4,384,1.0,700,300,2352,0,2,105,0.15,1.8229166666666667,0.692212274588528,0.6926063773896842,0.6925040911582008,0.6785714285714286,0.59,0.6028911564625851,0.030527658436856682,1.0105303837640838,8.571144065028901e-13,0.6939415254270604,0.4145408163265306,0.03912604418270236,3.5197128215983076e-10,0.056748895017336994,-0.31716133832783977,0.6931471805599453,True,0.973109243697479,0.83382987165389,0.780952380952381,0.780952380952381,0.6309523809523809,1,82,0.8090916366546619,0.41354330604539735,0.4380952380952381,0.4380952380952381,0.28809523809523807,1,46,0.05170068027210884,0.08201740998819233,0.0,0.0,-0.15,1,0,0.7970708283313326,0.37863333670783966,0.4,0.4,0.25,1,42,0.01286314960994403,0.0013625847168425333,0.011500564893101497,1.0,-0.008823411089472788,0.0006496898961722055,-0.009473100985644994,0.0,0.9482993197278912
resp,n3000,0,32,1e-06,2098,899,2352,3,2,314,0.14966634890371783,65.5625,0.6442819561388393,0.6652073114039507,0.6554463563095829,0.6182078169685414,0.5906562847608454,0.6079931972789115,4.431875863408996,4.1963637575960435,2.154998244358628e-09,0.8845804442887789,0.6122448979591837,14.941009125992432,5.353982394319612e-10,11.66832122293354,0.8058810004437852,0.6931471805599453,True,0.337383250978264,0.10481866837809145,0.03184713375796178,0.03184713375796178,-0.11781921514575605,1,10,0.5191368427065779,0.155358778992415,0.1624203821656051,0.1624203821656051,0.01275403326188726,1,51,0.22202843392076776,0.09419033423342578,0.0,0.0,-0.14966634890371783,1,0,0.23905165519408186,0.09495610505363736,0.0,0.0,-0.14966634890371783,1,0,3.2012394552490884,1.4876309474813003,1.713608507767788,1.0,0.6002119504535609,0.3521629361756081,0.24804901427795278,0.9140127388535032,0.7779715660792322
resp,n3000,0,32,1e-05,2098,899,2352,3,2,314,0.14966634890371783,65.5625,0.644282275332794,0.6651634452358751,0.6553857131117873,0.6182078169685414,0.5895439377085651,0.6075680272108843,4.4187385648158,4.180255108040264,2.077850418666568e-09,0.8802018912145276,0.6113945578231292,14.79511210336313,4.815589182417694e-10,11.531653746244597,0.8064273288100714,0.6931471805599453,True,0.3369744508868641,0.10475741914871613,0.03184713375796178,0.03184713375796178,-0.11781921514575605,1,10,0.5192314558281683,0.15537028608485637,0.1624203821656051,0.1624203821656051,0.01275403326188726,1,51,0.22199630116249178,0.09418819181823918,0.0,0.0,-0.14966634890371783,1,0,0.2393283539459027,0.09496663948372794,0.0,0.0,-0.14966634890371783,1,0,3.171469152827167,1.4735769925876228,1.6978921602395443,1.0,0.5994929603530685,0.3515028088656287,0.24799015148743986,0.9140127388535032,0.7780036988375082
resp,n3000,0,32,0.0001,2098,899,2352,3,2,314,0.14966634890371783,65.5625,0.6443117004472816,0.6647653398564174,0.6548385484310126,0.6167778836987607,0.5895439377085651,0.6092687074829932,4.293877899670079,4.0290872283205745,1.4705369715783232e-09,0.8446474597488903,0.6122448979591837,13.58887285630918,3.1497517647748214e-10,10.410260289273912,0.8116796963438968,0.6931471805599453,True,0.3335701636628488,0.10424765192156872,0.03184713375796178,0.03184713375796178,-0.11781921514575605,1,10,0.5205560395304333,0.15558807834023486,0.1592356687898089,0.1592356687898089,0.009569319886091082,1,50,0.2218249264516866,0.09417996979765643,0.0,0.0,-0.14966634890371783,1,0,0.24240238782097054,0.0951256103399995,0.0,0.0,-0.14966634890371783,1,0,2.924115052090419,1.3568402752542477,1.5672747768361714,1.0,0.5924460713922152,0.3451324443192842,0.24731362707293097,0.9140127388535032,0.7781750735483134
resp,n3000,0,32,0.001,2098,899,2352,3,2,314,0.14966634890371783,65.5625,0.6458937489560882,0.6631037745080615,0.6527244201784406,0.6163012392755005,0.592880978865406,0.6075680272108843,3.4494528185332767,3.1010090828504153,9.536438527474554e-10,0.7228199828054498,0.6130952380952381,8.907865850288406,4.5165579877488634e-09,6.241244399798814,0.8509652674987846,0.6931471805599453,True,0.31022392962211875,0.10125806318440898,0.012738853503184714,0.012738853503184714,-0.13692749540053312,1,4,0.534383836508526,0.15921354513644645,0.14331210191082802,0.14331210191082802,-0.006354246992889806,1,45,0.22121618919768074,0.09412179410065304,0.0,0.0,-0.14966634890371783,1,0,0.27310345320042273,0.09730339493488686,0.0,0.0,-0.14966634890371783,1,0,1.9434557083774038,0.8954114818866918,1.048044226490712,1.0,0.5326205912048879,0.2968301640812002,0.2357904271236877,0.9554140127388535,0.7787838108023193
resp,n3000,0,32,0.01,2098,899,2352,3,2,314,0.14966634890371783,65.5625,0.6627412409557153,0.6705896841463093,0.6638693753735584,0.6129647283126788,0.5862068965517241,0.6135204081632653,1.471128343265911,1.5968496213214518,2.7949614594564457e-10,0.6506836831545785,0.6101190476190477,3.2265755774133074,7.172329789820757e-10,1.920622902419052,0.9360401464531288,0.6931471805599453,True,0.26282275570534974,0.09699768315368658,0.0031847133757961785,0.0031847133757961785,-0.14648163552792165,1,1,0.6043493473479763,0.1899817677501269,0.18152866242038215,0.18152866242038215,0.031862313516664326,1,57,0.21968809802633457,0.0940214912837867,0.0,0.0,-0.14966634890371783,1,0,0.4668300676930108,0.13053380255135716,0.07961783439490445,0.07961783439490445,-0.07004851450881337,1,25,0.7136771396848905,0.32482018916092914,0.3888569505239614,1.0,0.2783774547399421,0.14166756381703777,0.1367098909229043,0.9872611464968153,0.7803119019736654
resp,n3000,0,32,0.1,2098,899,2352,3,2,314,0.14966634890371783,65.5625,0.6867226124897836,0.6881034729039948,0.6867943123245066,0.611534795042898,0.5761957730812013,0.610969387755102,0.2479995303927627,1.0755291059521561,2.021505410190652e-09,0.679805563792224,0.6079931972789115,0.5425601605252547,3.2852612589262865e-12,0.31082511015939757,0.9634115833885022,0.6931471805599453,True,0.24698844648824655,0.09591608621422291,0.0,0.0,-0.14966634890371783,1,0,0.6534964011310731,0.21657877788399713,0.21337579617834396,0.21337579617834396,0.06370944727462613,1,67,0.21803504612835967,0.09394791122332322,0.0,0.0,-0.14966634890371783,1,0,0.6386296449687241,0.2064634660927289,0.20382165605095542,0.20382165605095542,0.0541553071472376,1,64,0.12056276496641445,0.05458344089493353,0.06597932407148092,1.0,0.04999061226463252,0.02455493250384956,0.02543567976078296,0.9968152866242038,0.7819649538716403
resp,n3000,0,32,1.0,2098,899,2352,3,2,314,0.14966634890371783,65.5625,0.6924270228255699,0.6925774569706831,0.692433267961652,0.611534795042898,0.5739710789766407,0.6126700680272109,0.026775660194148513,1.0077033367329107,1.0112437659652152e-10,0.6915698350250563,0.6079931972789115,0.05884239273986453,7.635228148945331e-11,0.03366659050282976,0.9666261349308832,0.6931471805599453,True,0.24495872725714776,0.09578486911466261,0.0,0.0,-0.14966634890371783,1,0,0.6614224815058125,0.21772874035894263,0.2070063694267516,0.2070063694267516,0.057340020523033775,1,65,0.21777976921538944,0.09393551671344773,0.0,0.0,-0.14966634890371783,1,0,0.6600639798920339,0.21700569398225858,0.2070063694267516,0.2070063694267516,0.057340020523033775,1,65,0.013082956553098013,0.005918598843460914,0.0071643577096371,1.0,0.005438581383354247,0.002658640709650647,0.0027799406737036,1.0,0.7822202307846106
resp,n3000,0,64,1e-06,2098,899,2352,3,2,314,0.14966634890371783,32.78125,0.6363629837967348,0.6719524207599911,0.6608606872698288,0.6372735938989513,0.5917686318131257,0.60671768707483,5.737538279574682,6.29341061030293,2.0767654364638376e-09,0.8963439814047265,0.610969387755102,16.11421541570744,9.606859045207566e-10,12.621628243583269,0.7207855009182855,0.6931471805599453,True,0.3951365285196081,0.11624891369500077,0.06687898089171974,0.06687898089171974,-0.08278736801199808,1,21,0.5238853503184714,0.16030429136840146,0.18152866242038215,0.18152866242038215,0.031862313516664326,1,57,0.22477935505983834,0.09409423098769387,0.0,0.0,-0.14966634890371783,1,0,0.2365792179600697,0.09471023028251957,0.0031847133757961785,0.0031847133757961785,-0.14648163552792165,1,1,3.3118596912174416,1.5620659644413497,1.749793726776092,1.0,0.5624176945657635,0.387079082905054,0.17533861166070952,0.8694267515923567,0.7752206449401616
resp,n3000,0,64,1e-05,2098,899,2352,3,2,314,0.14966634890371783,32.78125,0.6363638881470333,0.6718051278011362,0.6607009327816322,0.6367969494756911,0.592880978865406,0.6071428571428571,5.708724667459187,6.250577320350087,1.909050608230066e-09,0.8911010162980775,0.610969387755102,15.920350991576855,8.201711669756452e-10,12.444912068181646,0.7216340449986269,0.6931471805599453,True,0.39447602182171315,0.11609727267033423,0.06687898089171974,0.06687898089171974,-0.08278736801199808,1,21,0.5237889520436434,0.16023432999176346,0.18152866242038215,0.18152866242038215,0.031862313516664326,1,57,0.22466689040587243,0.09409073547813837,0.0,0.0,-0.14966634890371783,1,0,0.2367416669046871,0.09472442406239179,0.0031847133757961785,0.0031847133757961785,-0.14648163552792165,1,1,3.2763898618250233,1.5449699838410698,1.7314198779839536,1.0,0.5618885591507665,0.3860815897084789,0.17580696944228763,0.8694267515923567,0.7753331095941276
resp,n3000,0,64,0.0001,2098,899,2352,3,2,314,0.14966634890371783,32.78125,0.636442914931268,0.6705005794908283,0.6592923536732738,0.6377502383222117,0.592880978865406,0.6079931972789115,5.443870062504943,5.863248515913652,4.236060598328541e-09,0.8500971538797494,0.608843537414966,14.385049391390805,1.0637034227610702e-09,11.057160737929793,0.7298178252110938,0.6931471805599453,True,0.38829582131330154,0.1147357736662532,0.05732484076433121,0.05732484076433121,-0.09234150813938662,1,18,0.523526534517723,0.15968642709731745,0.1751592356687898,0.1751592356687898,0.02549288676507197,1,55,0.2240260203935906,0.09409598635796747,0.0,0.0,-0.14966634890371783,1,0,0.23851253891634058,0.09485733248616164,0.0031847133757961785,0.0031847133757961785,-0.14648163552792165,1,1,2.9917516370101516,1.4077854440381847,1.5839661929719668,1.0,0.5566627966783684,0.3766855731352097,0.1799772235431587,0.8726114649681529,0.7759739796064093
resp,n3000,0,64,0.001,2098,899,2352,3,2,314,0.14966634890371783,32.78125,0.6396017584078889,0.6652000992128896,0.6539223591101782,0.6353670162059104,0.5951056729699666,0.6075680272108843,3.965754911482969,3.9109377226334474,7.230316713994129e-10,0.7220171451287803,0.6130952380952381,9.09483044061869,8.98157592237444e-10,6.430628214656741,0.7914270501436216,0.6931471805599453,True,0.34720694924452317,0.1065855429847246,0.03184713375796178,0.03184713375796178,-0.11781921514575605,1,10,0.5259132843963326,0.15617085482140886,0.1624203821656051,0.1624203821656051,0.01275403326188726,1,51,0.2222123047042358,0.09409423180246661,0.0,0.0,-0.14966634890371783,1,0,0.25901502384964725,0.09627055710442145,0.0031847133757961785,0.0031847133757961785,-0.14648163552792165,1,1,1.9555517932513917,0.9103805043601902,1.0451712888912015,1.0,0.5089545464253377,0.31404944861393597,0.1949050978114017,0.9235668789808917,0.7777876952957642
resp,n3000,0,64,0.01,2098,899,2352,3,2,314,0.14966634890371783,32.78125,0.6610384300505666,0.6707900316901135,0.663822133572535,0.6282173498570067,0.5850945494994438,0.6075680272108843,1.5241353784592155,1.6836970543910026,1.2920063607314984e-10,0.6504759405398005,0.6101190476190477,3.244333808681423,1.0900340979172815e-09,1.944982439446315,0.9166929507362495,0.6931471805599453,True,0.27618998314815346,0.09823139412842406,0.012738853503184714,0.012738853503184714,-0.13692749540053312,1,4,0.5868655565393733,0.17707431786119468,0.1751592356687898,0.1751592356687898,0.02549288676507197,1,55,0.22003084744794493,0.09402442541414352,0.0,0.0,-0.14966634890371783,1,0,0.4285956556510811,0.12074941774421238,0.044585987261146494,0.044585987261146494,-0.10508036164257134,1,14,0.7158268172768163,0.3275994733032498,0.3882273439735665,1.0,0.27321499104344743,0.1450390063039572,0.12817598473949024,0.9872611464968153,0.7799691525520551
resp,n3000,0,64,0.1,2098,899,2352,3,2,314,0.14966634890371783,32.78125,0.6865185802727104,0.6881312442432772,0.6867859474475435,0.6210676835081029,0.5817575083426029,0.6075680272108843,0.25204962577332285,1.0821760118487522,4.4039603891542315e-11,0.6797952850335277,0.6122448979591837,0.5440005291337784,5.8187262139563355e-12,0.31284027800240727,0.9539302862232993,0.6931471805599453,True,0.2548609722658593,0.09659219623948383,0.0031847133757961785,0.0031847133757961785,-0.14648163552792165,1,1,0.6412234726228899,0.21007704544020833,0.2070063694267516,0.2070063694267516,0.057340020523033775,1,65,0.21815822170175087,0.09394851342633843,0.0,0.0,-0.14966634890371783,1,0,0.6225329182257004,0.19509166410024217,0.1910828025477707,0.1910828025477707,0.041416453644052886,1,60,0.12083358675711436,0.05490962268172499,0.06592396407538938,1.0,0.049408650813104485,0.02493593552044071,0.024472715292663774,0.9904458598726115,0.7818417782982492
resp,n3000,0,64,1.0,2098,899,2352,3,2,314,0.14966634890371783,32.78125,0.69240620926932,0.6925804621523319,0.6924324419233675,0.6196377502383222,0.5806451612903226,0.6092687074829932,0.027161260006992885,1.0083336432039334,4.163818783439306e-13,0.6915691645960457,0.6113945578231292,0.058978993501711076,4.355723364293556e-13,0.03385796485497528,0.9581778020970678,0.6931471805599453,True,0.2522725000714061,0.0964076317269152,0.0,0.0,-0.14966634890371783,1,0,0.6506865699351633,0.21098879508591448,0.20382165605095542,0.20382165605095542,0.0541553071472376,1,64,0.2178011910542401,0.09393184791574925,0.0,0.0,-0.14966634890371783,1,0,0.6488782097055211,0.20990016585610627,0.20063694267515925,0.20063694267515925,0.05097059377144142,1,63,0.013110458879698748,0.0059516705771591755,0.0071587883025395725,1.0,0.005379609372060111,0.002697251396810501,0.0026823579752496096,0.9904458598726115,0.7821988089457599
resp,n3000,0,128,1e-06,2098,899,2352,3,2,314,0.14966634890371783,16.390625,0.6175702860181065,0.6898139625498344,0.6709787286481153,0.6582459485224023,0.5850945494994438,0.5982142857142857,9.307391656779892,10.941111870147566,1.7208904159849634e-09,0.9451578580019184,0.6130952380952381,19.70753318305799,1.7182147268224769e-09,15.412385538665884,0.6473267837623533,0.6931471805599453,True,0.49010489560423864,0.15066972880045507,0.15286624203821655,0.15286624203821655,0.003199893134498727,1,48,0.5629694953014767,0.1894346052408614,0.2229299363057325,0.2229299363057325,0.07326358740201466,1,70,0.24118312815972123,0.0946646888995571,0.0,0.0,-0.14966634890371783,1,0,0.2508515180943132,0.09529311990011104,0.009554140127388535,0.009554140127388535,-0.1401122087763293,1,3,3.5698849678027442,1.7552599038125758,1.8146250639901684,0.9936305732484076,0.4630597814707015,0.47327004998803796,-0.010210268517336474,0.7356687898089171,0.7588168718402788
resp,n3000,0,128,1e-05,2098,899,2352,3,2,314,0.14966634890371783,16.390625,0.6175753260236411,0.6891315733712908,0.6703874985512192,0.655862726406101,0.5850945494994438,0.5977891156462585,9.207823277892642,10.779684907528873,6.540970326168149e-09,0.9360080937007043,0.6126700680272109,19.30178535698153,1.0023735021548076e-09,15.068900146879702,0.6478211544819307,0.6931471805599453,True,0.48896953814515437,0.15014713119115866,0.15286624203821655,0.15286624203821655,0.003199893134498727,1,48,0.5625481991374139,0.18904367151558976,0.2229299363057325,0.2229299363057325,0.07326358740201466,1,70,0.24057796121219047,0.09464162814050125,0.0,0.0,-0.14966634890371783,1,0,0.2504659249950016,0.09527597170957164,0.009554140127388535,0.009554140127388535,-0.1401122087763293,1,3,3.5147009599058543,1.726654975667333,1.7880459842385212,0.9968152866242038,0.4636016231782697,0.470817617431087,-0.007215994252817326,0.7420382165605095,0.7594220387878096
resp,n3000,0,128,0.0001,2098,899,2352,3,2,314,0.14966634890371783,16.390625,0.6179637596353468,0.6836000128556,0.6656362914785928,0.6553860819828408,0.5862068965517241,0.6024659863945578,8.35966772360967,9.466474621799719,2.8359560633006082e-09,0.8731782109852296,0.6126700680272109,16.50081677085554,8.685799979053895e-10,12.721872789642957,0.6535928397381525,0.6931471805599453,True,0.4778837365399446,0.14447572936708575,0.14012738853503184,0.14012738853503184,-0.009538960368685984,1,44,0.5580424723658279,0.18552498635256234,0.21337579617834396,0.21337579617834396,0.06370944727462613,1,67,0.23679879180828883,0.09451233291420905,0.0,0.0,-0.14966634890371783,1,0,0.24815593670560682,0.09520972588289153,0.006369426751592357,0.006369426751592357,-0.14329692215212547,1,2,3.1200500932070026,1.5223034771229258,1.5977466160840768,0.9968152866242038,0.46781367805315976,0.4493742700757005,0.018439407977459243,0.7579617834394905,0.7632012081917112
resp,n3000,0,128,0.001,2098,899,2352,3,2,314,0.14966634890371783,16.390625,0.627103608441946,0.6673793502140632,0.6528355339980779,0.6534795042897998,0.5862068965517241,0.6152210884353742,4.96711220089926,4.989838403217177,2.2723306756944326e-09,0.7228403326768621,0.610969387755102,9.467205174303603,2.6731006280622685e-09,6.816461666629823,0.7212812689641037,0.6931471805599453,True,0.4097480077689869,0.11915629245706642,0.07006369426751592,0.07006369426751592,-0.0796026546362019,1,22,0.5370508554454314,0.16585522814743062,0.20063694267515925,0.20063694267515925,0.05097059377144142,1,63,0.22708577304275798,0.09423898082827092,0.0,0.0,-0.14966634890371783,1,0,0.25443610579532144,0.0959151263171878,0.0031847133757961785,0.0031847133757961785,-0.14648163552792165,1,1,1.9707486135040375,0.9366950457375447,1.0340535677664928,1.0,0.46248594679989286,0.345339190997189,0.11714675580270384,0.8598726114649682,0.772914226957242
resp,n3000,0,128,0.01,2098,899,2352,3,2,314,0.14966634890371783,16.390625,0.6584297976700171,0.6705788967228717,0.6630375048972549,0.6358436606291706,0.5906562847608454,0.6164965986394558,1.6039197016796558,1.762767789332121,4.41462490398633e-10,0.6501314047094844,0.6173469387755102,3.27006561892644,1.7973946094697703e-10,1.9819650240464435,0.8901658602957018,0.6931471805599453,True,0.2976243180714633,0.1003083135028785,0.009554140127388535,0.009554140127388535,-0.1401122087763293,1,3,0.5693514181257319,0.16908471580329507,0.18471337579617833,0.18471337579617833,0.0350470268924605,1,58,0.22118405643940475,0.09407232347082903,0.0,0.0,-0.14966634890371783,1,0,0.39436891262745993,0.11391048911756929,0.03184713375796178,0.03184713375796178,-0.11781921514575605,1,10,0.7184197457383434,0.3315342260926614,0.386885519645682,1.0,0.2650607695484067,0.15001634211083203,0.11504442743757465,0.9872611464968153,0.7788159435605952
resp,n3000,0,128,0.1,2098,899,2352,3,2,314,0.14966634890371783,16.390625,0.6862252635867718,0.6880916397766658,0.6866816324611836,0.6267874165872259,0.5839822024471635,0.6181972789115646,0.2577756495434155,1.087733383520513,7.233336491005438e-11,0.6797413212043494,0.6139455782312925,0.5459205042794787,1.2063729096346328e-10,0.3156757648308541,0.9409354069871549,0.6931471805599453,True,0.26644126131787155,0.09760971677634106,0.0031847133757961785,0.0031847133757961785,-0.14648163552792165,1,1,0.624487661020822,0.1983915979194794,0.1910828025477707,0.1910828025477707,0.041416453644052886,1,60,0.2189972437234012,0.09398634632467139,0.0,0.0,-0.14966634890371783,1,0,0.6011753448916055,0.1832459357652686,0.1751592356687898,0.1751592356687898,0.02549288676507197,1,55,0.12115657488624948,0.05535009847748125,0.06580647640876823,1.0,0.048529544085207564,0.025474362768909957,0.023055181316297607,0.9904458598726115,0.7810027562765988
resp,n3000,0,128,1.0,2098,899,2352,3,2,314,0.14966634890371783,16.390625,0.6923765002458162,0.6925762278767691,0.6924216299347692,0.6258341277407055,0.5850945494994438,0.6203231292517006,0.027702507195704766,1.0088553979801014,6.294062533900979e-13,0.6915634939251492,0.6126700680272109,0.05915948740019177,7.57426883454159e-13,0.034124647310778196,0.9466246974697138,0.6931471805599453,True,0.2629602125046414,0.09734691815685975,0.0031847133757961785,0.0031847133757961785,-0.14648163552792165,1,1,0.634404187255434,0.19878021467849452,0.19745222929936307,0.19745222929936307,0.04778588039564524,1,62,0.21866163491474108,0.09397422892148498,0.0,0.0,-0.14966634890371783,1,0,0.632199523007055,0.19756366892528396,0.19745222929936307,0.19745222929936307,0.04778588039564524,1,62,0.013143092151308742,0.005996130199421545,0.007146961951887197,1.0,0.005290995742991181,0.0027515640733274237,0.0025394316696637576,0.9936305732484076,0.7813383650852589
resp,n3000,0,256,1e-06,2098,899,2352,3,2,314,0.14966634890371783,8.1953125,0.5875613006854502,0.7082889381886391,0.7021271103831399,0.6877979027645377,0.5962180200222469,0.5973639455782312,16.98199027287534,31.744485049224956,2.1867569390111064e-09,1.0293407301500404,0.6122448979591837,30.458743906092614,1.0330152034918856e-08,23.837852496387768,0.6262733167401414,0.6931471805599453,False,0.5860890148810374,0.2011456440766776,0.2197452229299363,0.2197452229299363,0.07007887402621849,1,69,0.6230202650595527,0.23239031539902158,0.24522292993630573,0.24522292993630573,0.0955565810325879,1,77,0.2530044128988032,0.0953809523017027,0.0031847133757961785,0.0031847133757961785,-0.14648163552792165,1,1,0.25913819942303845,0.09577991508792529,0.009554140127388535,0.009554140127388535,-0.1401122087763293,1,3,4.104641641176023,2.1329074473146434,1.97173419386138,0.9936305732484076,0.3135242888031087,0.6208675921893598,-0.30734330338625115,0.6592356687898089,0.7469955871011968
resp,n3000,0,256,1e-05,2098,899,2352,3,2,314,0.14966634890371783,8.1953125,0.5876046869089708,0.7053862650790045,0.6990796377239784,0.6877979027645377,0.5951056729699666,0.5969387755102041,16.50303664158103,30.345070100914707,2.519590859015649e-09,1.0036340221681985,0.6135204081632653,28.644462659171754,4.279946424335318e-09,22.32138044662219,0.6289247953205411,0.6931471805599453,False,0.5835987261146497,0.19912012920281727,0.21656050955414013,0.21656050955414013,0.06689416065042231,1,68,0.621590357316272,0.23142221158776713,0.24522292993630573,0.24522292993630573,0.0955565810325879,1,77,0.251092513781383,0.0952685097227231,0.0031847133757961785,0.0031847133757961785,-0.14648163552792165,1,1,0.2574565850732627,0.09567266763916894,0.006369426751592357,0.006369426751592357,-0.14329692215212547,1,2,3.963918308861073,2.054693052137387,1.909225256723686,0.9968152866242038,0.3182168305405888,0.612344991795377,-0.29412816125478825,0.6592356687898089,0.748907486218617
resp,n3000,0,256,0.0001,2098,899,2352,3,2,314,0.14966634890371783,8.1953125,0.5899447451227723,0.6875938601946601,0.680179203415998,0.680648236415634,0.5973303670745272,0.5994897959183674,13.2543796870144,21.527400502420893,2.2618900619661332e-09,0.8875714565258326,0.6105442176870748,20.518495427769114,2.236989577837474e-09,15.81526265792307,0.637161334455785,0.6931471805599453,True,0.5625374882179887,0.1846834691512699,0.19745222929936307,0.19745222929936307,0.04778588039564524,1,62,0.6081838565022422,0.2198829522303198,0.23885350318471338,0.23885350318471338,0.08918715428099555,1,75,0.24069756647910656,0.09471591564577153,0.0031847133757961785,0.0031847133757961785,-0.14648163552792165,1,1,0.2489931735740196,0.09519829476783838,0.006369426751592357,0.006369426751592357,-0.14329692215212547,1,2,3.2752719404933672,1.6683160231083918,1.6069559173849755,0.9968152866242038,0.35211021510992113,0.5515661625633878,-0.19945594745346662,0.6910828025477707,0.7593024335208934
resp,n3000,0,256,0.001,2098,899,2352,3,2,314,0.14966634890371783,8.1953125,0.61380262076391,0.6625536576196526,0.6525592598570389,0.6677788369876072,0.5839822024471635,0.6198979591836735,5.974880099440168,6.7518757881614,3.4537956448789878e-09,0.7204329802759576,0.6177721088435374,9.894052277322809,1.7219653236445998e-09,7.227325363299223,0.68811775969038,0.6931471805599453,True,0.4559727657022079,0.13078437685444638,0.09235668789808917,0.09235668789808917,-0.05730966100562866,1,29,0.5524388763531461,0.17381046903140243,0.19745222929936307,0.19745222929936307,0.04778588039564524,1,62,0.22678765245208649,0.09421289630803549,0.0,0.0,-0.14966634890371783,1,0,0.246838493616292,0.09537484913380215,0.0031847133757961785,0.0031847133757961785,-0.14648163552792165,1,1,1.9830725457229268,0.9615088346793751,1.0215637110435516,1.0,0.42003249913399643,0.3755043729076831,0.0445281262263133,0.8375796178343949,0.7732123475479136
resp,n3000,0,256,0.01,2098,899,2352,3,2,314,0.14966634890371783,8.1953125,0.6563329673588602,0.66951859955949,0.66275217604799,0.6387035271687321,0.5939933259176863,0.6245748299319728,1.6665587269189646,1.8459367646310763,7.256110373450342e-10,0.6498777992977631,0.6173469387755102,3.29201100056674,4.66616584555651e-10,2.0102939989535065,0.8724842513579273,0.6931471805599453,True,0.30980620376453116,0.10173127187339608,0.009554140127388535,0.009554140127388535,-0.1401122087763293,1,3,0.5535903001913685,0.16259511936695095,0.1624203821656051,0.1624203821656051,0.01275403326188726,1,51,0.22067707291993946,0.09405794148716172,0.0,0.0,-0.14966634890371783,1,0,0.36499421610351035,0.10894238239851878,0.009554140127388535,0.009554140127388535,-0.1401122087763293,1,3,0.7204260911745688,0.3347720524900648,0.385654038684504,1.0,0.25901922803004856,0.1540030361638445,0.10501619186620406,0.9872611464968153,0.7793229270800606
resp,n3000,0,256,0.1,2098,899,2352,3,2,314,0.14966634890371783,8.1953125,0.6860020554173873,0.6879730418503789,0.6866514600755086,0.6329837940896091,0.5873192436040044,0.6160714285714286,0.2620589166988008,1.0931119595907537,1.050173965485501e-10,0.6797261412790193,0.6152210884353742,0.5474218559664942,7.360367016176053e-12,0.31771833745702555,0.9319901957720675,0.6931471805599453,True,0.2732087772414384,0.09836756178600078,0.0031847133757961785,0.0031847133757961785,-0.14648163552792165,1,1,0.6109383479477878,0.1897342120963183,0.21337579617834396,0.21337579617834396,0.06370944727462613,1,67,0.21854738510753763,0.0939733711982045,0.0,0.0,-0.14966634890371783,1,0,0.5827614892462369,0.17055310760413714,0.17834394904458598,0.17834394904458598,0.028677600140868148,1,56,0.12139475328934145,0.05569624228739806,0.06569851100194339,1.0,0.047898829379929356,0.02588963444407054,0.022009194935858817,0.9904458598726115,0.7814526148924623
resp,n3000,0,256,1.0,2098,899,2352,3,2,314,0.14966634890371783,8.1953125,0.6923540306280701,0.6925642139599449,0.6924186259735212,0.6306005719733079,0.5862068965517241,0.6169217687074829,0.028105034552579955,1.0093557806773055,7.73601321311106e-13,0.6915622047586374,0.6152210884353742,0.05929935544322853,1.024796955890781e-12,0.034315459366359116,0.9386584016384972,0.6931471805599453,True,0.2691064951015395,0.0980330050658367,0.0,0.0,-0.14966634890371783,1,0,0.6219259661249321,0.1909105379211821,0.1910828025477707,0.1910828025477707,0.041416453644052886,1,60,0.21824390905715346,0.09396019512330846,0.0,0.0,-0.14966634890371783,1,0,0.619189326211762,0.18898521452603348,0.1910828025477707,0.1910828025477707,0.041416453644052886,1,60,0.013167035812371343,0.00603090452262712,0.007136131289744223,1.0,0.005227641068972274,0.00279327509328452,0.002434365975687754,0.9904458598726115,0.7817560909428465
resp,n3000,0,384,1e-06,2098,899,2352,3,2,314,0.14966634890371783,5.463541666666667,0.5476937399670176,0.7739596454350868,0.7761074663154993,0.713536701620591,0.557285873192436,0.5960884353741497,42.45867510963699,5670.785839918459,3.09875824373893e-09,1.2307077805353142,0.6135204081632653,68.04792648018366,2.277134512041423e-09,51.08242927424574,0.6617423481044367,0.6931471805599453,False,0.6656604352917654,0.283721922561616,0.3057324840764331,0.3057324840764331,0.15606613517271528,1,96,0.6899795778469624,0.31176461685394125,0.3184713375796178,0.3184713375796178,0.1688049886759,1,100,0.27713432921081943,0.09742978735023279,0.006369426751592357,0.006369426751592357,-0.14329692215212547,1,2,0.2828414641112793,0.09795722206387909,0.006369426751592357,0.006369426751592357,-0.14329692215212547,1,2,4.88447946955646,2.774671963464659,2.1098075060918013,0.9936305732484076,0.0993092736549554,0.8460425931667378,-0.7467333195117825,0.5668789808917197,0.7228656707891805
resp,n3000,0,384,1e-05,2098,899,2352,3,2,314,0.14966634890371783,5.463541666666667,0.5490525588972301,0.7499232648464836,0.7522865331757348,0.7144899904671115,0.5672969966629589,0.5965136054421769,35.28788289102231,583.9371895300998,2.9317640216095863e-09,1.1044629299131592,0.6139455782312925,48.63649441276365,6.71802548876557e-09,36.62627023885252,0.6610987208643329,0.6931471805599453,False,0.6574719373911057,0.2739712543338887,0.2898089171974522,0.2898089171974522,0.1401425682937344,1,91,0.6843152866242038,0.30443606878602836,0.31210191082802546,0.31210191082802546,0.16243556192430764,1,98,0.2671481819999429,0.09656002238391392,0.006369426751592357,0.006369426751592357,-0.14329692215212547,1,2,0.2732855388306532,0.09704426974479735,0.006369426751592357,0.006369426751592357,-0.14329692215212547,1,2,4.347907955596409,2.4189534232218617,1.9289545323745476,0.9936305732484076,0.13430975173534035,0.7928608051567372,-0.6585510534213969,0.5796178343949044,0.7328518180000572
resp,n3000,0,384,0.0001,2098,899,2352,3,2,314,0.14966634890371783,5.463541666666667,0.565096917301327,0.6951059514846191,0.6923712814568687,0.6997140133460439,0.5817575083426029,0.6045918367346939,18.592070323294962,64.60865423178639,3.255187633076011e-09,0.8994965456861824,0.6135204081632653,23.62482031611639,3.6114839843138664e-09,18.383192579906865,0.6441384675418,0.6931471805599453,True,0.6117720145097255,0.2285556187573646,0.24522292993630573,0.24522292993630573,0.0955565810325879,1,77,0.649867184599126,0.2628489715603179,0.2802547770700637,0.2802547770700637,0.13058842816634586,1,88,0.24571027677015794,0.09508588668075472,0.0,0.0,-0.14966634890371783,1,0,0.2531757876096084,0.0954920697167403,0.006369426751592357,0.006369426751592357,-0.14329692215212547,1,2,3.3117400043237724,1.741909916538281,1.5698300877854914,0.9968152866242038,0.26164872924330923,0.6230102839799792,-0.3613615547366699,0.6401273885350318,0.754289723229842
resp,n3000,0,384,0.001,2098,899,2352,3,2,314,0.14966634890371783,5.463541666666667,0.6079691821924074,0.6623099751439709,0.6526373070649787,0.6768350810295519,0.5817575083426029,0.6169217687074829,6.4164997383059825,8.308189315636968,2.3119557761387517e-09,0.7204959932629748,0.6160714285714286,10.04201260002291,8.643610448097306e-10,7.3897298664512086,0.6782490889323728,0.6931471805599453,True,0.4734833338093742,0.13653146623325865,0.10828025477707007,0.10828025477707007,-0.04138609412664776,1,34,0.5638995601382423,0.18161120001130837,0.2070063694267516,0.2070063694267516,0.057340020523033775,1,65,0.2273410499557282,0.0942564665927641,0.0,0.0,-0.14966634890371783,1,0,0.24603695981263032,0.09531590838952345,0.0031847133757961785,0.0031847133757961785,-0.14648163552792165,1,1,1.9824776554217989,0.9694246244729612,1.0130530309488377,1.0,0.40175938247194526,0.3871070769501994,0.014652305521745845,0.8248407643312102,0.7726589500442718
resp,n3000,0,384,0.01,2098,899,2352,3,2,314,0.14966634890371783,5.463541666666667,0.655642481369898,0.6694589908908011,0.6626946020553193,0.6434699714013346,0.5895439377085651,0.622874149659864,1.6869927189177039,1.8926428704014158,8.078161605493146e-10,0.6498291569334007,0.6177721088435374,3.297799720163897,6.598981403450178e-10,2.018194138124204,0.867129999675356,0.6931471805599453,True,0.3141227042929365,0.10221213833007937,0.009554140127388535,0.009554140127388535,-0.1401122087763293,1,3,0.5523621147639314,0.162249002663881,0.16560509554140126,0.16560509554140126,0.015938746637683437,1,52,0.22083952186455685,0.0940733536532462,0.0,0.0,-0.14966634890371783,1,0,0.35955485418868355,0.1081034984060425,0.009554140127388535,0.009554140127388535,-0.1401122087763293,1,3,0.7205338241077899,0.3356789801010576,0.38485484400673226,1.0,0.25693546664442873,0.1552733275493202,0.10166213909510854,0.9840764331210191,0.7791604781354431
resp,n3000,0,384,0.1,2098,899,2352,3,2,314,0.14966634890371783,5.463541666666667,0.6859315551492893,0.6879665033065476,0.6866452493622134,0.6334604385128694,0.5895439377085651,0.6160714285714286,0.2633995146968479,1.0959350233314964,1.1991136002750982e-10,0.6797187658993513,0.6147959183673469,0.5478038100079315,4.5776001734445603e-10,0.3182601756267712,0.9292966998725593,0.6931471805599453,True,0.27531882836822713,0.09857710138815251,0.0031847133757961785,0.0031847133757961785,-0.14648163552792165,1,1,0.6086587072634315,0.18802831440530438,0.20063694267515925,0.20063694267515925,0.05097059377144142,1,63,0.21868662706006683,0.09398597035739498,0.0,0.0,-0.14966634890371783,1,0,0.5795981977092913,0.16891898339774047,0.16878980891719744,0.16878980891719744,0.019123460013479615,1,53,0.1214144084377849,0.05579136066134871,0.06562304777643618,1.0,0.04768781705960448,0.02601844747108162,0.02166936958852286,0.9904458598726115,0.7813133729399332
resp,n3000,0,384,1.0,2098,899,2352,3,2,314,0.14966634890371783,5.463541666666667,0.6923469650735915,0.6925635516967122,0.6924180069921245,0.6306005719733079,0.5862068965517241,0.6169217687074829,0.028230443578224098,1.0096166190751668,8.251793313046164e-13,0.691561425777153,0.6143707482993197,0.059334742469208446,1.5463819384180778e-10,0.03436580381567365,0.9362611385857601,0.6931471805599453,True,0.2710326754448602,0.09822036820522109,0.0,0.0,-0.14966634890371783,1,0,0.6201693753391792,0.189729259995248,0.19745222929936307,0.19745222929936307,0.04778588039564524,1,62,0.21831531518665562,0.09397029815974281,0.0,0.0,-0.14966634890371783,1,0,0.617216731884265,0.18742969162914086,0.18789808917197454,0.18789808917197454,0.03823174026825671,1,59,0.013169009817076749,0.006040432622562592,0.007128577194514157,1.0,0.005206508599461697,0.002806175257255507,0.0024003333422061898,0.9936305732484076,0.7816846848133444
resp,n3000,1,32,1e-06,2097,898,2352,5,2,314,0.1497377205531712,65.53125,0.6399853045518946,0.6634239300362942,0.6514748645461976,0.6285169289461134,0.6180400890868597,0.610969387755102,4.6079695164241645,4.196946185573177,5.646583489244626e-09,0.8359102211861777,0.41836734693877553,4.87548480312979,4.571362520972161e-09,7.18088231279055,-0.14602756906480216,0.6931471805599453,True,0.9507914450346693,0.7632050667455899,0.7101910828025477,0.7101910828025477,0.5604533622493766,1,223,0.9438022226905917,0.7469082503274347,0.6942675159235668,0.6942675159235668,0.5445297953703956,1,218,0.0636496136547935,0.08144278859240696,0.0,0.0,-0.1497377205531712,1,0,0.21168430791873713,0.09006273851266015,0.009554140127388535,0.009554140127388535,-0.14018358042578266,1,3,1.372317047173803,0.06391788398600673,1.3083991631877963,0.9968152866242038,-1.2514677173629822,0.04961171759630432,-1.3010794349592865,0.01592356687898089,0.9363503863452065
resp,n3000,1,32,1e-05,2097,898,2352,5,2,314,0.1497377205531712,65.53125,0.639985659314683,0.6633608861466425,0.6514265813083592,0.6289938006676205,0.6191536748329621,0.6113945578231292,4.593923544427452,4.1800487525060595,5.262112285751082e-09,0.8355239454273269,0.41836734693877553,4.859863676455725,3.8577050511695134e-09,7.165722198163023,-0.14837438351068602,0.6931471805599453,True,0.9509236204636142,0.7633676549457699,0.7101910828025477,0.7101910828025477,0.5604533622493766,1,223,0.9438200842350436,0.7470638258334857,0.6942675159235668,0.6942675159235668,0.5445297953703956,1,218,0.06348528744583487,0.08143951417157158,0.0,0.0,-0.1497377205531712,1,0,0.21197723724775033,0.09009126855876814,0.009554140127388535,0.009554140127388535,-0.14018358042578266,1,3,1.36959797256713,0.06366192722579087,1.3059360453413391,0.9968152866242038,-1.2493127543097937,0.04939972318205471,-1.2987124774918484,0.012738853503184714,0.9365147125541651
resp,n3000,1,32,0.0001,2097,898,2352,5,2,314,0.1497377205531712,65.53125,0.6400182213825396,0.6627887473484229,0.6509986298358648,0.6270863137815927,0.621380846325167,0.6113945578231292,4.460853818977909,4.02232054434026,2.8712097055196364e-09,0.8318496687754611,0.4187925170068027,4.712326428632256,9.161443717616279e-10,7.021038995515372,-0.17101354921627795,0.6931471805599453,True,0.9523186070853175,0.7657528705823734,0.7229299363057324,0.7229299363057324,0.5731922157525613,1,227,0.943929039656201,0.7480689810783432,0.6942675159235668,0.6942675159235668,0.5445297953703956,1,218,0.061645548367276225,0.08139104066213491,0.0,0.0,-0.1497377205531712,1,0,0.2150029828779235,0.09039090494638406,0.009554140127388535,0.009554140127388535,-0.14018358042578266,1,3,1.3435262067865998,0.06123820435408061,1.2822880024325192,0.9968152866242038,-1.2284980360864048,0.04738847829558231,-1.275886514381987,0.012738853503184714,0.9383544516327238
resp,n3000,1,32,0.001,2097,898,2352,5,2,314,0.1497377205531712,65.53125,0.6417307956182688,0.6603009300000711,0.6497124583197692,0.6270863137815927,0.621380846325167,0.6152210884353742,3.576492713210974,3.079857256779614,1.277349818915355e-09,0.8064088890891558,0.4145408163265306,3.7505058970864393,1.2534345782209845e-09,5.990779842543755,-0.33666614936412925,0.6931471805599453,True,0.9603634467065099,0.7807149392467035,0.7515923566878981,0.7515923566878981,0.601854636134727,1,236,0.9433949794770854,0.7515151114945219,0.7133757961783439,0.7133757961783439,0.5636380756251727,1,224,0.05079287395822542,0.08111586003614418,0.0,0.0,-0.1497377205531712,1,0,0.2523300384737667,0.09425834639243717,0.009554140127388535,0.009554140127388535,-0.14018358042578266,1,3,1.1526217182571568,0.045344102565918636,1.107277615691238,1.0,-1.0687918463544592,0.03408589786976358,-1.1028777442242228,0.006369426751592357,0.9492071260417746
resp,n3000,1,32,0.01,2097,898,2352,5,2,314,0.1497377205531712,65.53125,0.6598164150061404,0.6679632421088764,0.6623684495560251,0.630901287553648,0.60913140311804,0.6164965986394558,1.53588505620853,1.5976502407369584,3.868017294600649e-10,0.7395412775858354,0.40433673469387754,1.6089803133413043,2.0351387976109767e-10,2.8969499185691836,-0.696937921558325,0.6931471805599453,True,0.9714501073478822,0.7989028244515429,0.7802547770700637,0.7802547770700637,0.6305170565168925,1,245,0.9218450260957164,0.712911991293503,0.6592356687898089,0.6592356687898089,0.5094979482366377,1,207,0.03681264311562492,0.08072942455920996,0.0,0.0,-0.1497377205531712,1,0,0.5631637796456984,0.15199430775561548,0.07961783439490445,0.07961783439490445,-0.07011988615826674,1,25,0.5586791506371538,0.014652801219414906,0.5440263494177389,1.0,-0.5266448024302639,0.009231676114154808,-0.5358764785444187,0.0,0.9631873568843751
resp,n3000,1,32,0.1,2097,898,2352,5,2,314,0.1497377205531712,65.53125,0.6860336649690755,0.6874547766724183,0.6864311849166124,0.6242250834525512,0.6046770601336303,0.6160714285714286,0.2608466819946355,1.0764222258638694,1.771068479603351e-11,0.7000457876766285,0.40093537414965985,0.2752075359192654,1.5133235711605228e-11,0.5117289268919177,-0.8224773311881746,0.6931471805599453,True,0.9738453404588988,0.801931278033082,0.7770700636942676,0.7770700636942676,0.6273323431410964,1,244,0.8692999346267473,0.5691819657203001,0.5509554140127388,0.5509554140127388,0.40121769345956765,1,173,0.033065291089589936,0.08060429338966009,0.0,0.0,-0.1497377205531712,1,0,0.8194340748255821,0.3847838339854327,0.4554140127388535,0.4554140127388535,0.3056762921856823,1,143,0.09877467770291067,0.0020708939083362954,0.09670378379457437,1.0,-0.09308184489963074,0.0010685759101147242,-0.09415042080974546,0.0,0.9669347089104101
resp,n3000,1,32,1.0,2097,898,2352,5,2,314,0.1497377205531712,65.53125,0.692348074170396,0.6925027502174282,0.6923909898276556,0.6237482117310443,0.6035634743875279,0.6169217687074829,0.028203918924433354,1.0077997316351357,9.124926730064588e-11,0.693868624606038,0.399234693877551,0.02979608528354231,8.134025752450176e-11,0.05559963360227934,-0.8377605054278052,0.6931471805599453,True,0.9740668236101039,0.8016370615170323,0.7770700636942676,0.7770700636942676,0.6273323431410964,1,244,0.8519224380293715,0.5014938949024619,0.5127388535031847,0.5127388535031847,0.3630011329500135,1,161,0.03262768325051531,0.08058835312602865,0.0,0.0,-0.1497377205531712,1,0,0.8466014839371131,0.4770525434174946,0.5031847133757962,0.5031847133757962,0.353446992822625,1,158,0.010734418931233771,0.00021736210404043542,0.010517056827193337,1.0,-0.010111133444057013,0.00010759677349489817,-0.010218730217551911,0.0,0.9673723167494847
resp,n3000,1,64,1e-06,2097,898,2352,5,2,314,0.1497377205531712,32.765625,0.6276701950349429,0.6670239488800921,0.6607018744849481,0.642346208869814,0.6146993318485523,0.6113945578231292,6.457365718039925,6.2783369835587335,7.619272507411934e-10,0.8558617073588873,0.43452380952380953,6.728759513441211,8.82906212045116e-10,7.835465563853364,0.294352360055055,0.6931471805599453,True,0.9342516548720935,0.7416423615607075,0.7133757961783439,0.7133757961783439,0.5636380756251727,1,224,0.9386956071317575,0.75104798894612,0.6942675159235668,0.6942675159235668,0.5445297953703956,1,218,0.09569322440172758,0.08253143543207214,0.009554140127388535,0.009554140127388535,-0.14018358042578266,1,3,0.199911763970407,0.08924778887245009,0.025477707006369428,0.025477707006369428,-0.12426001354680177,1,8,1.4511591170621798,0.11984723637560431,1.3313118806865756,0.9808917197452229,-1.3127430382358658,0.10501304702311855,-1.4177560852589843,0.03184713375796178,0.9043067755982724
resp,n3000,1,64,1e-05,2097,898,2352,5,2,314,0.1497377205531712,32.765625,0.6276714595137145,0.6668468164746383,0.6604988672086722,0.6413924654268002,0.6146993318485523,0.6118197278911565,6.421551720889537,6.234603529909385,2.7873290049250245e-09,0.8551260445846468,0.43452380952380953,6.689858991625649,8.189945617621375e-10,7.8095997687482255,0.2909812954377733,0.6931471805599453,True,0.9345481565099971,0.7421519487548088,0.7133757961783439,0.7133757961783439,0.5636380756251727,1,224,0.9388045625529148,0.7513115045868314,0.6942675159235668,0.6942675159235668,0.5445297953703956,1,218,0.0951555919137216,0.08250718014753396,0.009554140127388535,0.009554140127388535,-0.14018358042578266,1,3,0.19987425472705775,0.08922628657698528,0.025477707006369428,0.025477707006369428,-0.12426001354680177,1,8,1.4471481047349344,0.11910700779048587,1.3280410969444485,0.9808917197452229,-1.3097202364820393,0.10435028967849722,-1.4140705261605364,0.03184713375796178,0.9048444080862784
resp,n3000,1,64,0.0001,2097,898,2352,5,2,314,0.1497377205531712,32.765625,0.6277808310511929,0.6652986002543925,0.6587224510468234,0.6404387219837864,0.6124721603563474,0.6118197278911565,6.09423202928825,5.841292020434121,1.6005055973020968e-09,0.8484286627935101,0.43197278911564624,6.3360454965990956,1.0930614622870965e-09,7.571913881393464,0.25834674203043567,0.6931471805599453,True,0.937677499097992,0.7487811817929112,0.7197452229299363,0.7197452229299363,0.570007502376765,1,226,0.9400709460545634,0.7542686955200574,0.6942675159235668,0.6942675159235668,0.5445297953703956,1,218,0.0905026595839689,0.08231807867905915,0.009554140127388535,0.009554140127388535,-0.14018358042578266,1,3,0.1997117146725443,0.08913191923927236,0.025477707006369428,0.025477707006369428,-0.12426001354680177,1,8,1.409886104000518,0.11231705210783374,1.2975690518926841,0.9808917197452229,-1.2813135830173856,0.09824894255741788,-1.3795625255748034,0.03184713375796178,0.9094973404160311
resp,n3000,1,64,0.001,2097,898,2352,5,2,314,0.1497377205531712,32.765625,0.6319124707234784,0.6595510591364815,0.6521579298950884,0.6361468764902242,0.6191536748329621,0.6152210884353742,4.3256947584881775,3.8927425595058307,2.445838651389641e-09,0.8115873776095383,0.42431972789115646,4.467673549461524,3.0707699521566023e-09,6.181985364192822,0.011766634034167289,0.6931471805599453,True,0.9536957321625686,0.7785158494366061,0.7420382165605095,0.7420382165605095,0.5923004960073384,1,233,0.943946901200653,0.7662085147228002,0.7133757961783439,0.7133757961783439,0.5636380756251727,1,224,0.06632170070481655,0.08150507321264971,0.0031847133757961785,0.0031847133757961785,-0.14655300717737502,1,1,0.21606931708170943,0.09054635539441754,0.01910828025477707,0.01910828025477707,-0.13062944029839413,1,6,1.1762433625124014,0.0747651519171177,1.1014782105952836,0.9936305732484076,-1.0909558443871166,0.06402020108464442,-1.154976045471761,0.012738853503184714,0.9336782992951834
resp,n3000,1,64,0.01,2097,898,2352,5,2,314,0.1497377205531712,32.765625,0.6571177759154365,0.6672394017995993,0.6623245586268688,0.6299475441106342,0.611358574610245,0.6139455782312925,1.6155099429925301,1.6889344310089245,2.027648324654434e-10,0.7396571169060545,0.4141156462585034,1.680481778683588,7.023647219784807e-11,2.9089169736295855,-0.5576594065571979,0.6931471805599453,True,0.9713768750156289,0.8071876423048459,0.7770700636942676,0.7770700636942676,0.6273323431410964,1,244,0.9228381279672491,0.7375011084953768,0.6815286624203821,0.6815286624203821,0.5317909418672109,1,214,0.03995627493918144,0.08082695832173503,0.0,0.0,-0.1497377205531712,1,0,0.49341266240609294,0.13308278190186082,0.03503184713375796,0.03503184713375796,-0.11470587341941324,1,11,0.5607001897767505,0.0206452458464433,0.5400549439303072,1.0,-0.5298911026278535,0.015462587621573666,-0.5453536902494273,0.0,0.9600437250608186
resp,n3000,1,64,0.1,2097,898,2352,5,2,314,0.1497377205531712,32.765625,0.685708031314817,0.6873540567939793,0.6864082034850754,0.625655698617072,0.6069042316258352,0.6186224489795918,0.2669685063860401,1.0834395708003293,3.1245435653706056e-09,0.700039674204779,0.40433673469387754,0.2805849938711387,3.248690128662754e-11,0.5125438667690839,-0.7522698577124239,0.6931471805599453,True,0.9744133375724732,0.8086539962106291,0.7898089171974523,0.7898089171974523,0.6400711966442811,1,248,0.863494932679839,0.6102845986090788,0.5700636942675159,0.5700636942675159,0.4203259737143447,1,179,0.03456030236022448,0.08065955414244612,0.0,0.0,-0.1497377205531712,1,0,0.8005133407875512,0.3574270509883512,0.42038216560509556,0.42038216560509556,0.27064444505192436,1,132,0.09897527948843664,0.0027494129396084203,0.09622586654882821,1.0,-0.0934471521738013,0.001776118167750667,-0.09522327034155197,0.0,0.9654396976397756
resp,n3000,1,64,1.0,2097,898,2352,5,2,314,0.1497377205531712,32.765625,0.6923148261528915,0.6924923005344268,0.692388435444541,0.6266094420600858,0.6057906458797327,0.6181972789115646,0.028786858002540376,1.008464829344863,4.189477046565452e-13,0.6938678074342731,0.405187074829932,0.030307208262263005,3.945180077865117e-13,0.05567669993717231,-0.7752226109295242,0.6931471805599453,True,0.9747616376892877,0.8091754778844764,0.7866242038216561,0.7866242038216561,0.6368864832684848,1,247,0.8415323776216281,0.5170043907201947,0.5159235668789809,0.5159235668789809,0.3661858463258097,1,162,0.03393693445884879,0.0806387924035677,0.0,0.0,-0.1497377205531712,1,0,0.8349950523521867,0.4869289895072157,0.4968152866242038,0.4968152866242038,0.34707756607103263,1,156,0.010754729820406816,0.000286157337446657,0.01046857248296016,1.0,-0.010148181826104358,0.0001793396099569926,-0.01032752143606135,0.0,0.9660630655411512
resp,n3000,1,128,1e-06,2097,898,2352,5,2,314,0.1497377205531712,16.3828125,0.6136896478749512,0.6901262413760028,0.6776571846045506,0.6580829756795422,0.5835189309576837,0.5867346938775511,9.00122413574204,10.796438965205528,2.126133265811386e-09,0.8811989612369268,0.4328231292517007,9.159801374917166,1.7088526297957241e-09,9.330658288669866,0.4721852994566135,0.6931471805599453,True,0.9282233836195348,0.7437738753051081,0.7038216560509554,0.7038216560509554,0.5540839354977842,1,221,0.9335354069395673,0.7467876929779008,0.6942675159235668,0.6942675159235668,0.5445297953703956,1,218,0.12042610500444753,0.08362647916971046,0.009554140127388535,0.009554140127388535,-0.14018358042578266,1,3,0.19565178561859886,0.0891682990372814,0.028662420382165606,0.028662420382165606,-0.1210753001710056,1,9,1.557986128194458,0.18060937175218914,1.377376756442269,0.9681528662420382,-1.4181081996217881,0.16521224132802595,-1.583320440949814,0.041401273885350316,0.8795738949955525
resp,n3000,1,128,1e-05,2097,898,2352,5,2,314,0.1497377205531712,16.3828125,0.6136939280905618,0.6894323473851508,0.6770397517341343,0.6580829756795422,0.5846325167037862,0.5867346938775511,8.913866027575448,10.642868201860223,1.904004907652957e-09,0.8798009983690401,0.43197278911564624,9.071984266905911,1.513405151288576e-09,9.269162786418269,0.46892453621126307,0.6931471805599453,True,0.9287056453197395,0.7448127902874702,0.7038216560509554,0.7038216560509554,0.5540839354977842,1,221,0.9338676316663749,0.7475494264624212,0.6942675159235668,0.6942675159235668,0.5445297953703956,1,218,0.11951695239183942,0.08358335963075217,0.009554140127388535,0.009554140127388535,-0.14018358042578266,1,3,0.19514630391060656,0.08911687439353597,0.028662420382165606,0.028662420382165606,-0.1210753001710056,1,9,1.5516679214559563,0.178972428333006,1.3726954931229502,0.9681528662420382,-1.412884857567153,0.1636799337091447,-1.5765647912762977,0.041401273885350316,0.8804830476081605
resp,n3000,1,128,0.0001,2097,898,2352,5,2,314,0.1497377205531712,16.3828125,0.6140291288654733,0.6837105379632895,0.6719471658923737,0.6571292322365284,0.5846325167037862,0.5922619047619048,8.163480627483713,9.381024535094735,1.728324577552063e-09,0.8678182325989428,0.4332482993197279,8.315882417922271,4.065427737461618e-09,8.742904770039766,0.43718480966508405,0.6931471805599453,True,0.9334996838506632,0.7543688350639431,0.7165605095541401,0.7165605095541401,0.5668227890009689,1,225,0.93655758026085,0.7542375842951422,0.7070063694267515,0.7070063694267515,0.5572686488735803,1,222,0.11105772493936006,0.0831589375544203,0.006369426751592357,0.006369426751592357,-0.14336829380157884,1,2,0.1910863748566611,0.08860960900615134,0.025477707006369428,0.025477707006369428,-0.12426001354680177,1,8,1.4956988831876312,0.16464429828308824,1.331054584904543,0.9777070063694268,-1.3665976758965277,0.15025611798030464,-1.5168537938768323,0.03821656050955414,0.8889422750606399
resp,n3000,1,128,0.001,2097,898,2352,5,2,314,0.1497377205531712,16.3828125,0.6225314506355291,0.6655742253304553,0.6560070916461267,0.6566523605150214,0.6046770601336303,0.6050170068027211,5.035068114000484,4.973458274460881,2.057192193162296e-09,0.816469047363661,0.42517006802721086,5.145013863701456,1.924556122535988e-09,6.503516367372723,0.1838867262955209,0.6931471805599453,True,0.9541851384805541,0.795097466586486,0.7547770700636943,0.7547770700636943,0.6050393495105231,1,237,0.944881059975494,0.7711283906762323,0.7261146496815286,0.7261146496815286,0.5763769291283574,1,228,0.07283937827536072,0.08167265481542904,0.0031847133757961785,0.0031847133757961785,-0.14655300717737502,1,1,0.18634770711353868,0.0879396398864836,0.01592356687898089,0.01592356687898089,-0.1338141536741903,1,5,1.2054336132134016,0.09923717707583495,1.1061964361375667,0.9872611464968153,-1.1213477378518344,0.08867550861297203,-1.2100232464648064,0.01592356687898089,0.9271606217246393
resp,n3000,1,128,0.01,2097,898,2352,5,2,314,0.1497377205531712,16.3828125,0.6551185230045075,0.6679070296333612,0.6626383695394087,0.6347162613257034,0.6069042316258352,0.6147959183673469,1.6735595677901365,1.7704735708739008,4.476884448854179e-10,0.7399315136374075,0.40816326530612246,1.734644169190189,2.0411080164685449e-10,2.926590194302877,-0.4745279615285405,0.6931471805599453,True,0.9723539014971546,0.8177989577232343,0.7929936305732485,0.7929936305732485,0.6432559100200772,1,249,0.9249279286681361,0.7446248526431429,0.7070063694267515,0.7070063694267515,0.5572686488735803,1,222,0.04065108901836524,0.08083302091697836,0.0,0.0,-0.1497377205531712,1,0,0.419178297509029,0.11773988820216809,0.022292993630573247,0.022292993630573247,-0.12744472692259795,1,7,0.564245479490998,0.02479541158598403,0.539450067905014,1.0,-0.5338674351898902,0.019688655040647502,-0.5535560902305378,0.0,0.9593489109816348
resp,n3000,1,128,0.1,2097,898,2352,5,2,314,0.1497377205531712,16.3828125,0.6854821727859932,0.6874213871602,0.6864342186034028,0.6294706723891274,0.6035634743875279,0.6147959183673469,0.27114485268061367,1.089182042933829,6.75533934903647e-11,0.7000587864535753,0.40773809523809523,0.28443792522664374,5.537946269830924e-11,0.51369771943352,-0.7096432613111892,0.6931471805599453,True,0.9752653332428348,0.8162799043047179,0.7929936305732485,0.7929936305732485,0.6432559100200772,1,249,0.8610479010899115,0.6328478030995074,0.589171974522293,0.589171974522293,0.4394342539691218,1,185,0.034806791673662435,0.08065805969063454,0.0,0.0,-0.1497377205531712,1,0,0.781430066695007,0.3254807085004857,0.40445859872611467,0.40445859872611467,0.2547208781729435,1,127,0.09935094887673553,0.0032005148002304073,0.09615043407650511,1.0,-0.09387011398699721,0.002235547894601874,-0.09610566188159908,0.0,0.9651932083263376
resp,n3000,1,128,1.0,2097,898,2352,5,2,314,0.1497377205531712,16.3828125,0.6922919349009338,0.6924990645165068,0.6923909672372277,0.6285169289461134,0.6035634743875279,0.6147959183673469,0.029181551815231993,1.0090034586210235,5.601121957046445e-13,0.6938696029097456,0.40348639455782315,0.030670748669942016,5.097208116012702e-13,0.05578483272070434,-0.7372403466576171,0.6931471805599453,True,0.9755100364018275,0.8157698588939677,0.7898089171974523,0.7898089171974523,0.6400711966442811,1,248,0.8348271538343377,0.5375025451974867,0.5286624203821656,0.5286624203821656,0.3789246998289944,1,166,0.03416556222783472,0.08063597705380444,0.0,0.0,-0.1497377205531712,1,0,0.826496529501913,0.4965859872026397,0.5095541401273885,0.5095541401273885,0.35981641957421734,1,160,0.010792637489762917,0.00033167823111901815,0.010460959258643899,1.0,-0.010190846333688412,0.00022569821936086653,-0.010416544553049278,0.0,0.9658344377721653
resp,n3000,1,256,1e-06,2097,898,2352,5,2,314,0.1497377205531712,8.19140625,0.5729343993318056,0.7331099446013041,0.7074829843063614,0.6862184072484502,0.5734966592427617,0.5990646258503401,18.854486385859065,32.91789244781834,2.9784397858955182e-09,0.951827587578268,0.4655612244897959,18.773568444035487,1.4977833771420888e-09,14.106376727434569,0.7189231141923242,0.6931471805599453,False,0.9246135654857804,0.7470401782818464,0.678343949044586,0.678343949044586,0.5286062284914148,1,213,0.9345981688344628,0.7589992027726559,0.6910828025477707,0.6910828025477707,0.5413450819945995,1,217,0.1728550964344785,0.08687117690871948,0.01910828025477707,0.01910828025477707,-0.13062944029839413,1,6,0.2201471076801069,0.09131170778072939,0.041401273885350316,0.041401273885350316,-0.10833644666782088,1,13,1.8271260039366473,0.3767978445712016,1.4503281593654456,0.9490445859872612,-1.6880015622291207,0.3633136975101505,-2.051315259739271,0.06050955414012739,0.8271449035655215
resp,n3000,1,256,1e-05,2097,898,2352,5,2,314,0.1497377205531712,8.19140625,0.5729931554858769,0.729028865817267,0.7038051325723591,0.6866952789699571,0.5734966592427617,0.5994897959183674,18.26826201769326,31.28501139898893,2.8028152064917682e-09,0.9452678045464085,0.46343537414965985,18.203040483592314,3.019554456052691e-09,13.761534769056512,0.7152571512802194,0.6931471805599453,False,0.9260532059686137,0.7507873605082599,0.6847133757961783,0.6847133757961783,0.5349756552430072,1,215,0.9355448306904202,0.7615495457875561,0.6910828025477707,0.6910828025477707,0.5413450819945995,1,217,0.1698043446420725,0.08664160691682375,0.022292993630573247,0.022292993630573247,-0.12744472692259795,1,7,0.21816626240037723,0.09108520247324933,0.03821656050955414,0.03821656050955414,-0.11152116004361706,1,12,1.8050788718269692,0.36777316109538827,1.437305710731581,0.9490445859872612,-1.6675369437740333,0.3543061817144034,-2.0218431254884366,0.054140127388535034,0.8301956553579275
resp,n3000,1,256,0.0001,2097,898,2352,5,2,314,0.1497377205531712,8.19140625,0.5759955636605139,0.7041943453243255,0.6819794587903663,0.6890796375774917,0.5812917594654788,0.6020408163265306,14.43309803387389,21.649588490323385,2.5426013809399678e-09,0.9033574787023233,0.4608843537414966,14.426830460257731,2.1841775212218975e-09,11.525251564257209,0.6810370689773784,0.6931471805599453,True,0.9361038970317686,0.7767687475279201,0.7038216560509554,0.7038216560509554,0.5540839354977842,1,221,0.9416820573641361,0.7767921843456942,0.7197452229299363,0.7197452229299363,0.570007502376765,1,226,0.1474720556137048,0.08513471904115817,0.012738853503184714,0.012738853503184714,-0.13699886704998648,1,4,0.2036823360042296,0.08950747743385835,0.03184713375796178,0.03184713375796178,-0.11789058679520942,1,10,1.6541030863127815,0.305030919689912,1.3490721666228696,0.9617834394904459,-1.5303093363837845,0.29223598967379655,-1.822545326057581,0.03821656050955414,0.8525279443862952
resp,n3000,1,256,0.001,2097,898,2352,5,2,314,0.1497377205531712,8.19140625,0.6041760169909369,0.6656484202714061,0.6520853620445666,0.675727229375298,0.6024498886414253,0.6105442176870748,6.3579318769649324,6.717174124249162,2.3186186184903e-09,0.8177283977047667,0.43112244897959184,6.385844794030095,1.4669476073063991e-09,6.899360182232753,0.4137993408134727,0.6931471805599453,True,0.9602812836020305,0.8298182359187497,0.7738853503184714,0.7738853503184714,0.6241476297653001,1,243,0.9519381561884893,0.797785692099604,0.7388535031847133,0.7388535031847133,0.5891157826315421,1,232,0.08016082534624604,0.08199542277714307,0.0031847133757961785,0.0031847133757961785,-0.14655300717737502,1,1,0.16984185388542178,0.0866120053733665,0.009554140127388535,0.009554140127388535,-0.14018358042578266,1,3,1.2321526358713235,0.14408108783951198,1.0880715480318115,0.9904458598726115,-1.1557422745242083,0.13495723481928137,-1.2906995093434896,0.012738853503184714,0.919839174653754
resp,n3000,1,256,0.01,2097,898,2352,5,2,314,0.1497377205531712,8.19140625,0.6521529146631923,0.6674254272309516,0.6616467664772884,0.6485455412494039,0.611358574610245,0.6211734693877551,1.7577992958708561,1.8530026739473018,8.192548004118433e-10,0.7394418037061863,0.407312925170068,1.8087793188371957,3.993939371928157e-10,2.941174315292461,-0.3599600931621454,0.6931471805599453,True,0.9747026945925961,0.8328097243922772,0.7961783439490446,0.7961783439490446,0.6464406233958735,1,250,0.9293843840089164,0.7546165549988828,0.7388535031847133,0.7388535031847133,0.5891157826315421,1,232,0.041401273885350316,0.08089117091069037,0.0,0.0,-0.1497377205531712,1,0,0.36780492335611276,0.1092858398054651,0.01910828025477707,0.01910828025477707,-0.13062944029839413,1,6,0.5662888191661966,0.030915260626663495,0.5353735585395331,1.0,-0.5377957674242873,0.02615033311062405,-0.5639461005349113,0.0031847133757961785,0.9585987261146497
resp,n3000,1,256,0.1,2097,898,2352,5,2,314,0.1497377205531712,8.19140625,0.6851646160062995,0.687352734774917,0.6863221317933716,0.637100619933238,0.6024498886414253,0.6224489795918368,0.2769236495618032,1.0944983526124927,9.964769847501584e-11,0.6999986908279571,0.407312925170068,0.2894052612267256,8.377580474958338e-11,0.5145809004963616,-0.6510311594730953,0.6931471805599453,True,0.9766531752467572,0.8269877021655374,0.7961783439490446,0.7961783439490446,0.6464406233958735,1,250,0.8612318749977673,0.6373296522719413,0.6114649681528662,0.6114649681528662,0.461727247599695,1,192,0.035481958053949006,0.08069785876377401,0.0,0.0,-0.1497377205531712,1,0,0.7675409297291118,0.305499156899555,0.37261146496815284,0.37261146496815284,0.22287374441498164,1,117,0.0995492410015611,0.0038395064939672507,0.09570973450759385,1.0,-0.09428138241253191,0.0029120548747378666,-0.09719343728726977,0.0,0.964518041946051
resp,n3000,1,256,1.0,2097,898,2352,5,2,314,0.1497377205531712,8.19140625,0.6922599520457777,0.6924918545406361,0.6923796023410456,0.6380543633762518,0.6013363028953229,0.6215986394557823,0.029724356210977826,1.0094974382275628,7.46042771052023e-13,0.6938634812592057,0.4026360544217687,0.031136176980630526,6.606773607876045e-13,0.05586690881005993,-0.6850938805709449,0.6931471805599453,True,0.976792495293483,0.825681560251071,0.7993630573248408,0.7993630573248408,0.6496253367716696,1,251,0.8312369833994806,0.5353348076321536,0.5318471337579618,0.5318471337579618,0.3821094132047906,1,167,0.03468711932583387,0.08066917320603574,0.0,0.0,-0.1497377205531712,1,0,0.8215024416731266,0.4883876557376144,0.5127388535031847,0.5127388535031847,0.3630011329500135,1,161,0.010812534890229788,0.00039587431167554176,0.010416660578554246,1.0,-0.010232180385778219,0.0002936694601189861,-0.010525849845897205,0.0,0.9653128806741661
resp,n3000,1,384,1e-06,2097,898,2352,5,2,314,0.1497377205531712,5.4609375,0.5255891465790239,0.82806763105117,0.7817890003372335,0.7381974248927039,0.5556792873051225,0.5897108843537415,46.88420395402313,5390.100923275734,2.7620916852206317e-09,1.0759519684895513,0.4710884353741497,47.504437812852,2.7590198053079268e-09,30.872168172065592,0.7861209675843077,0.6931471805599453,False,0.9299756011302786,0.7495341389304857,0.6878980891719745,0.6878980891719745,0.5381603686188032,1,216,0.9426144299845319,0.7858406982979612,0.7101910828025477,0.7101910828025477,0.5604533622493766,1,223,0.21845204711160965,0.09134182487240174,0.025477707006369428,0.025477707006369428,-0.12426001354680177,1,8,0.25428230528237317,0.0959770852568204,0.044585987261146494,0.044585987261146494,-0.10515173329202471,1,14,2.141764546685905,0.6186441442813635,1.5231204024045417,0.945859872611465,-2.0162349283293355,0.6141154007166246,-2.6303503290459602,0.05732484076433121,0.7815479528883904
resp,n3000,1,384,1e-05,2097,898,2352,5,2,314,0.1497377205531712,5.4609375,0.5272527651953243,0.7975223179249834,0.7549469919621765,0.7415355269432523,0.5534521158129176,0.5914115646258503,38.96304548958812,558.8200930416427,4.251920396499868e-09,1.0327007624389555,0.46598639455782315,38.58771918030288,2.7856072079907403e-09,24.687922674534953,0.7973546194915397,0.6931471805599453,False,0.93404446095645,0.7621600551317773,0.7101910828025477,0.7101910828025477,0.5604533622493766,1,223,0.945472277096856,0.7924115349043354,0.732484076433121,0.732484076433121,0.5827463558799497,1,230,0.20726000335797035,0.09005790004164857,0.025477707006369428,0.025477707006369428,-0.12426001354680177,1,8,0.24600526558330446,0.09449956176534142,0.041401273885350316,0.041401273885350316,-0.10833644666782088,1,13,2.0229914174789894,0.561674247808747,1.4613171696702425,0.945859872611465,-1.917333463748106,0.5578751627031016,-2.4752086264512076,0.054140127388535034,0.7927399966420297
resp,n3000,1,384,0.0001,2097,898,2352,5,2,314,0.1497377205531712,5.4609375,0.5469695932140662,0.7219059195126086,0.6910687073035814,0.7238912732474965,0.5835189309576837,0.6054421768707483,20.21397366020159,63.00826130803651,1.6993249384917815e-09,0.9246590682108853,0.45110544217687076,19.699559481012564,1.1610587354459574e-08,13.84528633129833,0.759638038262474,0.6931471805599453,True,0.9450150215588842,0.7981230477989744,0.7261146496815286,0.7261146496815286,0.5763769291283574,1,228,0.9516809499483802,0.8048404785641298,0.7452229299363057,0.7452229299363057,0.5954852093831344,1,234,0.16279547459909763,0.0861908396372275,0.01592356687898089,0.01592356687898089,-0.1338141536741903,1,5,0.21282923291811195,0.09042090648266371,0.03503184713375796,0.03503184713375796,-0.11470587341941324,1,11,1.7025034095092029,0.3834451068778774,1.3190583026313254,0.9522292993630573,-1.6140596404172904,0.37729132877499605,-1.9913509691922866,0.04777070063694268,0.8372045254009024
resp,n3000,1,384,0.001,2097,898,2352,5,2,314,0.1497377205531712,5.4609375,0.5974462113348531,0.6669992473629639,0.6515755530563156,0.6948020982355746,0.6024498886414253,0.6126700680272109,6.83711297579824,8.244737792164846,2.7311607658825888e-09,0.8191565216453005,0.4332482993197279,6.781586860636398,2.187111425695107e-09,7.017477065743173,0.4689924059886567,0.6931471805599453,True,0.9632462999810668,0.8398408372659623,0.7643312101910829,0.7643312101910829,0.6145934896379117,1,240,0.9558980605935034,0.8088049235451249,0.7452229299363057,0.7452229299363057,0.5954852093831344,1,234,0.08227205990047548,0.08205883346394316,0.0031847133757961785,0.0031847133757961785,-0.14655300717737502,1,1,0.1661748788094209,0.08633606435699848,0.009554140127388535,0.009554140127388535,-0.14018358042578266,1,3,1.2347638853642442,0.15755884306519882,1.0772050422990453,0.9872611464968153,-1.1670379416032957,0.1499894665115921,-1.3170274081148878,0.009554140127388535,0.9177279400995245
resp,n3000,1,384,0.01,2097,898,2352,5,2,314,0.1497377205531712,5.4609375,0.6513593451947143,0.6675757466327019,0.661565968124603,0.6494992846924177,0.6124721603563474,0.6207482993197279,1.7800656555025156,1.8997726039723606,1.1110449413407345e-09,0.7395118194176669,0.40816326530612246,1.8263714472474184,5.61345914960069e-10,2.944321301525693,-0.33293153637806394,0.6931471805599453,True,0.9751867424472459,0.8354771168349919,0.7993630573248408,0.7993630573248408,0.6496253367716696,1,251,0.9313259338908517,0.7582082152747185,0.7356687898089171,0.7356687898089171,0.585931069255746,1,231,0.04154059393207612,0.08089909919260066,0.0,0.0,-0.1497377205531712,1,0,0.35751488759730077,0.10775410695373765,0.01910828025477707,0.01910828025477707,-0.13062944029839413,1,6,0.5664094866157299,0.032419159003163854,0.533990327612566,1.0,-0.5389258032629392,0.027832269245853265,-0.5667580725087924,0.0031847133757961785,0.9584594060679239
resp,n3000,1,384,0.1,2097,898,2352,5,2,314,0.1497377205531712,5.4609375,0.6850836530225846,0.6873719179444087,0.6863166961711632,0.6375774916547449,0.5968819599109132,0.6237244897959183,0.2783805152721128,1.0973235023821895,1.1323059773497336e-10,0.7000026024403249,0.40433673469387754,0.29053452655456957,9.428364808390002e-11,0.5147624392882714,-0.6372120933567903,0.6931471805599453,True,0.976915739950202,0.8282096521346409,0.7993630573248408,0.7993630573248408,0.6496253367716696,1,251,0.8615926781956982,0.6392111926927024,0.6146496815286624,0.6146496815286624,0.4649119609754912,1,193,0.03547124112727779,0.08069880235525809,0.0,0.0,-0.1497377205531712,1,0,0.7644991087089319,0.30064081210296045,0.3630573248407643,0.3630573248407643,0.2133196042875931,1,114,0.09956017021328722,0.0039918497910896205,0.09556832042219761,1.0,-0.09439543464543682,0.0030825592325428326,-0.09747799387797965,0.0,0.9645287588727222
resp,n3000,1,384,1.0,2097,898,2352,5,2,314,0.1497377205531712,5.4609375,0.6922518388132624,0.6924938558387341,0.6923791184944104,0.6394849785407726,0.5991091314031181,0.6237244897959183,0.029860508292039168,1.009758188942901,8.000821482728215e-13,0.6938638151246576,0.40221088435374147,0.031241437385026178,7.51457747314848e-11,0.05588367506032237,-0.672809351452927,0.6931471805599453,True,0.9770604184602634,0.8272235017852445,0.7993630573248408,0.7993630573248408,0.6496253367716696,1,251,0.8307975894059607,0.5339006455722551,0.5318471337579618,0.5318471337579618,0.3821094132047906,1,167,0.034769282430313186,0.08067447988962566,0.0,0.0,-0.1497377205531712,1,0,0.8205164844193747,0.4851899447842507,0.5159235668789809,0.5159235668789809,0.3661858463258097,1,162,0.010813626473737842,0.0004111286864557211,0.010402497787282122,1.0,-0.010243603541074042,0.00031074330496443217,-0.010554346846038475,0.0,0.9652307175696868
resp,n3000,2,32,1e-06,2099,899,2352,2,2,314,0.14959504525964745,65.59375,0.6312673238919158,0.6442061816256279,0.658290814003579,0.6383992377322535,0.6184649610678532,0.6020408163265306,4.794164502843993,4.418752706043374,1.0106924570841227e-09,0.8428649357816269,0.42772108843537415,5.03011238885656,2.103401168862595e-09,6.9388261617453155,0.002876515661973094,0.6931471805599453,True,0.9537137147852772,0.7823795883340791,0.7261146496815286,0.7261146496815286,0.5765196044218812,1,228,0.9474995093578833,0.7549592837798729,0.6878980891719745,0.6878980891719745,0.5383030439123271,1,216,0.0726721261753109,0.08158973365950116,0.0031847133757961785,0.0031847133757961785,-0.14641033188385127,1,1,0.2243840211243733,0.09117069737586145,0.022292993630573247,0.022292993630573247,-0.1273020516290742,1,7,1.365053904277937,0.07907802963036861,1.2859758746475685,0.9936305732484076,-1.3342365184538105,0.08097872400841621,-1.4152152424622266,0.009554140127388535,0.9273278738246891
resp,n3000,2,32,1e-05,2099,899,2352,2,2,314,0.14959504525964745,65.59375,0.6312676761553799,0.6441723629685092,0.6582216956911983,0.6388756550738447,0.6162402669632926,0.6020408163265306,4.780764278920935,4.401210332854055,9.494117785220719e-10,0.8424181937630617,0.4272959183673469,5.013406753883839,2.008024677864739e-09,6.9250949946063445,0.0006887058156501343,0.6931471805599453,True,0.9538225481275313,0.7826285054012833,0.7261146496815286,0.7261146496815286,0.5765196044218812,1,228,0.947544113186676,0.7550968928274525,0.6878980891719745,0.6878980891719745,0.5383030439123271,1,216,0.07244018626558904,0.0815834063543313,0.0031847133757961785,0.0031847133757961785,-0.14641033188385127,1,1,0.2246801905475566,0.09120027246937848,0.022292993630573247,0.022292993630573247,-0.1273020516290742,1,7,1.3623375720010626,0.07876086139013955,1.283576710610923,0.9936305732484076,-1.3321644013139537,0.08069667458673471,-1.4128610759006885,0.009554140127388535,0.927559813734411
resp,n3000,2,32,0.0001,2099,899,2352,2,2,314,0.14959504525964745,65.59375,0.6313002384089068,0.6438773842767905,0.6575881413662232,0.6403049070986184,0.6184649610678532,0.6033163265306123,4.653230746605232,4.236940364407152,6.932714259814907e-10,0.8381849695478345,0.42517006802721086,4.855666618159913,1.0980002526997437e-08,6.793797481796984,-0.02048348075232945,0.6931471805599453,True,0.9549697586040786,0.7853504557319979,0.7261146496815286,0.7261146496815286,0.5765196044218812,1,228,0.9477724847900943,0.7563795200233409,0.6910828025477707,0.6910828025477707,0.5414877572881232,1,217,0.07007796749272957,0.08151121209622653,0.0031847133757961785,0.0031847133757961785,-0.14641033188385127,1,1,0.22734571535620618,0.09146916564663381,0.01592356687898089,0.01592356687898089,-0.13367147838066656,1,5,1.3363603226670158,0.07575362625653786,1.2606066964104778,0.9936305732484076,-1.3120707139135488,0.07800721846317638,-1.3900779323767252,0.006369426751592357,0.9299220325072705
resp,n3000,2,32,0.001,2099,899,2352,2,2,314,0.14959504525964745,65.59375,0.633089595502584,0.6433134254526609,0.6546046563412622,0.6407813244402096,0.6195773081201335,0.610969387755102,3.7807523423929057,3.2422877789636884,6.254234943751976e-10,0.8097414303174941,0.4141156462585034,3.8311472736558527,1.8132558206985366e-09,5.848263460207487,-0.18055040945856213,0.6931471805599453,True,0.961637138932006,0.800389282305004,0.7515923566878981,0.7515923566878981,0.6019973114282506,1,236,0.9478188727720388,0.7574477133442956,0.6942675159235668,0.6942675159235668,0.5446724706639194,1,218,0.05589038163035915,0.08110985116964203,0.0,0.0,-0.14959504525964745,1,0,0.2593427179789113,0.09490538855411287,0.012738853503184714,0.012738853503184714,-0.13685619175646274,1,4,1.1492564641956993,0.05584367067330564,1.0934127935223936,0.9936305732484076,-1.1540558417805917,0.05953112717196208,-1.2135869689525538,0.0031847133757961785,0.9441096183696408
resp,n3000,2,32,0.01,2099,899,2352,2,2,314,0.14959504525964745,65.59375,0.6533141958383263,0.6575243915224767,0.6626984962120662,0.637446403049071,0.6206896551724138,0.6058673469387755,1.6616642077675048,1.6600031909930753,7.652815176728002e-10,0.7407281720927543,0.40816326530612246,1.6263357938044438,3.682029928294037e-11,2.9264701031728064,-0.5843145332578369,0.6931471805599453,True,0.9723509786080037,0.8211888929949697,0.7866242038216561,0.7866242038216561,0.6370291585620087,1,247,0.9282145979410873,0.7152619047566868,0.6496815286624203,0.6496815286624203,0.500086483402773,1,204,0.035433281592891934,0.08060533823454595,0.0,0.0,-0.14959504525964745,1,0,0.5275526771218041,0.14154967240841695,0.05732484076433121,0.05732484076433121,-0.09227020449531624,1,18,0.5741337399865277,0.017032165842210945,0.5571015741443168,1.0,-0.58925879431224,0.019778514886270738,-0.6090373091985107,0.0,0.9645667184071081
resp,n3000,2,32,0.1,2099,899,2352,2,2,314,0.14959504525964745,65.59375,0.6843065138100164,0.6850228209788317,0.6859985649256855,0.6393520724154359,0.6273637374860956,0.6130952380952381,0.29020742525503795,1.0862492002990747,2.2066250190633884e-11,0.7004107010885716,0.407312925170068,0.28354235886531065,2.8643238907591356e-11,0.5373524314629776,-0.7542648138465378,0.6931471805599453,True,0.9753340826776571,0.8239556067839519,0.7929936305732485,0.7929936305732485,0.6433985853136011,1,249,0.8691109564845046,0.5615520177151447,0.5445859872611465,0.5445859872611465,0.39499094200149903,1,171,0.03047155167799604,0.08046623735409555,0.0,0.0,-0.14959504525964745,1,0,0.807247230102232,0.35797777526352026,0.4171974522292994,0.4171974522292994,0.26760240696965193,1,131,0.10548328260626244,0.002237001642442057,0.10324628096382038,1.0,-0.10828235150564988,0.002729439210452838,-0.11101179071610272,0.0,0.9695284483220039
resp,n3000,2,32,1.0,2099,899,2352,2,2,314,0.14959504525964745,65.59375,0.6921438050367901,0.6922219667346842,0.6923302347783207,0.637446403049071,0.6262513904338154,0.6118197278911565,0.031596898528780025,1.0088140322652182,1.198656524669534e-10,0.6939110594505328,0.40773809523809523,0.030876414063905636,1.3491219752047946e-10,0.05887754655570689,-0.7763685014430224,0.6931471805599453,True,0.9756391728665988,0.824061104426401,0.7898089171974523,0.7898089171974523,0.6402138719378048,1,248,0.8469571267997645,0.4837324083106415,0.4968152866242038,0.4968152866242038,0.34722024136455637,1,156,0.029879212831629465,0.08044723324119336,0.0,0.0,-0.14959504525964745,1,0,0.8402005388142518,0.4585088696924345,0.49363057324840764,0.49363057324840764,0.3440355279887602,1,155,0.011559352874480533,0.00023126206131754792,0.011328090813162986,1.0,-0.011863126050034882,0.0002846989176678146,-0.012147824967702697,0.0,0.9701207871683706
resp,n3000,2,64,1e-06,2099,899,2352,2,2,314,0.14959504525964745,32.796875,0.6221131007854406,0.6551323231910734,0.6609386797264608,0.6484040019056694,0.610678531701891,0.5994897959183674,6.2179845591865535,6.7414836232114155,3.5351667344792207e-09,0.8578481673045781,0.43197278911564624,7.0572304098358085,2.075418872028774e-09,7.850681494364631,0.30576074657099656,0.6931471805599453,True,0.9412139378044211,0.7590616764651016,0.7133757961783439,0.7133757961783439,0.5637807509186965,1,224,0.9440882085318204,0.7499523090802017,0.697452229299363,0.697452229299363,0.5478571840397155,1,219,0.10291352209673678,0.08258449033499315,0.0031847133757961785,0.0031847133757961785,-0.14641033188385127,1,1,0.20861389141643918,0.08973134817323723,0.01910828025477707,0.01910828025477707,-0.1304867650048704,1,6,1.5051846582462345,0.13360411774781744,1.371580540498417,0.9713375796178344,-1.3790840534892792,0.12423002631264103,-1.5033140798019202,0.022292993630573247,0.8970864779032632
resp,n3000,2,64,1e-05,2099,899,2352,2,2,314,0.14959504525964745,32.796875,0.6221141634309975,0.6549429522750464,0.6607786706111366,0.6507860886136255,0.6117908787541713,0.5994897959183674,6.186740474440528,6.693046348710459,3.2830158452224604e-09,0.857062517014829,0.43154761904761907,7.014417910703132,1.944606739017725e-09,7.82274968636927,0.30281790479777876,0.6931471805599453,True,0.9415350853717284,0.7599388208666711,0.7133757961783439,0.7133757961783439,0.5637807509186965,1,224,0.9441934735677711,0.7500506694266624,0.697452229299363,0.697452229299363,0.5478571840397155,1,219,0.10235686631340435,0.08256124693916173,0.0031847133757961785,0.0031847133757961785,-0.14641033188385127,1,1,0.20862281218219772,0.08972912154331135,0.01910828025477707,0.01910828025477707,-0.1304867650048704,1,6,1.5005343480926183,0.13278327078438315,1.367751077308235,0.9713375796178344,-1.3763091399705958,0.12357772822599501,-1.499886868196591,0.01910828025477707,0.8976431336865957
resp,n3000,2,64,0.0001,2099,899,2352,2,2,314,0.14959504525964745,32.796875,0.6222066340958013,0.6532833486619053,0.6593706092380439,0.6493568365888518,0.6129032258064516,0.5999149659863946,5.900552868722641,6.257293221246138,2.0817070288309804e-09,0.8499309886678965,0.43112244897959184,6.626032174137935,2.498502707296688e-09,7.567580248326094,0.2743486304562071,0.6931471805599453,True,0.9441899052614676,0.7653982173752013,0.7165605095541401,0.7165605095541401,0.5669654642944926,1,225,0.9452603971524915,0.7530742751331887,0.7038216560509554,0.7038216560509554,0.5542266107913079,1,221,0.09697407625470571,0.08234874571199742,0.0031847133757961785,0.0031847133757961785,-0.14641033188385127,1,1,0.20884404717300933,0.08971404553541794,0.01910828025477707,0.01910828025477707,-0.1304867650048704,1,6,1.4576435210686387,0.12526013188963578,1.332383389179003,0.9713375796178344,-1.3500870979966013,0.11753961809751232,-1.4676267160941137,0.01910828025477707,0.9030259237452943
resp,n3000,2,64,0.001,2099,899,2352,2,2,314,0.14959504525964745,32.796875,0.6258572091226555,0.6471276371757082,0.6538863340753152,0.653644592663173,0.6195773081201335,0.6058673469387755,4.32601961145687,4.117095633280019,3.2886972182633377e-09,0.8114391896529071,0.4221938775510204,4.601777604127012,4.21289480145651e-10,6.129738663811224,0.05819717840715312,0.6931471805599453,True,0.9580545594033791,0.7954535100169743,0.7452229299363057,0.7452229299363057,0.5956278846766583,1,234,0.9489571624828276,0.7663261546460026,0.7165605095541401,0.7165605095541401,0.5669654642944926,1,225,0.06807436350336313,0.081375357843573,0.0031847133757961785,0.0031847133757961785,-0.14641033188385127,1,1,0.22192188977501828,0.09100073150889368,0.009554140127388535,0.009554140127388535,-0.14004090513225892,1,3,1.2012018022833744,0.08360405432993927,1.1175977479534351,0.9904458598726115,-1.1681005782874856,0.08229978358809462,-1.2504003618755801,0.0031847133757961785,0.9319256364966368
resp,n3000,2,64,0.01,2099,899,2352,2,2,314,0.14959504525964745,32.796875,0.6513611880645362,0.6579236149549411,0.6621105404085554,0.6469747498808956,0.628476084538376,0.6101190476190477,1.7154570774404365,1.7557656810437396,1.41346667993783e-10,0.7400021814601275,0.4107142857142857,1.7005501254099902,1.7629735600240916e-10,2.9448092765965055,-0.48629126947791657,0.6931471805599453,True,0.9728897928598191,0.8262295239932154,0.802547770700637,0.802547770700637,0.6529527254409895,1,252,0.9319577512533676,0.7357895709370577,0.7006369426751592,0.7006369426751592,0.5510418974155118,1,220,0.03685525165480205,0.08061374378094911,0.0,0.0,-0.14959504525964745,1,0,0.46203322093168475,0.12621308931130087,0.022292993630573247,0.022292993630573247,-0.1273020516290742,1,7,0.580742638464987,0.02251235384399285,0.5582302846209941,1.0,-0.5908513383349281,0.024423388144797834,-0.6152747264797259,0.0,0.9631447483451979
resp,n3000,2,64,0.1,2099,899,2352,2,2,314,0.14959504525964745,32.796875,0.6840708131828556,0.6850588992064226,0.6859153936567336,0.6412577417818008,0.628476084538376,0.6118197278911565,0.2942090033220475,1.0934852270989444,3.805962069256029e-09,0.7003068356219618,0.4017857142857143,0.28896218103769356,6.707717279438312e-11,0.538553214281852,-0.7056466294505213,0.6931471805599453,True,0.9759085799925066,0.8285372246345877,0.802547770700637,0.802547770700637,0.6529527254409895,1,252,0.8661938660814644,0.5855431924594279,0.5605095541401274,0.5605095541401274,0.4109145088804799,1,176,0.030783778479544683,0.08045842848454667,0.0,0.0,-0.14959504525964745,1,0,0.789828542882121,0.3307541964553734,0.39171974522292996,0.39171974522292996,0.2421246999632825,1,123,0.10618105336533679,0.002855263430934388,0.1033257899344024,1.0,-0.10846171223724921,0.003256545239273359,-0.11171825747652257,0.0,0.9692162215204553
resp,n3000,2,64,1.0,2099,899,2352,2,2,314,0.14959504525964745,32.796875,0.6921197334156554,0.6922255501919805,0.6923215654166267,0.6398284897570271,0.6295884315906563,0.610969387755102,0.03197525081159759,1.0094947209017424,4.650718456531388e-13,0.6939002985871308,0.4005102040816326,0.03138865613746294,7.630440400746509e-11,0.05899024753582179,-0.7334080674085406,0.6931471805599453,True,0.9761387357490767,0.8279295562050085,0.802547770700637,0.802547770700637,0.6529527254409895,1,252,0.8392763474816678,0.49194686583112274,0.5,0.5,0.35040495474035255,1,157,0.030075469678317188,0.08043544449451688,0.0,0.0,-0.14959504525964745,1,0,0.831067458830666,0.46080370881460925,0.4745222929936306,0.4745222929936306,0.3249272477339831,1,149,0.011630073069943144,0.0002939490502669342,0.01133612401967621,1.0,-0.011881345933571576,0.0003381505632617608,-0.012219496496833336,0.0,0.9699245303216828
resp,n3000,2,128,1e-06,2099,899,2352,2,2,314,0.14959504525964745,16.3984375,0.6041116942835183,0.6581939225525558,0.6691414667230431,0.6674606955693188,0.6307007786429366,0.5914115646258503,9.431412335406394,11.799028007892867,1.4537867326831947e-09,0.8826263609533669,0.4447278911564626,10.276246072538436,2.1089246071864687e-09,9.233846418887996,0.5638124244504477,0.6931471805599453,True,0.9301200735071099,0.7440992013964162,0.6815286624203821,0.6815286624203821,0.5319336171607347,1,214,0.9388320933468929,0.7476110925691518,0.6656050955414012,0.6656050955414012,0.5160100502817537,1,209,0.14359399810879767,0.08466759183602782,0.009554140127388535,0.009554140127388535,-0.14004090513225892,1,3,0.2172670342022159,0.09115448549692019,0.044585987261146494,0.044585987261146494,-0.10500905799850097,1,14,1.640282254949702,0.22237378507684266,1.4179084698728595,0.9490445859872612,-1.469571151812127,0.21044874556442658,-1.6800198973765537,0.03184713375796178,0.8564060018912023
resp,n3000,2,128,1e-05,2099,899,2352,2,2,314,0.14959504525964745,16.3984375,0.6041165845447767,0.6577032192579796,0.6686214026851491,0.66793711291091,0.6307007786429366,0.5922619047619048,9.33611990347211,11.630498701974025,1.4610560832650964e-09,0.8809906084533394,0.44345238095238093,10.164278174883286,1.810195455786013e-09,9.168004450684021,0.560743295401285,0.6931471805599453,True,0.9307302538849935,0.745485374459035,0.6815286624203821,0.6815286624203821,0.5319336171607347,1,214,0.9391871398240825,0.7482674814317036,0.6687898089171974,0.6687898089171974,0.51919476365755,1,210,0.14238434227194063,0.08459233312752074,0.009554140127388535,0.009554140127388535,-0.14004090513225892,1,3,0.2166068975360845,0.09107118737766641,0.044585987261146494,0.044585987261146494,-0.10500905799850097,1,14,1.6319529786159728,0.22017748975377144,1.4117754888622014,0.9490445859872612,-1.4645733437579078,0.20854174537238246,-1.6731150891302904,0.03184713375796178,0.8576156577280594
resp,n3000,2,128,0.0001,2099,899,2352,2,2,314,0.14959504525964745,16.3984375,0.6044963886429047,0.6537768476202793,0.6644288043262477,0.66793711291091,0.6295884315906563,0.5986394557823129,8.521593958336434,10.233824346297544,4.385625377189031e-09,0.8673284187784572,0.44005102040816324,9.217930798050961,3.477995980493636e-09,8.61360452535271,0.5308216121176943,0.6931471805599453,True,0.9363057324840764,0.7571853094880716,0.6942675159235668,0.6942675159235668,0.5446724706639194,1,218,0.9420382165605096,0.7559140757757404,0.6751592356687898,0.6751592356687898,0.5255641904091424,1,212,0.13211654088386948,0.08398559426623457,0.006369426751592357,0.006369426751592357,-0.1432256185080551,1,2,0.21123302824314438,0.09034968531861524,0.03821656050955414,0.03821656050955414,-0.11137848475009332,1,12,1.5602821116442678,0.2012667296818109,1.3590153819624569,0.9585987261146497,-1.4205552678068736,0.1919381867126003,-1.6124934545194738,0.028662420382165606,0.8678834591161305
resp,n3000,2,128,0.001,2099,899,2352,2,2,314,0.14959504525964745,16.3984375,0.613749604146358,0.6438603515670046,0.6529055157547985,0.6631729394949977,0.6373748609566184,0.6101190476190477,5.220033219188818,5.300682034915041,2.526432489540294e-09,0.8137506028786057,0.4289965986394558,5.483746176351319,2.812086554543082e-09,6.381202787784247,0.28996112426037146,0.6931471805599453,True,0.9578136987278988,0.8031678707631336,0.7356687898089171,0.7356687898089171,0.5860737445492696,1,231,0.9511195561026958,0.7804007427907178,0.7229299363057324,0.7229299363057324,0.5733348910460849,1,227,0.08251529911327589,0.08180775162955833,0.0,0.0,-0.14959504525964745,1,0,0.19938625131581295,0.08887171572871498,0.025477707006369428,0.025477707006369428,-0.12411733825327803,1,8,1.2292243657913753,0.11913972064858239,1.1100846451427928,0.9808917197452229,-1.1887648696617967,0.11736988596353598,-1.3061347556253327,0.009554140127388535,0.9174847008867241
resp,n3000,2,128,0.01,2099,899,2352,2,2,314,0.14959504525964745,16.3984375,0.6487484032657066,0.6569736984737603,0.6615325622796859,0.6607908527870414,0.6329254727474972,0.6143707482993197,1.7865452890765359,1.8411485172622455,6.391729034405168e-10,0.7397194271292691,0.40816326530612246,1.774376433897755,6.384806484133826e-10,2.9568960284111507,-0.37903397450072135,0.6931471805599453,True,0.9739067601562919,0.8327479117949925,0.7929936305732485,0.7929936305732485,0.6433985853136011,1,249,0.9357348034755303,0.7534352346848426,0.7229299363057324,0.7229299363057324,0.5733348910460849,1,227,0.03823797034737462,0.08062954555437997,0.0,0.0,-0.14959504525964745,1,0,0.40472265339256724,0.11539767769023501,0.009554140127388535,0.009554140127388535,-0.14004090513225892,1,3,0.5836241514111934,0.028637539386119366,0.554986612025074,1.0,-0.593174249507783,0.030457147902797185,-0.6236313974105802,0.0,0.9617620296526254
resp,n3000,2,128,0.1,2099,899,2352,2,2,314,0.14959504525964745,16.3984375,0.6837740763115209,0.6849529459146252,0.6858474271272694,0.6503096712720343,0.6262513904338154,0.6118197278911565,0.29918413248983505,1.0993026072646335,8.810509957648144e-11,0.700257926717938,0.4094387755102041,0.294163063308064,1.1064701560481965e-10,0.5393117210036872,-0.6522865993642825,0.6931471805599453,True,0.9765740691180931,0.8328804058223466,0.8057324840764332,0.8057324840764332,0.6561374388167858,1,253,0.8684722296561936,0.6118257377983896,0.6019108280254777,0.6019108280254777,0.45231578276583023,1,189,0.031211975235954256,0.08046002036282378,0.0,0.0,-0.14959504525964745,1,0,0.775467894164035,0.30476061280324557,0.36942675159235666,0.36942675159235666,0.2198317063327092,1,116,0.10648409406665418,0.00352246157246069,0.10296163249419349,1.0,-0.10871054949271365,0.003914211087687616,-0.11262476058040127,0.0,0.9687880247640458
resp,n3000,2,128,1.0,2099,899,2352,2,2,314,0.14959504525964745,16.3984375,0.6920896479867024,0.6922149006439254,0.6923146998405961,0.6469747498808956,0.628476084538376,0.6130952380952381,0.03244205040559035,1.0100359742876315,7.469803646332116e-13,0.6938950737636518,0.40561224489795916,0.03187683313117965,8.784525780985431e-13,0.05906072744086842,-0.6863369134234554,0.6931471805599453,True,0.9768434762440008,0.8323777997465748,0.8121019108280255,0.8121019108280255,0.6625068655683781,1,255,0.8372459811950258,0.5039100648501766,0.5063694267515924,0.5063694267515924,0.3567743814919449,1,159,0.0304608467590858,0.08043823496764202,0.0,0.0,-0.14959504525964745,1,0,0.8272921907616549,0.46469455505034474,0.4840764331210191,0.4840764331210191,0.33448138786137166,1,152,0.011660634815347409,0.00036128232362398155,0.011299352491723428,1.0,-0.011906457435376477,0.0004045250819539531,-0.01231098251733043,0.0,0.9695391532409142
resp,n3000,2,256,1e-06,2099,899,2352,2,2,314,0.14959504525964745,8.19921875,0.5628446304121147,0.691236269323612,0.7096088873196601,0.7093854216293473,0.5973303670745272,0.5922619047619048,19.368701251991617,35.41332257598112,3.244360515836903e-09,0.9629007290985694,0.4630102040816326,20.286226476649446,2.506162250929903e-09,13.874916254474424,0.7560922167619603,0.6931471805599453,False,0.9220699744866099,0.7219151686450896,0.6560509554140127,0.6560509554140127,0.5064559101543653,1,206,0.9352959018002105,0.7473035646383402,0.697452229299363,0.697452229299363,0.5478571840397155,1,219,0.19941658191939196,0.08904145469368464,0.025477707006369428,0.025477707006369428,-0.12411733825327803,1,8,0.24025584756195473,0.09488508258502468,0.054140127388535034,0.054140127388535034,-0.09545491787111242,1,17,1.9714326921080223,0.44995196342549876,1.5214807286825236,0.9267515923566879,-1.6669126858683951,0.42619986415751,-2.0931125500259053,0.06050955414012739,0.8005834180806081
resp,n3000,2,256,1e-05,2099,899,2352,2,2,314,0.14959504525964745,8.19921875,0.5629072859851294,0.687691775412551,0.7055220172516778,0.708909004287756,0.5995550611790879,0.5939625850340136,18.760051284196894,33.67757016317292,2.2712436634317927e-09,0.955027239266136,0.4642857142857143,19.653737484175316,3.4496484089620704e-09,13.511983081258425,0.7534954081714105,0.6931471805599453,False,0.923741725989759,0.726247488455043,0.6528662420382165,0.6528662420382165,0.503271196778569,1,205,0.9364912844118539,0.749421563173668,0.697452229299363,0.697452229299363,0.5478571840397155,1,219,0.19641385216506985,0.08875645540596369,0.025477707006369428,0.025477707006369428,-0.12411733825327803,1,8,0.238016735356563,0.09453942869570496,0.054140127388535034,0.054140127388535034,-0.09545491787111242,1,17,1.942984842940106,0.43859779728112486,1.5043870456589812,0.9267515923566879,-1.6493184155380398,0.41587453311668576,-2.0651929486547256,0.06050955414012739,0.8035861478349302
resp,n3000,2,256,0.0001,2099,899,2352,2,2,314,0.14959504525964745,8.19921875,0.5661012546652628,0.6668378721189565,0.6814369745281754,0.708909004287756,0.6062291434927698,0.5969387755102041,14.779247205090147,23.288330961506553,3.3159205624173306e-09,0.9062278623397078,0.46003401360544216,15.523933799761698,3.008432828190469e-09,11.223264603281638,0.7267009831961497,0.6931471805599453,True,0.9356687898089172,0.7556467328343822,0.697452229299363,0.697452229299363,0.5478571840397155,1,219,0.9443665364234866,0.7677675320312749,0.7133757961783439,0.7133757961783439,0.5637807509186965,1,224,0.17339470820175204,0.08674424695638319,0.01910828025477707,0.01910828025477707,-0.1304867650048704,1,6,0.22207175863976164,0.09217546931141532,0.04777070063694268,0.04777070063694268,-0.10182434462270477,1,15,1.753526902671706,0.36133701355968234,1.3921898891120237,0.9426751592356688,-1.532061858714809,0.3448779531281578,-1.8769398118429668,0.03821656050955414,0.8266052917982479
resp,n3000,2,256,0.001,2099,899,2352,2,2,314,0.14959504525964745,8.19921875,0.5955143535037802,0.6413242929437898,0.6507184049414527,0.6989042401143402,0.6218020022246941,0.6003401360544217,6.501125796700166,7.1125226379850615,1.0085460150095146e-09,0.8146978805174303,0.4409013605442177,6.810883542040414,1.38820896940966e-09,6.739445490992771,0.4881910285915142,0.6931471805599453,True,0.9627076308230299,0.8193338131234322,0.7547770700636943,0.7547770700636943,0.6051820248040469,1,237,0.9571874609716499,0.8005966627083408,0.7356687898089171,0.7356687898089171,0.5860737445492696,1,231,0.09451194490535067,0.08225783968609832,0.0,0.0,-0.14959504525964745,1,0,0.18233688379810523,0.08747761141113425,0.022292993630573247,0.022292993630573247,-0.1273020516290742,1,7,1.265550174397028,0.17006514861025382,1.0954850257867743,0.9872611464968153,-1.2071176641285721,0.16613922032489759,-1.3732568844534696,0.006369426751592357,0.9054880550946494
resp,n3000,2,256,0.01,2099,899,2352,2,2,314,0.14959504525964745,8.19921875,0.6458130810771905,0.6561894663937031,0.6607287783598473,0.6650786088613626,0.6329254727474972,0.6139455782312925,1.8648743312981626,1.9259418211694124,1.8613354381687895e-09,0.7391589799120287,0.41284013605442177,1.8604377301792008,1.5398450137512505e-09,2.9700540126983466,-0.2712560132600696,0.6931471805599453,True,0.975364413281236,0.8381844341209953,0.8057324840764332,0.8057324840764332,0.6561374388167858,1,253,0.9402344377241343,0.7669561168505681,0.7261146496815286,0.7261146496815286,0.5765196044218812,1,228,0.03908722724758693,0.08065815917165557,0.0,0.0,-0.14959504525964745,1,0,0.35210262448928614,0.10694740684197908,0.01592356687898089,0.01592356687898089,-0.13367147838066656,1,5,0.5873248027487414,0.03573529570672763,0.5515895070420138,1.0,-0.5949465346544756,0.03722655139693897,-0.6321730860514145,0.0,0.960912772752413
resp,n3000,2,256,0.1,2099,899,2352,2,2,314,0.14959504525964745,8.19921875,0.6834594647915545,0.6848664068435325,0.685753109383691,0.6545974273463554,0.628476084538376,0.6152210884353742,0.30438268480934993,1.104622133867046,1.3891650428426007e-10,0.7001928846831351,0.40773809523809523,0.2999371602016849,1.66122529668213e-10,0.540093498981338,-0.5974536310758239,0.6931471805599453,True,0.9773216292886582,0.8349867349639086,0.8152866242038217,0.8152866242038217,0.6656915789441742,1,256,0.8682438580527753,0.6268069471423777,0.6178343949044586,0.6178343949044586,0.4682393496448111,1,194,0.03141001623579368,0.0804692850001375,0.0,0.0,-0.14959504525964745,1,0,0.759028707024211,0.2836168099560599,0.3343949044585987,0.3343949044585987,0.18479985919895126,1,105,0.10686610886152366,0.00426641312284485,0.1025996957386788,1.0,-0.10889568951214557,0.004623536428072496,-0.11351922594021806,0.0,0.9685899837642064
resp,n3000,2,256,1.0,2099,899,2352,2,2,314,0.14959504525964745,8.19921875,0.6920579583077,0.6922062062290286,0.6923050829952476,0.6512625059552167,0.6307007786429366,0.6152210884353742,0.032926703363995065,1.0105262517799019,3.422009077189671e-10,0.693888507605855,0.40901360544217685,0.032415623604569774,1.2370992038996614e-10,0.05913282194598956,-0.6379179382693643,0.6931471805599453,True,0.9775428642794698,0.8351954202237172,0.8152866242038217,0.8152866242038217,0.6656915789441742,1,256,0.8323966529286874,0.5076066442811171,0.5,0.5,0.35040495474035255,1,157,0.030623204695891096,0.080447031328189,0.0,0.0,-0.14959504525964745,1,0,0.8210048350550411,0.46080312877765983,0.4745222929936306,0.4745222929936306,0.3249272477339831,1,149,0.01169902703909888,0.00043604053010715176,0.011262986508991728,1.0,-0.011925057432440945,0.00047580162920296434,-0.012400859061643909,0.0,0.9693767953041089
resp,n3000,2,384,1e-06,2099,899,2352,2,2,314,0.14959504525964745,5.466145833333333,0.5229726380155724,0.7418704216099058,0.7800813544636744,0.7355883754168652,0.5995550611790879,0.5718537414965986,43.221431355204686,6141.527874754447,3.0197293639793214e-09,1.0865916152507757,0.4851190476190476,48.049556659437656,9.876773666874029e-09,31.52511071314046,0.7663387076540398,0.6931471805599453,False,0.9252100840336135,0.749120414932086,0.6751592356687898,0.6751592356687898,0.5255641904091424,1,212,0.9406751235526057,0.7720486650683281,0.6942675159235668,0.6942675159235668,0.5446724706639194,1,218,0.22201288158575533,0.09150625531264323,0.044585987261146494,0.044585987261146494,-0.10500905799850097,1,14,0.2509429249406769,0.09672062609434884,0.06050955414012739,0.06050955414012739,-0.08908549111952006,1,19,2.507142860011189,0.7095304345744984,1.7976124254366905,0.9267515923566879,-1.913906999866392,0.64817304615956,-2.562080046025952,0.06369426751592357,0.7779871184142446
resp,n3000,2,384,1e-05,2099,899,2352,2,2,314,0.14959504525964745,5.466145833333333,0.5243330763701705,0.720753175361135,0.754950163783309,0.735111958075274,0.5995550611790879,0.5790816326530612,36.13225665508087,629.6443828703823,3.447388251857029e-09,1.0413539704304255,0.4800170068027211,39.76542090096798,2.956032838181098e-09,26.172027017456497,0.7662275939834976,0.6931471805599453,False,0.9292404860033185,0.7591949824576697,0.6815286624203821,0.6815286624203821,0.5319336171607347,1,214,0.9440471730093312,0.780792363438634,0.7006369426751592,0.7006369426751592,0.5510418974155118,1,220,0.21405555852914415,0.09064638910329183,0.041401273885350316,0.041401273885350316,-0.10819377137429714,1,13,0.24502845724276973,0.0958913586077086,0.05732484076433121,0.05732484076433121,-0.09227020449531624,1,18,2.347075874632798,0.6474750147516277,1.6996008598811703,0.9299363057324841,-1.8368979089775235,0.5976481539385662,-2.4345460629160898,0.06687898089171974,0.7859444414708558
resp,n3000,2,384,0.0001,2099,899,2352,2,2,314,0.14959504525964745,5.466145833333333,0.540966127196964,0.6684336792441548,0.6908312483234457,0.7308242020009529,0.610678531701891,0.5880102040816326,19.745595943312278,68.97179439386011,5.829487687062139e-09,0.9231007626045474,0.47278911564625853,20.930612730737977,2.2639218457733692e-09,14.259844043280227,0.7556919510646569,0.6931471805599453,True,0.9434940855323021,0.7912118053293947,0.7101910828025477,0.7101910828025477,0.5605960375429002,1,223,0.9533408267765705,0.7992906107170469,0.7229299363057324,0.7229299363057324,0.5733348910460849,1,227,0.17889525236846332,0.0872874677021921,0.022292993630573247,0.022292993630573247,-0.1273020516290742,1,7,0.2205641492265696,0.09244484368172694,0.04777070063694268,0.04777070063694268,-0.10182434462270477,1,15,1.8715792518368595,0.44501390549277986,1.4265653463440797,0.9363057324840764,-1.5896173614681564,0.4226043304190657,-2.012221691887222,0.03821656050955414,0.8211047476315367
resp,n3000,2,384,0.001,2099,899,2352,2,2,314,0.14959504525964745,5.466145833333333,0.5895970872820715,0.639574833185519,0.6503840806591553,0.7050976655550262,0.6206896551724138,0.6007653061224489,6.914172359799744,8.756751678616784,2.2328833943149354e-09,0.8146085154540099,0.4460034013605442,7.224809643292296,6.329207812673899e-09,6.892595288611156,0.5254456726977323,0.6931471805599453,True,0.9657870791628753,0.8335630089645772,0.767515923566879,0.767515923566879,0.6179208783072316,1,241,0.9603882317258113,0.8115051314748615,0.7452229299363057,0.7452229299363057,0.5956278846766583,1,234,0.09525772092276401,0.08229053429585344,0.0,0.0,-0.14959504525964745,1,0,0.17657050081178968,0.08705213291087545,0.01910828025477707,0.01910828025477707,-0.1304867650048704,1,6,1.2765655566009806,0.1839723463584046,1.092593210242576,0.9872611464968153,-1.2139246212088162,0.17983655167235027,-1.3937611728811665,0.0031847133757961785,0.904742279077236
resp,n3000,2,384,0.01,2099,899,2352,2,2,314,0.14959504525964745,5.466145833333333,0.64510657524612,0.655948519970609,0.6606520322928311,0.666031443544545,0.6351501668520578,0.6143707482993197,1.8835610877284992,1.9756864742562035,2.399211584803938e-09,0.7390629360348193,0.4166666666666667,1.8793877382672535,2.0311366576035574e-09,2.9740165413678743,-0.24928006441072456,0.6931471805599453,True,0.975869328623169,0.8411598803746517,0.8089171974522293,0.8089171974522293,0.6593221521925818,1,254,0.9418241181823047,0.7708406849840193,0.732484076433121,0.732484076433121,0.5828890311734736,1,230,0.0392139021213581,0.08066010475525404,0.0,0.0,-0.14959504525964745,1,0,0.3421648914342807,0.10550876220030575,0.012738853503184714,0.012738853503184714,-0.13685619175646274,1,4,0.588153659336029,0.037279718231626416,0.5508739411044026,1.0,-0.595708614174637,0.038766754089704904,-0.6344753682643419,0.0,0.9607860978786419
resp,n3000,2,384,0.1,2099,899,2352,2,2,314,0.14959504525964745,5.466145833333333,0.683387167005698,0.6848408047212704,0.6857461483467392,0.6565030967127203,0.6262513904338154,0.6143707482993197,0.30556701947999904,1.1075542109052243,1.5662729789869978e-10,0.7001827607397897,0.40901360544217685,0.30114042230446014,1.8684274494525644e-10,0.5403115617177182,-0.5861850121769775,0.6931471805599453,True,0.9776088779460829,0.8372248355326128,0.8152866242038217,0.8152866242038217,0.6656915789441742,1,256,0.8689878499170369,0.6321800609467234,0.6146496815286624,0.6146496815286624,0.46505463626901494,1,193,0.0314421309925244,0.0804673150854323,0.0,0.0,-0.14959504525964745,1,0,0.7565719281343111,0.2808993632960854,0.3343949044585987,0.3343949044585987,0.18479985919895126,1,105,0.10694524719817772,0.004422853778391472,0.10252239341978625,1.0,-0.10897426644351108,0.004779883514909667,-0.11375414995842074,0.0,0.9685578690074756
resp,n3000,2,384,1.0,2099,899,2352,2,2,314,0.14959504525964745,5.466145833333333,0.6920507125697135,0.6922036209999769,0.6923044082110306,0.6526917579799905,0.6318131256952169,0.6135204081632653,0.03303653953861636,1.0107947241229878,1.1140353689671025e-12,0.6938874991399775,0.4107142857142857,0.03252730293536003,1.2316392353902086e-12,0.059152790080036585,-0.6279673104272809,0.6931471805599453,True,0.9777730200360399,0.8368357507889178,0.8184713375796179,0.8184713375796179,0.6688762923199705,1,257,0.8323092294242538,0.5127982060879527,0.5,0.5,0.35040495474035255,1,157,0.030664240218380347,0.08044791524896903,0.0,0.0,-0.14959504525964745,1,0,0.8203339934699995,0.46062576746037753,0.47770700636942676,0.47770700636942676,0.3281119611097793,1,150,0.011706948187691775,0.0004517070875278374,0.011255241100163939,1.0,-0.011932927662830228,0.0004914592325034395,-0.012424386895333667,0.0,0.9693357597816197
resp,n3000,3,32,1e-06,2098,899,2352,3,2,314,0.14966634890371783,65.5625,0.6536071309749221,0.6584841153605783,0.6588240386593103,0.6029551954242135,0.5951056729699666,0.5994897959183674,4.104620896122171,4.241880079310207,1.1214888382502274e-09,0.8833244617061028,0.4111394557823129,5.0211217785875055,1.185306485856312e-09,7.102064581941578,-0.2032951351050784,0.6931471805599453,True,0.9348062037645312,0.7321837877954729,0.678343949044586,0.678343949044586,0.5286776001408682,1,213,0.9168582731141641,0.6703930677755076,0.6337579617834395,0.6337579617834395,0.48409161287972163,1,199,0.052847676444546,0.08130925961789102,0.0,0.0,-0.14966634890371783,1,0,0.1564436891262746,0.08589343873836895,0.009554140127388535,0.009554140127388535,-0.1401122087763293,1,3,1.5327229071199604,0.09034813276347597,1.4423747743564843,1.0,-1.0115387832527978,0.019019558306497524,-1.0305583415592954,0.01592356687898089,0.947152323555454
resp,n3000,3,32,1e-05,2098,899,2352,3,2,314,0.14966634890371783,65.5625,0.6536074167853135,0.6584473333062166,0.6587857727272903,0.6024785510009533,0.5951056729699666,0.5990646258503401,4.091918730011424,4.225610195802536,1.0808350738160674e-09,0.8827871740353347,0.41028911564625853,5.006607913480017,1.1317430857272291e-09,7.087705345502643,-0.2056376344948882,0.6931471805599453,True,0.9349936448544743,0.7325321953368676,0.678343949044586,0.678343949044586,0.5286776001408682,1,213,0.9168511325012139,0.6704093505431183,0.6337579617834395,0.6337579617834395,0.48409161287972163,1,199,0.05275841878266831,0.0813062427502269,0.0,0.0,-0.14966634890371783,1,0,0.15672038787809545,0.08591621049620177,0.009554140127388535,0.009554140127388535,-0.1401122087763293,1,3,1.5295977798785216,0.09006364280848979,1.4395341370700319,1.0,-1.009870598301208,0.01887396219616646,-1.0287445604973744,0.01592356687898089,0.9472415812173317
resp,n3000,3,32,0.0001,2098,899,2352,3,2,314,0.14966634890371783,65.5625,0.6536337224952814,0.6581225861554082,0.6584459531236632,0.6015252621544328,0.592880978865406,0.5977891156462585,3.971264912953715,4.073014707432905,4.896978184636379e-10,0.8776609367583269,0.4098639455782313,4.869169535675657,2.200409329945768e-09,6.949977466549937,-0.22812582968137493,0.6931471805599453,True,0.9366823998172004,0.7347944528967545,0.678343949044586,0.678343949044586,0.5286776001408682,1,213,0.9168779097997772,0.671009462064086,0.6273885350318471,0.6273885350318471,0.4777221861281293,1,197,0.05177122904230099,0.08127916659590641,0.0,0.0,-0.14966634890371783,1,0,0.15936598497615034,0.08612648759687297,0.009554140127388535,0.009554140127388535,-0.1401122087763293,1,3,1.4995903481326605,0.0873614256240343,1.4122289225086262,1.0,-0.9937193723311428,0.017497156061548766,-1.0112165283926915,0.012738853503184714,0.948228770957699
resp,n3000,3,32,0.001,2098,899,2352,3,2,314,0.14966634890371783,65.5625,0.6550290421593877,0.6572679893018895,0.6574420913555725,0.6053384175405148,0.5973303670745272,0.6007653061224489,3.159968196932249,3.1349487490985406,2.8550892928569937e-10,0.841684909336002,0.405187074829932,3.9527226726018507,1.3047288755968283e-09,5.941231479563897,-0.3878480875882842,0.6931471805599453,True,0.9474129559281369,0.7516958658329429,0.6910828025477707,0.6910828025477707,0.5414164536440529,1,217,0.915317685870155,0.6698242579481725,0.6242038216560509,0.6242038216560509,0.4745374727523331,1,196,0.04562137613892776,0.08110421376526654,0.0,0.0,-0.14966634890371783,1,0,0.19236989803204707,0.08882265133905778,0.009554140127388535,0.009554140127388535,-0.1401122087763293,1,3,1.2786925748248479,0.06912263699514294,1.209569937829705,1.0,-0.867980182587898,0.008729775437753877,-0.8767099580256519,0.0031847133757961785,0.9543786238610722
resp,n3000,3,32,0.01,2098,899,2352,3,2,314,0.14966634890371783,65.5625,0.6691315731400918,0.6685172390180104,0.6682715065215893,0.6067683508102956,0.6040044493882091,0.6105442176870748,1.3141797197125202,1.5986785588263757,1.728615906847883e-10,0.7502867873290131,0.3983843537414966,1.7456168004726065,1.232568468323128e-10,2.8423108879764323,-0.7202281527639979,0.6931471805599453,True,0.9626545942703721,0.7760186330279085,0.7038216560509554,0.7038216560509554,0.5541553071472376,1,221,0.8896989517580189,0.6139927019399618,0.5732484076433121,0.5732484076433121,0.42358205873959426,1,180,0.03726685898717546,0.08084345917094532,0.0,0.0,-0.14966634890371783,1,0,0.49208106023821085,0.13288546867448225,0.044585987261146494,0.044585987261146494,-0.10508036164257134,1,14,0.6064553480000482,0.02771252472304933,0.5787428232769989,1.0,-0.42847816682046147,-0.0027289972052535684,-0.4257491696152079,0.0,0.9627331410128246
resp,n3000,3,32,0.1,2098,899,2352,3,2,314,0.14966634890371783,65.5625,0.6881564092773609,0.6879563861339373,0.6878635822040047,0.6024785510009533,0.6084538375973304,0.6169217687074829,0.21870158770732084,1.075006402700572,5.323966640264971e-12,0.7012952155419451,0.3937074829931973,0.30051634395416066,3.8033884187878365e-10,0.4979220134631592,-0.8352114425364298,0.6931471805599453,True,0.9661624203821656,0.7791255474904684,0.7197452229299363,0.7197452229299363,0.5700788740262184,1,226,0.8398342663734255,0.4924016745283801,0.4872611464968153,0.4872611464968153,0.33759479759309746,1,153,0.03514074148124875,0.08077783174720797,0.0,0.0,-0.14966634890371783,1,0,0.7891287738139442,0.34508116976655356,0.3980891719745223,0.3980891719745223,0.2484228230708045,1,125,0.10635565982041896,0.004508519284952779,0.10184714053546617,1.0,-0.07510232798955048,-0.000991381377650032,-0.07411094661190044,0.0,0.9648592585187512
resp,n3000,3,32,1.0,2098,899,2352,3,2,314,0.14966634890371783,65.5625,0.6925892683720983,0.6925666433229484,0.6925556116395353,0.6015252621544328,0.610678531701891,0.6173469387755102,0.023568528970745007,1.0076495440810047,5.7533836539210974e-11,0.6939928321242412,0.3937074829931973,0.03255901914346611,6.084075311039703e-11,0.05402745099326366,-0.8492664924597777,0.6931471805599453,True,0.9665605095541401,0.778674554883574,0.7229299363057324,0.7229299363057324,0.5732635874020147,1,227,0.8253888063751392,0.44851632352498,0.46496815286624205,0.46496815286624205,0.3153018039625242,1,146,0.034956870697780695,0.0807732313148363,0.0,0.0,-0.14966634890371783,1,0,0.8202404244380338,0.43597442961369004,0.4554140127388535,0.4554140127388535,0.3057476638351357,1,143,0.011547555837307336,0.0004842924093032988,0.011063263428004037,1.0,-0.008142003748148703,-0.00011511516620888307,-0.00802688858193982,0.0,0.9650431293022192
resp,n3000,3,64,1e-06,2098,899,2352,3,2,314,0.14966634890371783,32.78125,0.6426555775296413,0.6589750740933107,0.6594759827573968,0.6239275500476644,0.60734149054505,0.5965136054421769,5.885771752354778,6.479211598667662,2.0380571259808722e-09,0.8986457229286364,0.41964285714285715,6.889371478146188,6.994998574604852e-10,7.770951388233621,0.26779845922630585,0.6931471805599453,True,0.9235151095370027,0.693446803287046,0.6337579617834395,0.6337579617834395,0.48409161287972163,1,199,0.914669675244923,0.6724759519251065,0.6146496815286624,0.6146496815286624,0.46498333262494457,1,193,0.07578154008740111,0.08205071839626948,0.0,0.0,-0.14966634890371783,1,0,0.1554172260146811,0.08557966772190305,0.0031847133757961785,0.0031847133757961785,-0.14648163552792165,1,1,1.6314432852415,0.14556587118663583,1.485877414054864,1.0,-1.064154381946295,0.06642250538026456,-1.1305768873265596,0.025477707006369428,0.9242184599125989
resp,n3000,3,64,1e-05,2098,899,2352,3,2,314,0.14966634890371783,32.78125,0.6426566252516455,0.6588615436808329,0.6593568400470101,0.622974261201144,0.6084538375973304,0.5956632653061225,5.8532191262048325,6.435509262759676,4.5301666234261495e-09,0.8977460789837404,0.4192176870748299,6.849093273750102,6.523414364574294e-10,7.745795089246207,0.2640722207294461,0.6931471805599453,True,0.9238757104909886,0.6943296947441574,0.6337579617834395,0.6337579617834395,0.48409161287972163,1,199,0.9147964211247893,0.6732782746976823,0.6178343949044586,0.6178343949044586,0.46816804600074075,1,194,0.07531561509239953,0.08203417760819541,0.0,0.0,-0.14966634890371783,1,0,0.1552851246751021,0.08557305903198197,0.0031847133757961785,0.0031847133757961785,-0.14648163552792165,1,1,1.6266626085208133,0.14474209766503243,1.481920510855781,1.0,-1.0618226154599604,0.06591064153428833,-1.1277332569942486,0.025477707006369428,0.9246843849076005
resp,n3000,3,64,0.0001,2098,899,2352,3,2,314,0.14966634890371783,32.78125,0.6427477348572004,0.6578857891777272,0.6583323958879768,0.6244041944709247,0.6095661846496107,0.5982142857142857,5.554387783622179,6.040151521481904,2.4488453472537803e-09,0.8895415062030639,0.41709183673469385,6.485237779513534,1.2632008368188652e-09,7.514427007925223,0.2282374111540802,0.6931471805599453,True,0.9274281654337209,0.7023935144597118,0.6401273885350318,0.6401273885350318,0.490461039631314,1,201,0.915362314701094,0.6768070529465118,0.6242038216560509,0.6242038216560509,0.4745374727523331,1,196,0.07153823084173545,0.081907755820429,0.0,0.0,-0.14966634890371783,1,0,0.15440861443546314,0.08554453309685575,0.0031847133757961785,0.0031847133757961785,-0.14648163552792165,1,1,1.5823731604434597,0.13722636337170357,1.445146797071756,1.0,-1.0398110676542218,0.06119097265066887,-1.1010020403048908,0.022292993630573247,0.9284617691582645
resp,n3000,3,64,0.001,2098,899,2352,3,2,314,0.14966634890371783,32.78125,0.6462507847549431,0.6550995827911199,0.6553370723374276,0.6248808388941849,0.5995550611790879,0.60671768707483,3.907836127987132,4.022576768429143,9.451307731218002e-10,0.8432664022118598,0.40561224489795916,4.618427630509524,1.9168352997830338e-09,6.1426364308553,-0.031330942042255325,0.6931471805599453,True,0.9458384507726143,0.7457413655023689,0.6878980891719745,0.6878980891719745,0.5382317402682566,1,216,0.9160067550198508,0.6926685135442412,0.6242038216560509,0.6242038216560509,0.4745374727523331,1,196,0.054206178058324526,0.08136496448255268,0.0,0.0,-0.14966634890371783,1,0,0.16680114821056238,0.0866698186347629,0.0031847133757961785,0.0031847133757961785,-0.14648163552792165,1,1,1.3077525032035437,0.09637080195575966,1.211381701247784,1.0,-0.8890909901488537,0.034822665341119906,-0.9239136554899736,0.0031847133757961785,0.9457938219416755
resp,n3000,3,64,0.01,2098,899,2352,3,2,314,0.14966634890371783,32.78125,0.6667250091365364,0.6674463531236767,0.667308419176745,0.6139180171591992,0.6006674082313682,0.610969387755102,1.3968762590907509,1.6915556220064656,7.035294842148629e-11,0.7496158140211822,0.40008503401360546,1.8046605738946726,5.627206131730302e-10,2.855752408302921,-0.5845676838077082,0.6931471805599453,True,0.9645325754762789,0.7857304010433241,0.7292993630573248,0.7292993630573248,0.579633014153607,1,229,0.8870087258290251,0.6456289902143589,0.5923566878980892,0.5923566878980892,0.4426903389943713,1,186,0.03863428636714176,0.08087016051554805,0.0,0.0,-0.14966634890371783,1,0,0.4214836051526663,0.11826836547927848,0.028662420382165606,0.028662420382165606,-0.12100392852155223,1,9,0.6088202894306535,0.0329297265760385,0.5758905628546149,1.0,-0.4319691309301445,0.0027072391335777536,-0.43467637006372223,0.0,0.9613657136328583
resp,n3000,3,64,0.1,2098,899,2352,3,2,314,0.14966634890371783,32.78125,0.6878675343786187,0.687806706325804,0.6877376736679413,0.6124880838894184,0.60734149054505,0.6152210884353742,0.2251614595137867,1.0820134408393154,1.4019763874734474e-11,0.7012027408435645,0.39625850340136054,0.3048534374915753,1.559795826059832e-11,0.4988502192608167,-0.7664359830097599,0.6931471805599453,True,0.9677619176830139,0.7868553910484559,0.7356687898089171,0.7356687898089171,0.5860024409051994,1,231,0.8272917797263717,0.50719749186913,0.5031847133757962,0.5031847133757962,0.35351836447207835,1,158,0.03551026820142241,0.08077680092230127,0.0,0.0,-0.14966634890371783,1,0,0.763922410099683,0.31587972748382454,0.37898089171974525,0.37898089171974525,0.22931454281602742,1,119,0.10658820799674998,0.00509466967420208,0.1014935383225479,1.0,-0.0754978849094944,-0.0003765206209059833,-0.07512136428858841,0.0,0.9644897317985776
resp,n3000,3,64,1.0,2098,899,2352,3,2,314,0.14966634890371783,32.78125,0.692559797141727,0.6925510298551045,0.6925426338388065,0.6110581506196378,0.6117908787541713,0.6177721088435374,0.024185217800401778,1.008314058170792,1.0346579432861891e-10,0.6939833061629742,0.3949829931972789,0.032970881508852565,1.1842420583532383e-10,0.054115482835589396,-0.7878537544261854,0.6931471805599453,True,0.9680243352089344,0.7856963187892672,0.7356687898089171,0.7356687898089171,0.5860024409051994,1,231,0.8088618577018651,0.4508991191712819,0.46496815286624205,0.46496815286624205,0.3153018039625242,1,146,0.03517465939276228,0.08076643619681814,0.0,0.0,-0.14966634890371783,1,0,0.8024799348776099,0.43055359981155933,0.4554140127388535,0.4554140127388535,0.3057476638351357,1,143,0.011571187181927282,0.0005437112387062859,0.011027475943220996,1.0,-0.008182084572547649,-5.2801077950121995e-05,-0.008129283494597527,0.0,0.9648253406072377
resp,n3000,3,128,1e-06,2098,899,2352,3,2,314,0.14966634890371783,16.390625,0.6217669625845065,0.6852445389979551,0.6720995733079862,0.6487130600571973,0.5661846496106785,0.5909863945578231,9.393496310947269,11.412010671176056,3.003541694060037e-09,0.9240398516395474,0.4272959183673469,9.83818061255477,5.176321824644063e-09,9.425165466139681,0.5204453654713335,0.6931471805599453,True,0.9164655394019022,0.6937698209809965,0.6369426751592356,0.6369426751592356,0.4872763262555178,1,200,0.9144608123161292,0.6935206821136817,0.6337579617834395,0.6337579617834395,0.48409161287972163,1,199,0.11488710690925709,0.0833804924704814,0.0,0.0,-0.14966634890371783,1,0,0.1745665647939219,0.08688534512281376,0.01910828025477707,0.01910828025477707,-0.13055806864894076,1,6,1.7342651270524219,0.22745782625008465,1.5068073008023373,0.9777070063694268,-1.201826021846182,0.15406193720724187,-1.3558879590534239,0.03184713375796178,0.8851128930907429
resp,n3000,3,128,1e-05,2098,899,2352,3,2,314,0.14966634890371783,16.390625,0.6217718207179014,0.6845468252098914,0.6715687094141505,0.6482364156339371,0.5661846496106785,0.5909863945578231,9.298470070628746,11.255095656030115,2.6739018919727616e-09,0.9223324147196375,0.42772108843537415,9.735319337737074,2.6965511943252247e-09,9.360147329569676,0.517133960540634,0.6931471805599453,True,0.9171563937048356,0.695491283640612,0.6369426751592356,0.6369426751592356,0.4872763262555178,1,200,0.9147589329068008,0.6945131945974545,0.6337579617834395,0.6337579617834395,0.48409161287972163,1,199,0.11388563594298935,0.08333528374618727,0.0,0.0,-0.14966634890371783,1,0,0.1739007026363143,0.08682914008758019,0.01910828025477707,0.01910828025477707,-0.13055806864894076,1,6,1.7265093502918083,0.22536810675884053,1.5011412435329679,0.9777070063694268,-1.1971048435226692,0.15238098693705246,-1.3494858304597217,0.03184713375796178,0.8861143640570106
resp,n3000,3,128,0.0001,2098,899,2352,3,2,314,0.14966634890371783,16.390625,0.6221530159819417,0.6788184033120321,0.667278767291596,0.6453765490943756,0.5728587319243604,0.5931122448979592,8.479015830173106,9.946393118966864,1.9542547335228904e-09,0.9078525131099157,0.42389455782312924,8.861995490073975,3.69699854237249e-09,8.807417083826806,0.48480907746842106,0.6931471805599453,True,0.9231098797520779,0.7097761173566356,0.643312101910828,0.643312101910828,0.49364575300711017,1,202,0.9171813858501614,0.7032623472266983,0.6401273885350318,0.6401273885350318,0.490461039631314,1,201,0.10455999543000771,0.08294574919612227,0.0,0.0,-0.14966634890371783,1,0,0.1686059381337294,0.08640347756988193,0.01910828025477707,0.01910828025477707,-0.13055806864894076,1,6,1.6589146218169555,0.20731527799125374,1.4515993438257018,0.9777070063694268,-1.1553230410091047,0.1377185391772423,-1.293041580186347,0.025477707006369428,0.8954400045699923
resp,n3000,3,128,0.001,2098,899,2352,3,2,314,0.14966634890371783,16.390625,0.6317015562984662,0.6616368815051716,0.6559629518016022,0.6410867492850334,0.5806451612903226,0.5973639455782312,5.026976958546397,5.197666011441132,5.33323921768839e-10,0.8463794940179203,0.41156462585034015,5.401294028892097,8.058585820474993e-10,6.500059678312469,0.22454363561128762,0.6931471805599453,True,0.9489285510268202,0.7750562219883614,0.6942675159235668,0.6942675159235668,0.544601167019849,1,218,0.9220030847447945,0.7286529825821425,0.6560509554140127,0.6560509554140127,0.5063846065102948,1,206,0.06632379823484048,0.08164156289947776,0.0,0.0,-0.14966634890371783,1,0,0.15608130301905115,0.08565583558170758,0.0031847133757961785,0.0031847133757961785,-0.14648163552792165,1,1,1.324974870727237,0.1286885072357037,1.1962863634915335,1.0,-0.9378006100514451,0.07252084089944044,-1.0103214509508855,0.006369426751592357,0.9336762017651595
resp,n3000,3,128,0.01,2098,899,2352,3,2,314,0.14966634890371783,16.390625,0.6634590934633385,0.6680359584583785,0.666884389914338,0.6234509056244042,0.5951056729699666,0.6024659863945578,1.5039128893015106,1.77437687160728,2.1118170448560712e-10,0.7495208726538771,0.405187074829932,1.863889860674447,1.404645740563182e-10,2.8766988808570875,-0.45298628402654706,0.6931471805599453,True,0.9677512067635886,0.8085429507234874,0.7388535031847133,0.7388535031847133,0.5891871542809954,1,232,0.8891259175687641,0.679636816072113,0.6273885350318471,0.6273885350318471,0.4777221861281293,1,197,0.04036231470109394,0.08089978610246557,0.0,0.0,-0.14966634890371783,1,0,0.3595798463340093,0.1080581202567024,0.022292993630573247,0.022292993630573247,-0.12737335527314458,1,7,0.6097225822654522,0.03836760756080696,0.5713549747046452,1.0,-0.43986700089608216,0.009380170574999142,-0.4492471714710813,0.0,0.959637685298906
resp,n3000,3,128,0.1,2098,899,2352,3,2,314,0.14966634890371783,16.390625,0.6874947762186352,0.687860754613883,0.6876825191916865,0.6139180171591992,0.6017797552836485,0.6113945578231292,0.23325026519603112,1.0877381865911606,2.708540237199034e-11,0.7011822837249436,0.3979591836734694,0.3089993762685407,3.3731713356065836e-11,0.5002523370108047,-0.6962693917609747,0.6931471805599453,True,0.9702611322155894,0.8034215483078472,0.7452229299363057,0.7452229299363057,0.5955565810325878,1,234,0.8205796035531691,0.5373069591879024,0.5127388535031847,0.5127388535031847,0.3630725045994669,1,161,0.036324298077746994,0.08078841247286071,0.0,0.0,-0.14966634890371783,1,0,0.741624061009397,0.2888466311032642,0.35987261146496813,0.35987261146496813,0.2102062625612503,1,113,0.10666772519971943,0.005685230026833203,0.10098249517288622,1.0,-0.07636365847817292,0.000352432934415256,-0.07671609141258817,0.0,0.963675701922253
resp,n3000,3,128,1.0,2098,899,2352,3,2,314,0.14966634890371783,16.390625,0.6925219897216118,0.6925564018839301,0.6925370040535158,0.6148713060057197,0.6006674082313682,0.6113945578231292,0.024954202549779224,1.0088513472329856,1.416171166556481e-10,0.6939811311957553,0.397108843537415,0.033361461549062076,4.854407614241019e-13,0.054247077033817016,-0.7249450187662575,0.6931471805599453,True,0.9704539287652452,0.8022990624198906,0.7452229299363057,0.7452229299363057,0.5955565810325878,1,234,0.7978670989117705,0.4631450462920639,0.46496815286624205,0.46496815286624205,0.3153018039625242,1,146,0.03592620890577247,0.08077748035267485,0.0,0.0,-0.14966634890371783,1,0,0.7898874639399046,0.43554943577673744,0.445859872611465,0.445859872611465,0.29619352370774715,1,140,0.011579140746917157,0.0006033086301289794,0.010975832116788178,1.0,-0.008269503905116635,2.0783000718404158e-05,-0.00829028690583504,0.0,0.9640737910942275
resp,n3000,3,256,1e-06,2098,899,2352,3,2,314,0.14966634890371783,8.1953125,0.5818061400127467,0.7445352029920598,0.7166467652776036,0.6911344137273594,0.5884315906562848,0.5642006802721088,19.033759307238,34.065762774583824,3.1419401772939473e-09,1.0039898305089883,0.45875850340136054,19.901452045833548,3.6595153545406144e-09,13.557720079060104,0.7583696544842548,0.6931471805599453,False,0.9056492959355631,0.6967724764432475,0.6369426751592356,0.6369426751592356,0.4872763262555178,1,200,0.9156068806946388,0.7186934247898998,0.6242038216560509,0.6242038216560509,0.4745374727523331,1,196,0.17142826540230213,0.08681417038894892,0.009554140127388535,0.009554140127388535,-0.1401122087763293,1,3,0.2055764616834709,0.08986721769242269,0.028662420382165606,0.028662420382165606,-0.12100392852155223,1,9,2.0226472372921105,0.43970441543862576,1.5829428218534847,0.9585987261146497,-1.4129829689727071,0.3483508053731806,-1.7613337743458877,0.06687898089171974,0.8285717345976978
resp,n3000,3,256,1e-05,2098,899,2352,3,2,314,0.14966634890371783,8.1953125,0.5818650009572749,0.7396486505024519,0.7127294577755348,0.6887511916110581,0.5884315906562848,0.5659013605442177,18.452603944097692,32.47614822479917,2.7894724909664187e-09,0.9959422899844186,0.4562074829931973,19.245115385160172,4.385954900517923e-09,13.238196152897803,0.7541386888999474,0.6931471805599453,False,0.9073434063580018,0.7005411990400516,0.6369426751592356,0.6369426751592356,0.4872763262555178,1,200,0.9166904687098341,0.7208759634191644,0.6273885350318471,0.6273885350318471,0.4777221861281293,1,197,0.16779904887035504,0.086554151960965,0.009554140127388535,0.009554140127388535,-0.1401122087763293,1,3,0.20279340778612437,0.0895475221472293,0.028662420382165606,0.028662420382165606,-0.12100392852155223,1,9,1.9959630974628115,0.4285633577141643,1.5673997397486472,0.9585987261146497,-1.3968745852251576,0.339293882922455,-1.7361684681476126,0.06687898089171974,0.832200951129645
resp,n3000,3,256,0.0001,2098,899,2352,3,2,314,0.14966634890371783,8.1953125,0.5849254230640678,0.7096257667166828,0.6890495196567789,0.6863679694947569,0.5895439377085651,0.576530612244898,14.597395208022135,22.818689883579115,4.397559108509232e-09,0.9462234785219499,0.44727891156462585,15.031741107417284,2.443455256064904e-09,11.187352351904797,0.71523615235047,0.6931471805599453,True,0.9196645340035988,0.7298792630170002,0.6560509554140127,0.6560509554140127,0.5063846065102948,1,206,0.9239881751449545,0.7374825134881398,0.6464968152866242,0.6464968152866242,0.49683046638290634,1,203,0.14318714118419926,0.08495938959283951,0.006369426751592357,0.006369426751592357,-0.14329692215212547,1,2,0.18278362514638258,0.08761886546134058,0.01910828025477707,0.01910828025477707,-0.13055806864894076,1,6,1.8197651583120775,0.3536237570632435,1.466141401248834,0.9713375796178344,-1.2859313056636252,0.2764479925348955,-1.5623792981985207,0.050955414012738856,0.8568128588158007
resp,n3000,3,256,0.001,2098,899,2352,3,2,314,0.14966634890371783,8.1953125,0.6140356825948594,0.6639981111288382,0.656436238092859,0.6763584366062917,0.5984427141268076,0.6007653061224489,6.312930685955927,7.08118274423178,3.01243234414589e-09,0.8477736282933296,0.415391156462585,6.585898211981212,7.906568548772732e-10,6.849187034310965,0.43673642856390743,0.6931471805599453,True,0.9532629030876011,0.808147079181774,0.7229299363057324,0.7229299363057324,0.5732635874020147,1,227,0.9331031675759047,0.7624327209415913,0.6815286624203821,0.6815286624203821,0.5318623135166642,1,214,0.07458191711176487,0.08194951892553493,0.0,0.0,-0.14966634890371783,1,0,0.13989888892062494,0.08459089628979866,0.0,0.0,-0.14966634890371783,1,0,1.3506078632935006,0.17295809672964232,1.1776497665638583,1.0,-0.9668805440947937,0.11719534894121546,-1.0840758930360093,0.006369426751592357,0.9254180828882351
resp,n3000,3,256,0.01,2098,899,2352,3,2,314,0.14966634890371783,8.1953125,0.6606387970483147,0.6678476504388681,0.6664783863479493,0.6377502383222117,0.5939933259176863,0.6058673469387755,1.592781954848039,1.8589284724861186,3.1453995639459134e-10,0.7491249076724241,0.399234693877551,1.931395124054935,3.898925103309882e-10,2.8906558370892146,-0.3394752777018807,0.6931471805599453,True,0.9703646711033675,0.8239360167730932,0.7547770700636943,0.7547770700636943,0.6051107211599764,1,237,0.8934870469281083,0.7016832752883784,0.6401273885350318,0.6401273885350318,0.490461039631314,1,201,0.041194196109794065,0.08093987419960104,0.0,0.0,-0.14966634890371783,1,0,0.3091260603810231,0.10120228147420164,0.009554140127388535,0.009554140127388535,-0.1401122087763293,1,3,0.6118683852155072,0.044303141933010944,0.5675652432824962,1.0,-0.4433711403014882,0.015557794327429963,-0.4589289346289182,0.0,0.958805803890206
resp,n3000,3,256,0.1,2098,899,2352,3,2,314,0.14966634890371783,8.1953125,0.6871936928153444,0.6878317568900733,0.6876278647666497,0.6291706387035272,0.6051167964404894,0.6113945578231292,0.2396016400101894,1.0931199723594982,2.993701081827988e-11,0.7011362518876276,0.39753401360544216,0.3134621596208403,5.94518014970587e-11,0.5011208694324799,-0.6354658347426639,0.6931471805599453,True,0.9719266801862272,0.8147614896199329,0.7515923566878981,0.7515923566878981,0.6019260077841804,1,236,0.8162970209362772,0.5568092506405447,0.5127388535031847,0.5127388535031847,0.3630725045994669,1,161,0.03676880123389792,0.08081289716781902,0.0,0.0,-0.14966634890371783,1,0,0.7223604724229528,0.2670146999096037,0.321656050955414,0.321656050955414,0.17198970205169617,1,101,0.10688405854114892,0.006303778975528824,0.1005802795656201,1.0,-0.07673141920138458,0.0009976377222619417,-0.07772905692364653,0.0,0.9632311987661021
resp,n3000,3,256,1.0,2098,899,2352,3,2,314,0.14966634890371783,8.1953125,0.6924916763390945,0.6925533831246615,0.6925313388743952,0.6263107721639657,0.6084538375973304,0.610969387755102,0.025554216186111086,1.009351858765887,1.8641515904134832e-10,0.6939764911059498,0.39880952380952384,0.03377892398127618,6.282853974700898e-13,0.05432792161823004,-0.6704689191718878,0.6931471805599453,True,0.972035574533718,0.813114247579416,0.7547770700636943,0.7547770700636943,0.6051107211599764,1,237,0.7899999285938705,0.4758842469287963,0.46496815286624205,0.46496815286624205,0.3153018039625242,1,146,0.036261817714432605,0.0807959137278783,0.0,0.0,-0.14966634890371783,1,0,0.7806010967981492,0.4407692753635269,0.445859872611465,0.445859872611465,0.29619352370774715,1,140,0.011600868500617329,0.0006654410852949003,0.010935427415322429,1.0,-0.008306454916036128,8.559488602218832e-05,-0.008392049802058316,0.0,0.9637381822855674
resp,n3000,3,384,1e-06,2098,899,2352,3,2,314,0.14966634890371783,5.463541666666667,0.5317258348728977,0.8682120398690883,0.8131147923844793,0.7330791229742613,0.5628476084538376,0.5552721088435374,47.07911602066884,5894.981905258852,2.5766703031150047e-09,1.1120667248130616,0.4630102040816326,41.60242605697853,2.194966937355927e-09,27.4608671759708,0.8151477890411527,0.6931471805599453,False,0.9198466196338294,0.7217347574542836,0.6592356687898089,0.6592356687898089,0.5095693198860911,1,207,0.9339225529119419,0.7612043239685921,0.6656050955414012,0.6656050955414012,0.5159387466376835,1,209,0.22171960241067093,0.09115297960371593,0.028662420382165606,0.028662420382165606,-0.12100392852155223,1,9,0.24793814801062522,0.09452596357509194,0.03821656050955414,0.03821656050955414,-0.1114497883941637,1,12,2.2362015213737845,0.6775735802156219,1.5586279411581625,0.9331210191082803,-1.7797114288375586,0.6112641244239129,-2.3909755532614714,0.06050955414012739,0.7782803975893291
resp,n3000,3,384,1e-05,2098,899,2352,3,2,314,0.14966634890371783,5.463541666666667,0.533350211577147,0.8294478387205902,0.7805659940846116,0.7316491897044805,0.5628476084538376,0.5586734693877551,39.42026999886815,611.8858698424708,4.318701173668888e-09,1.0737612065588193,0.4630102040816326,35.380507267233085,2.1581908007818208e-08,23.434595656891435,0.8089707122840917,0.6931471805599453,False,0.9233223129873468,0.732475021021604,0.6719745222929936,0.6719745222929936,0.5223081733892758,1,211,0.9363307246294021,0.7693576597764805,0.6719745222929936,0.6719745222929936,0.5223081733892758,1,211,0.20900752620604954,0.08995875304804636,0.025477707006369428,0.025477707006369428,-0.1241886418973484,1,8,0.23692553768815516,0.09327877615723246,0.03503184713375796,0.03503184713375796,-0.11463450176995987,1,11,2.152164193441484,0.6240504457572653,1.5281137476842188,0.9426751592356688,-1.6773743970192818,0.5542681202022283,-2.23164251722151,0.05732484076433121,0.7909924737939504
resp,n3000,3,384,0.0001,2098,899,2352,3,2,314,0.14966634890371783,5.463541666666667,0.5536107916669745,0.7310748489890494,0.7022764485520431,0.717349857006673,0.5728587319243604,0.5748299319727891,20.694062591589628,69.01110770086773,1.9023057699256354e-09,0.9631524503836265,0.4532312925170068,19.776758444637824,3.0686423907348846e-09,13.718357217183172,0.7711098059335341,0.6931471805599453,False,0.9341724743651995,0.7680508540932414,0.678343949044586,0.678343949044586,0.5286776001408682,1,213,0.94056510810888,0.7831713561214594,0.6815286624203821,0.6815286624203821,0.5318623135166642,1,214,0.15902502070777755,0.08601462358927928,0.009554140127388535,0.009554140127388535,-0.1401122087763293,1,3,0.19381944246094085,0.08868162489271587,0.025477707006369428,0.025477707006369428,-0.1241886418973484,1,8,1.8579029965860945,0.4369013484966739,1.4210016480894205,0.9713375796178344,-1.3747658657154112,0.368052885862251,-1.742818751577662,0.041401273885350316,0.8409749792922224
resp,n3000,3,384,0.001,2098,899,2352,3,2,314,0.14966634890371783,5.463541666666667,0.6067338416404269,0.6652228091771186,0.6564116862220956,0.6849380362249762,0.6006674082313682,0.5943877551020408,6.833590195963629,8.744935413466438,9.47230219193567e-10,0.8480037605234112,0.4217687074829932,7.003089923869414,3.6986818325502615e-09,6.976843675336924,0.49173179132715933,0.6931471805599453,True,0.9578418211419268,0.8271057580261982,0.7388535031847133,0.7388535031847133,0.5891871542809954,1,232,0.939420824883608,0.7812363396753355,0.6878980891719745,0.6878980891719745,0.5382317402682566,1,216,0.07614214104138699,0.08202471652606895,0.0,0.0,-0.14966634890371783,1,0,0.13663027334266373,0.08440196872243798,0.0031847133757961785,0.0031847133757961785,-0.14648163552792165,1,1,1.3535344344161886,0.18798220824766976,1.165552226168519,1.0,-0.9777071806921814,0.13365465332147505,-1.1113618340136564,0.0031847133757961785,0.923857858958613
resp,n3000,3,384,0.01,2098,899,2352,3,2,314,0.14966634890371783,5.463541666666667,0.659770986391996,0.667914360437893,0.666414172888698,0.6382268827454719,0.592880978865406,0.6011904761904762,1.6195874275090159,1.9061267139568576,4.1151851889886546e-10,0.7490694764657281,0.3949829931972789,1.9504306738106723,5.791110857831893e-10,2.894290015200389,-0.30860042504213975,0.6931471805599453,True,0.9714536145782754,0.8299446390924231,0.7611464968152867,0.7611464968152867,0.6114801479115688,1,239,0.8955364028448202,0.7079538868700744,0.6401273885350318,0.6401273885350318,0.490461039631314,1,201,0.0416190625803319,0.08095816744711143,0.0,0.0,-0.14966634890371783,1,0,0.30037880951700896,0.10012242549486619,0.006369426751592357,0.006369426751592357,-0.14329692215212547,1,2,0.6121733668130818,0.04601923719267092,0.5661541296204109,1.0,-0.44449234629136813,0.01741712370808006,-0.4619094699994482,0.0,0.9583809374196681
resp,n3000,3,384,0.1,2098,899,2352,3,2,314,0.14966634890371783,5.463541666666667,0.687105080519434,0.6878371990705459,0.6876204342424369,0.6296472831267874,0.6062291434927698,0.6096938775510204,0.24144229312185048,1.095938890075938,3.2501507005289495e-09,0.7011293068640122,0.3979591836734694,0.3146792778039759,7.041576867222368e-11,0.5013381030859486,-0.6187570275345229,0.6931471805599453,True,0.9725193510610951,0.8182458553642923,0.7547770700636943,0.7547770700636943,0.6051107211599764,1,237,0.8159328496758161,0.5611619964910181,0.5191082802547771,0.5191082802547771,0.36944193135105924,1,163,0.036941961097940644,0.08082041062149843,0.0,0.0,-0.14966634890371783,1,0,0.7191936105795321,0.26413032096915245,0.3089171974522293,0.3089171974522293,0.15925084854851146,1,97,0.10691651939291272,0.006478200352909479,0.10043831904000323,1.0,-0.07684468433004882,0.0011862814184717568,-0.07803096574852057,0.0,0.9630580389020593
resp,n3000,3,384,1.0,2098,899,2352,3,2,314,0.14966634890371783,5.463541666666667,0.6924827965242538,0.692553912919243,0.6925305855249507,0.6282173498570067,0.6095661846496107,0.6113945578231292,0.025727360734233578,1.0096122713917273,2.0430120521671928e-10,0.6939757766248908,0.39880952380952384,0.03389226014114127,6.674521002242229e-13,0.05434801596726967,-0.6554925373445002,0.6931471805599453,True,0.972531847133758,0.81611972926336,0.7547770700636943,0.7547770700636943,0.6051107211599764,1,237,0.7888145868441347,0.47819537019391933,0.46496815286624205,0.46496815286624205,0.3153018039625242,1,146,0.03646532518351375,0.08080435118235954,0.0,0.0,-0.14966634890371783,1,0,0.7792729427894091,0.44265354788673433,0.43630573248407645,0.43630573248407645,0.2866393835803586,1,137,0.011604124162853117,0.0006829102423902744,0.010921213920462842,1.0,-0.008317792332361604,0.00010448650426431984,-0.008422278836625925,0.0,0.9635346748164862
resp,n3000,4,32,1e-06,2099,899,2352,2,2,314,0.14959504525964745,65.59375,0.6417507500194374,0.6411712161964321,0.6492869672798897,0.621248213434969,0.6117908787541713,0.6033163265306123,4.5380663554828296,3.879342495329537,1.058620772954297e-09,0.8993936261522734,0.6135204081632653,15.632753075087274,3.9085500773858144e-09,12.177860682740315,0.8223333841690966,0.6931471805599453,True,0.3451372905850238,0.10610458129096645,0.03503184713375796,0.03503184713375796,-0.1145631981258895,1,11,0.5003461257114311,0.15008924653154843,0.15605095541401273,0.15605095541401273,0.00645591015436528,1,49,0.23412906563899444,0.09512194532694643,0.0,0.0,-0.14959504525964745,1,0,0.24610073328694534,0.09544098453763586,0.0,0.0,-0.14959504525964745,1,0,3.2170774471061763,1.512370228283125,1.7047072188230512,1.0,0.6119829221469881,0.36662712096980454,0.24535580117718359,0.9299363057324841,0.7658709343610055
resp,n3000,4,32,1e-05,2099,899,2352,2,2,314,0.14959504525964745,65.59375,0.6417510658903365,0.6411850171309189,0.6492605483385945,0.621248213434969,0.6117908787541713,0.6033163265306123,4.5253726002715835,3.864398003554662,1.012151421817962e-09,0.8945461201190031,0.6139455782312925,15.47248099435547,4.080997092855566e-09,12.02671010347214,0.8228861789568329,0.6931471805599453,True,0.344862530999661,0.1060577868095555,0.03184713375796178,0.03184713375796178,-0.11774791150168568,1,10,0.500504915341933,0.1501088315268456,0.15605095541401273,0.15605095541401273,0.00645591015436528,1,49,0.2340594836660779,0.09511844381763124,0.0,0.0,-0.14959504525964745,1,0,0.24635586718763938,0.09545356223994594,0.0,0.0,-0.14959504525964745,1,0,3.185144754552499,1.4971706370177644,1.6879741175347345,1.0,0.6111422521807625,0.36591737391409884,0.24522487826666362,0.9299363057324841,0.7659405163339221
resp,n3000,4,32,0.0001,2099,899,2352,2,2,314,0.14959504525964745,65.59375,0.6417802855513921,0.6413395971730733,0.6490322827914393,0.6207717960933778,0.6129032258064516,0.6024659863945578,4.404488468239475,3.7244899427792935,6.553188098581471e-10,0.8554537136493824,0.6156462585034014,14.153841024154037,1.1046574959850212e-09,10.79289226634957,0.8280678497034577,0.6931471805599453,True,0.3423932630376992,0.10565054743583875,0.03184713375796178,0.03184713375796178,-0.11774791150168568,1,10,0.5017734482327963,0.1502931849188493,0.15286624203821655,0.15286624203821655,0.003271196778569102,1,48,0.2336812431979161,0.09511458411828771,0.0,0.0,-0.14959504525964745,1,0,0.24888401220360756,0.09558106925286379,0.0,0.0,-0.14959504525964745,1,0,2.9217034628357625,1.3718018328588084,1.5499016299769541,1.0,0.602922833767907,0.35906254104226604,0.24386029272564097,0.9331210191082803,0.766318756802084
resp,n3000,4,32,0.001,2099,899,2352,2,2,314,0.14959504525964745,65.59375,0.6433966525564611,0.6436521868771606,0.6487647396645724,0.616960457360648,0.6184649610678532,0.6037414965986394,3.57251740228871,2.877553838454623,4.90429882138159e-10,0.7248262546905193,0.6143707482993197,9.13529638654267,5.005128357430354e-09,6.316146657065768,0.862893781281479,0.6931471805599453,True,0.3246159610340952,0.10313259565483758,0.01592356687898089,0.01592356687898089,-0.13367147838066656,1,5,0.5141554711056397,0.15254389803854274,0.1624203821656051,0.1624203821656051,0.012825336905957635,1,51,0.23182037146068618,0.09506343269227457,0.0,0.0,-0.14959504525964745,1,0,0.2766097521811272,0.09761254241541686,0.0,0.0,-0.14959504525964745,1,0,1.9053120283412963,0.8894397694359114,1.015872258905385,1.0,0.5346152184924947,0.30687085039156015,0.22774436810093457,0.9522292993630573,0.7681796285393139
resp,n3000,4,32,0.01,2099,899,2352,2,2,314,0.14959504525964745,65.59375,0.6616759616169265,0.6622753321795312,0.6627727618223543,0.6193425440686041,0.6129032258064516,0.6054421768707483,1.514060239599582,1.5287246047671845,1.9865258025475986e-10,0.6501506583875067,0.610969387755102,3.2311118006341153,3.219725640614678e-10,1.9035953449091545,0.9309693727780293,0.6931471805599453,True,0.28556976930899747,0.09914062627741553,0.006369426751592357,0.006369426751592357,-0.1432256185080551,1,2,0.5821495477171761,0.17460483747484376,0.18152866242038215,0.18152866242038215,0.0319336171607347,1,57,0.22982211993077487,0.09500396468555218,0.0,0.0,-0.14959504525964745,1,0,0.4477760530963978,0.12607786376746868,0.07006369426751592,0.07006369426751592,-0.07953135099213153,1,22,0.6808214518318765,0.31485312336715715,0.36596832846471933,1.0,0.2663920573505453,0.14144287783634568,0.1249491795141996,0.9904458598726115,0.7701778800692252
resp,n3000,4,32,0.1,2099,899,2352,2,2,314,0.14959504525964745,65.59375,0.6867872261866572,0.6869067947036802,0.6868049442828245,0.6174368747022392,0.6095661846496107,0.6079931972789115,0.2472663382352831,1.0661717424696122,1.769578665676947e-11,0.6800861007775308,0.6122448979591837,0.5271708838585472,6.290879867779687e-11,0.3007699525175639,0.9535256630202094,0.6931471805599453,True,0.27021534728541097,0.0979473312561637,0.0,0.0,-0.14959504525964745,1,0,0.6264161715641671,0.1941233498817967,0.18789808917197454,0.18789808917197454,0.038303043912327084,1,59,0.22856250780567003,0.09492774504256778,0.0,0.0,-0.14959504525964745,1,0,0.6125764955663794,0.18459598831480092,0.18152866242038215,0.18152866242038215,0.0319336171607347,1,57,0.11151747492353802,0.05133010627176579,0.060187368651772225,1.0,0.045962404700952614,0.02362141123324133,0.022340993467711283,0.9936305732484076,0.77143749219433
resp,n3000,4,32,1.0,2099,899,2352,2,2,314,0.14959504525964745,65.59375,0.6924418492280522,0.6924548855857862,0.6924406967494677,0.6164840400190567,0.6095661846496107,0.6071428571428571,0.02650451000504583,1.0067439981160673,7.916957162770607e-11,0.6916194089502612,0.6118197278911565,0.05673797881749467,4.623465227096948e-11,0.03233290158692273,0.9563263692491855,0.6931471805599453,True,0.2681011258006387,0.09779989259824182,0.0,0.0,-0.14959504525964745,1,0,0.6334885546575318,0.1979693761778926,0.1910828025477707,0.1910828025477707,0.04148775728812326,1,60,0.22833948866170672,0.09491258138479515,0.0,0.0,-0.14959504525964745,1,0,0.6321504397937519,0.1969051755933734,0.1942675159235669,0.1942675159235669,0.04467247066391944,1,61,0.012008804721827736,0.005523477311602051,0.006485327410225685,1.0,0.004961350100112396,0.002538250337186495,0.0024230997629259006,1.0,0.7716605113382933
resp,n3000,4,64,1e-06,2099,899,2352,2,2,314,0.14959504525964745,32.796875,0.6310080826041053,0.6484099969434843,0.6530064594331842,0.637446403049071,0.6051167964404894,0.5973639455782312,6.142282174059216,5.807915063589737,1.3415695554124785e-09,0.9225236007540133,0.6122448979591837,17.16562218447386,5.256271311941697e-10,13.294977351187786,0.7380290037077716,0.6931471805599453,True,0.414360648718086,0.12182390091982362,0.08280254777070063,0.08280254777070063,-0.06679249748894682,1,26,0.5034202215918214,0.1626412207718797,0.1751592356687898,0.1751592356687898,0.025564190409142346,1,55,0.24334956912701386,0.09530465199505327,0.0,0.0,-0.14959504525964745,1,0,0.2504808292743849,0.09539775047644863,0.0,0.0,-0.14959504525964745,1,0,3.3451822545425167,1.6202833272323194,1.7248989273101973,1.0,0.5675548987358723,0.4159070183392874,0.1516478803965849,0.8439490445859873,0.7566504308729861
resp,n3000,4,64,1e-05,2099,899,2352,2,2,314,0.14959504525964745,32.796875,0.6310091214192068,0.6482947388421737,0.6528740434632947,0.637446403049071,0.6062291434927698,0.5977891156462585,6.1113657620263,5.768754517406336,1.2816704480429272e-09,0.9162147451253884,0.6118197278911565,16.941215183344973,1.4126604898645302e-09,13.090681403474946,0.7388282074545697,0.6931471805599453,True,0.41379507216899497,0.12162576281852384,0.08280254777070063,0.08280254777070063,-0.06679249748894682,1,26,0.5034130849792147,0.16240244566796053,0.1751592356687898,0.1751592356687898,0.025564190409142346,1,55,0.2431443915145676,0.09529525788941183,0.0,0.0,-0.14959504525964745,1,0,0.2504843975806883,0.09539861315482769,0.0,0.0,-0.14959504525964745,1,0,3.3056740234903907,1.600620938462848,1.7050530850275427,1.0,0.5669143196832266,0.4147413207870313,0.1521729988961953,0.8439490445859873,0.7568556084854324
resp,n3000,4,64,0.0001,2099,899,2352,2,2,314,0.14959504525964745,32.796875,0.6310999770950553,0.6473187325886984,0.651728344357426,0.6369699857074798,0.6062291434927698,0.5986394557823129,5.826957252525815,5.413993046314974,2.6278171544076117e-09,0.8677900194558559,0.6118197278911565,15.18798476279574,1.9483117589131064e-09,11.511129998612537,0.7464553069368155,0.6931471805599453,True,0.40856928758764655,0.12002957969820317,0.07961783439490445,0.07961783439490445,-0.069977210864743,1,25,0.5028243144391514,0.16126772314672125,0.17197452229299362,0.17197452229299362,0.022379477033346168,1,54,0.24189013184891792,0.09525375288096587,0.0,0.0,-0.14959504525964745,1,0,0.25103391675141395,0.0954398992125589,0.0,0.0,-0.14959504525964745,1,0,2.9938993369691347,1.4455705063852828,1.5483288305838518,1.0,0.5606266281373228,0.40378043725337326,0.15684619088394952,0.8535031847133758,0.7581098681510821
resp,n3000,4,64,0.001,2099,899,2352,2,2,314,0.14959504525964745,32.796875,0.6347427616434042,0.6451744968914906,0.6481991115968642,0.6350643163411148,0.60734149054505,0.6007653061224489,4.233525784421589,3.626348259497293,2.242038993700942e-09,0.724734452042472,0.6092687074829932,9.380990205552111,5.378116472102873e-10,6.502461172839632,0.8012621815227694,0.6931471805599453,True,0.37367303609341823,0.11082638340444585,0.044585987261146494,0.044585987261146494,-0.10500905799850097,1,14,0.5043354921586469,0.15605797243741654,0.17197452229299362,0.17197452229299362,0.022379477033346168,1,54,0.2369480276186908,0.09512909965220402,0.0,0.0,-0.14959504525964745,1,0,0.26521971846063264,0.09645425237459035,0.0,0.0,-0.14959504525964745,1,0,1.9128091243807865,0.9114980848806781,1.0013110395001084,1.0,0.5057064753839715,0.3316918591260979,0.17401461625787362,0.9012738853503185,0.7630519723813092
resp,n3000,4,64,0.01,2099,899,2352,2,2,314,0.14959504525964745,32.796875,0.6592648921337081,0.6620558788001274,0.6620380497146721,0.6245831348261077,0.6129032258064516,0.6028911564625851,1.5863145651685133,1.6108612894613936,8.113397594497992e-11,0.6496073245021479,0.6084183673469388,3.253973705861816,1.2625604443662097e-09,1.929153086360407,0.9088941934345749,0.6931471805599453,True,0.306681653553141,0.10117202953885462,0.009554140127388535,0.009554140127388535,-0.14004090513225892,1,3,0.5629288658138415,0.17121855596720786,0.17197452229299362,0.17197452229299362,0.022379477033346168,1,54,0.23206123213616656,0.09505419751274119,0.0,0.0,-0.14959504525964745,1,0,0.4101982194151546,0.1179000884155587,0.05732484076433121,0.05732484076433121,-0.09227020449531624,1,18,0.6817937393732221,0.3187315930703384,0.3630621463028837,1.0,0.25973553680244654,0.14635621771011992,0.11337931909232662,0.9777070063694268,0.7679387678638334
resp,n3000,4,64,0.1,2099,899,2352,2,2,314,0.14959504525964745,32.796875,0.6864957022725577,0.6868663784416076,0.6866989917956632,0.6226774654597428,0.6151279199110122,0.6016156462585034,0.2530473892488204,1.0726788417932296,3.2890937119311433e-11,0.680001205392876,0.6084183673469388,0.5290310713629643,1.0558994028860728e-10,0.30293550206084235,0.9417235616402104,0.6931471805599453,True,0.28336812431979164,0.09905577921588844,0.0,0.0,-0.14959504525964745,1,0,0.6122999518278649,0.19262767488070978,0.1910828025477707,0.1910828025477707,0.04148775728812326,1,60,0.2297204232011276,0.09494603266658969,0.0,0.0,-0.14959504525964745,1,0,0.5946635979232457,0.17963003175905964,0.1751592356687898,0.1751592356687898,0.025564190409142346,1,55,0.11164629055244323,0.05177684920429636,0.05986944134814687,1.0,0.04520381123576888,0.02417896872055171,0.02102484251521717,0.9936305732484076,0.7702795767988724
resp,n3000,4,64,1.0,2099,899,2352,2,2,314,0.14959504525964745,32.796875,0.6924120729942937,0.692450601956621,0.6924296406941478,0.6226774654597428,0.6151279199110122,0.6033163265306123,0.02705996475583053,1.0073658209142624,4.0864275685564463e-13,0.6916104354890588,0.608843537414966,0.05691582301700638,8.07542311349552e-11,0.03254006306023896,0.945627211317826,0.6931471805599453,True,0.2803582579528627,0.09881014648598622,0.0,0.0,-0.14959504525964745,1,0,0.61968634587593,0.1949762753938689,0.2070063694267516,0.2070063694267516,0.05741132416710415,1,65,0.22940641224642724,0.09492962589310011,0.0,0.0,-0.14959504525964745,1,0,0.6180502774358151,0.19369886259658772,0.20382165605095542,0.20382165605095542,0.05422661079130797,1,64,0.01202185439768804,0.005568793079534949,0.006453061318153092,1.0,0.004884425553050585,0.002594802359889829,0.002289623193160756,0.9936305732484076,0.7705935877535728
resp,n3000,4,128,1e-06,2099,899,2352,2,2,314,0.14959504525964745,16.3984375,0.610591157113618,0.661555983442955,0.6725624663758761,0.6593616007622678,0.60734149054505,0.5846088435374149,9.638132661153339,10.005539642445115,7.016070774286362e-09,0.9977643078969783,0.60671768707483,21.19659289199571,1.3260507660772307e-09,16.220785766280155,0.6830183707153207,0.6931471805599453,True,0.5041677817623865,0.15242197298296137,0.14331210191082802,0.14331210191082802,-0.006282943348819431,1,45,0.5560527395671645,0.18976129343299739,0.24203821656050956,0.24203821656050956,0.0924431713008621,1,76,0.25486092526182447,0.09588482740261864,0.0031847133757961785,0.0031847133757961785,-0.14641033188385127,1,1,0.2605612945815269,0.09607235578893217,0.009554140127388535,0.009554140127388535,-0.14004090513225892,1,3,3.641772698871726,1.8506837641143525,1.7910889347573733,0.9936305732484076,0.47562315510692377,0.5140850600972299,-0.038461904990306106,0.7484076433121019,0.7451390747381755
resp,n3000,4,128,1e-05,2099,899,2352,2,2,314,0.14959504525964745,16.3984375,0.610596248307465,0.6609888613069909,0.6718904380373045,0.659838018103859,0.6062291434927698,0.5858843537414966,9.54106695754738,9.87033140181761,6.223003843020741e-09,0.9860693489907014,0.60671768707483,20.730138359363224,2.030374247808589e-09,15.825247615599976,0.6833898608456175,0.6931471805599453,True,0.5031954182947064,0.1519501458573924,0.14012738853503184,0.14012738853503184,-0.009467656724615608,1,44,0.5555835072882657,0.1894537793922864,0.24203821656050956,0.24203821656050956,0.0924431713008621,1,76,0.25416867383896236,0.09584376511128469,0.0031847133757961785,0.0031847133757961785,-0.14641033188385127,1,1,0.26008492569002123,0.09603924159224615,0.009554140127388535,0.009554140127388535,-0.14004090513225892,1,3,3.579443313550454,1.8171973071466352,1.7622460064038188,0.9936305732484076,0.47582422261338053,0.5113191278518484,-0.03549490523846788,0.7484076433121019,0.7458313261610376
resp,n3000,4,128,0.0001,2099,899,2352,2,2,314,0.14959504525964745,16.3984375,0.6109938741357885,0.6564422126243046,0.6664271984774176,0.6593616007622678,0.6051167964404894,0.5841836734693877,8.707556175117587,8.737138544816009,2.8838205322957155e-09,0.9073688232236287,0.6062925170068028,17.556265230469894,2.0752853557204465e-09,13.182978643495098,0.6876760608476709,0.6931471805599453,True,0.4933807918071687,0.14718216910642154,0.1305732484076433,0.1305732484076433,-0.01902179685200414,1,41,0.5505022391122054,0.18622980755063268,0.23248407643312102,0.23248407643312102,0.08288903117347357,1,73,0.2499901871576656,0.0956157727502459,0.0,0.0,-0.14959504525964745,1,0,0.2571053899266713,0.09582716992202941,0.006369426751592357,0.006369426751592357,-0.1432256185080551,1,2,3.1420931590200882,1.582641009014551,1.5594521500055372,0.9968152866242038,0.4770943866414749,0.4870230589600321,-0.009928672318557208,0.767515923566879,0.7500098128423344
resp,n3000,4,128,0.001,2099,899,2352,2,2,314,0.14959504525964745,16.3984375,0.6208373455256588,0.6453704878289938,0.6510953864061801,0.6512625059552167,0.6017797552836485,0.5867346938775511,5.26167614382087,4.624748152198337,1.0407873936725498e-09,0.7298098987618761,0.6079931972789115,9.816144551680619,2.1355509393973296e-09,6.886961733851208,0.741651664104572,0.6931471805599453,True,0.433049652982212,0.12405967457590414,0.08598726114649681,0.08598726114649681,-0.06360778411315064,1,27,0.5250976823850559,0.16789018643040268,0.1942675159235669,0.1942675159235669,0.04467247066391944,1,61,0.239567164445396,0.09519928226682056,0.0,0.0,-0.14959504525964745,1,0,0.259733447519135,0.09604011165876555,0.0,0.0,-0.14959504525964745,1,0,1.9312322487540077,0.9442081787309602,0.9870240700230475,1.0,0.45914368258534904,0.3681287012165749,0.09101498136877412,0.8630573248407644,0.760432835554604
resp,n3000,4,128,0.01,2099,899,2352,2,2,314,0.14959504525964745,16.3984375,0.6562589996658431,0.6614438241213569,0.6618763208852241,0.6307765602667937,0.610678531701891,0.5973639455782312,1.6742161530255901,1.685103187235637,4.476113341268333e-10,0.6498487811053169,0.6101190476190477,3.2844704076476248,1.9597843603834856e-10,1.9678454505081795,0.8836591107175181,0.6931471805599453,True,0.32843226462559544,0.10377601057043402,0.006369426751592357,0.006369426751592357,-0.1432256185080551,1,2,0.5504951024995985,0.16685177529770184,0.18152866242038215,0.18152866242038215,0.0319336171607347,1,57,0.23225035237024746,0.09501501133730919,0.0,0.0,-0.14959504525964745,1,0,0.38005495191707256,0.11192497587109523,0.03184713375796178,0.03184713375796178,-0.11774791150168568,1,10,0.6843341640773454,0.32349609493160986,0.3608380691457355,1.0,0.2510774584029878,0.15224706640143867,0.09883039200154911,0.9808917197452229,0.7677496476297525
resp,n3000,4,128,0.1,2099,899,2352,2,2,314,0.14959504525964745,16.3984375,0.6861547497679693,0.6867870035267185,0.6866624695350565,0.6288708909004288,0.6140155728587319,0.6028911564625851,0.25966330197696663,1.0780469402739161,5.780701218329363e-11,0.6800139314251659,0.6092687074829932,0.5313390918391784,1.4516385681125172e-10,0.30597229405711585,0.9282039002947403,0.6931471805599453,True,0.29615158165176897,0.10042639546440782,0.0031847133757961785,0.0031847133757961785,-0.14641033188385127,1,1,0.5999768060090278,0.1885208619084305,0.2070063694267516,0.2070063694267516,0.05741132416710415,1,65,0.2299166800478153,0.09493337981037273,0.0,0.0,-0.14959504525964745,1,0,0.5774161894056986,0.17123765437875246,0.17834394904458598,0.17834394904458598,0.028748903784938523,1,56,0.11195193147005557,0.05230478804918793,0.05964714342086764,1.0,0.04426084517207529,0.024819066033268836,0.019441779138806455,0.9936305732484076,0.7700833199521847
resp,n3000,4,128,1.0,2099,899,2352,2,2,314,0.14959504525964745,16.3984375,0.6923775029029557,0.6924424761892533,0.6924257009642469,0.6279180562172463,0.6140155728587319,0.6016156462585034,0.027691044415620588,1.0078736355904732,6.044826648791848e-13,0.6916115577737176,0.6084183673469388,0.05713455105746639,1.145636059466658e-10,0.032828132787274526,0.9333910092368654,0.6931471805599453,True,0.2922888900783243,0.10007522082778765,0.0,0.0,-0.14959504525964745,1,0,0.6078145908044746,0.19246048579712705,0.2070063694267516,0.2070063694267516,0.05741132416710415,1,65,0.22965084122821103,0.09492480195363187,0.0,0.0,-0.14959504525964745,1,0,0.6057949294367428,0.19026463042041783,0.2070063694267516,0.2070063694267516,0.05741132416710415,1,65,0.012052716262185225,0.005622094150362086,0.006430622111823139,1.0,0.004789284864194867,0.002659410748485294,0.002129874115709573,0.9936305732484076,0.770349158771789
resp,n3000,4,256,1e-06,2099,899,2352,2,2,314,0.14959504525964745,8.19921875,0.563591641804831,0.6941981996583093,0.7237522278224636,0.7127203430204859,0.6017797552836485,0.5863095238095238,20.639424282904937,28.909766415974392,3.6325522254316672e-09,1.156653371390147,0.5986394557823129,34.13555753499776,2.7386501692915223e-09,24.881910875913707,0.6898934352275302,0.6931471805599453,False,0.6388285250405895,0.2587822304555513,0.25477707006369427,0.25477707006369427,0.10518202480404681,1,80,0.6611357918963764,0.29384913494968723,0.30254777070063693,0.30254777070063693,0.15295272544098948,1,95,0.28789452086567113,0.09888153324720259,0.0031847133757961785,0.0031847133757961785,-0.14641033188385127,1,1,0.29284911416796017,0.09919369648863408,0.006369426751592357,0.006369426751592357,-0.1432256185080551,1,2,4.160589963063981,2.377602362073073,1.7829876009909085,0.9968152866242038,0.1974423121403492,0.7495322497277113,-0.552089937587362,0.5445859872611465,0.7121054791343289
resp,n3000,4,256,1e-05,2099,899,2352,2,2,314,0.14959504525964745,8.19921875,0.5636646467073849,0.6901762056261479,0.7188851410448149,0.7136731777036684,0.6017797552836485,0.5863095238095238,19.97341758448953,27.557972060659004,3.8443108797350554e-09,1.1159350923238585,0.6007653061224489,31.812762680564358,5.127806355780094e-09,23.175180813839294,0.6876668864551694,0.6931471805599453,False,0.636302164177773,0.25491094889509264,0.2484076433121019,0.2484076433121019,0.09881259805245446,1,78,0.6592927616906635,0.2905266458045395,0.30254777070063693,0.30254777070063693,0.15295272544098948,1,95,0.2844511052828775,0.09856095017812502,0.0031847133757961785,0.0031847133757961785,-0.14641033188385127,1,1,0.289737551071384,0.09887683007826378,0.006369426751592357,0.006369426751592357,-0.1432256185080551,1,2,3.994944959146545,2.2678195960721363,1.7271253630744088,0.9968152866242038,0.20598394544311371,0.7359896813346314,-0.5300057358915177,0.554140127388535,0.7155488947171225
resp,n3000,4,256,0.0001,2099,899,2352,2,2,314,0.14959504525964745,8.19921875,0.5673531598882823,0.6670139962588966,0.6900055374865919,0.7036684135302526,0.6173526140155728,0.5905612244897959,15.63505740277578,19.404706101715632,2.7927298531880117e-09,0.9452891173984237,0.6024659863945578,22.089637504017823,4.916324377529777e-09,16.365456936910697,0.672576113459313,0.6931471805599453,True,0.6143445913397206,0.23187452448978918,0.22611464968152867,0.22611464968152867,0.07651960442188122,1,71,0.6439829434958697,0.2741150043390817,0.2898089171974522,0.2898089171974522,0.14021387193780477,1,91,0.2682616995842923,0.09719019356685739,0.0,0.0,-0.14959504525964745,1,0,0.27402451426430446,0.09739511639276006,0.0031847133757961785,0.0031847133757961785,-0.14641033188385127,1,1,3.2432032652412253,1.7720571425145035,1.4711461227267217,1.0,0.2650856795389107,0.644736651323836,-0.37965097178492524,0.6273885350318471,0.7317383004157076
resp,n3000,4,256,0.001,2099,899,2352,2,2,314,0.14959504525964745,8.19921875,0.600496668938722,0.6412808315038022,0.6507839671396521,0.6898523106241067,0.6218020022246941,0.5999149659863946,6.680338423173996,6.197935965253264,2.352168356704594e-09,0.7298561480550986,0.6054421768707483,10.27724339859596,9.403394096146219e-10,7.420993214154184,0.6931532288028489,0.6931471805599453,True,0.5029028171778266,0.15083540043861057,0.13694267515923567,0.13694267515923567,-0.012652370100411786,1,43,0.5716533747256864,0.19992658593682194,0.23885350318471338,0.23885350318471338,0.08925845792506593,1,75,0.24386518938785706,0.09558741616092925,0.0,0.0,-0.14959504525964745,1,0,0.26025977269888845,0.09618810730273669,0.0,0.0,-0.14959504525964745,1,0,1.9298341091399382,0.9745041811953847,0.9553299279445535,1.0,0.382593490224375,0.4125011115221022,-0.029907621297727227,0.7898089171974523,0.7561348106121429
resp,n3000,4,256,0.01,2099,899,2352,2,2,314,0.14959504525964745,8.19921875,0.6530860810814042,0.6604628089282512,0.6613192298097107,0.6474511672224869,0.6240266963292548,0.5990646258503401,1.7644278625205618,1.7635130226746012,9.62627369171523e-10,0.6495455718123962,0.6079931972789115,3.3091066522482175,4.4190379503206027e-10,2.009623050304691,0.8584823755273185,0.6931471805599453,True,0.35086799050830525,0.10671870410524105,0.01910828025477707,0.01910828025477707,-0.1304867650048704,1,6,0.5497796570857643,0.17181499716052248,0.1910828025477707,0.1910828025477707,0.04148775728812326,1,60,0.2329390354868062,0.09510511947101587,0.0,0.0,-0.14959504525964745,1,0,0.36095023996859893,0.10854893706481843,0.01592356687898089,0.01592356687898089,-0.13367147838066656,1,5,0.6851723485275527,0.3273903292930325,0.3577820192345202,1.0,0.2400970517746624,0.1579578907304317,0.08213916104423069,0.9713375796178344,0.7670609645131938
resp,n3000,4,256,0.1,2099,899,2352,2,2,314,0.14959504525964745,8.19921875,0.6858174493574911,0.6866780591638162,0.6865928130762922,0.6369699857074798,0.6129032258064516,0.5999149659863946,0.2660633690217854,1.0833344240333684,9.912885293874703e-11,0.6799711912965863,0.6071428571428571,0.5330572137453383,1.8131791534399148e-10,0.30903682566990825,0.914621169409639,0.6931471805599453,True,0.3088386947135542,0.10181634792620124,0.0031847133757961785,0.0031847133757961785,-0.14641033188385127,1,1,0.597088262056415,0.19282046388984267,0.22611464968152867,0.22611464968152867,0.07651960442188122,1,71,0.23018430302057127,0.09498817848243798,0.0,0.0,-0.14959504525964745,1,0,0.5700137379792681,0.17049037483444918,0.16560509554140126,0.16560509554140126,0.016010050281753813,1,52,0.11206937269984188,0.05271644166894013,0.05935293103090175,1.0,0.04311191271972879,0.02541218953945371,0.017699723180275084,0.9936305732484076,0.7698156969794288
resp,n3000,4,256,1.0,2099,899,2352,2,2,314,0.14959504525964745,8.19921875,0.6923435472673206,0.692431453119458,0.6924185439035683,0.6369699857074798,0.6129032258064516,0.6037414965986394,0.028297369869532674,1.0083695607436307,7.775056581254877e-13,0.6916071116309932,0.6075680272108843,0.05729586123208701,1.4078486466287222e-10,0.03311660472942437,0.9211146892685207,0.6931471805599453,True,0.30380381451943833,0.1013234385256298,0.0031847133757961785,0.0031847133757961785,-0.14641033188385127,1,1,0.6048671697978555,0.19424190012829945,0.21337579617834396,0.21337579617834396,0.0637807509186965,1,67,0.22981319916501633,0.09496835079182461,0.0,0.0,-0.14959504525964745,1,0,0.6021802351513854,0.19179554359132114,0.21019108280254778,0.21019108280254778,0.06059603754290033,1,66,0.012064537310827147,0.00566344828152249,0.006401089029304657,1.0,0.004673877460026613,0.0027189867959313274,0.0019548906640952856,0.9936305732484076,0.7701868008349837
resp,n3000,4,384,1e-06,2099,899,2352,2,2,314,0.14959504525964745,5.466145833333333,0.5297365499011792,0.7326477928665729,0.7756755992859216,0.7317770366841353,0.6040044493882091,0.578656462585034,43.14329762541684,5066.260539467633,7.483872846559295e-09,1.3645068838621237,0.6037414965986394,68.67332293152047,2.0023648828686122e-09,53.277254316956615,0.6309760443785029,0.6931471805599453,False,0.7085014897678816,0.32404876644034925,0.3471337579617834,0.3471337579617834,0.19753871270213597,1,109,0.7254812753126728,0.36222631280575757,0.3662420382165605,0.3662420382165605,0.21664699295691303,1,115,0.2992417349105247,0.09993111881881521,0.006369426751592357,0.006369426751592357,-0.1432256185080551,1,2,0.3033774019161805,0.1002965007226466,0.009554140127388535,0.009554140127388535,-0.14004090513225892,1,3,4.9950127387649115,2.959388308553571,2.0356244302113407,0.9936305732484076,-0.024482173261779944,0.9287481861669135,-0.9532303594286934,0.4872611464968153,0.7007582650894753
resp,n3000,4,384,1e-05,2099,899,2352,2,2,314,0.14959504525964745,5.466145833333333,0.5311072786038349,0.714769008170776,0.7529735908863703,0.7284421152929966,0.6051167964404894,0.5799319727891157,36.03933033899448,520.2405407876986,3.762835076700961e-09,1.212311979198572,0.6020408163265306,48.43618161818737,2.1769843596475595e-09,37.80188568122371,0.6347115250392442,0.6931471805599453,False,0.7006619208192831,0.31802346854893926,0.3375796178343949,0.3375796178343949,0.18798457257474743,1,106,0.7185658976966582,0.35627561594510043,0.37261146496815284,0.37261146496815284,0.2230164197085054,1,117,0.2918357151777909,0.09921202564719205,0.0031847133757961785,0.0031847133757961785,-0.14641033188385127,1,1,0.29583935485022034,0.0994964377898778,0.006369426751592357,0.006369426751592357,-0.1432256185080551,1,2,4.402610551671168,2.570756552865599,1.8318539988055695,0.9968152866242038,0.019576250259153043,0.8758510724490104,-0.8562748221898574,0.5095541401273885,0.7081642848222092
resp,n3000,4,384,0.0001,2099,899,2352,2,2,314,0.14959504525964745,5.466145833333333,0.5474950931453836,0.6692569125312483,0.6940311726081896,0.728918532634588,0.6129032258064516,0.5875850340136054,19.626861836480263,57.82285394762784,1.151592469178183e-08,0.9531146436836446,0.6003401360544217,24.420685449000633,1.5868602167549067e-09,19.064258603863728,0.6448318348264953,0.6931471805599453,False,0.6563489089903477,0.26736957519902765,0.28343949044585987,0.28343949044585987,0.1338444451862124,1,89,0.6809916323217184,0.31599832338412126,0.3375796178343949,0.3375796178343949,0.18798457257474743,1,106,0.2693232707095577,0.09724714509646333,0.0,0.0,-0.14959504525964745,1,0,0.2744705525522311,0.09746547923186849,0.006369426751592357,0.006369426751592357,-0.1432256185080551,1,2,3.2976548634086256,1.825382854111929,1.4722720092966965,1.0,0.1812035234696272,0.6959587930894997,-0.5147552696198725,0.5573248407643312,0.7306767292904424
resp,n3000,4,384,0.001,2099,899,2352,2,2,314,0.14959504525964745,5.466145833333333,0.5960682765255948,0.6405827471823128,0.6498238928423653,0.6941400666984279,0.6273637374860956,0.6058673469387755,6.984280502441398,7.6354855781146975,1.2654489038686383e-08,0.729035120025714,0.6028911564625851,10.396588392720494,1.3537803783700444e-09,7.588396200674356,0.683664714725481,0.6931471805599453,True,0.5181912255347999,0.15677302387919737,0.1464968152866242,0.1464968152866242,-0.003098229973023253,1,46,0.5823832717800496,0.20956781332541655,0.2484076433121019,0.2484076433121019,0.09881259805245446,1,78,0.24397402273011115,0.0955976731609421,0.0,0.0,-0.14959504525964745,1,0,0.2591107780691895,0.09612373332725697,0.0,0.0,-0.14959504525964745,1,0,1.9334724464086017,0.9805390190141705,0.9529334273944312,1.0,0.3671189675712104,0.420842115213845,-0.05372314764263464,0.7898089171974523,0.7560259772698888
resp,n3000,4,384,0.01,2099,899,2352,2,2,314,0.14959504525964745,5.466145833333333,0.6525594716622949,0.6603718931869131,0.6611441050827219,0.6498332539304431,0.625139043381535,0.5960884353741497,1.7791738651487905,1.8087006531485523,1.1713270033701356e-09,0.6493852487869788,0.6075680272108843,3.31427934142678,5.942737514840732e-10,2.0178023982118325,0.8545810581842069,0.6931471805599453,True,0.35452015200984854,0.1072483406076789,0.01910828025477707,0.01910828025477707,-0.1304867650048704,1,6,0.5495495013291941,0.172983524614691,0.20063694267515925,0.20063694267515925,0.051041897415511794,1,63,0.23295330871201983,0.09510229900774513,0.0,0.0,-0.14959504525964745,1,0,0.35664329426037933,0.10782878240429702,0.012738853503184714,0.012738853503184714,-0.13685619175646274,1,4,0.6857264346269998,0.32812480652822273,0.35760162809877705,1.0,0.23839249550942931,0.15890539025767686,0.07948710525175245,0.9681528662420382,0.7670466912879802
resp,n3000,4,384,0.1,2099,899,2352,2,2,314,0.14959504525964745,5.466145833333333,0.6857636953369014,0.6866695859724081,0.6865732299114834,0.6398284897570271,0.6129032258064516,0.6007653061224489,0.2670708979889825,1.0861673051220504,1.1038818309642177e-10,0.679952451266855,0.6075680272108843,0.5334074217313091,1.9184048841056562e-10,0.3096032349342505,0.912538820823608,0.6931471805599453,True,0.31083337793716215,0.10205127140920858,0.0031847133757961785,0.0031847133757961785,-0.14641033188385127,1,1,0.5967956609395351,0.19340602154153508,0.2229299363057325,0.2229299363057325,0.07333489104608504,1,70,0.23012899427286837,0.09497870226784694,0.0,0.0,-0.14959504525964745,1,0,0.5683812378454567,0.17001158899400326,0.1751592356687898,0.1751592356687898,0.025564190409142346,1,55,0.11213196243776281,0.05279343247880421,0.0593385299589586,1.0,0.04293988538295486,0.02550843979102129,0.01743144559193357,0.9936305732484076,0.7698710057271316
resp,n3000,4,384,1.0,2099,899,2352,2,2,314,0.14959504525964745,5.466145833333333,0.6923381612932004,0.6924306192020606,0.6924165557253076,0.6398284897570271,0.6129032258064516,0.6016156462585034,0.02839237088702529,1.0086333959230522,8.087367786331413e-13,0.6916051965749265,0.6058673469387755,0.05732855698040304,1.4689693131360787e-10,0.03316962501480224,0.9192350607143609,0.6931471805599453,True,0.30579314528359114,0.10155248394319745,0.0031847133757961785,0.0031847133757961785,-0.14641033188385127,1,1,0.6043551178433156,0.19420095834787132,0.21656050955414013,0.21656050955414013,0.06696546429449268,1,68,0.22987386037217436,0.09496968851764301,0.0,0.0,-0.14959504525964745,1,0,0.6017859373048583,0.19192332379712573,0.21656050955414013,0.21656050955414013,0.06696546429449268,1,68,0.012070810939666029,0.005671160103563927,0.006399650836102101,1.0,0.004656654090384829,0.002728624791958599,0.0019280292984262294,0.9936305732484076,0.7701261396278256
