convention,scale,pool,dim,lam,attack,alpha,budget,arm,rep,n_train,n_kept,n_deleted,n_test,remaining_poisoned,test_logloss,test_acc,kl_from_clean,mean_abs_pred_div,theta_dist_from_clean,rank_agree_with_clean,uninf_loss,loc_auroc,loc_auprc,loc_prec_at_b,loc_recall_at_b,loc_prec_lift,loc_n_tied_at_cut,loc_n_hits_at_b
cat,n300,0,384,0.001,margin_targeted,1.0,27,none,-1,183,183,0,2058,27,0.6625763839270999,0.5821185617103984,0.004239424972707444,0.03279753645984372,5.871900527661817,0.903606827607988,0.6931471805599453,0.6346153846153846,0.19924694429131684,0.2222222222222222,0.2222222222222222,0.07468123861566484,1,6
cat,n300,0,384,0.001,margin_targeted,1.0,27,detector,-1,183,156,27,2058,21,0.6627758078320287,0.5908649173955296,0.012966298390387604,0.055249441390824314,8.229109440247809,0.8596965858149991,0.6931471805599453,0.6346153846153846,0.19924694429131684,0.2222222222222222,0.2222222222222222,0.07468123861566484,1,6
cat,n300,0,384,0.001,margin_targeted,1.0,27,margin_matched,-1,183,156,27,2058,27,0.6592650114140871,0.5942662779397473,0.007062118754100635,0.04163366456052948,7.408680362954311,0.8744811880874377,0.6931471805599453,0.6346153846153846,0.19924694429131684,0.2222222222222222,0.2222222222222222,0.07468123861566484,1,6
cat,n300,0,384,0.001,margin_targeted,1.0,27,oracle_delete,-1,183,156,27,2058,0,0.6635297511997217,0.5840621963070942,0.002261517047535455,0.023820863589624774,3.981972527205357,0.9588798619220449,0.6931471805599453,0.6346153846153846,0.19924694429131684,0.2222222222222222,0.2222222222222222,0.07468123861566484,1,6
cat,n300,0,384,0.001,margin_targeted,1.0,27,oracle_correct,-1,183,183,0,2058,0,0.6654402369797218,0.5845481049562682,0.0,0.0,0.0,1.0,0.6931471805599453,0.6346153846153846,0.19924694429131684,0.2222222222222222,0.2222222222222222,0.07468123861566484,1,6
cat,n300,0,384,0.001,margin_targeted,1.0,27,matched_clean,-1,183,156,27,2058,0,0.6625086073180421,0.598153547133139,0.004195341485874436,0.031819370482553316,4.670517936737064,0.9439150320171544,0.6931471805599453,0.6346153846153846,0.19924694429131684,0.2222222222222222,0.2222222222222222,0.07468123861566484,1,6
cat,n300,0,384,0.001,margin_targeted,1.0,27,random,0,183,156,27,2058,23,0.6614856808481475,0.5962099125364432,0.0050922121065409545,0.03537265362380438,6.774993509881552,0.8798697190916632,0.6931471805599453,0.6346153846153846,0.19924694429131684,0.2222222222222222,0.2222222222222222,0.07468123861566484,1,6
cat,n300,0,384,0.001,margin_targeted,1.0,27,random,1,183,156,27,2058,24,0.6711738532640483,0.5709426627793974,0.006223355302357382,0.039955077172502025,7.531285671895811,0.8474516442138301,0.6931471805599453,0.6346153846153846,0.19924694429131684,0.2222222222222222,0.2222222222222222,0.07468123861566484,1,6
cat,n300,0,384,0.001,margin_targeted,1.0,27,random,2,183,156,27,2058,25,0.6629534252463308,0.5962099125364432,0.005461172235949843,0.03714145970655195,7.358469473105573,0.8669536766462145,0.6931471805599453,0.6346153846153846,0.19924694429131684,0.2222222222222222,0.2222222222222222,0.07468123861566484,1,6
cat,n300,0,384,0.001,margin_targeted,1.0,27,random,3,183,156,27,2058,24,0.6632051079426197,0.5884353741496599,0.006988233082661671,0.041748447106113876,7.451127905673255,0.8603667807783204,0.6931471805599453,0.6346153846153846,0.19924694429131684,0.2222222222222222,0.2222222222222222,0.07468123861566484,1,6
cat,n300,0,384,0.001,margin_targeted,1.0,27,random,4,183,156,27,2058,19,0.663985954008832,0.5932944606413995,0.00492186824221657,0.034799562235735576,6.344531426931792,0.8914607082576994,0.6931471805599453,0.6346153846153846,0.19924694429131684,0.2222222222222222,0.2222222222222222,0.07468123861566484,1,6
cat,n300,0,384,0.001,margin_targeted,1.0,27,random,5,183,156,27,2058,24,0.6691117633679431,0.5821185617103984,0.0048335393454624126,0.03482926614118068,6.986960698689948,0.8674576823785026,0.6931471805599453,0.6346153846153846,0.19924694429131684,0.2222222222222222,0.2222222222222222,0.07468123861566484,1,6
cat,n300,0,384,0.001,margin_targeted,1.0,27,random,6,183,156,27,2058,25,0.6661226227650725,0.586977648202138,0.004356017701750115,0.033127536564932836,6.640082434935307,0.8882082596974356,0.6931471805599453,0.6346153846153846,0.19924694429131684,0.2222222222222222,0.2222222222222222,0.07468123861566484,1,6
cat,n300,0,384,0.001,margin_targeted,1.0,27,random,7,183,156,27,2058,21,0.6651888070999494,0.586977648202138,0.006828023709948204,0.04078734907928101,6.999954102304231,0.8764488455090644,0.6931471805599453,0.6346153846153846,0.19924694429131684,0.2222222222222222,0.2222222222222222,0.07468123861566484,1,6
cat,n300,0,384,0.001,margin_targeted,1.0,27,random,8,183,156,27,2058,22,0.6668216239796757,0.5913508260447036,0.005796389957948175,0.03792632175666332,7.041640336629352,0.8833998697275723,0.6931471805599453,0.6346153846153846,0.19924694429131684,0.2222222222222222,0.2222222222222222,0.07468123861566484,1,6
cat,n300,0,384,0.001,margin_targeted,1.0,27,random,9,183,156,27,2058,23,0.6640688327694728,0.5913508260447036,0.006572805778236357,0.04000129010560578,7.046995897435215,0.8824513559185918,0.6931471805599453,0.6346153846153846,0.19924694429131684,0.2222222222222222,0.2222222222222222,0.07468123861566484,1,6
cat,n300,1,384,0.001,margin_targeted,1.0,27,none,-1,181,181,0,2058,27,0.6575336884782619,0.6098153547133139,0.004175985150887487,0.031942921138773527,6.007390669518735,0.9143899692065799,0.6931471805599453,0.5952380952380952,0.18168980166940757,0.14814814814814814,0.14814814814814814,-0.001023122570083912,1,4
cat,n300,1,384,0.001,margin_targeted,1.0,27,detector,-1,181,154,27,2058,23,0.6523658591830543,0.608357628765792,0.015307608434473331,0.059118058211269635,8.059364912543703,0.8954834020653187,0.6931471805599453,0.5952380952380952,0.18168980166940757,0.14814814814814814,0.14814814814814814,-0.001023122570083912,1,4
cat,n300,1,384,0.001,margin_targeted,1.0,27,margin_matched,-1,181,154,27,2058,27,0.6572952415455072,0.6073858114674441,0.010453827347428876,0.0498272831768844,8.183404545621373,0.8481843614839106,0.6931471805599453,0.5952380952380952,0.18168980166940757,0.14814814814814814,0.14814814814814814,-0.001023122570083912,1,4
cat,n300,1,384,0.001,margin_targeted,1.0,27,oracle_delete,-1,181,154,27,2058,0,0.6592166589669783,0.6044703595724004,0.0020502749594372223,0.0223921963082176,3.9931054068485596,0.9648558484675209,0.6931471805599453,0.5952380952380952,0.18168980166940757,0.14814814814814814,0.14814814814814814,-0.001023122570083912,1,4
cat,n300,1,384,0.001,margin_targeted,1.0,27,oracle_correct,-1,181,181,0,2058,0,0.6626043006274543,0.5913508260447036,0.0,0.0,0.0,1.0,0.6931471805599453,0.5952380952380952,0.18168980166940757,0.14814814814814814,0.14814814814814814,-0.001023122570083912,1,4
cat,n300,1,384,0.001,margin_targeted,1.0,27,matched_clean,-1,181,154,27,2058,0,0.6542703606877361,0.6005830903790087,0.005350337984918065,0.03484499120575328,4.535540007501514,0.9614635156419885,0.6931471805599453,0.5952380952380952,0.18168980166940757,0.14814814814814814,0.14814814814814814,-0.001023122570083912,1,4
cat,n300,1,384,0.001,margin_targeted,1.0,27,random,0,181,154,27,2058,25,0.6583037111795157,0.6000971817298348,0.0069294922218230024,0.04071990842945811,7.477508299180235,0.8752958586731648,0.6931471805599453,0.5952380952380952,0.18168980166940757,0.14814814814814814,0.14814814814814814,-0.001023122570083912,1,4
cat,n300,1,384,0.001,margin_targeted,1.0,27,random,1,181,154,27,2058,25,0.6551320987785483,0.6068999028182702,0.007109007555782501,0.04191486460899143,7.4835302613341605,0.8784522053788612,0.6931471805599453,0.5952380952380952,0.18168980166940757,0.14814814814814814,0.14814814814814814,-0.001023122570083912,1,4
cat,n300,1,384,0.001,margin_targeted,1.0,27,random,2,181,154,27,2058,24,0.6601970283525114,0.597181729834791,0.006203698698588823,0.03903554763174927,7.539966957443814,0.8690423159842348,0.6931471805599453,0.5952380952380952,0.18168980166940757,0.14814814814814814,0.14814814814814814,-0.001023122570083912,1,4
cat,n300,1,384,0.001,margin_targeted,1.0,27,random,3,181,154,27,2058,22,0.659255599309671,0.6054421768707483,0.00507587922633606,0.03559460421784935,6.83672009753582,0.8813539733775725,0.6931471805599453,0.5952380952380952,0.18168980166940757,0.14814814814814814,0.14814814814814814,-0.001023122570083912,1,4
cat,n300,1,384,0.001,margin_targeted,1.0,27,random,4,181,154,27,2058,25,0.6626596276423633,0.6000971817298348,0.0055056513917216094,0.03696022987595626,7.412283940480128,0.8658870458726255,0.6931471805599453,0.5952380952380952,0.18168980166940757,0.14814814814814814,0.14814814814814814,-0.001023122570083912,1,4
cat,n300,1,384,0.001,margin_targeted,1.0,27,random,5,181,154,27,2058,24,0.6566706206449977,0.6122448979591837,0.0054435025692026,0.036541082506326296,7.131574513951588,0.8807205368057269,0.6931471805599453,0.5952380952380952,0.18168980166940757,0.14814814814814814,0.14814814814814814,-0.001023122570083912,1,4
cat,n300,1,384,0.001,margin_targeted,1.0,27,random,6,181,154,27,2058,25,0.6594854324977591,0.5957240038872692,0.005822515138083685,0.037707629743445895,7.246598234379998,0.8867368708485428,0.6931471805599453,0.5952380952380952,0.18168980166940757,0.14814814814814814,0.14814814814814814,-0.001023122570083912,1,4
cat,n300,1,384,0.001,margin_targeted,1.0,27,random,7,181,154,27,2058,20,0.6581453869302426,0.5991253644314869,0.005155515150347695,0.03542723387543905,7.066703714042979,0.8929155682208971,0.6931471805599453,0.5952380952380952,0.18168980166940757,0.14814814814814814,0.14814814814814814,-0.001023122570083912,1,4
cat,n300,1,384,0.001,margin_targeted,1.0,27,random,8,181,154,27,2058,21,0.6579633784125691,0.6010689990281827,0.005517098844243958,0.03651227242559645,6.928593327691679,0.8930185151212483,0.6931471805599453,0.5952380952380952,0.18168980166940757,0.14814814814814814,0.14814814814814814,-0.001023122570083912,1,4
cat,n300,1,384,0.001,margin_targeted,1.0,27,random,9,181,154,27,2058,23,0.6631319233777024,0.5898931000971818,0.004732344034306277,0.034236030469408596,7.0199491581607445,0.8928139360869829,0.6931471805599453,0.5952380952380952,0.18168980166940757,0.14814814814814814,0.14814814814814814,-0.001023122570083912,1,4
cat,n300,2,384,0.01,margin_targeted,1.0,28,none,-1,190,190,0,2058,28,0.6734349795645891,0.608357628765792,0.00023812704049623812,0.007690715067966785,1.0690553317512699,0.956942289935958,0.6931471805599453,0.6227954144620811,0.18047234523015923,0.0,0.0,-0.14736842105263157,1,0
cat,n300,2,384,0.01,margin_targeted,1.0,28,detector,-1,190,162,28,2058,28,0.6654673471758399,0.60932944606414,0.0016517664895511588,0.019758577808382864,1.7237993353671257,0.9384010227329939,0.6931471805599453,0.6227954144620811,0.18047234523015923,0.0,0.0,-0.14736842105263157,1,0
cat,n300,2,384,0.01,margin_targeted,1.0,28,margin_matched,-1,190,162,28,2058,28,0.673875347738113,0.6098153547133139,0.00023845505561075433,0.007695621691891423,1.2337012549341557,0.9523146562585588,0.6931471805599453,0.6227954144620811,0.18047234523015923,0.0,0.0,-0.14736842105263157,1,0
cat,n300,2,384,0.01,margin_targeted,1.0,28,oracle_delete,-1,190,162,28,2058,0,0.6729701855237893,0.6117589893100097,0.00017066752098741139,0.0064553549915550195,0.6689317885853524,0.9869172038688174,0.6931471805599453,0.6227954144620811,0.18047234523015923,0.0,0.0,-0.14736842105263157,1,0
cat,n300,2,384,0.01,margin_targeted,1.0,28,oracle_correct,-1,190,190,0,2058,0,0.6763731066494088,0.6044703595724004,0.0,0.0,0.0,1.0,0.6931471805599453,0.6227954144620811,0.18047234523015923,0.0,0.0,-0.14736842105263157,1,0
cat,n300,2,384,0.01,margin_targeted,1.0,28,matched_clean,-1,190,162,28,2058,0,0.6683885341912732,0.6044703595724004,0.0007288135581457422,0.013057718897278877,0.9608465717487075,0.9823597814725741,0.6931471805599453,0.6227954144620811,0.18047234523015923,0.0,0.0,-0.14736842105263157,1,0
cat,n300,2,384,0.01,margin_targeted,1.0,28,random,0,190,162,28,2058,26,0.6733146941188674,0.607871720116618,0.00031613044459045464,0.008860622938750867,1.2960160776543828,0.9445041767923501,0.6931471805599453,0.6227954144620811,0.18047234523015923,0.0,0.0,-0.14736842105263157,1,0
cat,n300,2,384,0.01,margin_targeted,1.0,28,random,1,190,162,28,2058,23,0.6743711991550957,0.6059280855199223,0.00023126225772941396,0.007545558756446919,1.1919966567404348,0.9497504170268768,0.6931471805599453,0.6227954144620811,0.18047234523015923,0.0,0.0,-0.14736842105263157,1,0
cat,n300,2,384,0.01,margin_targeted,1.0,28,random,2,190,162,28,2058,25,0.6730104081257992,0.6132167152575316,0.0003127077169347328,0.008924896124544798,1.2230995807837302,0.944546688491615,0.6931471805599453,0.6227954144620811,0.18047234523015923,0.0,0.0,-0.14736842105263157,1,0
cat,n300,2,384,0.01,margin_targeted,1.0,28,random,3,190,162,28,2058,21,0.6726180117511447,0.6098153547133139,0.000300357534716802,0.00861534032517908,1.175506840809134,0.9497592266503619,0.6931471805599453,0.6227954144620811,0.18047234523015923,0.0,0.0,-0.14736842105263157,1,0
cat,n300,2,384,0.01,margin_targeted,1.0,28,random,4,190,162,28,2058,22,0.6714272875395493,0.6059280855199223,0.00044810260338547133,0.010489751343886591,1.2757299953693237,0.9458557635728454,0.6931471805599453,0.6227954144620811,0.18047234523015923,0.0,0.0,-0.14736842105263157,1,0
cat,n300,2,384,0.01,margin_targeted,1.0,28,random,5,190,162,28,2058,18,0.6729331113941187,0.6044703595724004,0.0002602254416997297,0.00805522003273182,1.034996859183621,0.9609475310795796,0.6931471805599453,0.6227954144620811,0.18047234523015923,0.0,0.0,-0.14736842105263157,1,0
cat,n300,2,384,0.01,margin_targeted,1.0,28,random,6,190,162,28,2058,23,0.6739679244547264,0.6068999028182702,0.0002375594006806419,0.007761326564185548,1.209873996646704,0.9529575453815607,0.6931471805599453,0.6227954144620811,0.18047234523015923,0.0,0.0,-0.14736842105263157,1,0
cat,n300,2,384,0.01,margin_targeted,1.0,28,random,7,190,162,28,2058,24,0.6741542052911933,0.6103012633624878,0.00022572348812596423,0.007487964409639173,1.1740315615179469,0.95157688505383,0.6931471805599453,0.6227954144620811,0.18047234523015923,0.0,0.0,-0.14736842105263157,1,0
cat,n300,2,384,0.01,margin_targeted,1.0,28,random,8,190,162,28,2058,25,0.6730363904767687,0.6146744412050534,0.0003672399887511585,0.00956856276952926,1.305934166384173,0.9369653225650832,0.6931471805599453,0.6227954144620811,0.18047234523015923,0.0,0.0,-0.14736842105263157,1,0
cat,n300,2,384,0.01,margin_targeted,1.0,28,random,9,190,162,28,2058,26,0.6733813520131032,0.607871720116618,0.00032347177433569385,0.008996576234829462,1.3213990308221515,0.9419324261829943,0.6931471805599453,0.6227954144620811,0.18047234523015923,0.0,0.0,-0.14736842105263157,1,0
cat,n300,3,384,0.001,margin_targeted,1.0,26,none,-1,176,176,0,2058,26,0.6903434753819881,0.543731778425656,0.003592635410611478,0.03007515837182212,6.27456236107327,0.8896992144736559,0.6931471805599453,0.6123076923076923,0.2022594307046407,0.3076923076923077,0.3076923076923077,0.15996503496503497,1,8
cat,n300,3,384,0.001,margin_targeted,1.0,26,detector,-1,176,150,26,2058,18,0.6913877479989047,0.5495626822157434,0.006860984523700765,0.04107838398072234,7.76933542489409,0.8731358598705246,0.6931471805599453,0.6123076923076923,0.2022594307046407,0.3076923076923077,0.3076923076923077,0.15996503496503497,1,8
cat,n300,3,384,0.001,margin_targeted,1.0,26,margin_matched,-1,176,150,26,2058,26,0.6882998313355813,0.5549076773566569,0.006505996123333259,0.04011865163632036,7.765241065517113,0.8551030465782327,0.6931471805599453,0.6123076923076923,0.2022594307046407,0.3076923076923077,0.3076923076923077,0.15996503496503497,1,8
cat,n300,3,384,0.001,margin_targeted,1.0,26,oracle_delete,-1,176,150,26,2058,0,0.6884362358949941,0.5413022351797862,0.0018434497434377062,0.021507771091607782,4.286371010218056,0.9535247438826548,0.6931471805599453,0.6123076923076923,0.2022594307046407,0.3076923076923077,0.3076923076923077,0.15996503496503497,1,8
cat,n300,3,384,0.001,margin_targeted,1.0,26,oracle_correct,-1,176,176,0,2058,0,0.6838337462295636,0.5534499514091351,0.0,0.0,0.0,1.0,0.6931471805599453,0.6123076923076923,0.2022594307046407,0.3076923076923077,0.3076923076923077,0.15996503496503497,1,8
cat,n300,3,384,0.001,margin_targeted,1.0,26,matched_clean,-1,176,150,26,2058,0,0.6837083875785367,0.5587949465500486,0.0016250157499252892,0.02035655902623986,3.5907972367276972,0.9691447845436448,0.6931471805599453,0.6123076923076923,0.2022594307046407,0.3076923076923077,0.3076923076923077,0.15996503496503497,1,8
cat,n300,3,384,0.001,margin_targeted,1.0,26,random,0,176,150,26,2058,24,0.6858524647956717,0.5510204081632653,0.00678725016824598,0.04085434416939596,7.88368187805549,0.8338854050220852,0.6931471805599453,0.6123076923076923,0.2022594307046407,0.3076923076923077,0.3076923076923077,0.15996503496503497,1,8
cat,n300,3,384,0.001,margin_targeted,1.0,26,random,1,176,150,26,2058,23,0.6882405448457667,0.5422740524781341,0.004406132070959977,0.0328759351005198,7.127694795106785,0.8697703317596751,0.6931471805599453,0.6123076923076923,0.2022594307046407,0.3076923076923077,0.3076923076923077,0.15996503496503497,1,8
cat,n300,3,384,0.001,margin_targeted,1.0,26,random,2,176,150,26,2058,19,0.6838755806841034,0.5529640427599611,0.005024345856203862,0.03550131530018192,7.173101031508277,0.8623919561339343,0.6931471805599453,0.6123076923076923,0.2022594307046407,0.3076923076923077,0.3076923076923077,0.15996503496503497,1,8
cat,n300,3,384,0.001,margin_targeted,1.0,26,random,3,176,150,26,2058,20,0.6838668597748097,0.5495626822157434,0.0054976005934683474,0.03620424220256876,7.156382495767865,0.8623152605073159,0.6931471805599453,0.6123076923076923,0.2022594307046407,0.3076923076923077,0.3076923076923077,0.15996503496503497,1,8
cat,n300,3,384,0.001,margin_targeted,1.0,26,random,4,176,150,26,2058,20,0.690693943550367,0.54421768707483,0.003954563517427133,0.032049398025176826,7.071803677670242,0.8804109705738757,0.6931471805599453,0.6123076923076923,0.2022594307046407,0.3076923076923077,0.3076923076923077,0.15996503496503497,1,8
cat,n300,3,384,0.001,margin_targeted,1.0,26,random,5,176,150,26,2058,22,0.6937302786347419,0.5344995140913509,0.006004082473070742,0.038837164932145125,7.696392629111427,0.8353534580813696,0.6931471805599453,0.6123076923076923,0.2022594307046407,0.3076923076923077,0.3076923076923077,0.15996503496503497,1,8
cat,n300,3,384,0.001,margin_targeted,1.0,26,random,6,176,150,26,2058,24,0.6987631482991203,0.5272108843537415,0.005953706569844806,0.03872094909360046,7.795876661382918,0.8286027368085906,0.6931471805599453,0.6123076923076923,0.2022594307046407,0.3076923076923077,0.3076923076923077,0.15996503496503497,1,8
cat,n300,3,384,0.001,margin_targeted,1.0,26,random,7,176,150,26,2058,20,0.6927653654316639,0.5340136054421769,0.005607636164998449,0.0376838826310603,7.372323766829873,0.8409364409765011,0.6931471805599453,0.6123076923076923,0.2022594307046407,0.3076923076923077,0.3076923076923077,0.15996503496503497,1,8
cat,n300,3,384,0.001,margin_targeted,1.0,26,random,8,176,150,26,2058,19,0.6968325643045424,0.5296404275996113,0.004149173338892895,0.03246377251901134,6.973985649909323,0.8545041353599984,0.6931471805599453,0.6123076923076923,0.2022594307046407,0.3076923076923077,0.3076923076923077,0.15996503496503497,1,8
cat,n300,3,384,0.001,margin_targeted,1.0,26,random,9,176,150,26,2058,22,0.6972766214823757,0.533041788143829,0.004560285545217127,0.03408136676574258,7.055177832205038,0.8522071833263767,0.6931471805599453,0.6123076923076923,0.2022594307046407,0.3076923076923077,0.3076923076923077,0.15996503496503497,1,8
cat,n300,4,384,0.001,margin_targeted,1.0,28,none,-1,187,187,0,2058,28,0.663819673267108,0.5845481049562682,0.004629204648322828,0.03347507966404228,6.050205797107774,0.8998065206920774,0.6931471805599453,0.6358939802336029,0.20800459846895403,0.21428571428571427,0.21428571428571427,0.06455309396485867,1,6
cat,n300,4,384,0.001,margin_targeted,1.0,28,detector,-1,187,159,28,2058,22,0.6576193236542245,0.6054421768707483,0.014563038787631585,0.05727182646602807,8.04338023788112,0.8616651091927396,0.6931471805599453,0.6358939802336029,0.20800459846895403,0.21428571428571427,0.21428571428571427,0.06455309396485867,1,6
cat,n300,4,384,0.001,margin_targeted,1.0,28,margin_matched,-1,187,159,28,2058,28,0.6606326847551671,0.5966958211856171,0.00999105288380187,0.04881416438726395,7.78302408282592,0.8316671723916913,0.6931471805599453,0.6358939802336029,0.20800459846895403,0.21428571428571427,0.21428571428571427,0.06455309396485867,1,6
cat,n300,4,384,0.001,margin_targeted,1.0,28,oracle_delete,-1,187,159,28,2058,0,0.6661374145507556,0.5835762876579204,0.0027382246930309985,0.025442934956938543,4.235341851382119,0.9525240827196553,0.6931471805599453,0.6358939802336029,0.20800459846895403,0.21428571428571427,0.21428571428571427,0.06455309396485867,1,6
cat,n300,4,384,0.001,margin_targeted,1.0,28,oracle_correct,-1,187,187,0,2058,0,0.6722679224190887,0.5787172011661808,0.0,0.0,0.0,1.0,0.6931471805599453,0.6358939802336029,0.20800459846895403,0.21428571428571427,0.21428571428571427,0.06455309396485867,1,6
cat,n300,4,384,0.001,margin_targeted,1.0,28,matched_clean,-1,187,159,28,2058,0,0.6642319464005421,0.6020408163265306,0.004177736972302886,0.03141488872351636,4.560261142905687,0.9429432365168539,0.6931471805599453,0.6358939802336029,0.20800459846895403,0.21428571428571427,0.21428571428571427,0.06455309396485867,1,6
cat,n300,4,384,0.001,margin_targeted,1.0,28,random,0,187,159,28,2058,24,0.6666257103583062,0.5864917395529641,0.006576846679186517,0.0394972276089956,7.491660515760887,0.8532995780152491,0.6931471805599453,0.6358939802336029,0.20800459846895403,0.21428571428571427,0.21428571428571427,0.06455309396485867,1,6
cat,n300,4,384,0.001,margin_targeted,1.0,28,random,1,187,159,28,2058,21,0.6579247041632486,0.5991253644314869,0.009439128958589301,0.04686553253039999,7.484273817637791,0.8371920770282916,0.6931471805599453,0.6358939802336029,0.20800459846895403,0.21428571428571427,0.21428571428571427,0.06455309396485867,1,6
cat,n300,4,384,0.001,margin_targeted,1.0,28,random,2,187,159,28,2058,22,0.6647773582283876,0.5894071914480078,0.004996470729536812,0.035344098867604166,6.8424328355993,0.8787640941352972,0.6931471805599453,0.6358939802336029,0.20800459846895403,0.21428571428571427,0.21428571428571427,0.06455309396485867,1,6
cat,n300,4,384,0.001,margin_targeted,1.0,28,random,3,187,159,28,2058,24,0.6663108699350356,0.5801749271137027,0.006171914890434412,0.0391132882230455,7.703917463054093,0.8601094238528338,0.6931471805599453,0.6358939802336029,0.20800459846895403,0.21428571428571427,0.21428571428571427,0.06455309396485867,1,6
cat,n300,4,384,0.001,margin_targeted,1.0,28,random,4,187,159,28,2058,21,0.6663951580780506,0.5952380952380952,0.005626176697592062,0.0374010706466276,6.5524083661887715,0.8708601299569252,0.6931471805599453,0.6358939802336029,0.20800459846895403,0.21428571428571427,0.21428571428571427,0.06455309396485867,1,6
cat,n300,4,384,0.001,margin_targeted,1.0,28,random,5,187,159,28,2058,25,0.6656561482671779,0.586977648202138,0.0056518733355611535,0.037428384277971086,7.088371982232517,0.8723865848036546,0.6931471805599453,0.6358939802336029,0.20800459846895403,0.21428571428571427,0.21428571428571427,0.06455309396485867,1,6
cat,n300,4,384,0.001,margin_targeted,1.0,28,random,6,187,159,28,2058,25,0.6662262117332421,0.5879494655004859,0.005246416930255658,0.036052370011284626,7.07458093671377,0.871163985559269,0.6931471805599453,0.6358939802336029,0.20800459846895403,0.21428571428571427,0.21428571428571427,0.06455309396485867,1,6
cat,n300,4,384,0.001,margin_targeted,1.0,28,random,7,187,159,28,2058,26,0.6636985673449498,0.5947521865889213,0.007093295473714529,0.04172790072424923,7.471320771306059,0.8546960995200656,0.6931471805599453,0.6358939802336029,0.20800459846895403,0.21428571428571427,0.21428571428571427,0.06455309396485867,1,6
cat,n300,4,384,0.001,margin_targeted,1.0,28,random,8,187,159,28,2058,24,0.6649534379227321,0.5908649173955296,0.007250218580909805,0.04196148368491656,7.363331180951311,0.8752533208162429,0.6931471805599453,0.6358939802336029,0.20800459846895403,0.21428571428571427,0.21428571428571427,0.06455309396485867,1,6
cat,n300,4,384,0.001,margin_targeted,1.0,28,random,9,187,159,28,2058,23,0.663103853567449,0.5928085519922255,0.006490549213335164,0.0400621324091809,7.230130052854546,0.8591256908239756,0.6931471805599453,0.6358939802336029,0.20800459846895403,0.21428571428571427,0.21428571428571427,0.06455309396485867,1,6
cat,n1000,0,384,0.001,margin_targeted,1.0,94,none,-1,627,627,0,2058,94,0.645813973096081,0.620019436345967,0.0015035543377951374,0.0190373567763754,3.8995646266522566,0.9702105011759625,0.6931471805599453,0.6567202906071614,0.18978785074382,0.0,0.0,-0.14992025518341306,1,0
cat,n1000,0,384,0.001,margin_targeted,1.0,94,detector,-1,627,533,94,2058,94,0.6522466153157109,0.6141885325558795,0.018468334157274953,0.06256658044811844,7.12744891968386,0.9585077045474953,0.6931471805599453,0.6567202906071614,0.18978785074382,0.0,0.0,-0.14992025518341306,1,0
cat,n1000,0,384,0.001,margin_targeted,1.0,94,margin_matched,-1,627,533,94,2058,94,0.6481716272084297,0.607871720116618,0.0022458588839311764,0.023517118721261884,4.8169782864318424,0.9483992418852972,0.6931471805599453,0.6567202906071614,0.18978785074382,0.0,0.0,-0.14992025518341306,1,0
cat,n1000,0,384,0.001,margin_targeted,1.0,94,oracle_delete,-1,627,533,94,2058,0,0.6443642226374154,0.6205053449951409,0.0007410145521922638,0.013339122469344508,2.3687560607666396,0.9899794862637432,0.6931471805599453,0.6567202906071614,0.18978785074382,0.0,0.0,-0.14992025518341306,1,0
cat,n1000,0,384,0.001,margin_targeted,1.0,94,oracle_correct,-1,627,627,0,2058,0,0.6446870527889567,0.6219630709426628,0.0,0.0,0.0,1.0,0.6931471805599453,0.6567202906071614,0.18978785074382,0.0,0.0,-0.14992025518341306,1,0
cat,n1000,0,384,0.001,margin_targeted,1.0,94,matched_clean,-1,627,533,94,2058,0,0.6483402379582289,0.6171039844509232,0.013761684662179858,0.05373541987754222,5.337106112072301,0.9767070278462966,0.6931471805599453,0.6567202906071614,0.18978785074382,0.0,0.0,-0.14992025518341306,1,0
cat,n1000,0,384,0.001,margin_targeted,1.0,94,random,0,627,533,94,2058,82,0.6466219474927947,0.6185617103984451,0.0023370875713863127,0.024289205972549074,4.795111015365706,0.9540768797035566,0.6931471805599453,0.6567202906071614,0.18978785074382,0.0,0.0,-0.14992025518341306,1,0
cat,n1000,0,384,0.001,margin_targeted,1.0,94,random,1,627,533,94,2058,81,0.6455469313079284,0.6224489795918368,0.0019847769652039334,0.022134059179919872,4.713890865453069,0.9627644942400629,0.6931471805599453,0.6567202906071614,0.18978785074382,0.0,0.0,-0.14992025518341306,1,0
cat,n1000,0,384,0.001,margin_targeted,1.0,94,random,2,627,533,94,2058,81,0.6464279421459868,0.6258503401360545,0.002321980752729558,0.02372771401578937,4.754430367346808,0.9619088235922933,0.6931471805599453,0.6567202906071614,0.18978785074382,0.0,0.0,-0.14992025518341306,1,0
cat,n1000,0,384,0.001,margin_targeted,1.0,94,random,3,627,533,94,2058,77,0.646781600570771,0.619533527696793,0.002161834020611157,0.02293923335954653,4.743279087464854,0.9588958057022576,0.6931471805599453,0.6567202906071614,0.18978785074382,0.0,0.0,-0.14992025518341306,1,0
cat,n1000,0,384,0.001,margin_targeted,1.0,94,random,4,627,533,94,2058,77,0.6471661024478683,0.6180758017492711,0.0020751620127363443,0.022982291555496547,4.588343392608083,0.9550558052304283,0.6931471805599453,0.6567202906071614,0.18978785074382,0.0,0.0,-0.14992025518341306,1,0
cat,n1000,0,384,0.001,margin_targeted,1.0,94,random,5,627,533,94,2058,77,0.6447691731854132,0.6064139941690962,0.002221611476268144,0.023204125727603397,4.562395521704685,0.9594292360450704,0.6931471805599453,0.6567202906071614,0.18978785074382,0.0,0.0,-0.14992025518341306,1,0
cat,n1000,0,384,0.001,margin_targeted,1.0,94,random,6,627,533,94,2058,84,0.645978377780115,0.6185617103984451,0.00276316254131912,0.025227745812964008,4.949909528754627,0.9564582356122568,0.6931471805599453,0.6567202906071614,0.18978785074382,0.0,0.0,-0.14992025518341306,1,0
cat,n1000,0,384,0.001,margin_targeted,1.0,94,random,7,627,533,94,2058,82,0.6476353425188631,0.6117589893100097,0.002102041444788081,0.022528216314427366,4.770081013086608,0.956558258361915,0.6931471805599453,0.6567202906071614,0.18978785074382,0.0,0.0,-0.14992025518341306,1,0
cat,n1000,0,384,0.001,margin_targeted,1.0,94,random,8,627,533,94,2058,83,0.6477948998577525,0.6141885325558795,0.0018961705297489298,0.021879583298416556,4.533022574523677,0.9568394930979541,0.6931471805599453,0.6567202906071614,0.18978785074382,0.0,0.0,-0.14992025518341306,1,0
cat,n1000,0,384,0.001,margin_targeted,1.0,94,random,9,627,533,94,2058,77,0.6473784958881575,0.6064139941690962,0.002499531595696968,0.024524092950609203,4.713727939563854,0.9554311538391143,0.6931471805599453,0.6567202906071614,0.18978785074382,0.0,0.0,-0.14992025518341306,1,0
cat,n1000,1,384,0.001,margin_targeted,1.0,90,none,-1,600,600,0,2058,90,0.6485870853287469,0.6098153547133139,0.0010463981987793392,0.015936430602731838,3.3194100058114504,0.9754556166312444,0.6931471805599453,0.6538997821350763,0.1885714905634851,0.0,0.0,-0.15,1,0
cat,n1000,1,384,0.001,margin_targeted,1.0,90,detector,-1,600,510,90,2058,90,0.6511376567406293,0.6132167152575316,0.02104463747273852,0.06584802341341485,6.986682513869743,0.9535903252585475,0.6931471805599453,0.6538997821350763,0.1885714905634851,0.0,0.0,-0.15,1,0
cat,n1000,1,384,0.001,margin_targeted,1.0,90,margin_matched,-1,600,510,90,2058,90,0.6535950406341157,0.6015549076773566,0.002148075034990121,0.023163495551777456,4.359845684991144,0.941658771660568,0.6931471805599453,0.6538997821350763,0.1885714905634851,0.0,0.0,-0.15,1,0
cat,n1000,1,384,0.001,margin_targeted,1.0,90,oracle_delete,-1,600,510,90,2058,0,0.6478559856676847,0.6132167152575316,0.0005276785397368009,0.011211456982472142,1.9889672871336954,0.9926271491467307,0.6931471805599453,0.6538997821350763,0.1885714905634851,0.0,0.0,-0.15,1,0
cat,n1000,1,384,0.001,margin_targeted,1.0,90,oracle_correct,-1,600,600,0,2058,0,0.6485584592412997,0.6146744412050534,0.0,0.0,0.0,1.0,0.6931471805599453,0.6538997821350763,0.1885714905634851,0.0,0.0,-0.15,1,0
cat,n1000,1,384,0.001,margin_targeted,1.0,90,matched_clean,-1,600,510,90,2058,0,0.6474612873948283,0.6137026239067055,0.015632514815578445,0.057070361133050834,5.3148894778384514,0.9732618083687593,0.6931471805599453,0.6538997821350763,0.1885714905634851,0.0,0.0,-0.15,1,0
cat,n1000,1,384,0.001,margin_targeted,1.0,90,random,0,600,510,90,2058,78,0.6482272231173627,0.6137026239067055,0.0014534634323887033,0.018559459950928697,4.083536522190906,0.9639360998207683,0.6931471805599453,0.6538997821350763,0.1885714905634851,0.0,0.0,-0.15,1,0
cat,n1000,1,384,0.001,margin_targeted,1.0,90,random,1,600,510,90,2058,75,0.6503520212907249,0.5991253644314869,0.0012505534462219558,0.01751072831849737,3.821920342001172,0.9671880142141451,0.6931471805599453,0.6538997821350763,0.1885714905634851,0.0,0.0,-0.15,1,0
cat,n1000,1,384,0.001,margin_targeted,1.0,90,random,2,600,510,90,2058,72,0.650709822451578,0.6098153547133139,0.0015239014440066416,0.01933801361514611,4.073522266634565,0.959091794011324,0.6931471805599453,0.6538997821350763,0.1885714905634851,0.0,0.0,-0.15,1,0
cat,n1000,1,384,0.001,margin_targeted,1.0,90,random,3,600,510,90,2058,80,0.6502494933371877,0.6015549076773566,0.0018840358040066376,0.021260827366012244,4.431050582049254,0.9534673649972647,0.6931471805599453,0.6538997821350763,0.1885714905634851,0.0,0.0,-0.15,1,0
cat,n1000,1,384,0.001,margin_targeted,1.0,90,random,4,600,510,90,2058,72,0.6463649243408942,0.6137026239067055,0.001235921641270208,0.017349389766799644,3.7470022824139,0.9739204375175943,0.6931471805599453,0.6538997821350763,0.1885714905634851,0.0,0.0,-0.15,1,0
cat,n1000,1,384,0.001,margin_targeted,1.0,90,random,5,600,510,90,2058,76,0.6482245026312841,0.608843537414966,0.0013630786730534472,0.018297310849356114,4.009812877900031,0.9624787796611076,0.6931471805599453,0.6538997821350763,0.1885714905634851,0.0,0.0,-0.15,1,0
cat,n1000,1,384,0.001,margin_targeted,1.0,90,random,6,600,510,90,2058,78,0.650240937392914,0.6025267249757046,0.0013777694416694255,0.01850756732635689,4.049774543566353,0.9607668986918058,0.6931471805599453,0.6538997821350763,0.1885714905634851,0.0,0.0,-0.15,1,0
cat,n1000,1,384,0.001,margin_targeted,1.0,90,random,7,600,510,90,2058,77,0.6488071137315767,0.6098153547133139,0.0017581205374861842,0.020528442846343285,4.2019504502827925,0.9591657086660033,0.6931471805599453,0.6538997821350763,0.1885714905634851,0.0,0.0,-0.15,1,0
cat,n1000,1,384,0.001,margin_targeted,1.0,90,random,8,600,510,90,2058,80,0.6498582927946849,0.6175898931000972,0.001547462279055913,0.019447483137841306,4.123506516139203,0.9596029944759662,0.6931471805599453,0.6538997821350763,0.1885714905634851,0.0,0.0,-0.15,1,0
cat,n1000,1,384,0.001,margin_targeted,1.0,90,random,9,600,510,90,2058,85,0.6491492950362798,0.6025267249757046,0.0021530251205865744,0.022844437289435672,4.5510886233766,0.951427387161308,0.6931471805599453,0.6538997821350763,0.1885714905634851,0.0,0.0,-0.15,1,0
cat,n1000,2,384,0.001,margin_targeted,1.0,91,none,-1,612,612,0,2058,91,0.6478958328069808,0.6161321671525753,0.0013728409400713595,0.01835341336497026,3.7287180211894926,0.967837497820112,0.6931471805599453,0.6453354706713632,0.18417412334220357,0.0,0.0,-0.14869281045751634,1,0
cat,n1000,2,384,0.001,margin_targeted,1.0,91,detector,-1,612,521,91,2058,91,0.6485304323329197,0.6137026239067055,0.021534866766826814,0.06593817961065936,7.047693382421242,0.9528134511102576,0.6931471805599453,0.6453354706713632,0.18417412334220357,0.0,0.0,-0.14869281045751634,1,0
cat,n1000,2,384,0.001,margin_targeted,1.0,91,margin_matched,-1,612,521,91,2058,91,0.652066564155921,0.608843537414966,0.0020334614217857195,0.02243316341220066,4.662579279599884,0.9453743773301433,0.6931471805599453,0.6453354706713632,0.18417412334220357,0.0,0.0,-0.14869281045751634,1,0
cat,n1000,2,384,0.001,margin_targeted,1.0,91,oracle_delete,-1,612,521,91,2058,0,0.6474860697534843,0.6103012633624878,0.0006345109534768038,0.012257536409740968,2.2738065216032792,0.9894270393043968,0.6931471805599453,0.6453354706713632,0.18417412334220357,0.0,0.0,-0.14869281045751634,1,0
cat,n1000,2,384,0.001,margin_targeted,1.0,91,oracle_correct,-1,612,612,0,2058,0,0.648995480539468,0.6117589893100097,0.0,0.0,0.0,1.0,0.6931471805599453,0.6453354706713632,0.18417412334220357,0.0,0.0,-0.14869281045751634,1,0
cat,n1000,2,384,0.001,margin_targeted,1.0,91,matched_clean,-1,612,521,91,2058,0,0.6468948793019301,0.6122448979591837,0.01642673200784208,0.05834132741957253,5.419776559196367,0.9723043403808217,0.6931471805599453,0.6453354706713632,0.18417412334220357,0.0,0.0,-0.14869281045751634,1,0
cat,n1000,2,384,0.001,margin_targeted,1.0,91,random,0,612,521,91,2058,77,0.6478812357765521,0.6103012633624878,0.001532688140519041,0.019435521907821888,4.289393682627648,0.9623497535768718,0.6931471805599453,0.6453354706713632,0.18417412334220357,0.0,0.0,-0.14869281045751634,1,0
cat,n1000,2,384,0.001,margin_targeted,1.0,91,random,1,612,521,91,2058,84,0.6495315540095712,0.6112730806608357,0.002552139220995977,0.024714094154890964,4.839931326526524,0.9472471416562931,0.6931471805599453,0.6453354706713632,0.18417412334220357,0.0,0.0,-0.14869281045751634,1,0
cat,n1000,2,384,0.001,margin_targeted,1.0,91,random,2,612,521,91,2058,76,0.6493382011888142,0.6137026239067055,0.0015000439652452673,0.019410691865315917,4.282692300840077,0.9598690935657175,0.6931471805599453,0.6453354706713632,0.18417412334220357,0.0,0.0,-0.14869281045751634,1,0
cat,n1000,2,384,0.001,margin_targeted,1.0,91,random,3,612,521,91,2058,71,0.6489220567346174,0.6141885325558795,0.001704853548071885,0.020440134122388383,4.1124017250429485,0.9635676884980244,0.6931471805599453,0.6453354706713632,0.18417412334220357,0.0,0.0,-0.14869281045751634,1,0
cat,n1000,2,384,0.001,margin_targeted,1.0,91,random,4,612,521,91,2058,77,0.6473559589287352,0.6190476190476191,0.002018885702391249,0.02205061099555821,4.463068145047006,0.9604549810242754,0.6931471805599453,0.6453354706713632,0.18417412334220357,0.0,0.0,-0.14869281045751634,1,0
cat,n1000,2,384,0.001,margin_targeted,1.0,91,random,5,612,521,91,2058,76,0.6474285771654847,0.6112730806608357,0.0018602424005142917,0.021460911901433816,4.444702970072086,0.9574079361528272,0.6931471805599453,0.6453354706713632,0.18417412334220357,0.0,0.0,-0.14869281045751634,1,0
cat,n1000,2,384,0.001,margin_targeted,1.0,91,random,6,612,521,91,2058,76,0.6488984242991919,0.6112730806608357,0.0018188711179740209,0.020923654503192918,4.279136510641565,0.9573324121138921,0.6931471805599453,0.6453354706713632,0.18417412334220357,0.0,0.0,-0.14869281045751634,1,0
cat,n1000,2,384,0.001,margin_targeted,1.0,91,random,7,612,521,91,2058,83,0.6478334389015011,0.6156462585034014,0.0018186975686023004,0.02122786082535588,4.526805605464313,0.9541495993663334,0.6931471805599453,0.6453354706713632,0.18417412334220357,0.0,0.0,-0.14869281045751634,1,0
cat,n1000,2,384,0.001,margin_targeted,1.0,91,random,8,612,521,91,2058,78,0.6515508290801045,0.6030126336248786,0.0022104789924687483,0.023367883856110175,4.471043239428919,0.9476438982420368,0.6931471805599453,0.6453354706713632,0.18417412334220357,0.0,0.0,-0.14869281045751634,1,0
cat,n1000,2,384,0.001,margin_targeted,1.0,91,random,9,612,521,91,2058,78,0.6495075466455527,0.6064139941690962,0.0017928650500185271,0.02093854346140531,4.378214646388599,0.9570054744444515,0.6931471805599453,0.6453354706713632,0.18417412334220357,0.0,0.0,-0.14869281045751634,1,0
cat,n1000,3,384,0.001,margin_targeted,1.0,93,none,-1,620,620,0,2058,93,0.6483976111742514,0.608843537414966,0.0016321714608485698,0.020125886723395492,4.099488425629288,0.9658487944984672,0.6931471805599453,0.6451000795739732,0.18567249561427732,0.0,0.0,-0.15,1,0
cat,n1000,3,384,0.001,margin_targeted,1.0,93,detector,-1,620,527,93,2058,93,0.6523658305207723,0.6151603498542274,0.020585706543684572,0.0659730190343043,7.426345967576865,0.952552667531723,0.6931471805599453,0.6451000795739732,0.18567249561427732,0.0,0.0,-0.15,1,0
cat,n1000,3,384,0.001,margin_targeted,1.0,93,margin_matched,-1,620,527,93,2058,93,0.6516814895156684,0.6034985422740525,0.002542967663130919,0.02525412032656724,5.058347065776764,0.9371627220109012,0.6931471805599453,0.6451000795739732,0.18567249561427732,0.0,0.0,-0.15,1,0
cat,n1000,3,384,0.001,margin_targeted,1.0,93,oracle_delete,-1,620,527,93,2058,0,0.6482431609163654,0.6137026239067055,0.0008045701951961042,0.013874809610490526,2.5204124406528083,0.9882580687634396,0.6931471805599453,0.6451000795739732,0.18567249561427732,0.0,0.0,-0.15,1,0
cat,n1000,3,384,0.001,margin_targeted,1.0,93,oracle_correct,-1,620,620,0,2058,0,0.6495774381935695,0.6073858114674441,0.0,0.0,0.0,1.0,0.6931471805599453,0.6451000795739732,0.18567249561427732,0.0,0.0,-0.15,1,0
cat,n1000,3,384,0.001,margin_targeted,1.0,93,matched_clean,-1,620,527,93,2058,0,0.6502446554053823,0.6171039844509232,0.014263990839533027,0.05554202758223778,5.281657975660555,0.9730994216350016,0.6931471805599453,0.6451000795739732,0.18567249561427732,0.0,0.0,-0.15,1,0
cat,n1000,3,384,0.001,margin_targeted,1.0,93,random,0,620,527,93,2058,85,0.6493683158165559,0.6039844509232264,0.0022776114058957776,0.02383431624879444,4.920704641116637,0.9519480222797622,0.6931471805599453,0.6451000795739732,0.18567249561427732,0.0,0.0,-0.15,1,0
cat,n1000,3,384,0.001,margin_targeted,1.0,93,random,1,620,527,93,2058,73,0.649205353795707,0.6073858114674441,0.0021931978087183094,0.023118523967397168,4.803447290670783,0.9536280776409837,0.6931471805599453,0.6451000795739732,0.18567249561427732,0.0,0.0,-0.15,1,0
cat,n1000,3,384,0.001,margin_targeted,1.0,93,random,2,620,527,93,2058,78,0.6486648946546069,0.6103012633624878,0.0021989366448710345,0.02307925935309145,4.713834779181561,0.9602871879158614,0.6931471805599453,0.6451000795739732,0.18567249561427732,0.0,0.0,-0.15,1,0
cat,n1000,3,384,0.001,margin_targeted,1.0,93,random,3,620,527,93,2058,79,0.6482284910347904,0.6137026239067055,0.0026164331462661125,0.02507531943256388,4.919917377684294,0.9595996862207334,0.6931471805599453,0.6451000795739732,0.18567249561427732,0.0,0.0,-0.15,1,0
cat,n1000,3,384,0.001,margin_targeted,1.0,93,random,4,620,527,93,2058,73,0.6494117206780186,0.6127308066083577,0.001955361244419225,0.02206495250851796,4.579581886402828,0.9608733011562993,0.6931471805599453,0.6451000795739732,0.18567249561427732,0.0,0.0,-0.15,1,0
cat,n1000,3,384,0.001,margin_targeted,1.0,93,random,5,620,527,93,2058,77,0.6508011802512109,0.6005830903790087,0.002114731007655572,0.02292662350843044,4.657816884080703,0.9521500557609999,0.6931471805599453,0.6451000795739732,0.18567249561427732,0.0,0.0,-0.15,1,0
cat,n1000,3,384,0.001,margin_targeted,1.0,93,random,6,620,527,93,2058,80,0.6482714142380058,0.6156462585034014,0.0022960108113189615,0.023556050133393708,4.848938997932696,0.9462368379549452,0.6931471805599453,0.6451000795739732,0.18567249561427732,0.0,0.0,-0.15,1,0
cat,n1000,3,384,0.001,margin_targeted,1.0,93,random,7,620,527,93,2058,77,0.6495132231306007,0.6049562682215743,0.00214386089300159,0.023038634921360972,4.835009625778141,0.9521914908661773,0.6931471805599453,0.6451000795739732,0.18567249561427732,0.0,0.0,-0.15,1,0
cat,n1000,3,384,0.001,margin_targeted,1.0,93,random,8,620,527,93,2058,73,0.6490554566338492,0.6073858114674441,0.001920861819579919,0.02191964494362414,4.519339512622653,0.9592583769839289,0.6931471805599453,0.6451000795739732,0.18567249561427732,0.0,0.0,-0.15,1,0
cat,n1000,3,384,0.001,margin_targeted,1.0,93,random,9,620,527,93,2058,80,0.6486503218448469,0.6141885325558795,0.002229944153267867,0.023577255615002332,4.775880754489258,0.9540594559506537,0.6931471805599453,0.6451000795739732,0.18567249561427732,0.0,0.0,-0.15,1,0
cat,n1000,4,384,0.001,margin_targeted,1.0,92,none,-1,616,616,0,2058,92,0.648020005716087,0.6180758017492711,0.0016620284615394174,0.02004298148780217,3.8852984027358515,0.967590101455012,0.6931471805599453,0.6382135745104547,0.18181616827934197,0.0,0.0,-0.14935064935064934,1,0
cat,n1000,4,384,0.001,margin_targeted,1.0,92,detector,-1,616,524,92,2058,92,0.6507254284589543,0.619533527696793,0.02140108936241661,0.0673443551296953,7.532186059724069,0.949305683168304,0.6931471805599453,0.6382135745104547,0.18181616827934197,0.0,0.0,-0.14935064935064934,1,0
cat,n1000,4,384,0.001,margin_targeted,1.0,92,margin_matched,-1,616,524,92,2058,92,0.6509039875221683,0.619533527696793,0.0018257775730848693,0.021193872950775464,4.617355232702688,0.9504899077533641,0.6931471805599453,0.6382135745104547,0.18181616827934197,0.0,0.0,-0.14935064935064934,1,0
cat,n1000,4,384,0.001,margin_targeted,1.0,92,oracle_delete,-1,616,524,92,2058,0,0.6468504722127274,0.6214771622934888,0.0008268901725496749,0.01410368161361739,2.3621018533169225,0.9892719340362763,0.6931471805599453,0.6382135745104547,0.18181616827934197,0.0,0.0,-0.14935064935064934,1,0
cat,n1000,4,384,0.001,margin_targeted,1.0,92,oracle_correct,-1,616,616,0,2058,0,0.6483033358106198,0.6234207968901846,0.0,0.0,0.0,1.0,0.6931471805599453,0.6382135745104547,0.18181616827934197,0.0,0.0,-0.14935064935064934,1,0
cat,n1000,4,384,0.001,margin_targeted,1.0,92,matched_clean,-1,616,524,92,2058,0,0.6459879655833773,0.6234207968901846,0.013188875504709461,0.05314498982796218,5.253715203524684,0.9745605800866265,0.6931471805599453,0.6382135745104547,0.18181616827934197,0.0,0.0,-0.14935064935064934,1,0
cat,n1000,4,384,0.001,margin_targeted,1.0,92,random,0,616,524,92,2058,81,0.6484343317152853,0.6229348882410107,0.0024222569026126945,0.02433803782984718,4.794055517619883,0.9553379527310201,0.6931471805599453,0.6382135745104547,0.18181616827934197,0.0,0.0,-0.14935064935064934,1,0
cat,n1000,4,384,0.001,margin_targeted,1.0,92,random,1,616,524,92,2058,80,0.6469630937090999,0.6243926141885325,0.0026356893059929524,0.024998519918619615,4.665608331570966,0.950519135493103,0.6931471805599453,0.6382135745104547,0.18181616827934197,0.0,0.0,-0.14935064935064934,1,0
cat,n1000,4,384,0.001,margin_targeted,1.0,92,random,2,616,524,92,2058,77,0.6479963977352238,0.6180758017492711,0.002060712015694934,0.022291970633542726,4.4573266501857916,0.9533133060354183,0.6931471805599453,0.6382135745104547,0.18181616827934197,0.0,0.0,-0.14935064935064934,1,0
cat,n1000,4,384,0.001,margin_targeted,1.0,92,random,3,616,524,92,2058,78,0.6499020587151569,0.6112730806608357,0.0020658552209157767,0.022636013820966316,4.683969743174539,0.95585278360309,0.6931471805599453,0.6382135745104547,0.18181616827934197,0.0,0.0,-0.14935064935064934,1,0
cat,n1000,4,384,0.001,margin_targeted,1.0,92,random,4,616,524,92,2058,79,0.6491022744396464,0.6214771622934888,0.002626391960995414,0.025184590813177157,4.873905435635727,0.9504158223855561,0.6931471805599453,0.6382135745104547,0.18181616827934197,0.0,0.0,-0.14935064935064934,1,0
cat,n1000,4,384,0.001,margin_targeted,1.0,92,random,5,616,524,92,2058,80,0.647325385544171,0.6146744412050534,0.0029534080107026014,0.026610748314785798,4.830817600490662,0.9526674776178171,0.6931471805599453,0.6382135745104547,0.18181616827934197,0.0,0.0,-0.14935064935064934,1,0
cat,n1000,4,384,0.001,margin_targeted,1.0,92,random,6,616,524,92,2058,79,0.6473031425887055,0.6117589893100097,0.00197538774518337,0.021760987571923518,4.325795721956597,0.9635681841167859,0.6931471805599453,0.6382135745104547,0.18181616827934197,0.0,0.0,-0.14935064935064934,1,0
cat,n1000,4,384,0.001,margin_targeted,1.0,92,random,7,616,524,92,2058,85,0.6493353328123012,0.6156462585034014,0.0033398220089619424,0.028115057956535926,5.016143279797758,0.9546735110754883,0.6931471805599453,0.6382135745104547,0.18181616827934197,0.0,0.0,-0.14935064935064934,1,0
cat,n1000,4,384,0.001,margin_targeted,1.0,92,random,8,616,524,92,2058,82,0.6483311280945335,0.6117589893100097,0.00245112146916536,0.024128969393691357,4.7934323942295185,0.9567690092264796,0.6931471805599453,0.6382135745104547,0.18181616827934197,0.0,0.0,-0.14935064935064934,1,0
cat,n1000,4,384,0.001,margin_targeted,1.0,92,random,9,616,524,92,2058,81,0.6494707493996492,0.6146744412050534,0.0018803168425104004,0.021676026672779635,4.584498276293098,0.9544616423152728,0.6931471805599453,0.6382135745104547,0.18181616827934197,0.0,0.0,-0.14935064935064934,1,0
cat,n3000,0,384,0.001,margin_targeted,1.0,275,none,-1,1835,1835,0,2058,275,0.6489068128770012,0.6209912536443148,0.00040570574539584777,0.010112693987695898,2.225430134500812,0.986606712481945,0.6931471805599453,0.637958041958042,0.18039453389106075,0.0,0.0,-0.14986376021798364,1,0
cat,n3000,0,384,0.001,margin_targeted,1.0,275,detector,-1,1835,1560,275,2058,275,0.6448118204636164,0.6166180758017493,0.0222099270086386,0.06813208828880352,6.071980822901283,0.9737104287044535,0.6931471805599453,0.637958041958042,0.18039453389106075,0.0,0.0,-0.14986376021798364,1,0
cat,n3000,0,384,0.001,margin_targeted,1.0,275,margin_matched,-1,1835,1560,275,2058,275,0.6579201581215339,0.6146744412050534,0.0022915683111544285,0.02359250968501476,3.0643773202051574,0.9590636497492666,0.6931471805599453,0.637958041958042,0.18039453389106075,0.0,0.0,-0.14986376021798364,1,0
cat,n3000,0,384,0.001,margin_targeted,1.0,275,oracle_delete,-1,1835,1560,275,2058,0,0.6481110662040775,0.6190476190476191,0.00024107805741456644,0.007629799729495983,1.3589278198301438,0.9958145725254902,0.6931471805599453,0.637958041958042,0.18039453389106075,0.0,0.0,-0.14986376021798364,1,0
cat,n3000,0,384,0.001,margin_targeted,1.0,275,oracle_correct,-1,1835,1835,0,2058,0,0.6498022362115391,0.6146744412050534,0.0,0.0,0.0,1.0,0.6931471805599453,0.637958041958042,0.18039453389106075,0.0,0.0,-0.14986376021798364,1,0
cat,n3000,0,384,0.001,margin_targeted,1.0,275,matched_clean,-1,1835,1560,275,2058,0,0.6441660898633961,0.6209912536443148,0.019508519539416472,0.06371051971005322,5.187068259281201,0.9826321157216886,0.6931471805599453,0.637958041958042,0.18039453389106075,0.0,0.0,-0.14986376021798364,1,0
cat,n3000,0,384,0.001,margin_targeted,1.0,275,random,0,1835,1560,275,2058,228,0.6490383711477503,0.6209912536443148,0.0006151589444719075,0.012489059796145684,2.596123515036882,0.9800107757018102,0.6931471805599453,0.637958041958042,0.18039453389106075,0.0,0.0,-0.14986376021798364,1,0
cat,n3000,0,384,0.001,margin_targeted,1.0,275,random,1,1835,1560,275,2058,230,0.6480783231990084,0.6146744412050534,0.0008339628292637905,0.014362314774888228,2.9202608487116923,0.9771999000537961,0.6931471805599453,0.637958041958042,0.18039453389106075,0.0,0.0,-0.14986376021798364,1,0
cat,n3000,0,384,0.001,margin_targeted,1.0,275,random,2,1835,1560,275,2058,241,0.6486804128690353,0.6117589893100097,0.0006482624277752714,0.012725766997442461,2.753660391201345,0.9809555751235173,0.6931471805599453,0.637958041958042,0.18039453389106075,0.0,0.0,-0.14986376021798364,1,0
cat,n3000,0,384,0.001,margin_targeted,1.0,275,random,3,1835,1560,275,2058,245,0.6483843062163149,0.6166180758017493,0.0006954831328452331,0.013197409192818971,2.8372751679008674,0.9758227847769285,0.6931471805599453,0.637958041958042,0.18039453389106075,0.0,0.0,-0.14986376021798364,1,0
cat,n3000,0,384,0.001,margin_targeted,1.0,275,random,4,1835,1560,275,2058,239,0.6489875785462692,0.6234207968901846,0.0006590425129818058,0.013110134814309119,2.769980326241166,0.9765653304423927,0.6931471805599453,0.637958041958042,0.18039453389106075,0.0,0.0,-0.14986376021798364,1,0
cat,n3000,0,384,0.001,margin_targeted,1.0,275,random,5,1835,1560,275,2058,233,0.6491886416676196,0.6175898931000972,0.0006360496935995687,0.012448586495109989,2.654874737751864,0.9802713844370599,0.6931471805599453,0.637958041958042,0.18039453389106075,0.0,0.0,-0.14986376021798364,1,0
cat,n3000,0,384,0.001,margin_targeted,1.0,275,random,6,1835,1560,275,2058,240,0.648836759679651,0.6156462585034014,0.0006513700208541849,0.012536339221750481,2.7740942858556266,0.977714243567417,0.6931471805599453,0.637958041958042,0.18039453389106075,0.0,0.0,-0.14986376021798364,1,0
cat,n3000,0,384,0.001,margin_targeted,1.0,275,random,7,1835,1560,275,2058,231,0.6484082263795053,0.619533527696793,0.0006096826970118101,0.012385406715442505,2.6810900083415916,0.9783635261724419,0.6931471805599453,0.637958041958042,0.18039453389106075,0.0,0.0,-0.14986376021798364,1,0
cat,n3000,0,384,0.001,margin_targeted,1.0,275,random,8,1835,1560,275,2058,229,0.6488580229110713,0.6243926141885325,0.0006228361161906517,0.012486365875235066,2.744035898587653,0.976743239680416,0.6931471805599453,0.637958041958042,0.18039453389106075,0.0,0.0,-0.14986376021798364,1,0
cat,n3000,0,384,0.001,margin_targeted,1.0,275,random,9,1835,1560,275,2058,229,0.6487527516244941,0.6209912536443148,0.0006444442325314973,0.012505047738767714,2.6267232228449333,0.9778904911058703,0.6931471805599453,0.637958041958042,0.18039453389106075,0.0,0.0,-0.14986376021798364,1,0
cat,n3000,1,384,0.001,margin_targeted,1.0,275,none,-1,1838,1838,0,2058,275,0.645823925784098,0.6268221574344023,0.0004844923064537474,0.010820305676085802,2.3425017336341245,0.9846032713857402,0.6931471805599453,0.6439039143837608,0.18309134203052782,0.0,0.0,-0.14961915125136016,1,0
cat,n3000,1,384,0.001,margin_targeted,1.0,275,detector,-1,1838,1563,275,2058,275,0.6417380741753791,0.6205053449951409,0.020673189832963387,0.06598644230849202,6.053323050145596,0.9771255957877014,0.6931471805599453,0.6439039143837608,0.18309134203052782,0.0,0.0,-0.14961915125136016,1,0
cat,n3000,1,384,0.001,margin_targeted,1.0,275,margin_matched,-1,1838,1563,275,2058,275,0.6536485487995841,0.6345966958211856,0.0020925461025445946,0.02247533376509013,3.055712176537664,0.9609683209099046,0.6931471805599453,0.6439039143837608,0.18309134203052782,0.0,0.0,-0.14961915125136016,1,0
cat,n3000,1,384,0.001,margin_targeted,1.0,275,oracle_delete,-1,1838,1563,275,2058,0,0.6449210518571599,0.6229348882410107,0.0002752221063712484,0.00818507551327618,1.4124802974704456,0.9951688996771111,0.6931471805599453,0.6439039143837608,0.18309134203052782,0.0,0.0,-0.14961915125136016,1,0
cat,n3000,1,384,0.001,margin_targeted,1.0,275,oracle_correct,-1,1838,1838,0,2058,0,0.6469710599979467,0.6190476190476191,0.0,0.0,0.0,1.0,0.6931471805599453,0.6439039143837608,0.18309134203052782,0.0,0.0,-0.14961915125136016,1,0
cat,n3000,1,384,0.001,margin_targeted,1.0,275,matched_clean,-1,1838,1563,275,2058,0,0.6413766536231378,0.6156462585034014,0.01805415085880153,0.06144906661316981,5.122516429314998,0.9859219724846933,0.6931471805599453,0.6439039143837608,0.18309134203052782,0.0,0.0,-0.14961915125136016,1,0
cat,n3000,1,384,0.001,margin_targeted,1.0,275,random,0,1838,1563,275,2058,238,0.646034896486266,0.6234207968901846,0.0008314361778479964,0.014120473258096566,2.9021179772038885,0.9755173721056423,0.6931471805599453,0.6439039143837608,0.18309134203052782,0.0,0.0,-0.14961915125136016,1,0
cat,n3000,1,384,0.001,margin_targeted,1.0,275,random,1,1838,1563,275,2058,226,0.6464615240463266,0.6268221574344023,0.0006769191559322322,0.013022308440868399,2.84307658799855,0.9762274671326994,0.6931471805599453,0.6439039143837608,0.18309134203052782,0.0,0.0,-0.14961915125136016,1,0
cat,n3000,1,384,0.001,margin_targeted,1.0,275,random,2,1838,1563,275,2058,233,0.6458851939309503,0.6239067055393586,0.0007288980293297481,0.013414008169056881,2.762399856886961,0.9790240496863205,0.6931471805599453,0.6439039143837608,0.18309134203052782,0.0,0.0,-0.14961915125136016,1,0
cat,n3000,1,384,0.001,margin_targeted,1.0,275,random,3,1838,1563,275,2058,226,0.646455916669809,0.6214771622934888,0.0006566860417650513,0.012704263560141286,2.5770497309856273,0.9812216425487369,0.6931471805599453,0.6439039143837608,0.18309134203052782,0.0,0.0,-0.14961915125136016,1,0
cat,n3000,1,384,0.001,margin_targeted,1.0,275,random,4,1838,1563,275,2058,230,0.6457524274330155,0.6209912536443148,0.0007039743833211139,0.013099132601441865,2.8023713039801654,0.9782636810195061,0.6931471805599453,0.6439039143837608,0.18309134203052782,0.0,0.0,-0.14961915125136016,1,0
cat,n3000,1,384,0.001,margin_targeted,1.0,275,random,5,1838,1563,275,2058,235,0.6465169736757114,0.6258503401360545,0.000746493417377956,0.013742618612449565,2.8802891841813913,0.974065879596585,0.6931471805599453,0.6439039143837608,0.18309134203052782,0.0,0.0,-0.14961915125136016,1,0
cat,n3000,1,384,0.001,margin_targeted,1.0,275,random,6,1838,1563,275,2058,231,0.6453227962560383,0.6311953352769679,0.0007900097041289029,0.01396898939034474,2.955744106785254,0.9731460235657676,0.6931471805599453,0.6439039143837608,0.18309134203052782,0.0,0.0,-0.14961915125136016,1,0
cat,n3000,1,384,0.001,margin_targeted,1.0,275,random,7,1838,1563,275,2058,225,0.6451327091468377,0.6243926141885325,0.0007391919363906507,0.013359820712419548,2.763449171918461,0.9815426231560084,0.6931471805599453,0.6439039143837608,0.18309134203052782,0.0,0.0,-0.14961915125136016,1,0
cat,n3000,1,384,0.001,margin_targeted,1.0,275,random,8,1838,1563,275,2058,239,0.6460115312072167,0.6292517006802721,0.0007959658214354173,0.014079850299179636,3.0563260622990667,0.9715944642520509,0.6931471805599453,0.6439039143837608,0.18309134203052782,0.0,0.0,-0.14961915125136016,1,0
cat,n3000,1,384,0.001,margin_targeted,1.0,275,random,9,1838,1563,275,2058,233,0.6466059756624,0.6253644314868805,0.0006019861344723398,0.012114322522470985,2.671353473656194,0.9804906943622909,0.6931471805599453,0.6439039143837608,0.18309134203052782,0.0,0.0,-0.14961915125136016,1,0
cat,n3000,2,384,0.001,margin_targeted,1.0,280,none,-1,1870,1870,0,2058,280,0.6463951647297073,0.620019436345967,0.0004087174110897719,0.010090983901841757,2.295232330301679,0.9887297064604474,0.6931471805599453,0.6644699011680144,0.19307108792801214,0.0,0.0,-0.1497326203208556,1,0
cat,n3000,2,384,0.001,margin_targeted,1.0,280,detector,-1,1870,1590,280,2058,280,0.6463976016788663,0.6166180758017493,0.020008176904094458,0.06493065904649255,6.127718179276149,0.977021117976065,0.6931471805599453,0.6644699011680144,0.19307108792801214,0.0,0.0,-0.1497326203208556,1,0
cat,n3000,2,384,0.001,margin_targeted,1.0,280,margin_matched,-1,1870,1590,280,2058,280,0.6538360482386419,0.6073858114674441,0.0019221779417352362,0.021783018758631492,3.043684894286398,0.9740698473001143,0.6931471805599453,0.6644699011680144,0.19307108792801214,0.0,0.0,-0.1497326203208556,1,0
cat,n3000,2,384,0.001,margin_targeted,1.0,280,oracle_delete,-1,1870,1590,280,2058,0,0.6451033124091128,0.6209912536443148,0.0002553845252285669,0.007873794135432188,1.4055362740820474,0.9963673375068752,0.6931471805599453,0.6644699011680144,0.19307108792801214,0.0,0.0,-0.1497326203208556,1,0
cat,n3000,2,384,0.001,margin_targeted,1.0,280,oracle_correct,-1,1870,1870,0,2058,0,0.6460955258853627,0.6229348882410107,0.0,0.0,0.0,1.0,0.6931471805599453,0.6644699011680144,0.19307108792801214,0.0,0.0,-0.1497326203208556,1,0
cat,n3000,2,384,0.001,margin_targeted,1.0,280,matched_clean,-1,1870,1590,280,2058,0,0.6445557103313798,0.6205053449951409,0.017830539726554604,0.061043811570621345,5.230270196732957,0.9842818915300219,0.6931471805599453,0.6644699011680144,0.19307108792801214,0.0,0.0,-0.1497326203208556,1,0
cat,n3000,2,384,0.001,margin_targeted,1.0,280,random,0,1870,1590,280,2058,231,0.646386409572725,0.6190476190476191,0.0005829975434899315,0.012207601436892526,2.721018050668581,0.9831059492851535,0.6931471805599453,0.6644699011680144,0.19307108792801214,0.0,0.0,-0.1497326203208556,1,0
cat,n3000,2,384,0.001,margin_targeted,1.0,280,random,1,1870,1590,280,2058,240,0.6466806895607223,0.6175898931000972,0.0006512932721347377,0.012635918156020347,2.7752352280381896,0.983003598504035,0.6931471805599453,0.6644699011680144,0.19307108792801214,0.0,0.0,-0.1497326203208556,1,0
cat,n3000,2,384,0.001,margin_targeted,1.0,280,random,2,1870,1590,280,2058,230,0.6462147524450136,0.6205053449951409,0.0006491554851659046,0.012771747045167406,2.767860450227903,0.9842611237271975,0.6931471805599453,0.6644699011680144,0.19307108792801214,0.0,0.0,-0.1497326203208556,1,0
cat,n3000,2,384,0.001,margin_targeted,1.0,280,random,3,1870,1590,280,2058,238,0.6469451527039091,0.6146744412050534,0.0006500714222639442,0.012800652149295325,2.854726577141475,0.9809020620644664,0.6931471805599453,0.6644699011680144,0.19307108792801214,0.0,0.0,-0.1497326203208556,1,0
cat,n3000,2,384,0.001,margin_targeted,1.0,280,random,4,1870,1590,280,2058,229,0.6452237060589008,0.6234207968901846,0.0005901852239285437,0.012253816468813425,2.759929282818849,0.9823637973612609,0.6931471805599453,0.6644699011680144,0.19307108792801214,0.0,0.0,-0.1497326203208556,1,0
cat,n3000,2,384,0.001,margin_targeted,1.0,280,random,5,1870,1590,280,2058,238,0.6467136078704586,0.6205053449951409,0.0006157567012128852,0.012438918739129204,2.7858671284938996,0.9812598051933701,0.6931471805599453,0.6644699011680144,0.19307108792801214,0.0,0.0,-0.1497326203208556,1,0
cat,n3000,2,384,0.001,margin_targeted,1.0,280,random,6,1870,1590,280,2058,247,0.6467095023176486,0.6141885325558795,0.0005932876533600644,0.012209417657880688,2.8154950941997474,0.9827462154208915,0.6931471805599453,0.6644699011680144,0.19307108792801214,0.0,0.0,-0.1497326203208556,1,0
cat,n3000,2,384,0.001,margin_targeted,1.0,280,random,7,1870,1590,280,2058,238,0.6462093503185581,0.6166180758017493,0.0005045011290753856,0.011246973883104257,2.653142661590028,0.9870990078442744,0.6931471805599453,0.6644699011680144,0.19307108792801214,0.0,0.0,-0.1497326203208556,1,0
cat,n3000,2,384,0.001,margin_targeted,1.0,280,random,8,1870,1590,280,2058,241,0.645870662129975,0.6214771622934888,0.0005582354071283984,0.011967982215974716,2.7536447220346485,0.9853558905025313,0.6931471805599453,0.6644699011680144,0.19307108792801214,0.0,0.0,-0.1497326203208556,1,0
cat,n3000,2,384,0.001,margin_targeted,1.0,280,random,9,1870,1590,280,2058,241,0.6468409463187216,0.6146744412050534,0.0007700769719376113,0.01387761504899722,2.749775033412409,0.9811579982161704,0.6931471805599453,0.6644699011680144,0.19307108792801214,0.0,0.0,-0.1497326203208556,1,0
cat,n3000,3,384,0.001,margin_targeted,1.0,279,none,-1,1861,1861,0,2058,279,0.6471848602310166,0.6156462585034014,0.000497441138023561,0.011062300585042486,2.3646093645942674,0.9831244386183939,0.6931471805599453,0.6489177077244448,0.1852824518150511,0.0,0.0,-0.14991939817302524,1,0
cat,n3000,3,384,0.001,margin_targeted,1.0,279,detector,-1,1861,1582,279,2058,279,0.6446493446447851,0.6209912536443148,0.02345354315196061,0.06970413339950249,6.32406569234542,0.9720672528859603,0.6931471805599453,0.6489177077244448,0.1852824518150511,0.0,0.0,-0.14991939817302524,1,0
cat,n3000,3,384,0.001,margin_targeted,1.0,279,margin_matched,-1,1861,1582,279,2058,279,0.6561676590924792,0.6127308066083577,0.0020848958435054736,0.022851096606070143,2.966181206542517,0.960357395066861,0.6931471805599453,0.6489177077244448,0.1852824518150511,0.0,0.0,-0.14991939817302524,1,0
cat,n3000,3,384,0.001,margin_targeted,1.0,279,oracle_delete,-1,1861,1582,279,2058,0,0.6465052190546396,0.6171039844509232,0.00028415172170007097,0.008312412058795796,1.4539123039137714,0.9945592665730039,0.6931471805599453,0.6489177077244448,0.1852824518150511,0.0,0.0,-0.14991939817302524,1,0
cat,n3000,3,384,0.001,margin_targeted,1.0,279,oracle_correct,-1,1861,1861,0,2058,0,0.6487834217561271,0.6190476190476191,0.0,0.0,0.0,1.0,0.6931471805599453,0.6489177077244448,0.1852824518150511,0.0,0.0,-0.14991939817302524,1,0
cat,n3000,3,384,0.001,margin_targeted,1.0,279,matched_clean,-1,1861,1582,279,2058,0,0.6445497882497113,0.6190476190476191,0.020408857281731023,0.0651520555048354,5.40103632126058,0.9808631656287228,0.6931471805599453,0.6489177077244448,0.1852824518150511,0.0,0.0,-0.14991939817302524,1,0
cat,n3000,3,384,0.001,margin_targeted,1.0,279,random,0,1861,1582,279,2058,244,0.6483756226912415,0.6166180758017493,0.0006525690764686568,0.012957834497805609,2.8129358224145955,0.9759111508486609,0.6931471805599453,0.6489177077244448,0.1852824518150511,0.0,0.0,-0.14991939817302524,1,0
cat,n3000,3,384,0.001,margin_targeted,1.0,279,random,1,1861,1582,279,2058,222,0.6465047033486786,0.6151603498542274,0.0006905931602550751,0.013018472519211316,2.874533999255612,0.9769872754749694,0.6931471805599453,0.6489177077244448,0.1852824518150511,0.0,0.0,-0.14991939817302524,1,0
cat,n3000,3,384,0.001,margin_targeted,1.0,279,random,2,1861,1582,279,2058,233,0.649120666979472,0.6156462585034014,0.0007654845384475308,0.013816451621187942,2.7546041296802435,0.9712256123792966,0.6931471805599453,0.6489177077244448,0.1852824518150511,0.0,0.0,-0.14991939817302524,1,0
cat,n3000,3,384,0.001,margin_targeted,1.0,279,random,3,1861,1582,279,2058,242,0.645579279720992,0.6166180758017493,0.0008853276301359803,0.014739200348241893,2.9501538795728517,0.9760176579437816,0.6931471805599453,0.6489177077244448,0.1852824518150511,0.0,0.0,-0.14991939817302524,1,0
cat,n3000,3,384,0.001,margin_targeted,1.0,279,random,4,1861,1582,279,2058,237,0.6458077477948445,0.619533527696793,0.0007303065542801711,0.013571294882768406,2.810990201119225,0.9782470681539657,0.6931471805599453,0.6489177077244448,0.1852824518150511,0.0,0.0,-0.14991939817302524,1,0
cat,n3000,3,384,0.001,margin_targeted,1.0,279,random,5,1861,1582,279,2058,244,0.647313320544762,0.6234207968901846,0.0008085115941337043,0.014276358772490703,3.03641225383814,0.9749188477453857,0.6931471805599453,0.6489177077244448,0.1852824518150511,0.0,0.0,-0.14991939817302524,1,0
cat,n3000,3,384,0.001,margin_targeted,1.0,279,random,6,1861,1582,279,2058,234,0.6482554188541046,0.620019436345967,0.0006925766065738758,0.013244148620203565,2.824431066337003,0.974484810991748,0.6931471805599453,0.6489177077244448,0.1852824518150511,0.0,0.0,-0.14991939817302524,1,0
cat,n3000,3,384,0.001,margin_targeted,1.0,279,random,7,1861,1582,279,2058,231,0.6478111393394769,0.6127308066083577,0.0008608130258864021,0.014486283714251015,2.889917224413556,0.9740556189115039,0.6931471805599453,0.6489177077244448,0.1852824518150511,0.0,0.0,-0.14991939817302524,1,0
cat,n3000,3,384,0.001,margin_targeted,1.0,279,random,8,1861,1582,279,2058,235,0.6487309762892426,0.619533527696793,0.000658140016471062,0.012906276023892202,2.816710775507863,0.9751078216722586,0.6931471805599453,0.6489177077244448,0.1852824518150511,0.0,0.0,-0.14991939817302524,1,0
cat,n3000,3,384,0.001,margin_targeted,1.0,279,random,9,1861,1582,279,2058,239,0.6460639183357311,0.6190476190476191,0.0008938727637449834,0.014922984324613246,2.844894012540751,0.9784940157087426,0.6931471805599453,0.6489177077244448,0.1852824518150511,0.0,0.0,-0.14991939817302524,1,0
cat,n3000,4,384,0.0001,margin_targeted,1.0,276,none,-1,1842,1842,0,2058,276,0.6549581948863584,0.607871720116618,0.00763612622984467,0.04194352151256834,12.067357410810846,0.9305284449894108,0.6931471805599453,0.6190006848427638,0.1718706986154228,0.0036231884057971015,0.0036231884057971015,-0.14621394514469152,1,1
cat,n3000,4,384,0.0001,margin_targeted,1.0,276,detector,-1,1842,1566,276,2058,275,0.7285641430869231,0.6161321671525753,0.07787213631378,0.11550034389802138,23.232093344014242,0.9145370798687342,0.6931471805599453,0.6190006848427638,0.1718706986154228,0.0036231884057971015,0.0036231884057971015,-0.14621394514469152,1,1
cat,n3000,4,384,0.0001,margin_targeted,1.0,276,margin_matched,-1,1842,1566,276,2058,276,0.6552919786807959,0.6034985422740525,0.011599123453862045,0.05269776646401126,14.670712562503164,0.877968470453917,0.6931471805599453,0.6190006848427638,0.1718706986154228,0.0036231884057971015,0.0036231884057971015,-0.14621394514469152,1,1
cat,n3000,4,384,0.0001,margin_targeted,1.0,276,oracle_delete,-1,1842,1566,276,2058,0,0.652994726652304,0.6098153547133139,0.0029977439415679328,0.026353395585852524,7.472793130874669,0.9725062582176817,0.6931471805599453,0.6190006848427638,0.1718706986154228,0.0036231884057971015,0.0036231884057971015,-0.14621394514469152,1,1
cat,n3000,4,384,0.0001,margin_targeted,1.0,276,oracle_correct,-1,1842,1842,0,2058,0,0.6490752290242977,0.6214771622934888,0.0,0.0,0.0,1.0,0.6931471805599453,0.6190006848427638,0.1718706986154228,0.0036231884057971015,0.0036231884057971015,-0.14621394514469152,1,1
cat,n3000,4,384,0.0001,margin_targeted,1.0,276,matched_clean,-1,1842,1566,276,2058,0,0.7051385797441869,0.6166180758017493,0.05128436199552285,0.0960508112622896,16.383393214524133,0.9537340368020294,0.6931471805599453,0.6190006848427638,0.1718706986154228,0.0036231884057971015,0.0036231884057971015,-0.14621394514469152,1,1
cat,n3000,4,384,0.0001,margin_targeted,1.0,276,random,0,1842,1566,276,2058,235,0.6671109553766992,0.6015549076773566,0.011134883971568465,0.05066377336488888,14.538022462470764,0.9066065739289666,0.6931471805599453,0.6190006848427638,0.1718706986154228,0.0036231884057971015,0.0036231884057971015,-0.14621394514469152,1,1
cat,n3000,4,384,0.0001,margin_targeted,1.0,276,random,1,1842,1566,276,2058,229,0.6640601669472727,0.6015549076773566,0.012368734215535358,0.05367512353585785,15.172182634597911,0.902827808531836,0.6931471805599453,0.6190006848427638,0.1718706986154228,0.0036231884057971015,0.0036231884057971015,-0.14621394514469152,1,1
cat,n3000,4,384,0.0001,margin_targeted,1.0,276,random,2,1842,1566,276,2058,227,0.6609935588021523,0.6122448979591837,0.010643901334893529,0.0491239903565629,14.193081472949062,0.9137799781555893,0.6931471805599453,0.6190006848427638,0.1718706986154228,0.0036231884057971015,0.0036231884057971015,-0.14621394514469152,1,1
cat,n3000,4,384,0.0001,margin_targeted,1.0,276,random,3,1842,1566,276,2058,229,0.6562289463587045,0.6112730806608357,0.009971582679159569,0.048267523565878344,13.753430534340197,0.9087945407736603,0.6931471805599453,0.6190006848427638,0.1718706986154228,0.0036231884057971015,0.0036231884057971015,-0.14621394514469152,1,1
cat,n3000,4,384,0.0001,margin_targeted,1.0,276,random,4,1842,1566,276,2058,235,0.6576866918019721,0.6107871720116618,0.00922297469657317,0.04585604285026786,14.010507394815193,0.9199467283623547,0.6931471805599453,0.6190006848427638,0.1718706986154228,0.0036231884057971015,0.0036231884057971015,-0.14621394514469152,1,1
cat,n3000,4,384,0.0001,margin_targeted,1.0,276,random,5,1842,1566,276,2058,236,0.6594493914541091,0.6098153547133139,0.010590162209399068,0.04883278199424668,14.308327102436088,0.9137667107166887,0.6931471805599453,0.6190006848427638,0.1718706986154228,0.0036231884057971015,0.0036231884057971015,-0.14621394514469152,1,1
cat,n3000,4,384,0.0001,margin_targeted,1.0,276,random,6,1842,1566,276,2058,231,0.6560504486584615,0.6137026239067055,0.012410512609014521,0.0539215830093322,15.632424238576133,0.8888375606060605,0.6931471805599453,0.6190006848427638,0.1718706986154228,0.0036231884057971015,0.0036231884057971015,-0.14621394514469152,1,1
cat,n3000,4,384,0.0001,margin_targeted,1.0,276,random,7,1842,1566,276,2058,236,0.6611669810221198,0.6044703595724004,0.011287902542165015,0.051523317906330246,14.660769453485571,0.8972378470491991,0.6931471805599453,0.6190006848427638,0.1718706986154228,0.0036231884057971015,0.0036231884057971015,-0.14621394514469152,1,1
cat,n3000,4,384,0.0001,margin_targeted,1.0,276,random,8,1842,1566,276,2058,236,0.6555826902120071,0.6151603498542274,0.011789147630503174,0.05153827187311057,14.956005442898759,0.9022962477731289,0.6931471805599453,0.6190006848427638,0.1718706986154228,0.0036231884057971015,0.0036231884057971015,-0.14621394514469152,1,1
cat,n3000,4,384,0.0001,margin_targeted,1.0,276,random,9,1842,1566,276,2058,235,0.6533327782670039,0.6141885325558795,0.008724103264524047,0.04504726845794962,13.569020415873114,0.9204070989928518,0.6931471805599453,0.6190006848427638,0.1718706986154228,0.0036231884057971015,0.0036231884057971015,-0.14621394514469152,1,1
resp,n300,0,384,0.01,margin_targeted,1.0,31,none,-1,210,210,0,2352,31,0.6590504983079155,0.5999149659863946,0.004331984274133701,0.03427477623265041,2.12062943490277,0.9017316971415162,0.6931471805599453,0.46332672553613263,0.12957861236295196,0.03225806451612903,0.03225806451612903,-0.11536098310291859,1,1
resp,n300,0,384,0.01,margin_targeted,1.0,31,detector,-1,210,179,31,2352,30,0.6554686054651147,0.6028911564625851,0.012687643671459338,0.05702556297723926,2.8743313768508183,0.8803875060199512,0.6931471805599453,0.46332672553613263,0.12957861236295196,0.03225806451612903,0.03225806451612903,-0.11536098310291859,1,1
resp,n300,0,384,0.01,margin_targeted,1.0,31,margin_matched,-1,210,179,31,2352,31,0.6561303351646542,0.6016156462585034,0.006813754285934799,0.04294166416124659,2.585330231090604,0.868639845519153,0.6931471805599453,0.46332672553613263,0.12957861236295196,0.03225806451612903,0.03225806451612903,-0.11536098310291859,1,1
resp,n300,0,384,0.01,margin_targeted,1.0,31,oracle_delete,-1,210,179,31,2352,0,0.659420620467046,0.5999149659863946,0.002231320390427249,0.024510984678710764,1.3539464790241929,0.95881936734861,0.6931471805599453,0.46332672553613263,0.12957861236295196,0.03225806451612903,0.03225806451612903,-0.11536098310291859,1,1
resp,n300,0,384,0.01,margin_targeted,1.0,31,oracle_correct,-1,210,210,0,2352,0,0.6649361005627078,0.5960884353741497,0.0,0.0,0.0,1.0,0.6931471805599453,0.46332672553613263,0.12957861236295196,0.03225806451612903,0.03225806451612903,-0.11536098310291859,1,1
resp,n300,0,384,0.01,margin_targeted,1.0,31,matched_clean,-1,210,179,31,2352,0,0.6577651396184331,0.5960884353741497,0.0028935936518057893,0.028241431977207264,1.4569050251378315,0.9638662144041977,0.6931471805599453,0.46332672553613263,0.12957861236295196,0.03225806451612903,0.03225806451612903,-0.11536098310291859,1,1
resp,n300,0,384,0.01,margin_targeted,1.0,31,random,0,210,179,31,2352,28,0.6613546616020709,0.5956632653061225,0.006102890830128929,0.040797293523920274,2.4440386722594205,0.8494891323278511,0.6931471805599453,0.46332672553613263,0.12957861236295196,0.03225806451612903,0.03225806451612903,-0.11536098310291859,1,1
resp,n300,0,384,0.01,margin_targeted,1.0,31,random,1,210,179,31,2352,30,0.6599242881576152,0.5935374149659864,0.0063574514561275325,0.04208673647383615,2.624411625607606,0.8613600730976265,0.6931471805599453,0.46332672553613263,0.12957861236295196,0.03225806451612903,0.03225806451612903,-0.11536098310291859,1,1
resp,n300,0,384,0.01,margin_targeted,1.0,31,random,2,210,179,31,2352,28,0.6616119075226388,0.5833333333333334,0.004597035586415116,0.03586081116222972,2.340569575608266,0.8821307237199885,0.6931471805599453,0.46332672553613263,0.12957861236295196,0.03225806451612903,0.03225806451612903,-0.11536098310291859,1,1
resp,n300,0,384,0.01,margin_targeted,1.0,31,random,3,210,179,31,2352,28,0.6593125921349116,0.6016156462585034,0.006090642622510846,0.040672457252726044,2.4798887099295404,0.8662087643700365,0.6931471805599453,0.46332672553613263,0.12957861236295196,0.03225806451612903,0.03225806451612903,-0.11536098310291859,1,1
resp,n300,0,384,0.01,margin_targeted,1.0,31,random,4,210,179,31,2352,26,0.6572707627624623,0.6003401360544217,0.005722497528617149,0.03937410645334492,2.4225617011785756,0.8911903464360109,0.6931471805599453,0.46332672553613263,0.12957861236295196,0.03225806451612903,0.03225806451612903,-0.11536098310291859,1,1
resp,n300,0,384,0.01,margin_targeted,1.0,31,random,5,210,179,31,2352,28,0.6589618955043286,0.6024659863945578,0.004770532561745499,0.036192748876058126,2.375326440400743,0.8878480277704339,0.6931471805599453,0.46332672553613263,0.12957861236295196,0.03225806451612903,0.03225806451612903,-0.11536098310291859,1,1
resp,n300,0,384,0.01,margin_targeted,1.0,31,random,6,210,179,31,2352,28,0.6597144508642275,0.5977891156462585,0.005391237174333871,0.03842693246073148,2.4983559594734315,0.8723138626019633,0.6931471805599453,0.46332672553613263,0.12957861236295196,0.03225806451612903,0.03225806451612903,-0.11536098310291859,1,1
resp,n300,0,384,0.01,margin_targeted,1.0,31,random,7,210,179,31,2352,25,0.6611508986540369,0.592687074829932,0.0049920613056653185,0.03734597989600015,2.3996967330657615,0.8707507864391515,0.6931471805599453,0.46332672553613263,0.12957861236295196,0.03225806451612903,0.03225806451612903,-0.11536098310291859,1,1
resp,n300,0,384,0.01,margin_targeted,1.0,31,random,8,210,179,31,2352,26,0.6579733328219852,0.6016156462585034,0.0050141347052311104,0.036587198356692455,2.3269077058131646,0.8933949610660423,0.6931471805599453,0.46332672553613263,0.12957861236295196,0.03225806451612903,0.03225806451612903,-0.11536098310291859,1,1
resp,n300,0,384,0.01,margin_targeted,1.0,31,random,9,210,179,31,2352,26,0.656573494495047,0.6050170068027211,0.005293895158438322,0.03761613921562233,2.3661872934267403,0.8883161943382166,0.6931471805599453,0.46332672553613263,0.12957861236295196,0.03225806451612903,0.03225806451612903,-0.11536098310291859,1,1
resp,n300,1,384,0.1,margin_targeted,1.0,31,none,-1,210,210,0,2352,31,0.6843998675289433,0.6020408163265306,6.08002757506066e-05,0.004279967951377805,0.2500660148374449,0.9417530348553671,0.6931471805599453,0.5698324022346368,0.1581246818128025,0.03225806451612903,0.03225806451612903,-0.11536098310291859,1,1
resp,n300,1,384,0.1,margin_targeted,1.0,31,detector,-1,210,179,31,2352,30,0.6806102892739787,0.5990646258503401,0.00033319131134815607,0.009831360825890405,0.3969283511838435,0.9334736783773566,0.6931471805599453,0.5698324022346368,0.1581246818128025,0.03225806451612903,0.03225806451612903,-0.11536098310291859,1,1
resp,n300,1,384,0.1,margin_targeted,1.0,31,margin_matched,-1,210,179,31,2352,31,0.6841381352360603,0.6011904761904762,0.00010556064227977706,0.005626072844341225,0.3200282167004538,0.9094614088349646,0.6931471805599453,0.5698324022346368,0.1581246818128025,0.03225806451612903,0.03225806451612903,-0.11536098310291859,1,1
resp,n300,1,384,0.1,margin_targeted,1.0,31,oracle_delete,-1,210,179,31,2352,0,0.6841930979621269,0.6007653061224489,4.460018035684252e-05,0.003621800246285285,0.16242784707721256,0.98143054321931,0.6931471805599453,0.5698324022346368,0.1581246818128025,0.03225806451612903,0.03225806451612903,-0.11536098310291859,1,1
resp,n300,1,384,0.1,margin_targeted,1.0,31,oracle_correct,-1,210,210,0,2352,0,0.6863168371208136,0.594812925170068,0.0,0.0,0.0,1.0,0.6931471805599453,0.5698324022346368,0.1581246818128025,0.03225806451612903,0.03225806451612903,-0.11536098310291859,1,1
resp,n300,1,384,0.1,margin_targeted,1.0,31,matched_clean,-1,210,179,31,2352,0,0.6826961754143874,0.5982142857142857,0.0001465300393691359,0.006401352750077056,0.2264779543005436,0.9809922801891324,0.6931471805599453,0.5698324022346368,0.1581246818128025,0.03225806451612903,0.03225806451612903,-0.11536098310291859,1,1
resp,n300,1,384,0.1,margin_targeted,1.0,31,random,0,210,179,31,2352,27,0.6840592120868801,0.6075680272108843,9.128581086437321e-05,0.005207949915463745,0.29442494277306974,0.9166456399011556,0.6931471805599453,0.5698324022346368,0.1581246818128025,0.03225806451612903,0.03225806451612903,-0.11536098310291859,1,1
resp,n300,1,384,0.1,margin_targeted,1.0,31,random,1,210,179,31,2352,29,0.6842907397746371,0.6003401360544217,7.29486680907057e-05,0.004704726113916234,0.2905913517315678,0.9254611609149653,0.6931471805599453,0.5698324022346368,0.1581246818128025,0.03225806451612903,0.03225806451612903,-0.11536098310291859,1,1
resp,n300,1,384,0.1,margin_targeted,1.0,31,random,2,210,179,31,2352,28,0.6847383808685436,0.5982142857142857,7.409567074968691e-05,0.004762591472206766,0.29806071462779565,0.9241315044455288,0.6931471805599453,0.5698324022346368,0.1581246818128025,0.03225806451612903,0.03225806451612903,-0.11536098310291859,1,1
resp,n300,1,384,0.1,margin_targeted,1.0,31,random,3,210,179,31,2352,27,0.6845592771910993,0.5982142857142857,6.203624965891979e-05,0.004382306331378053,0.2740582082268746,0.9431696535015682,0.6931471805599453,0.5698324022346368,0.1581246818128025,0.03225806451612903,0.03225806451612903,-0.11536098310291859,1,1
resp,n300,1,384,0.1,margin_targeted,1.0,31,random,4,210,179,31,2352,27,0.6846291710888678,0.594812925170068,7.32068774763771e-05,0.0047254849855937475,0.2844969438354152,0.9329473943769293,0.6931471805599453,0.5698324022346368,0.1581246818128025,0.03225806451612903,0.03225806451612903,-0.11536098310291859,1,1
resp,n300,1,384,0.1,margin_targeted,1.0,31,random,5,210,179,31,2352,27,0.6843290150460186,0.5943877551020408,7.38551560140946e-05,0.004693022902396219,0.27615431755583497,0.9254132717225216,0.6931471805599453,0.5698324022346368,0.1581246818128025,0.03225806451612903,0.03225806451612903,-0.11536098310291859,1,1
resp,n300,1,384,0.1,margin_targeted,1.0,31,random,6,210,179,31,2352,24,0.6841162209229792,0.6058673469387755,8.116579478227238e-05,0.004929206534594126,0.2804573149319709,0.9274504604823833,0.6931471805599453,0.5698324022346368,0.1581246818128025,0.03225806451612903,0.03225806451612903,-0.11536098310291859,1,1
resp,n300,1,384,0.1,margin_targeted,1.0,31,random,7,210,179,31,2352,28,0.6849296901444571,0.5956632653061225,6.580844814820471e-05,0.004509846847292741,0.28571966754387584,0.9220802580808751,0.6931471805599453,0.5698324022346368,0.1581246818128025,0.03225806451612903,0.03225806451612903,-0.11536098310291859,1,1
resp,n300,1,384,0.1,margin_targeted,1.0,31,random,8,210,179,31,2352,25,0.6848149989029433,0.5986394557823129,7.280906633833989e-05,0.00467311938892371,0.2934869728654265,0.9147900757272341,0.6931471805599453,0.5698324022346368,0.1581246818128025,0.03225806451612903,0.03225806451612903,-0.11536098310291859,1,1
resp,n300,1,384,0.1,margin_targeted,1.0,31,random,9,210,179,31,2352,26,0.6844666646135542,0.5880102040816326,6.871497950741655e-05,0.004636674817627888,0.27546572561650023,0.9356216982820987,0.6931471805599453,0.5698324022346368,0.1581246818128025,0.03225806451612903,0.03225806451612903,-0.11536098310291859,1,1
resp,n300,2,384,0.01,margin_targeted,1.0,31,none,-1,210,210,0,2352,31,0.6740475649673631,0.5625,0.002266960316330212,0.02566618682313485,1.941250008730543,0.9063278255867717,0.6931471805599453,0.5527122003964678,0.1550789019855208,0.03225806451612903,0.03225806451612903,-0.11536098310291859,1,1
resp,n300,2,384,0.01,margin_targeted,1.0,31,detector,-1,210,179,31,2352,30,0.6696143356453157,0.5701530612244898,0.007815126349093047,0.04677387198348695,2.673749460519001,0.8801236838279297,0.6931471805599453,0.5527122003964678,0.1550789019855208,0.03225806451612903,0.03225806451612903,-0.11536098310291859,1,1
resp,n300,2,384,0.01,margin_targeted,1.0,31,margin_matched,-1,210,179,31,2352,31,0.6731256974890661,0.5633503401360545,0.004210936080501199,0.03534189879348435,2.432260239782544,0.8572946713428841,0.6931471805599453,0.5527122003964678,0.1550789019855208,0.03225806451612903,0.03225806451612903,-0.11536098310291859,1,1
resp,n300,2,384,0.01,margin_targeted,1.0,31,oracle_delete,-1,210,179,31,2352,0,0.6753322213589895,0.5612244897959183,0.001141968726172133,0.01815114346192296,1.2528401421715671,0.9629767264242947,0.6931471805599453,0.5527122003964678,0.1550789019855208,0.03225806451612903,0.03225806451612903,-0.11536098310291859,1,1
resp,n300,2,384,0.01,margin_targeted,1.0,31,oracle_correct,-1,210,210,0,2352,0,0.6773097090783439,0.5607993197278912,0.0,0.0,0.0,1.0,0.6931471805599453,0.5527122003964678,0.1550789019855208,0.03225806451612903,0.03225806451612903,-0.11536098310291859,1,1
resp,n300,2,384,0.01,margin_targeted,1.0,31,matched_clean,-1,210,179,31,2352,0,0.6719747395487629,0.5748299319727891,0.0035422152177972304,0.03122469287010299,1.4836388672951204,0.9406912171682206,0.6931471805599453,0.5527122003964678,0.1550789019855208,0.03225806451612903,0.03225806451612903,-0.11536098310291859,1,1
resp,n300,2,384,0.01,margin_targeted,1.0,31,random,0,210,179,31,2352,27,0.675294607770103,0.5539965986394558,0.003005064160211366,0.02981778457945264,2.2056956485431147,0.8835370458762342,0.6931471805599453,0.5527122003964678,0.1550789019855208,0.03225806451612903,0.03225806451612903,-0.11536098310291859,1,1
resp,n300,2,384,0.01,margin_targeted,1.0,31,random,1,210,179,31,2352,25,0.6748117955169938,0.5701530612244898,0.002479229272505711,0.027090356598425725,2.077367487124414,0.8939868229350916,0.6931471805599453,0.5527122003964678,0.1550789019855208,0.03225806451612903,0.03225806451612903,-0.11536098310291859,1,1
resp,n300,2,384,0.01,margin_targeted,1.0,31,random,2,210,179,31,2352,22,0.6739459013153896,0.5629251700680272,0.002705933421603908,0.028349960791888815,2.0548841564589013,0.8937120946167962,0.6931471805599453,0.5527122003964678,0.1550789019855208,0.03225806451612903,0.03225806451612903,-0.11536098310291859,1,1
resp,n300,2,384,0.01,margin_targeted,1.0,31,random,3,210,179,31,2352,28,0.6731136937660543,0.5667517006802721,0.0030719795307506395,0.02994580931583398,2.272112085823813,0.8627750445267852,0.6931471805599453,0.5527122003964678,0.1550789019855208,0.03225806451612903,0.03225806451612903,-0.11536098310291859,1,1
resp,n300,2,384,0.01,margin_targeted,1.0,31,random,4,210,179,31,2352,27,0.6766082178924211,0.5586734693877551,0.003540323596040531,0.032177034676661324,2.309770883943821,0.8594442609919742,0.6931471805599453,0.5527122003964678,0.1550789019855208,0.03225806451612903,0.03225806451612903,-0.11536098310291859,1,1
resp,n300,2,384,0.01,margin_targeted,1.0,31,random,5,210,179,31,2352,28,0.6776068175901507,0.5561224489795918,0.0033317340042937323,0.03133970691565502,2.319809280918417,0.8536922344178959,0.6931471805599453,0.5527122003964678,0.1550789019855208,0.03225806451612903,0.03225806451612903,-0.11536098310291859,1,1
resp,n300,2,384,0.01,margin_targeted,1.0,31,random,6,210,179,31,2352,27,0.6760613426935166,0.560374149659864,0.0029160054482802013,0.029275570981547417,2.2372124744309243,0.8724279752688125,0.6931471805599453,0.5527122003964678,0.1550789019855208,0.03225806451612903,0.03225806451612903,-0.11536098310291859,1,1
resp,n300,2,384,0.01,margin_targeted,1.0,31,random,7,210,179,31,2352,28,0.6726845569822414,0.5654761904761905,0.0033415820860771385,0.031182663296227552,2.240999462349173,0.8734670574871406,0.6931471805599453,0.5527122003964678,0.1550789019855208,0.03225806451612903,0.03225806451612903,-0.11536098310291859,1,1
resp,n300,2,384,0.01,margin_targeted,1.0,31,random,8,210,179,31,2352,27,0.6762523442479377,0.5701530612244898,0.0029295268542396404,0.029195906198942655,2.170257299629438,0.871559440885765,0.6931471805599453,0.5527122003964678,0.1550789019855208,0.03225806451612903,0.03225806451612903,-0.11536098310291859,1,1
resp,n300,2,384,0.01,margin_targeted,1.0,31,random,9,210,179,31,2352,25,0.6755235449127288,0.5705782312925171,0.002757730818472842,0.02846567677791498,2.1510060265284254,0.8864640242061294,0.6931471805599453,0.5527122003964678,0.1550789019855208,0.03225806451612903,0.03225806451612903,-0.11536098310291859,1,1
resp,n300,3,384,0.1,margin_targeted,1.0,31,none,-1,210,210,0,2352,31,0.6843432038961772,0.5977891156462585,6.116148125440906e-05,0.004290648181088927,0.2601044153174589,0.9493679541513055,0.6931471805599453,0.5507298612362588,0.15071844190506006,0.0,0.0,-0.14761904761904762,1,0
resp,n300,3,384,0.1,margin_targeted,1.0,31,detector,-1,210,179,31,2352,31,0.6803076874333747,0.6007653061224489,0.0003621192397801265,0.01008963207064589,0.4067027565939678,0.933995859091882,0.6931471805599453,0.5507298612362588,0.15071844190506006,0.0,0.0,-0.14761904761904762,1,0
resp,n300,3,384,0.1,margin_targeted,1.0,31,margin_matched,-1,210,179,31,2352,31,0.6844677063173424,0.5884353741496599,0.00010316223504896074,0.005572835950379887,0.32877941018050566,0.9176076644577346,0.6931471805599453,0.5507298612362588,0.15071844190506006,0.0,0.0,-0.14761904761904762,1,0
resp,n300,3,384,0.1,margin_targeted,1.0,31,oracle_delete,-1,210,179,31,2352,0,0.6840094608441495,0.5965136054421769,4.608978422729812e-05,0.003643521343615854,0.1690181041700138,0.9840178185425484,0.6931471805599453,0.5507298612362588,0.15071844190506006,0.0,0.0,-0.14761904761904762,1,0
resp,n300,3,384,0.1,margin_targeted,1.0,31,oracle_correct,-1,210,210,0,2352,0,0.6860089958228888,0.5922619047619048,0.0,0.0,0.0,1.0,0.6931471805599453,0.5507298612362588,0.15071844190506006,0.0,0.0,-0.14761904761904762,1,0
resp,n300,3,384,0.1,margin_targeted,1.0,31,matched_clean,-1,210,179,31,2352,0,0.6821202967645548,0.5999149659863946,0.0001478660708377128,0.006349602500177053,0.22254072318637688,0.9791505301343933,0.6931471805599453,0.5507298612362588,0.15071844190506006,0.0,0.0,-0.14761904761904762,1,0
resp,n300,3,384,0.1,margin_targeted,1.0,31,random,0,210,179,31,2352,23,0.6847020007601196,0.594812925170068,6.509703083098337e-05,0.004406282106794689,0.2749292897830526,0.9479249984783071,0.6931471805599453,0.5507298612362588,0.15071844190506006,0.0,0.0,-0.14761904761904762,1,0
resp,n300,3,384,0.1,margin_targeted,1.0,31,random,1,210,179,31,2352,26,0.6847084666995742,0.594812925170068,7.21819954000841e-05,0.004645503892344931,0.285108189668129,0.9361196429555055,0.6931471805599453,0.5507298612362588,0.15071844190506006,0.0,0.0,-0.14761904761904762,1,0
resp,n300,3,384,0.1,margin_targeted,1.0,31,random,2,210,179,31,2352,27,0.6843386477066429,0.5965136054421769,9.66146178055071e-05,0.005361629232917015,0.31257815516245097,0.9208435448646418,0.6931471805599453,0.5507298612362588,0.15071844190506006,0.0,0.0,-0.14761904761904762,1,0
resp,n300,3,384,0.1,margin_targeted,1.0,31,random,3,210,179,31,2352,25,0.6838109522870387,0.5931122448979592,9.312270877680287e-05,0.005177828349022405,0.2990560911853405,0.9467529878737121,0.6931471805599453,0.5507298612362588,0.15071844190506006,0.0,0.0,-0.14761904761904762,1,0
resp,n300,3,384,0.1,margin_targeted,1.0,31,random,4,210,179,31,2352,29,0.6852421209084233,0.5973639455782312,7.42509340069573e-05,0.004755356837763926,0.30925454794691043,0.9114590533182833,0.6931471805599453,0.5507298612362588,0.15071844190506006,0.0,0.0,-0.14761904761904762,1,0
resp,n300,3,384,0.1,margin_targeted,1.0,31,random,5,210,179,31,2352,25,0.684445544306852,0.6003401360544217,7.204705237013996e-05,0.00462608685369966,0.2874663858408119,0.9447854581333189,0.6931471805599453,0.5507298612362588,0.15071844190506006,0.0,0.0,-0.14761904761904762,1,0
resp,n300,3,384,0.1,margin_targeted,1.0,31,random,6,210,179,31,2352,29,0.6843518695573195,0.6079931972789115,7.84600071804815e-05,0.00474969586322583,0.3057634597723004,0.935671068678669,0.6931471805599453,0.5507298612362588,0.15071844190506006,0.0,0.0,-0.14761904761904762,1,0
resp,n300,3,384,0.1,margin_targeted,1.0,31,random,7,210,179,31,2352,25,0.684157720909537,0.5994897959183674,7.787571699720362e-05,0.0048124175507096925,0.2909235305339273,0.9442451995345573,0.6931471805599453,0.5507298612362588,0.15071844190506006,0.0,0.0,-0.14761904761904762,1,0
resp,n300,3,384,0.1,margin_targeted,1.0,31,random,8,210,179,31,2352,25,0.6847898470400834,0.5918367346938775,5.757009521001016e-05,0.0042194107351946385,0.28512778489935586,0.9383870750282866,0.6931471805599453,0.5507298612362588,0.15071844190506006,0.0,0.0,-0.14761904761904762,1,0
resp,n300,3,384,0.1,margin_targeted,1.0,31,random,9,210,179,31,2352,25,0.6842896349120581,0.5952380952380952,9.401971103113437e-05,0.005263468649637633,0.2949236286283387,0.9369268530897514,0.6931471805599453,0.5507298612362588,0.15071844190506006,0.0,0.0,-0.14761904761904762,1,0
resp,n300,4,384,0.01,margin_targeted,1.0,31,none,-1,210,210,0,2352,31,0.6654919890360739,0.5897108843537415,0.004586263631368974,0.03688642519720077,2.0672012518969467,0.8233510895337279,0.6931471805599453,0.416651648945756,0.12058833813883701,0.03225806451612903,0.03225806451612903,-0.11536098310291859,1,1
resp,n300,4,384,0.01,margin_targeted,1.0,31,detector,-1,210,179,31,2352,30,0.6581132243136069,0.6024659863945578,0.016887792941360738,0.06826967439192014,2.9693638991337554,0.7706680721639848,0.6931471805599453,0.416651648945756,0.12058833813883701,0.03225806451612903,0.03225806451612903,-0.11536098310291859,1,1
resp,n300,4,384,0.01,margin_targeted,1.0,31,margin_matched,-1,210,179,31,2352,31,0.6636379723587585,0.5833333333333334,0.005526681998320052,0.0407692743728865,2.387607333414473,0.8076814375354989,0.6931471805599453,0.416651648945756,0.12058833813883701,0.03225806451612903,0.03225806451612903,-0.11536098310291859,1,1
resp,n300,4,384,0.01,margin_targeted,1.0,31,oracle_delete,-1,210,179,31,2352,0,0.6676040295031145,0.5884353741496599,0.002136892565427643,0.025183314115933827,1.3469615981141188,0.9205072561902867,0.6931471805599453,0.416651648945756,0.12058833813883701,0.03225806451612903,0.03225806451612903,-0.11536098310291859,1,1
resp,n300,4,384,0.01,margin_targeted,1.0,31,oracle_correct,-1,210,210,0,2352,0,0.6752921031324347,0.5684523809523809,0.0,0.0,0.0,1.0,0.6931471805599453,0.416651648945756,0.12058833813883701,0.03225806451612903,0.03225806451612903,-0.11536098310291859,1,1
resp,n300,4,384,0.01,margin_targeted,1.0,31,matched_clean,-1,210,179,31,2352,0,0.6639624763614751,0.5880102040816326,0.00442339555687087,0.034634174864465184,1.5322873393623724,0.913338669074528,0.6931471805599453,0.416651648945756,0.12058833813883701,0.03225806451612903,0.03225806451612903,-0.11536098310291859,1,1
resp,n300,4,384,0.01,margin_targeted,1.0,31,random,0,210,179,31,2352,28,0.6708629911408408,0.5744047619047619,0.005047012006056329,0.038531404725356815,2.4243236238002708,0.7928305243462239,0.6931471805599453,0.416651648945756,0.12058833813883701,0.03225806451612903,0.03225806451612903,-0.11536098310291859,1,1
resp,n300,4,384,0.01,margin_targeted,1.0,31,random,1,210,179,31,2352,24,0.6688026849195426,0.5824829931972789,0.004080489979707665,0.034611020332947884,2.1659576584573874,0.8321387314452114,0.6931471805599453,0.416651648945756,0.12058833813883701,0.03225806451612903,0.03225806451612903,-0.11536098310291859,1,1
resp,n300,4,384,0.01,margin_targeted,1.0,31,random,2,210,179,31,2352,26,0.6634054843522705,0.5875850340136054,0.006332973479723894,0.04283592901833962,2.3291040284556765,0.7948077095822584,0.6931471805599453,0.416651648945756,0.12058833813883701,0.03225806451612903,0.03225806451612903,-0.11536098310291859,1,1
resp,n300,4,384,0.01,margin_targeted,1.0,31,random,3,210,179,31,2352,24,0.6641857934001975,0.5888605442176871,0.0063707541621685305,0.04287210302387353,2.415729280347244,0.7955596088244306,0.6931471805599453,0.416651648945756,0.12058833813883701,0.03225806451612903,0.03225806451612903,-0.11536098310291859,1,1
resp,n300,4,384,0.01,margin_targeted,1.0,31,random,4,210,179,31,2352,24,0.6691371125553612,0.5850340136054422,0.0055818486379740845,0.04103834701943319,2.3425138617507,0.7862205670029475,0.6931471805599453,0.416651648945756,0.12058833813883701,0.03225806451612903,0.03225806451612903,-0.11536098310291859,1,1
resp,n300,4,384,0.01,margin_targeted,1.0,31,random,5,210,179,31,2352,26,0.6661940798733165,0.5871598639455783,0.004759486953000642,0.03757243270038613,2.3108261549055094,0.8202637786966376,0.6931471805599453,0.416651648945756,0.12058833813883701,0.03225806451612903,0.03225806451612903,-0.11536098310291859,1,1
resp,n300,4,384,0.01,margin_targeted,1.0,31,random,6,210,179,31,2352,27,0.6639795742407825,0.5871598639455783,0.006989684013950188,0.04494002981884754,2.477243198790359,0.7639075466398438,0.6931471805599453,0.416651648945756,0.12058833813883701,0.03225806451612903,0.03225806451612903,-0.11536098310291859,1,1
resp,n300,4,384,0.01,margin_targeted,1.0,31,random,7,210,179,31,2352,26,0.6642389339795002,0.5897108843537415,0.0053258310430264084,0.03986378921785203,2.3791450945804367,0.7859785054150111,0.6931471805599453,0.416651648945756,0.12058833813883701,0.03225806451612903,0.03225806451612903,-0.11536098310291859,1,1
resp,n300,4,384,0.01,margin_targeted,1.0,31,random,8,210,179,31,2352,24,0.6630279589577731,0.6024659863945578,0.0056653906097177565,0.040736552082861796,2.19814507391733,0.8181177371124756,0.6931471805599453,0.416651648945756,0.12058833813883701,0.03225806451612903,0.03225806451612903,-0.11536098310291859,1,1
resp,n300,4,384,0.01,margin_targeted,1.0,31,random,9,210,179,31,2352,26,0.6632029441760129,0.5922619047619048,0.006205483890785542,0.04249562970887717,2.3616124833100502,0.8056187519586527,0.6931471805599453,0.416651648945756,0.12058833813883701,0.03225806451612903,0.03225806451612903,-0.11536098310291859,1,1
resp,n1000,0,384,0.001,margin_targeted,1.0,104,none,-1,699,699,0,2352,104,0.6906027071562109,0.5939625850340136,0.01791957221074579,0.06646115164311349,6.831783073888454,0.911069009661793,0.6931471805599453,0.621234647705236,0.17352081323764582,0.057692307692307696,0.057692307692307696,-0.09109166941784967,1,6
resp,n1000,0,384,0.001,margin_targeted,1.0,104,detector,-1,699,595,104,2352,98,0.7450398066231771,0.5986394557823129,0.06047047508772876,0.11205137984355569,9.421209316707372,0.8832370835947376,0.6931471805599453,0.621234647705236,0.17352081323764582,0.057692307692307696,0.057692307692307696,-0.09109166941784967,1,6
resp,n1000,0,384,0.001,margin_targeted,1.0,104,margin_matched,-1,699,595,104,2352,104,0.6928325880510996,0.5969387755102041,0.0269385525877399,0.08165884549027978,8.525995638288995,0.8670705724631123,0.6931471805599453,0.621234647705236,0.17352081323764582,0.057692307692307696,0.057692307692307696,-0.09109166941784967,1,6
resp,n1000,0,384,0.001,margin_targeted,1.0,104,oracle_delete,-1,699,595,104,2352,0,0.6851975016350369,0.5977891156462585,0.008740839571127344,0.04647126776327371,4.553275599785613,0.9581108094672829,0.6931471805599453,0.621234647705236,0.17352081323764582,0.057692307692307696,0.057692307692307696,-0.09109166941784967,1,6
resp,n1000,0,384,0.001,margin_targeted,1.0,104,oracle_correct,-1,699,699,0,2352,0,0.6694156965268407,0.5901360544217688,0.0,0.0,0.0,1.0,0.6931471805599453,0.621234647705236,0.17352081323764582,0.057692307692307696,0.057692307692307696,-0.09109166941784967,1,6
resp,n1000,0,384,0.001,margin_targeted,1.0,104,matched_clean,-1,699,595,104,2352,0,0.7051244492416633,0.5969387755102041,0.023519201284904295,0.07181133047090285,5.581611637215058,0.9505201400468725,0.6931471805599453,0.621234647705236,0.17352081323764582,0.057692307692307696,0.057692307692307696,-0.09109166941784967,1,6
resp,n1000,0,384,0.001,margin_targeted,1.0,104,random,0,699,595,104,2352,92,0.694911365041395,0.5965136054421769,0.022776658669025136,0.07559178834331895,7.7603676287545955,0.8811311479641502,0.6931471805599453,0.621234647705236,0.17352081323764582,0.057692307692307696,0.057692307692307696,-0.09109166941784967,1,6
resp,n1000,0,384,0.001,margin_targeted,1.0,104,random,1,699,595,104,2352,92,0.6974902066161175,0.5841836734693877,0.022268604691372533,0.07386117266078565,7.73915631281709,0.8903538165762473,0.6931471805599453,0.621234647705236,0.17352081323764582,0.057692307692307696,0.057692307692307696,-0.09109166941784967,1,6
resp,n1000,0,384,0.001,margin_targeted,1.0,104,random,2,699,595,104,2352,90,0.6884345754421741,0.5901360544217688,0.021693888088046842,0.07342545990886934,7.487921668294016,0.8877018616987201,0.6931471805599453,0.621234647705236,0.17352081323764582,0.057692307692307696,0.057692307692307696,-0.09109166941784967,1,6
resp,n1000,0,384,0.001,margin_targeted,1.0,104,random,3,699,595,104,2352,88,0.6976528748306233,0.5880102040816326,0.022914296061424238,0.07458623391066059,7.604706101445126,0.8922113350911052,0.6931471805599453,0.621234647705236,0.17352081323764582,0.057692307692307696,0.057692307692307696,-0.09109166941784967,1,6
resp,n1000,0,384,0.001,margin_targeted,1.0,104,random,4,699,595,104,2352,99,0.7003574919724003,0.5931122448979592,0.027611024764811514,0.08126085859369461,8.13901117710819,0.8807079321602018,0.6931471805599453,0.621234647705236,0.17352081323764582,0.057692307692307696,0.057692307692307696,-0.09109166941784967,1,6
resp,n1000,0,384,0.001,margin_targeted,1.0,104,random,5,699,595,104,2352,90,0.6956531176806444,0.5858843537414966,0.023357924543867186,0.0763412474407699,7.692006605964249,0.8859261063894804,0.6931471805599453,0.621234647705236,0.17352081323764582,0.057692307692307696,0.057692307692307696,-0.09109166941784967,1,6
resp,n1000,0,384,0.001,margin_targeted,1.0,104,random,6,699,595,104,2352,88,0.6936722810597556,0.5892857142857143,0.0219198339627019,0.07385738642966863,7.546964740844953,0.8906394168959394,0.6931471805599453,0.621234647705236,0.17352081323764582,0.057692307692307696,0.057692307692307696,-0.09109166941784967,1,6
resp,n1000,0,384,0.001,margin_targeted,1.0,104,random,7,699,595,104,2352,91,0.6969914495460648,0.5888605442176871,0.024140947453637415,0.07685798838756397,7.605321210652685,0.8890315882624988,0.6931471805599453,0.621234647705236,0.17352081323764582,0.057692307692307696,0.057692307692307696,-0.09109166941784967,1,6
resp,n1000,0,384,0.001,margin_targeted,1.0,104,random,8,699,595,104,2352,81,0.6930875445516582,0.5914115646258503,0.02178296434562388,0.07339689074678878,7.5360106148798875,0.8922791384550929,0.6931471805599453,0.621234647705236,0.17352081323764582,0.057692307692307696,0.057692307692307696,-0.09109166941784967,1,6
resp,n1000,0,384,0.001,margin_targeted,1.0,104,random,9,699,595,104,2352,86,0.6894408475502527,0.5875850340136054,0.022296183714364343,0.07402079751708335,7.614848877723739,0.8897320917505279,0.6931471805599453,0.621234647705236,0.17352081323764582,0.057692307692307696,0.057692307692307696,-0.09109166941784967,1,6
resp,n1000,1,384,0.01,margin_targeted,1.0,104,none,-1,699,699,0,2352,104,0.6620600878644115,0.6007653061224489,0.0007252385347722529,0.014500484241885646,1.1224065366136506,0.958105581905023,0.6931471805599453,0.5984324499030381,0.1627358854911462,0.0,0.0,-0.14878397711015737,1,0
resp,n1000,1,384,0.01,margin_targeted,1.0,104,detector,-1,699,595,104,2352,104,0.6512190377249272,0.6024659863945578,0.00937590857573511,0.04917723174888628,2.0952822802502906,0.9419532289082334,0.6931471805599453,0.5984324499030381,0.1627358854911462,0.0,0.0,-0.14878397711015737,1,0
resp,n1000,1,384,0.01,margin_targeted,1.0,104,margin_matched,-1,699,595,104,2352,104,0.6683823075825026,0.5986394557823129,0.001225737458116853,0.019151524831185734,1.3528676902247745,0.9119830269722992,0.6931471805599453,0.5984324499030381,0.1627358854911462,0.0,0.0,-0.14878397711015737,1,0
resp,n1000,1,384,0.01,margin_targeted,1.0,104,oracle_delete,-1,699,595,104,2352,0,0.660491836421679,0.6011904761904762,0.0003975667835505468,0.010565692285675873,0.6787952805800065,0.9868528995006098,0.6931471805599453,0.5984324499030381,0.1627358854911462,0.0,0.0,-0.14878397711015737,1,0
resp,n1000,1,384,0.01,margin_targeted,1.0,104,oracle_correct,-1,699,699,0,2352,0,0.662548936299345,0.6020408163265306,0.0,0.0,0.0,1.0,0.6931471805599453,0.5984324499030381,0.1627358854911462,0.0,0.0,-0.14878397711015737,1,0
resp,n1000,1,384,0.01,margin_targeted,1.0,104,matched_clean,-1,699,595,104,2352,0,0.6501362015983201,0.6092687074829932,0.0064552207027946925,0.04109576322733567,1.4398173510283065,0.9709084195763361,0.6931471805599453,0.5984324499030381,0.1627358854911462,0.0,0.0,-0.14878397711015737,1,0
resp,n1000,1,384,0.01,margin_targeted,1.0,104,random,0,699,595,104,2352,92,0.6606408812367449,0.6033163265306123,0.0011166951938903244,0.018034883159564405,1.3289258161604156,0.9482363759923529,0.6931471805599453,0.5984324499030381,0.1627358854911462,0.0,0.0,-0.14878397711015737,1,0
resp,n1000,1,384,0.01,margin_targeted,1.0,104,random,1,699,595,104,2352,91,0.66181543200958,0.6045918367346939,0.001343446435245305,0.01955148732087032,1.3424049766547606,0.9377205838975287,0.6931471805599453,0.5984324499030381,0.1627358854911462,0.0,0.0,-0.14878397711015737,1,0
resp,n1000,1,384,0.01,margin_targeted,1.0,104,random,2,699,595,104,2352,90,0.6628672172398955,0.5969387755102041,0.0008896464746466906,0.01621571708119974,1.2232611689298474,0.9449142186731055,0.6931471805599453,0.5984324499030381,0.1627358854911462,0.0,0.0,-0.14878397711015737,1,0
resp,n1000,1,384,0.01,margin_targeted,1.0,104,random,3,699,595,104,2352,86,0.6615615766697912,0.5990646258503401,0.0012200169654384828,0.018709436252550313,1.342535083536106,0.9340930707216092,0.6931471805599453,0.5984324499030381,0.1627358854911462,0.0,0.0,-0.14878397711015737,1,0
resp,n1000,1,384,0.01,margin_targeted,1.0,104,random,4,699,595,104,2352,86,0.6623581234804861,0.5969387755102041,0.0010119177284327542,0.017316635558933965,1.3181080510978893,0.9382135131362903,0.6931471805599453,0.5984324499030381,0.1627358854911462,0.0,0.0,-0.14878397711015737,1,0
resp,n1000,1,384,0.01,margin_targeted,1.0,104,random,5,699,595,104,2352,87,0.6621665392487541,0.5999149659863946,0.0009390509055340083,0.016712349007471854,1.2674987546985468,0.9465525955276409,0.6931471805599453,0.5984324499030381,0.1627358854911462,0.0,0.0,-0.14878397711015737,1,0
resp,n1000,1,384,0.01,margin_targeted,1.0,104,random,6,699,595,104,2352,90,0.6614824967092818,0.5990646258503401,0.0011245405625341968,0.018142345054361127,1.3449412984553262,0.9421074217044261,0.6931471805599453,0.5984324499030381,0.1627358854911462,0.0,0.0,-0.14878397711015737,1,0
resp,n1000,1,384,0.01,margin_targeted,1.0,104,random,7,699,595,104,2352,83,0.6634011676164518,0.6003401360544217,0.0010903993912428696,0.01754794682419013,1.31746371332411,0.94031169135224,0.6931471805599453,0.5984324499030381,0.1627358854911462,0.0,0.0,-0.14878397711015737,1,0
resp,n1000,1,384,0.01,margin_targeted,1.0,104,random,8,699,595,104,2352,92,0.6631831303979393,0.6075680272108843,0.0009058138708094112,0.016371392735757374,1.2636457248106592,0.9401996086544333,0.6931471805599453,0.5984324499030381,0.1627358854911462,0.0,0.0,-0.14878397711015737,1,0
resp,n1000,1,384,0.01,margin_targeted,1.0,104,random,9,699,595,104,2352,87,0.6615573865153851,0.5982142857142857,0.0009895082148772562,0.016961431598109925,1.2675951581431473,0.9526589305557903,0.6931471805599453,0.5984324499030381,0.1627358854911462,0.0,0.0,-0.14878397711015737,1,0
resp,n1000,2,384,0.01,margin_targeted,1.0,104,none,-1,698,698,0,2352,104,0.6599330416151941,0.6143707482993197,0.0014682831650094032,0.020528668164198762,1.1849792441800329,0.9313705419089886,0.6931471805599453,0.555474617974618,0.14946426151094303,0.0,0.0,-0.1489971346704871,1,0
resp,n1000,2,384,0.01,margin_targeted,1.0,104,detector,-1,698,594,104,2352,104,0.6486837319380405,0.6203231292517006,0.015052787574866784,0.062383548082487174,2.3077405672975764,0.8927812850998573,0.6931471805599453,0.555474617974618,0.14946426151094303,0.0,0.0,-0.1489971346704871,1,0
resp,n1000,2,384,0.01,margin_targeted,1.0,104,margin_matched,-1,698,594,104,2352,104,0.6671847295439792,0.6075680272108843,0.0011380604107311917,0.01851975152990912,1.376247982082674,0.9036086244108188,0.6931471805599453,0.555474617974618,0.14946426151094303,0.0,0.0,-0.1489971346704871,1,0
resp,n1000,2,384,0.01,margin_targeted,1.0,104,oracle_delete,-1,698,594,104,2352,0,0.6611592136435082,0.6173469387755102,0.0006805928653100567,0.0139400354558465,0.6959033628223747,0.9781619970043376,0.6931471805599453,0.555474617974618,0.14946426151094303,0.0,0.0,-0.1489971346704871,1,0
resp,n1000,2,384,0.01,margin_targeted,1.0,104,oracle_correct,-1,698,698,0,2352,0,0.666695295271757,0.6105442176870748,0.0,0.0,0.0,1.0,0.6931471805599453,0.555474617974618,0.14946426151094303,0.0,0.0,-0.1489971346704871,1,0
resp,n1000,2,384,0.01,margin_targeted,1.0,104,matched_clean,-1,698,594,104,2352,0,0.6517476649448025,0.6147959183673469,0.0073351171997121795,0.043504263684824844,1.5198627865231258,0.9550466980128812,0.6931471805599453,0.555474617974618,0.14946426151094303,0.0,0.0,-0.1489971346704871,1,0
resp,n1000,2,384,0.01,margin_targeted,1.0,104,random,0,698,594,104,2352,95,0.6599392241469952,0.6173469387755102,0.0017868965908142901,0.022615128856575312,1.409660898788959,0.9189484760728185,0.6931471805599453,0.555474617974618,0.14946426151094303,0.0,0.0,-0.1489971346704871,1,0
resp,n1000,2,384,0.01,margin_targeted,1.0,104,random,1,698,594,104,2352,89,0.6603127327541721,0.6152210884353742,0.0016729355950738085,0.02197951707500957,1.3663193619269476,0.9178325806006449,0.6931471805599453,0.555474617974618,0.14946426151094303,0.0,0.0,-0.1489971346704871,1,0
resp,n1000,2,384,0.01,margin_targeted,1.0,104,random,2,698,594,104,2352,95,0.6587108684923917,0.6139455782312925,0.00212637887547327,0.024439587489786255,1.4220192729508234,0.9227671595773366,0.6931471805599453,0.555474617974618,0.14946426151094303,0.0,0.0,-0.1489971346704871,1,0
resp,n1000,2,384,0.01,margin_targeted,1.0,104,random,3,698,594,104,2352,92,0.6595174335258379,0.6143707482993197,0.0020137009931780717,0.02436051746633189,1.4561720963703138,0.8982981525341206,0.6931471805599453,0.555474617974618,0.14946426151094303,0.0,0.0,-0.1489971346704871,1,0
resp,n1000,2,384,0.01,margin_targeted,1.0,104,random,4,698,594,104,2352,80,0.6597813615770356,0.6194727891156463,0.001681670159590814,0.022328367865353003,1.325072420398602,0.910504986314135,0.6931471805599453,0.555474617974618,0.14946426151094303,0.0,0.0,-0.1489971346704871,1,0
resp,n1000,2,384,0.01,margin_targeted,1.0,104,random,5,698,594,104,2352,88,0.6606415751329171,0.6143707482993197,0.0014936794091520548,0.020905684667504237,1.325706333382324,0.9238880686395674,0.6931471805599453,0.555474617974618,0.14946426151094303,0.0,0.0,-0.1489971346704871,1,0
resp,n1000,2,384,0.01,margin_targeted,1.0,104,random,6,698,594,104,2352,89,0.6598225573770073,0.6084183673469388,0.002232383810316565,0.025293031862661165,1.4412502651123684,0.9006896432919953,0.6931471805599453,0.555474617974618,0.14946426151094303,0.0,0.0,-0.1489971346704871,1,0
resp,n1000,2,384,0.01,margin_targeted,1.0,104,random,7,698,594,104,2352,95,0.6595329454799859,0.6113945578231292,0.002037991125707176,0.02388349744880385,1.4206199946438836,0.9119045821804092,0.6931471805599453,0.555474617974618,0.14946426151094303,0.0,0.0,-0.1489971346704871,1,0
resp,n1000,2,384,0.01,margin_targeted,1.0,104,random,8,698,594,104,2352,92,0.6619388935839622,0.6130952380952381,0.0014067405732204029,0.020443058829935617,1.3544168559653857,0.92578047938015,0.6931471805599453,0.555474617974618,0.14946426151094303,0.0,0.0,-0.1489971346704871,1,0
resp,n1000,2,384,0.01,margin_targeted,1.0,104,random,9,698,594,104,2352,89,0.6593739286690407,0.6113945578231292,0.0017080363998225462,0.022057710988855235,1.36140835037665,0.9160010661644588,0.6931471805599453,0.555474617974618,0.14946426151094303,0.0,0.0,-0.1489971346704871,1,0
resp,n1000,3,384,0.01,margin_targeted,1.0,105,none,-1,700,700,0,2352,105,0.6575838955488741,0.6011904761904762,0.001160050265006876,0.01857222457340271,1.2677923096837163,0.9611968945756781,0.6931471805599453,0.6318847539015606,0.17597187572597936,0.009523809523809525,0.009523809523809525,-0.14047619047619048,1,1
resp,n1000,3,384,0.01,margin_targeted,1.0,105,detector,-1,700,595,105,2352,104,0.6511037740687027,0.6092687074829932,0.008998235209340014,0.049474523720679904,2.0636435825775417,0.9589819022938215,0.6931471805599453,0.6318847539015606,0.17597187572597936,0.009523809523809525,0.009523809523809525,-0.14047619047619048,1,1
resp,n1000,3,384,0.01,margin_targeted,1.0,105,margin_matched,-1,700,595,105,2352,105,0.6604402644645886,0.6007653061224489,0.0013925961996064243,0.02035241133251408,1.5085157625287908,0.9404039687091921,0.6931471805599453,0.6318847539015606,0.17597187572597936,0.009523809523809525,0.009523809523809525,-0.14047619047619048,1,1
resp,n1000,3,384,0.01,margin_targeted,1.0,105,oracle_delete,-1,700,595,105,2352,0,0.6554915106064905,0.6075680272108843,0.0006557040368171534,0.013968566546868337,0.7812568517893408,0.9873183720476868,0.6931471805599453,0.6318847539015606,0.17597187572597936,0.009523809523809525,0.009523809523809525,-0.14047619047619048,1,1
resp,n1000,3,384,0.01,margin_targeted,1.0,105,oracle_correct,-1,700,700,0,2352,0,0.6565618425964391,0.6075680272108843,0.0,0.0,0.0,1.0,0.6931471805599453,0.6318847539015606,0.17597187572597936,0.009523809523809525,0.009523809523809525,-0.14047619047619048,1,1
resp,n1000,3,384,0.01,margin_targeted,1.0,105,matched_clean,-1,700,595,105,2352,0,0.648110681740793,0.6147959183673469,0.0056172061969885735,0.0383740302914991,1.3858107211379456,0.9849216371262608,0.6931471805599453,0.6318847539015606,0.17597187572597936,0.009523809523809525,0.009523809523809525,-0.14047619047619048,1,1
resp,n1000,3,384,0.01,margin_targeted,1.0,105,random,0,700,595,105,2352,87,0.6593068085073943,0.5922619047619048,0.0015082010230786595,0.02114318203414059,1.4047448813223842,0.9500308003762679,0.6931471805599453,0.6318847539015606,0.17597187572597936,0.009523809523809525,0.009523809523809525,-0.14047619047619048,1,1
resp,n1000,3,384,0.01,margin_targeted,1.0,105,random,1,700,595,105,2352,93,0.6575945318177066,0.6054421768707483,0.0013344090689226345,0.01971000898376865,1.4493111247294779,0.9548364961480742,0.6931471805599453,0.6318847539015606,0.17597187572597936,0.009523809523809525,0.009523809523809525,-0.14047619047619048,1,1
resp,n1000,3,384,0.01,margin_targeted,1.0,105,random,2,700,595,105,2352,91,0.6578079205325125,0.6016156462585034,0.001576129693472756,0.021469968938046598,1.4638160718718343,0.9478141461206654,0.6931471805599453,0.6318847539015606,0.17597187572597936,0.009523809523809525,0.009523809523809525,-0.14047619047619048,1,1
resp,n1000,3,384,0.01,margin_targeted,1.0,105,random,3,700,595,105,2352,95,0.6578106780872575,0.6037414965986394,0.0012496012853569713,0.0193126708275977,1.435709538186251,0.9554061085972307,0.6931471805599453,0.6318847539015606,0.17597187572597936,0.009523809523809525,0.009523809523809525,-0.14047619047619048,1,1
resp,n1000,3,384,0.01,margin_targeted,1.0,105,random,4,700,595,105,2352,91,0.6581249118426893,0.5990646258503401,0.0011068475009998469,0.018189620894506663,1.34901324318571,0.9603053332789155,0.6931471805599453,0.6318847539015606,0.17597187572597936,0.009523809523809525,0.009523809523809525,-0.14047619047619048,1,1
resp,n1000,3,384,0.01,margin_targeted,1.0,105,random,5,700,595,105,2352,86,0.6575314661637559,0.6020408163265306,0.0015545273563185502,0.021370695175205918,1.4201015187965407,0.954515701090233,0.6931471805599453,0.6318847539015606,0.17597187572597936,0.009523809523809525,0.009523809523809525,-0.14047619047619048,1,1
resp,n1000,3,384,0.01,margin_targeted,1.0,105,random,6,700,595,105,2352,86,0.6574848574521449,0.6020408163265306,0.0013627169606717994,0.020039564410173048,1.3633152131473791,0.9583609162255774,0.6931471805599453,0.6318847539015606,0.17597187572597936,0.009523809523809525,0.009523809523809525,-0.14047619047619048,1,1
resp,n1000,3,384,0.01,margin_targeted,1.0,105,random,7,700,595,105,2352,86,0.6581120422908556,0.6024659863945578,0.0013429021862469157,0.02008705952417177,1.4293586378826015,0.95358860841802,0.6931471805599453,0.6318847539015606,0.17597187572597936,0.009523809523809525,0.009523809523809525,-0.14047619047619048,1,1
resp,n1000,3,384,0.01,margin_targeted,1.0,105,random,8,700,595,105,2352,89,0.658021617989575,0.5990646258503401,0.0015129945501865388,0.021167900497957345,1.4367269414863133,0.9516186927031094,0.6931471805599453,0.6318847539015606,0.17597187572597936,0.009523809523809525,0.009523809523809525,-0.14047619047619048,1,1
resp,n1000,3,384,0.01,margin_targeted,1.0,105,random,9,700,595,105,2352,95,0.6597935748823333,0.5982142857142857,0.0015242720445927712,0.02106896221942501,1.4945844558052472,0.9398285107608115,0.6931471805599453,0.6318847539015606,0.17597187572597936,0.009523809523809525,0.009523809523809525,-0.14047619047619048,1,1
resp,n1000,4,384,0.01,margin_targeted,1.0,105,none,-1,700,700,0,2352,105,0.6650127462507565,0.5982142857142857,0.0008585369324264219,0.01572902087478356,1.1459075005886885,0.9436479357896868,0.6931471805599453,0.5906042416966787,0.16140211968603577,0.0,0.0,-0.15,1,0
resp,n1000,4,384,0.01,margin_targeted,1.0,105,detector,-1,700,595,105,2352,105,0.6536070394178125,0.5977891156462585,0.009027495870133155,0.0497447902379146,2.102108003169147,0.9345075551684807,0.6931471805599453,0.5906042416966787,0.16140211968603577,0.0,0.0,-0.15,1,0
resp,n1000,4,384,0.01,margin_targeted,1.0,105,margin_matched,-1,700,595,105,2352,105,0.6679199645173898,0.5943877551020408,0.0011696746329717548,0.018617232663860863,1.382999878495803,0.9024631214574066,0.6931471805599453,0.5906042416966787,0.16140211968603577,0.0,0.0,-0.15,1,0
resp,n1000,4,384,0.01,margin_targeted,1.0,105,oracle_delete,-1,700,595,105,2352,0,0.6637597145590824,0.5952380952380952,0.0004331279981472789,0.011228312608474537,0.7104124557939526,0.9818353869272436,0.6931471805599453,0.5906042416966787,0.16140211968603577,0.0,0.0,-0.15,1,0
resp,n1000,4,384,0.01,margin_targeted,1.0,105,oracle_correct,-1,700,700,0,2352,0,0.6662459090112424,0.5982142857142857,0.0,0.0,0.0,1.0,0.6931471805599453,0.5906042416966787,0.16140211968603577,0.0,0.0,-0.15,1,0
resp,n1000,4,384,0.01,margin_targeted,1.0,105,matched_clean,-1,700,595,105,2352,0,0.6536127479998503,0.6024659863945578,0.00621125196131591,0.04121723362254213,1.447207588925811,0.9674192071490976,0.6931471805599453,0.5906042416966787,0.16140211968603577,0.0,0.0,-0.15,1,0
resp,n1000,4,384,0.01,margin_targeted,1.0,105,random,0,700,595,105,2352,87,0.665624346265176,0.5994897959183674,0.0010370479811212792,0.017584917254799017,1.294173873612202,0.9327537891922324,0.6931471805599453,0.5906042416966787,0.16140211968603577,0.0,0.0,-0.15,1,0
resp,n1000,4,384,0.01,margin_targeted,1.0,105,random,1,700,595,105,2352,88,0.6634744519006238,0.5982142857142857,0.0013586779922458343,0.019997378454392766,1.4125282365671297,0.9229016069817831,0.6931471805599453,0.5906042416966787,0.16140211968603577,0.0,0.0,-0.15,1,0
resp,n1000,4,384,0.01,margin_targeted,1.0,105,random,2,700,595,105,2352,90,0.665071040566119,0.5994897959183674,0.0013652081337054611,0.019773600439893027,1.3837382596156886,0.9205365915948022,0.6931471805599453,0.5906042416966787,0.16140211968603577,0.0,0.0,-0.15,1,0
resp,n1000,4,384,0.01,margin_targeted,1.0,105,random,3,700,595,105,2352,89,0.6697480206630401,0.5884353741496599,0.0011788442822119511,0.018537404954500663,1.2900026189766853,0.9049839971480901,0.6931471805599453,0.5906042416966787,0.16140211968603577,0.0,0.0,-0.15,1,0
resp,n1000,4,384,0.01,margin_targeted,1.0,105,random,4,700,595,105,2352,87,0.664364179822354,0.6003401360544217,0.001291857461790991,0.01927080641802071,1.3506156075510656,0.9231256755365289,0.6931471805599453,0.5906042416966787,0.16140211968603577,0.0,0.0,-0.15,1,0
resp,n1000,4,384,0.01,margin_targeted,1.0,105,random,5,700,595,105,2352,90,0.6653532135140404,0.5892857142857143,0.0009965853077049296,0.01718156768923457,1.3312080874524674,0.931952604404536,0.6931471805599453,0.5906042416966787,0.16140211968603577,0.0,0.0,-0.15,1,0
resp,n1000,4,384,0.01,margin_targeted,1.0,105,random,6,700,595,105,2352,93,0.6632194308558592,0.6007653061224489,0.0012397784997424154,0.019001613304293286,1.3694832463859987,0.9232463281899667,0.6931471805599453,0.5906042416966787,0.16140211968603577,0.0,0.0,-0.15,1,0
resp,n1000,4,384,0.01,margin_targeted,1.0,105,random,7,700,595,105,2352,88,0.6655449273886187,0.6033163265306123,0.001037507557157,0.017360024086304347,1.3228427712832058,0.9291958335834442,0.6931471805599453,0.5906042416966787,0.16140211968603577,0.0,0.0,-0.15,1,0
resp,n1000,4,384,0.01,margin_targeted,1.0,105,random,8,700,595,105,2352,89,0.6664900900052041,0.5982142857142857,0.0011430441728631146,0.01808352197551852,1.3441703818360933,0.9145814463736576,0.6931471805599453,0.5906042416966787,0.16140211968603577,0.0,0.0,-0.15,1,0
resp,n1000,4,384,0.01,margin_targeted,1.0,105,random,9,700,595,105,2352,89,0.6646946033474571,0.5977891156462585,0.0013785174643277782,0.020193815847502947,1.3892510015632262,0.9251931284509404,0.6931471805599453,0.5906042416966787,0.16140211968603577,0.0,0.0,-0.15,1,0
resp,n3000,0,384,0.001,margin_targeted,1.0,314,none,-1,2098,2098,0,2352,314,0.6565391960565354,0.6105442176870748,0.006170588433094561,0.04143609139722445,4.05005020943562,0.9263364381892762,0.6931471805599453,0.5933224557996059,0.16080805514870533,0.01592356687898089,0.01592356687898089,-0.13374278202473694,1,5
resp,n3000,0,384,0.001,margin_targeted,1.0,314,detector,-1,2098,1784,314,2352,309,0.7059842974707422,0.6118197278911565,0.06155475062236753,0.11531098455547255,7.917525881754728,0.9192034331751364,0.6931471805599453,0.5933224557996059,0.16080805514870533,0.01592356687898089,0.01592356687898089,-0.13374278202473694,1,5
resp,n3000,0,384,0.001,margin_targeted,1.0,314,margin_matched,-1,2098,1784,314,2352,314,0.660414185014483,0.6045918367346939,0.008936968198069927,0.05081153524873709,4.644342943136387,0.8697520831734152,0.6931471805599453,0.5933224557996059,0.16080805514870533,0.01592356687898089,0.01592356687898089,-0.13374278202473694,1,5
resp,n3000,0,384,0.001,margin_targeted,1.0,314,oracle_delete,-1,2098,1784,314,2352,0,0.6544850169890702,0.6177721088435374,0.002368749738530508,0.025552856693452378,2.4495451332187894,0.9723623606928902,0.6931471805599453,0.5933224557996059,0.16080805514870533,0.01592356687898089,0.01592356687898089,-0.13374278202473694,1,5
resp,n3000,0,384,0.001,margin_targeted,1.0,314,oracle_correct,-1,2098,2098,0,2352,0,0.6526373070649787,0.6169217687074829,0.0,0.0,0.0,1.0,0.6931471805599453,0.5933224557996059,0.16080805514870533,0.01592356687898089,0.01592356687898089,-0.13374278202473694,1,5
resp,n3000,0,384,0.001,margin_targeted,1.0,314,matched_clean,-1,2098,1784,314,2352,0,0.6863785912632815,0.6215986394557823,0.03782226594593563,0.09168315742302345,5.145539110556234,0.9690493184050142,0.6931471805599453,0.5933224557996059,0.16080805514870533,0.01592356687898089,0.01592356687898089,-0.13374278202473694,1,5
resp,n3000,0,384,0.001,margin_targeted,1.0,314,random,0,2098,1784,314,2352,266,0.6558577728526921,0.6122448979591837,0.007676405632073245,0.04614105366484922,4.615403831308635,0.9099888807500339,0.6931471805599453,0.5933224557996059,0.16080805514870533,0.01592356687898089,0.01592356687898089,-0.13374278202473694,1,5
resp,n3000,0,384,0.001,margin_targeted,1.0,314,random,1,2098,1784,314,2352,259,0.6563995519944595,0.6169217687074829,0.007513110673977474,0.0455390410962642,4.467562101516544,0.9108653865199217,0.6931471805599453,0.5933224557996059,0.16080805514870533,0.01592356687898089,0.01592356687898089,-0.13374278202473694,1,5
resp,n3000,0,384,0.001,margin_targeted,1.0,314,random,2,2098,1784,314,2352,272,0.6582713908725175,0.6071428571428571,0.009180449972520434,0.050349107834420155,4.708112375842672,0.9037754120535566,0.6931471805599453,0.5933224557996059,0.16080805514870533,0.01592356687898089,0.01592356687898089,-0.13374278202473694,1,5
resp,n3000,0,384,0.001,margin_targeted,1.0,314,random,3,2098,1784,314,2352,265,0.658716623088359,0.6092687074829932,0.008149347380228015,0.04767840151371954,4.59785158411656,0.9050667656541428,0.6931471805599453,0.5933224557996059,0.16080805514870533,0.01592356687898089,0.01592356687898089,-0.13374278202473694,1,5
resp,n3000,0,384,0.001,margin_targeted,1.0,314,random,4,2098,1784,314,2352,267,0.6587628375975717,0.60671768707483,0.008734732311103048,0.04936592974851843,4.840414697064235,0.900977632353087,0.6931471805599453,0.5933224557996059,0.16080805514870533,0.01592356687898089,0.01592356687898089,-0.13374278202473694,1,5
resp,n3000,0,384,0.001,margin_targeted,1.0,314,random,5,2098,1784,314,2352,265,0.6562086660497612,0.6130952380952381,0.008293898815270933,0.04787268809907679,4.594614467517861,0.9035704063930143,0.6931471805599453,0.5933224557996059,0.16080805514870533,0.01592356687898089,0.01592356687898089,-0.13374278202473694,1,5
resp,n3000,0,384,0.001,margin_targeted,1.0,314,random,6,2098,1784,314,2352,261,0.6576318227776536,0.6101190476190477,0.008345137929126832,0.047415689785588265,4.747826269574513,0.9163051953701418,0.6931471805599453,0.5933224557996059,0.16080805514870533,0.01592356687898089,0.01592356687898089,-0.13374278202473694,1,5
resp,n3000,0,384,0.001,margin_targeted,1.0,314,random,7,2098,1784,314,2352,266,0.6603368454358292,0.6045918367346939,0.007493017478449677,0.0457780283140385,4.571190745258477,0.9067722098820723,0.6931471805599453,0.5933224557996059,0.16080805514870533,0.01592356687898089,0.01592356687898089,-0.13374278202473694,1,5
resp,n3000,0,384,0.001,margin_targeted,1.0,314,random,8,2098,1784,314,2352,272,0.660413406704884,0.6126700680272109,0.008943394287980178,0.049642083309118935,4.767531931189972,0.8952230030654064,0.6931471805599453,0.5933224557996059,0.16080805514870533,0.01592356687898089,0.01592356687898089,-0.13374278202473694,1,5
resp,n3000,0,384,0.001,margin_targeted,1.0,314,random,9,2098,1784,314,2352,272,0.6576744142103202,0.6092687074829932,0.008406400572316458,0.04852716598937396,4.742608629660819,0.9014864388826568,0.6931471805599453,0.5933224557996059,0.16080805514870533,0.01592356687898089,0.01592356687898089,-0.13374278202473694,1,5
resp,n3000,1,384,0.001,margin_targeted,1.0,314,none,-1,2097,2097,0,2352,314,0.6559021201990575,0.6033163265306123,0.007971087245809288,0.046361517108812686,4.332867081291554,0.9146512289805191,0.6931471805599453,0.5935337636774777,0.16094867417997022,0.006369426751592357,0.006369426751592357,-0.14336829380157884,1,2
resp,n3000,1,384,0.001,margin_targeted,1.0,314,detector,-1,2097,1783,314,2352,312,0.7067996471814239,0.6075680272108843,0.06736788679843864,0.12016156268169988,7.865177633245423,0.9029053918549126,0.6931471805599453,0.5935337636774777,0.16094867417997022,0.006369426751592357,0.006369426751592357,-0.14336829380157884,1,2
resp,n3000,1,384,0.001,margin_targeted,1.0,314,margin_matched,-1,2097,1783,314,2352,314,0.6575843749531847,0.5935374149659864,0.009144528475700853,0.050570247876374305,4.728521153873065,0.8745396872265756,0.6931471805599453,0.5935337636774777,0.16094867417997022,0.006369426751592357,0.006369426751592357,-0.14336829380157884,1,2
resp,n3000,1,384,0.001,margin_targeted,1.0,314,oracle_delete,-1,2097,1783,314,2352,0,0.6531315673537668,0.6101190476190477,0.0031415203222889894,0.029246545847268907,2.6405794713815176,0.9667125233691308,0.6931471805599453,0.5935337636774777,0.16094867417997022,0.006369426751592357,0.006369426751592357,-0.14336829380157884,1,2
resp,n3000,1,384,0.001,margin_targeted,1.0,314,oracle_correct,-1,2097,2097,0,2352,0,0.6515755530563156,0.6126700680272109,0.0,0.0,0.0,1.0,0.6931471805599453,0.5935337636774777,0.16094867417997022,0.006369426751592357,0.006369426751592357,-0.14336829380157884,1,2
resp,n3000,1,384,0.001,margin_targeted,1.0,314,matched_clean,-1,2097,1783,314,2352,0,0.6830609857425233,0.6169217687074829,0.03803559559263844,0.09190036524444925,4.971770218050668,0.9619935149304841,0.6931471805599453,0.5935337636774777,0.16094867417997022,0.006369426751592357,0.006369426751592357,-0.14336829380157884,1,2
resp,n3000,1,384,0.001,margin_targeted,1.0,314,random,0,2097,1783,314,2352,262,0.6583856358399349,0.6011904761904762,0.008945773462112321,0.04943089168649594,4.753157107756712,0.9031652371153069,0.6931471805599453,0.5935337636774777,0.16094867417997022,0.006369426751592357,0.006369426751592357,-0.14336829380157884,1,2
resp,n3000,1,384,0.001,margin_targeted,1.0,314,random,1,2097,1783,314,2352,268,0.6593384487533813,0.6143707482993197,0.010844336838566351,0.05354427410063152,4.924049844820885,0.9036794160072907,0.6931471805599453,0.5935337636774777,0.16094867417997022,0.006369426751592357,0.006369426751592357,-0.14336829380157884,1,2
resp,n3000,1,384,0.001,margin_targeted,1.0,314,random,2,2097,1783,314,2352,272,0.6603005736412081,0.5994897959183674,0.010321380759189543,0.05273358512759187,5.016873204321444,0.9007575896115492,0.6931471805599453,0.5935337636774777,0.16094867417997022,0.006369426751592357,0.006369426751592357,-0.14336829380157884,1,2
resp,n3000,1,384,0.001,margin_targeted,1.0,314,random,3,2097,1783,314,2352,268,0.6582845549561017,0.6092687074829932,0.01027694659968927,0.05290818591670557,4.931108715218181,0.8977072221819877,0.6931471805599453,0.5935337636774777,0.16094867417997022,0.006369426751592357,0.006369426751592357,-0.14336829380157884,1,2
resp,n3000,1,384,0.001,margin_targeted,1.0,314,random,4,2097,1783,314,2352,273,0.6548365829016899,0.6079931972789115,0.008864893428343106,0.04913831950833213,4.891966626422328,0.9028537581489239,0.6931471805599453,0.5935337636774777,0.16094867417997022,0.006369426751592357,0.006369426751592357,-0.14336829380157884,1,2
resp,n3000,1,384,0.001,margin_targeted,1.0,314,random,5,2097,1783,314,2352,260,0.6554061307609463,0.6033163265306123,0.009441717387267689,0.05093764213652111,4.762275944153741,0.90099086911624,0.6931471805599453,0.5935337636774777,0.16094867417997022,0.006369426751592357,0.006369426751592357,-0.14336829380157884,1,2
resp,n3000,1,384,0.001,margin_targeted,1.0,314,random,6,2097,1783,314,2352,274,0.6595543776246923,0.6105442176870748,0.010390153418292572,0.053202303123029634,5.03002570796356,0.8936360477892453,0.6931471805599453,0.5935337636774777,0.16094867417997022,0.006369426751592357,0.006369426751592357,-0.14336829380157884,1,2
resp,n3000,1,384,0.001,margin_targeted,1.0,314,random,7,2097,1783,314,2352,268,0.6593488296783236,0.6003401360544217,0.01101728675640009,0.054374905663713405,4.963843620725616,0.9020158964966577,0.6931471805599453,0.5935337636774777,0.16094867417997022,0.006369426751592357,0.006369426751592357,-0.14336829380157884,1,2
resp,n3000,1,384,0.001,margin_targeted,1.0,314,random,8,2097,1783,314,2352,261,0.6578534118169247,0.6037414965986394,0.01027527315529662,0.0525295484357619,4.742909076433906,0.9024343108381639,0.6931471805599453,0.5935337636774777,0.16094867417997022,0.006369426751592357,0.006369426751592357,-0.14336829380157884,1,2
resp,n3000,1,384,0.001,margin_targeted,1.0,314,random,9,2097,1783,314,2352,268,0.6551929916466999,0.60671768707483,0.01070441063047759,0.0538157764169472,4.840357919857851,0.8935870380096199,0.6931471805599453,0.5935337636774777,0.16094867417997022,0.006369426751592357,0.006369426751592357,-0.14336829380157884,1,2
resp,n3000,2,384,0.001,margin_targeted,1.0,314,none,-1,2099,2099,0,2352,314,0.6585486740663146,0.5973639455782312,0.006349121359654557,0.04203314494294455,3.9475439180871517,0.9283314264659421,0.6931471805599453,0.6348641367374975,0.1759965163617188,0.009554140127388535,0.009554140127388535,-0.14004090513225892,1,3
resp,n3000,2,384,0.001,margin_targeted,1.0,314,detector,-1,2099,1785,314,2352,311,0.7078807720847374,0.5977891156462585,0.05956824249208474,0.1131844493250045,7.614678841243626,0.920313964585542,0.6931471805599453,0.6348641367374975,0.1759965163617188,0.009554140127388535,0.009554140127388535,-0.14004090513225892,1,3
resp,n3000,2,384,0.001,margin_targeted,1.0,314,margin_matched,-1,2099,1785,314,2352,314,0.6617746734380073,0.592687074829932,0.009260058900219685,0.05140123533145551,4.718175830229206,0.8766401693328789,0.6931471805599453,0.6348641367374975,0.1759965163617188,0.009554140127388535,0.009554140127388535,-0.14004090513225892,1,3
resp,n3000,2,384,0.001,margin_targeted,1.0,314,oracle_delete,-1,2099,1785,314,2352,0,0.6546918506419479,0.5960884353741497,0.002408400954673026,0.025914185129747597,2.3966432578113013,0.9736392933048573,0.6931471805599453,0.6348641367374975,0.1759965163617188,0.009554140127388535,0.009554140127388535,-0.14004090513225892,1,3
resp,n3000,2,384,0.001,margin_targeted,1.0,314,oracle_correct,-1,2099,2099,0,2352,0,0.6503840806591553,0.6007653061224489,0.0,0.0,0.0,1.0,0.6931471805599453,0.6348641367374975,0.1759965163617188,0.009554140127388535,0.009554140127388535,-0.14004090513225892,1,3
resp,n3000,2,384,0.001,margin_targeted,1.0,314,matched_clean,-1,2099,1785,314,2352,0,0.6870524307237861,0.6062925170068028,0.04048191312921446,0.09300864050216427,5.323095268051036,0.9636490307739877,0.6931471805599453,0.6348641367374975,0.1759965163617188,0.009554140127388535,0.009554140127388535,-0.14004090513225892,1,3
resp,n3000,2,384,0.001,margin_targeted,1.0,314,random,0,2099,1785,314,2352,263,0.6583073579983288,0.592687074829932,0.007801151620756097,0.04649801719264791,4.381649129200602,0.9145472781487045,0.6931471805599453,0.6348641367374975,0.1759965163617188,0.009554140127388535,0.009554140127388535,-0.14004090513225892,1,3
resp,n3000,2,384,0.001,margin_targeted,1.0,314,random,1,2099,1785,314,2352,259,0.6627700045680005,0.5914115646258503,0.008491221285162331,0.04807712192874065,4.433164051254404,0.9063397480810079,0.6931471805599453,0.6348641367374975,0.1759965163617188,0.009554140127388535,0.009554140127388535,-0.14004090513225892,1,3
resp,n3000,2,384,0.001,margin_targeted,1.0,314,random,2,2099,1785,314,2352,265,0.6611125664790475,0.5965136054421769,0.009010429077382594,0.049666021421693254,4.563877024359211,0.9029243496076028,0.6931471805599453,0.6348641367374975,0.1759965163617188,0.009554140127388535,0.009554140127388535,-0.14004090513225892,1,3
resp,n3000,2,384,0.001,margin_targeted,1.0,314,random,3,2099,1785,314,2352,266,0.6613142460443493,0.5867346938775511,0.008237942416403231,0.04778656008109886,4.642514255633833,0.9103416572738098,0.6931471805599453,0.6348641367374975,0.1759965163617188,0.009554140127388535,0.009554140127388535,-0.14004090513225892,1,3
resp,n3000,2,384,0.001,margin_targeted,1.0,314,random,4,2099,1785,314,2352,266,0.6625112759879831,0.5880102040816326,0.008441030123356043,0.04809078802970462,4.576920728304891,0.9032195390177703,0.6931471805599453,0.6348641367374975,0.1759965163617188,0.009554140127388535,0.009554140127388535,-0.14004090513225892,1,3
resp,n3000,2,384,0.001,margin_targeted,1.0,314,random,5,2099,1785,314,2352,266,0.6605457685019365,0.5935374149659864,0.007710760449184401,0.046010092421050745,4.39511184311273,0.919972021326816,0.6931471805599453,0.6348641367374975,0.1759965163617188,0.009554140127388535,0.009554140127388535,-0.14004090513225892,1,3
resp,n3000,2,384,0.001,margin_targeted,1.0,314,random,6,2099,1785,314,2352,271,0.6593015765806959,0.5982142857142857,0.009104201065781898,0.05015541771873595,4.614005743094634,0.9028200363142554,0.6931471805599453,0.6348641367374975,0.1759965163617188,0.009554140127388535,0.009554140127388535,-0.14004090513225892,1,3
resp,n3000,2,384,0.001,margin_targeted,1.0,314,random,7,2099,1785,314,2352,264,0.6626262769521083,0.5914115646258503,0.00832962722967939,0.047931913973982616,4.558409217420998,0.9114043345389425,0.6931471805599453,0.6348641367374975,0.1759965163617188,0.009554140127388535,0.009554140127388535,-0.14004090513225892,1,3
resp,n3000,2,384,0.001,margin_targeted,1.0,314,random,8,2099,1785,314,2352,271,0.6559063956667375,0.6037414965986394,0.007611535741041265,0.0455627070994789,4.3779111372161,0.9153291703909975,0.6931471805599453,0.6348641367374975,0.1759965163617188,0.009554140127388535,0.009554140127388535,-0.14004090513225892,1,3
resp,n3000,2,384,0.001,margin_targeted,1.0,314,random,9,2099,1785,314,2352,264,0.6609561565403199,0.6007653061224489,0.009182796822480839,0.05024417938311026,4.66895068722956,0.8997625948898931,0.6931471805599453,0.6348641367374975,0.1759965163617188,0.009554140127388535,0.009554140127388535,-0.14004090513225892,1,3
resp,n3000,3,384,0.001,margin_targeted,1.0,314,none,-1,2098,2098,0,2352,314,0.6572404199250146,0.5977891156462585,0.0071431862033526,0.045110760719460824,4.215938181554986,0.9049068103651838,0.6931471805599453,0.5867013224415184,0.15913591309898795,0.012738853503184714,0.012738853503184714,-0.13692749540053312,1,4
resp,n3000,3,384,0.001,margin_targeted,1.0,314,detector,-1,2098,1784,314,2352,310,0.6953164407999912,0.6062925170068028,0.06071920305406635,0.11581408876928306,8.111578490120865,0.8878286245497531,0.6931471805599453,0.5867013224415184,0.15913591309898795,0.012738853503184714,0.012738853503184714,-0.13692749540053312,1,4
resp,n3000,3,384,0.001,margin_targeted,1.0,314,margin_matched,-1,2098,1784,314,2352,314,0.661358139015026,0.5956632653061225,0.009529968374502186,0.052414085570852136,4.7892461020975245,0.835276983345514,0.6931471805599453,0.5867013224415184,0.15913591309898795,0.012738853503184714,0.012738853503184714,-0.13692749540053312,1,4
resp,n3000,3,384,0.001,margin_targeted,1.0,314,oracle_delete,-1,2098,1784,314,2352,0,0.6567196513889959,0.5977891156462585,0.0028116748396860326,0.02819767394982415,2.567965432015268,0.9630898928175239,0.6931471805599453,0.5867013224415184,0.15913591309898795,0.012738853503184714,0.012738853503184714,-0.13692749540053312,1,4
resp,n3000,3,384,0.001,margin_targeted,1.0,314,oracle_correct,-1,2098,2098,0,2352,0,0.6564116862220956,0.5943877551020408,0.0,0.0,0.0,1.0,0.6931471805599453,0.5867013224415184,0.15913591309898795,0.012738853503184714,0.012738853503184714,-0.13692749540053312,1,4
resp,n3000,3,384,0.001,margin_targeted,1.0,314,matched_clean,-1,2098,1784,314,2352,0,0.6773951348840843,0.5969387755102041,0.0325563451248168,0.08656539873260269,4.899212927381913,0.957338517382993,0.6931471805599453,0.5867013224415184,0.15913591309898795,0.012738853503184714,0.012738853503184714,-0.13692749540053312,1,4
resp,n3000,3,384,0.001,margin_targeted,1.0,314,random,0,2098,1784,314,2352,264,0.6569895365777929,0.6054421768707483,0.009746435616919711,0.05186764903758278,4.909164936171125,0.8912683097904454,0.6931471805599453,0.5867013224415184,0.15913591309898795,0.012738853503184714,0.012738853503184714,-0.13692749540053312,1,4
resp,n3000,3,384,0.001,margin_targeted,1.0,314,random,1,2098,1784,314,2352,268,0.6564129894786461,0.6020408163265306,0.01002699449618096,0.0534012390530117,5.026875484812543,0.8715116632908924,0.6931471805599453,0.5867013224415184,0.15913591309898795,0.012738853503184714,0.012738853503184714,-0.13692749540053312,1,4
resp,n3000,3,384,0.001,margin_targeted,1.0,314,random,2,2098,1784,314,2352,273,0.6621314579377932,0.5977891156462585,0.010172142294709306,0.05324151062480209,4.824004395926813,0.8822668404765327,0.6931471805599453,0.5867013224415184,0.15913591309898795,0.012738853503184714,0.012738853503184714,-0.13692749540053312,1,4
resp,n3000,3,384,0.001,margin_targeted,1.0,314,random,3,2098,1784,314,2352,266,0.6637802568330793,0.594812925170068,0.010051164835556993,0.0533096754831,4.999224114665543,0.8776798740996415,0.6931471805599453,0.5867013224415184,0.15913591309898795,0.012738853503184714,0.012738853503184714,-0.13692749540053312,1,4
resp,n3000,3,384,0.001,margin_targeted,1.0,314,random,4,2098,1784,314,2352,274,0.6589422359603756,0.5939625850340136,0.010889338431911106,0.054633974468307644,5.077883292877969,0.8768224690380101,0.6931471805599453,0.5867013224415184,0.15913591309898795,0.012738853503184714,0.012738853503184714,-0.13692749540053312,1,4
resp,n3000,3,384,0.001,margin_targeted,1.0,314,random,5,2098,1784,314,2352,266,0.6589677117127966,0.6050170068027211,0.009944639516087404,0.0531550557197854,5.00600809555004,0.8753715447450535,0.6931471805599453,0.5867013224415184,0.15913591309898795,0.012738853503184714,0.012738853503184714,-0.13692749540053312,1,4
resp,n3000,3,384,0.001,margin_targeted,1.0,314,random,6,2098,1784,314,2352,277,0.6591917438532835,0.6041666666666666,0.008138230360805392,0.047877207470388976,4.732351413433004,0.8974305736476329,0.6931471805599453,0.5867013224415184,0.15913591309898795,0.012738853503184714,0.012738853503184714,-0.13692749540053312,1,4
resp,n3000,3,384,0.001,margin_targeted,1.0,314,random,7,2098,1784,314,2352,272,0.660711837632092,0.5914115646258503,0.009795101686090935,0.052188987270666586,4.821991863946105,0.8803981326911502,0.6931471805599453,0.5867013224415184,0.15913591309898795,0.012738853503184714,0.012738853503184714,-0.13692749540053312,1,4
resp,n3000,3,384,0.001,margin_targeted,1.0,314,random,8,2098,1784,314,2352,264,0.6561104563537078,0.6020408163265306,0.008577267509408156,0.04915810585809701,4.661549536658145,0.8843101827818067,0.6931471805599453,0.5867013224415184,0.15913591309898795,0.012738853503184714,0.012738853503184714,-0.13692749540053312,1,4
resp,n3000,3,384,0.001,margin_targeted,1.0,314,random,9,2098,1784,314,2352,270,0.6593476513131322,0.5969387755102041,0.00880999933284679,0.04968426881593335,4.767401632807646,0.8851115806194116,0.6931471805599453,0.5867013224415184,0.15913591309898795,0.012738853503184714,0.012738853503184714,-0.13692749540053312,1,4
resp,n3000,4,384,0.001,margin_targeted,1.0,314,none,-1,2099,2099,0,2352,314,0.655183796908626,0.6028911564625851,0.007136209801219161,0.04345003610532651,4.137300763573112,0.9309857359599917,0.6931471805599453,0.6137700940248711,0.16831212456401112,0.012738853503184714,0.012738853503184714,-0.13685619175646274,1,4
resp,n3000,4,384,0.001,margin_targeted,1.0,314,detector,-1,2099,1785,314,2352,310,0.7099200110317316,0.5994897959183674,0.06177906740834967,0.11482668275162777,7.867607717813685,0.9231082985957149,0.6931471805599453,0.6137700940248711,0.16831212456401112,0.012738853503184714,0.012738853503184714,-0.13685619175646274,1,4
resp,n3000,4,384,0.001,margin_targeted,1.0,314,margin_matched,-1,2099,1785,314,2352,314,0.6536769640188351,0.6079931972789115,0.008799292168954666,0.04963103466480106,4.635754090604002,0.8920157727985897,0.6931471805599453,0.6137700940248711,0.16831212456401112,0.012738853503184714,0.012738853503184714,-0.13685619175646274,1,4
resp,n3000,4,384,0.001,margin_targeted,1.0,314,oracle_delete,-1,2099,1785,314,2352,0,0.6525476216386112,0.5986394557823129,0.002823751416737319,0.027398175796557227,2.4806563844565046,0.9736124019793803,0.6931471805599453,0.6137700940248711,0.16831212456401112,0.012738853503184714,0.012738853503184714,-0.13685619175646274,1,4
resp,n3000,4,384,0.001,margin_targeted,1.0,314,oracle_correct,-1,2099,2099,0,2352,0,0.6498238928423653,0.6058673469387755,0.0,0.0,0.0,1.0,0.6931471805599453,0.6137700940248711,0.16831212456401112,0.012738853503184714,0.012738853503184714,-0.13685619175646274,1,4
resp,n3000,4,384,0.001,margin_targeted,1.0,314,matched_clean,-1,2099,1785,314,2352,0,0.6882006500384693,0.5990646258503401,0.03723883131615943,0.09013887297647566,5.146593266382386,0.9687182157896898,0.6931471805599453,0.6137700940248711,0.16831212456401112,0.012738853503184714,0.012738853503184714,-0.13685619175646274,1,4
resp,n3000,4,384,0.001,margin_targeted,1.0,314,random,0,2099,1785,314,2352,276,0.6589332978052239,0.6016156462585034,0.009820182862933164,0.051167084515898596,4.796256525550434,0.9088200391475426,0.6931471805599453,0.6137700940248711,0.16831212456401112,0.012738853503184714,0.012738853503184714,-0.13685619175646274,1,4
resp,n3000,4,384,0.001,margin_targeted,1.0,314,random,1,2099,1785,314,2352,266,0.6596193950372946,0.5884353741496599,0.009355512779374856,0.050350988588768145,4.690981203784624,0.9099207435156268,0.6931471805599453,0.6137700940248711,0.16831212456401112,0.012738853503184714,0.012738853503184714,-0.13685619175646274,1,4
resp,n3000,4,384,0.001,margin_targeted,1.0,314,random,2,2099,1785,314,2352,271,0.6582512417397781,0.5956632653061225,0.009116319390510233,0.04966950558819953,4.813947724447804,0.9162712309721576,0.6931471805599453,0.6137700940248711,0.16831212456401112,0.012738853503184714,0.012738853503184714,-0.13685619175646274,1,4
resp,n3000,4,384,0.001,margin_targeted,1.0,314,random,3,2099,1785,314,2352,269,0.6567061165078869,0.5999149659863946,0.0089923642942867,0.04903809081983237,4.589586120037855,0.9168831739479606,0.6931471805599453,0.6137700940248711,0.16831212456401112,0.012738853503184714,0.012738853503184714,-0.13685619175646274,1,4
resp,n3000,4,384,0.001,margin_targeted,1.0,314,random,4,2099,1785,314,2352,262,0.65782706609851,0.5935374149659864,0.009036417916113355,0.04943716976096422,4.744078572088283,0.9220000046704968,0.6931471805599453,0.6137700940248711,0.16831212456401112,0.012738853503184714,0.012738853503184714,-0.13685619175646274,1,4
resp,n3000,4,384,0.001,margin_targeted,1.0,314,random,5,2099,1785,314,2352,268,0.6548224736221819,0.6020408163265306,0.008438056793303873,0.04716920173518508,4.6541734335206675,0.9184934116132684,0.6931471805599453,0.6137700940248711,0.16831212456401112,0.012738853503184714,0.012738853503184714,-0.13685619175646274,1,4
resp,n3000,4,384,0.001,margin_targeted,1.0,314,random,6,2099,1785,314,2352,270,0.6537069742865974,0.6096938775510204,0.008680119745788792,0.04811368155653987,4.590191346048562,0.919300784071254,0.6931471805599453,0.6137700940248711,0.16831212456401112,0.012738853503184714,0.012738853503184714,-0.13685619175646274,1,4
resp,n3000,4,384,0.001,margin_targeted,1.0,314,random,7,2099,1785,314,2352,266,0.6595348093211761,0.5965136054421769,0.00916087978037433,0.049662310539492896,4.596293188284944,0.9148036399047488,0.6931471805599453,0.6137700940248711,0.16831212456401112,0.012738853503184714,0.012738853503184714,-0.13685619175646274,1,4
resp,n3000,4,384,0.001,margin_targeted,1.0,314,random,8,2099,1785,314,2352,278,0.6579880903811026,0.6016156462585034,0.009493899854526856,0.05038862339089293,4.759108245835718,0.9078783825311441,0.6931471805599453,0.6137700940248711,0.16831212456401112,0.012738853503184714,0.012738853503184714,-0.13685619175646274,1,4
resp,n3000,4,384,0.001,margin_targeted,1.0,314,random,9,2099,1785,314,2352,267,0.6571696084467643,0.6028911564625851,0.008161316380535416,0.046627852885153635,4.593093282447011,0.9194631539258437,0.6931471805599453,0.6137700940248711,0.16831212456401112,0.012738853503184714,0.012738853503184714,-0.13685619175646274,1,4
