convention,scale,pool,dim,lam,attack,n_train,n_test,attack_budget,budget_mult,review_budget,policy,rep,n_flips,prevalence,score_auroc,recovered,precision,recall,precision_lift,remaining_poisoned_after_delete,test_logloss_no_action,test_logloss_after_delete,test_logloss_after_correct,test_logloss_clean_oracle,delete_minus_no_action,correct_minus_no_action
cat,n300,0,384,0.001,directional,183,2058,27,0.5,14,top,-1,27,0.14754098360655737,0.16832858499525166,0,0.0,0.0,-0.14754098360655737,27,0.6481511977901052,0.6513190992716545,0.6481511977901052,0.6654402369797218,0.003167901481549329,0.0
cat,n300,0,384,0.001,directional,183,2058,27,0.5,14,bottom_oracle_diagnostic,-1,27,0.14754098360655737,0.16832858499525166,3,0.21428571428571427,0.1111111111111111,0.0667447306791569,24,0.6481511977901052,0.6482241949939475,0.6473018281261004,0.6654402369797218,7.299720384223995e-05,-0.0008493696640048398
cat,n300,0,384,0.001,directional,183,2058,27,0.5,14,two_tailed,-1,27,0.14754098360655737,0.16832858499525166,2,0.14285714285714285,0.07407407407407407,-0.004683840749414525,25,0.6481511977901052,0.6491073629922263,0.6468349482455918,0.6654402369797218,0.0009561652021210509,-0.0013162495445133704
cat,n300,0,384,0.001,directional,183,2058,27,0.5,14,random,0,27,0.14754098360655737,0.16832858499525166,3,0.21428571428571427,0.1111111111111111,0.0667447306791569,24,0.6481511977901052,0.6475639815311937,0.6482769951840601,0.6654402369797218,-0.0005872162589115604,0.0001257973939549073
cat,n300,0,384,0.001,directional,183,2058,27,0.5,14,random,1,27,0.14754098360655737,0.16832858499525166,4,0.2857142857142857,0.14814814814814814,0.13817330210772832,23,0.6481511977901052,0.6481866016534038,0.6473485851769891,0.6654402369797218,3.540386329858869e-05,-0.0008026126131160938
cat,n300,0,384,0.001,directional,183,2058,27,0.5,14,random,2,27,0.14754098360655737,0.16832858499525166,2,0.14285714285714285,0.07407407407407407,-0.004683840749414525,25,0.6481511977901052,0.649115489292882,0.6484996878782486,0.6654402369797218,0.0009642915027767707,0.0003484900881434161
cat,n300,0,384,0.001,directional,183,2058,27,0.5,14,random,3,27,0.14754098360655737,0.16832858499525166,3,0.21428571428571427,0.1111111111111111,0.0667447306791569,24,0.6481511977901052,0.6488105585069878,0.6474251857626309,0.6654402369797218,0.000659360716882551,-0.0007260120274743542
cat,n300,0,384,0.001,directional,183,2058,27,0.5,14,random,4,27,0.14754098360655737,0.16832858499525166,0,0.0,0.0,-0.14754098360655737,27,0.6481511977901052,0.6486057695373886,0.6481511977901052,0.6654402369797218,0.00045457174728336103,0.0
cat,n300,0,384,0.001,directional,183,2058,27,0.5,14,random,5,27,0.14754098360655737,0.16832858499525166,2,0.14285714285714285,0.07407407407407407,-0.004683840749414525,25,0.6481511977901052,0.6470929760295573,0.6468845892230893,0.6654402369797218,-0.0010582217605479283,-0.001266608567015881
cat,n300,0,384,0.001,directional,183,2058,27,0.5,14,random,6,27,0.14754098360655737,0.16832858499525166,3,0.21428571428571427,0.1111111111111111,0.0667447306791569,24,0.6481511977901052,0.6476052149169294,0.646078359978526,0.6654402369797218,-0.0005459828731758654,-0.002072837811579187
cat,n300,0,384,0.001,directional,183,2058,27,0.5,14,random,7,27,0.14754098360655737,0.16832858499525166,2,0.14285714285714285,0.07407407407407407,-0.004683840749414525,25,0.6481511977901052,0.6491749216418213,0.6467191885002365,0.6654402369797218,0.0010237238517161185,-0.001432009289868752
cat,n300,0,384,0.001,directional,183,2058,27,0.5,14,random,8,27,0.14754098360655737,0.16832858499525166,3,0.21428571428571427,0.1111111111111111,0.0667447306791569,24,0.6481511977901052,0.6506044299688039,0.6486429769200525,0.6654402369797218,0.002453232178698639,0.0004917791299472452
cat,n300,0,384,0.001,directional,183,2058,27,0.5,14,random,9,27,0.14754098360655737,0.16832858499525166,4,0.2857142857142857,0.14814814814814814,0.13817330210772832,23,0.6481511977901052,0.649620597655836,0.6474458691690155,0.6654402369797218,0.0014693998657308027,-0.0007053286210897403
cat,n300,0,384,0.001,directional,183,2058,27,1.0,27,top,-1,27,0.14754098360655737,0.16832858499525166,0,0.0,0.0,-0.14754098360655737,27,0.6481511977901052,0.6546182495401954,0.6481511977901052,0.6654402369797218,0.006467051750090214,0.0
cat,n300,0,384,0.001,directional,183,2058,27,1.0,27,bottom_oracle_diagnostic,-1,27,0.14754098360655737,0.16832858499525166,9,0.3333333333333333,0.3333333333333333,0.18579234972677594,18,0.6481511977901052,0.6483603621825276,0.6480389543571738,0.6654402369797218,0.0002091643924223563,-0.00011224343293136929
cat,n300,0,384,0.001,directional,183,2058,27,1.0,27,two_tailed,-1,27,0.14754098360655737,0.16832858499525166,3,0.1111111111111111,0.1111111111111111,-0.03642987249544627,24,0.6481511977901052,0.6508160677166419,0.6473018281261004,0.6654402369797218,0.002664869926536695,-0.0008493696640048398
cat,n300,0,384,0.001,directional,183,2058,27,1.0,27,random,0,27,0.14754098360655737,0.16832858499525166,2,0.07407407407407407,0.07407407407407407,-0.0734669095324833,25,0.6481511977901052,0.6480400324874314,0.6468039764191869,0.6654402369797218,-0.0001111653026738546,-0.0013472213709183611
cat,n300,0,384,0.001,directional,183,2058,27,1.0,27,random,1,27,0.14754098360655737,0.16832858499525166,4,0.14814814814814814,0.14814814814814814,0.0006071645415907656,23,0.6481511977901052,0.6503274867100672,0.6495505191493999,0.6654402369797218,0.0021762889199620217,0.0013993213592946585
cat,n300,0,384,0.001,directional,183,2058,27,1.0,27,random,2,27,0.14754098360655737,0.16832858499525166,8,0.2962962962962963,0.2962962962962963,0.1487553126897389,19,0.6481511977901052,0.6479587762669053,0.6466429328943935,0.6654402369797218,-0.0001924215231998705,-0.001508264895711764
cat,n300,0,384,0.001,directional,183,2058,27,1.0,27,random,3,27,0.14754098360655737,0.16832858499525166,3,0.1111111111111111,0.1111111111111111,-0.03642987249544627,24,0.6481511977901052,0.6487420547476517,0.6492338294579739,0.6654402369797218,0.0005908569575464595,0.0010826316678687053
cat,n300,0,384,0.001,directional,183,2058,27,1.0,27,random,4,27,0.14754098360655737,0.16832858499525166,4,0.14814814814814814,0.14814814814814814,0.0006071645415907656,23,0.6481511977901052,0.6466564867778867,0.6470290941706023,0.6654402369797218,-0.0014947110122185414,-0.0011221036195029344
cat,n300,0,384,0.001,directional,183,2058,27,1.0,27,random,5,27,0.14754098360655737,0.16832858499525166,4,0.14814814814814814,0.14814814814814814,0.0006071645415907656,23,0.6481511977901052,0.6483896236350952,0.6475400592151399,0.6654402369797218,0.00023842584499000896,-0.0006111385749653087
cat,n300,0,384,0.001,directional,183,2058,27,1.0,27,random,6,27,0.14754098360655737,0.16832858499525166,3,0.1111111111111111,0.1111111111111111,-0.03642987249544627,24,0.6481511977901052,0.649140763764194,0.648718470703697,0.6654402369797218,0.0009895659740888352,0.0005672729135918209
cat,n300,0,384,0.001,directional,183,2058,27,1.0,27,random,7,27,0.14754098360655737,0.16832858499525166,4,0.14814814814814814,0.14814814814814814,0.0006071645415907656,23,0.6481511977901052,0.6500995817118185,0.6459508928549417,0.6654402369797218,0.0019483839217132592,-0.002200304935163544
cat,n300,0,384,0.001,directional,183,2058,27,1.0,27,random,8,27,0.14754098360655737,0.16832858499525166,1,0.037037037037037035,0.037037037037037035,-0.11050394656952034,26,0.6481511977901052,0.6527974427703301,0.6481089829206591,0.6654402369797218,0.004646244980224923,-4.221486944611108e-05
cat,n300,0,384,0.001,directional,183,2058,27,1.0,27,random,9,27,0.14754098360655737,0.16832858499525166,0,0.0,0.0,-0.14754098360655737,27,0.6481511977901052,0.6496400509817422,0.6481511977901052,0.6654402369797218,0.0014888531916369407,0.0
cat,n300,0,384,0.001,directional,183,2058,27,2.0,54,top,-1,27,0.14754098360655737,0.16832858499525166,0,0.0,0.0,-0.14754098360655737,27,0.6481511977901052,0.6625862659432251,0.6481511977901052,0.6654402369797218,0.014435068153119901,0.0
cat,n300,0,384,0.001,directional,183,2058,27,2.0,54,bottom_oracle_diagnostic,-1,27,0.14754098360655737,0.16832858499525166,20,0.37037037037037035,0.7407407407407407,0.22282938676381298,7,0.6481511977901052,0.6562033337947214,0.6541877883582151,0.6654402369797218,0.008052136004616184,0.006036590568109901
cat,n300,0,384,0.001,directional,183,2058,27,2.0,54,two_tailed,-1,27,0.14754098360655737,0.16832858499525166,9,0.16666666666666666,0.3333333333333333,0.019125683060109283,18,0.6481511977901052,0.6524094491745558,0.6480389543571738,0.6654402369797218,0.004258251384450573,-0.00011224343293136929
cat,n300,0,384,0.001,directional,183,2058,27,2.0,54,random,0,27,0.14754098360655737,0.16832858499525166,8,0.14814814814814814,0.2962962962962963,0.0006071645415907656,19,0.6481511977901052,0.6489210855227535,0.6465046834321632,0.6654402369797218,0.0007698877326483,-0.0016465143579420527
cat,n300,0,384,0.001,directional,183,2058,27,2.0,54,random,1,27,0.14754098360655737,0.16832858499525166,9,0.16666666666666666,0.3333333333333333,0.019125683060109283,18,0.6481511977901052,0.6551563994909201,0.6512273395714915,0.6654402369797218,0.007005201700814867,0.0030761417813862657
cat,n300,0,384,0.001,directional,183,2058,27,2.0,54,random,2,27,0.14754098360655737,0.16832858499525166,10,0.18518518518518517,0.37037037037037035,0.0376442015786278,17,0.6481511977901052,0.6493716615326262,0.6503274560355597,0.6654402369797218,0.0012204637425209386,0.002176258245454532
cat,n300,0,384,0.001,directional,183,2058,27,2.0,54,random,3,27,0.14754098360655737,0.16832858499525166,10,0.18518518518518517,0.37037037037037035,0.0376442015786278,17,0.6481511977901052,0.650073294643493,0.6455010601024426,0.6654402369797218,0.0019220968533877336,-0.002650137687662646
cat,n300,0,384,0.001,directional,183,2058,27,2.0,54,random,4,27,0.14754098360655737,0.16832858499525166,8,0.14814814814814814,0.2962962962962963,0.0006071645415907656,19,0.6481511977901052,0.6499887410912958,0.6498164406655004,0.6654402369797218,0.0018375433011905695,0.0016652428753951565
cat,n300,0,384,0.001,directional,183,2058,27,2.0,54,random,5,27,0.14754098360655737,0.16832858499525166,4,0.07407407407407407,0.14814814814814814,-0.0734669095324833,23,0.6481511977901052,0.6515421684906779,0.6478244433111358,0.6654402369797218,0.003390970700572704,-0.00032675447896945986
cat,n300,0,384,0.001,directional,183,2058,27,2.0,54,random,6,27,0.14754098360655737,0.16832858499525166,7,0.12962962962962962,0.25925925925925924,-0.017911353976927752,20,0.6481511977901052,0.6493044152176185,0.6467721845196447,0.6654402369797218,0.0011532174275132867,-0.0013790132704605274
cat,n300,0,384,0.001,directional,183,2058,27,2.0,54,random,7,27,0.14754098360655737,0.16832858499525166,9,0.16666666666666666,0.3333333333333333,0.019125683060109283,18,0.6481511977901052,0.6496032750962126,0.6480145496131317,0.6654402369797218,0.0014520773061074133,-0.0001366481769735639
cat,n300,0,384,0.001,directional,183,2058,27,2.0,54,random,8,27,0.14754098360655737,0.16832858499525166,10,0.18518518518518517,0.37037037037037035,0.0376442015786278,17,0.6481511977901052,0.649466232991144,0.646978231339722,0.6654402369797218,0.0013150352010388167,-0.0011729664503832282
cat,n300,0,384,0.001,directional,183,2058,27,2.0,54,random,9,27,0.14754098360655737,0.16832858499525166,7,0.12962962962962962,0.25925925925925924,-0.017911353976927752,20,0.6481511977901052,0.6490879342620895,0.6475674962617298,0.6654402369797218,0.0009367364719843341,-0.000583701528375391
cat,n300,1,384,0.001,directional,181,2058,27,0.5,14,top,-1,27,0.14917127071823205,0.2106782106782107,0,0.0,0.0,-0.14917127071823205,27,0.6490529863820754,0.6534451220701947,0.6490529863820754,0.6626043006274543,0.0043921356881192475,0.0
cat,n300,1,384,0.001,directional,181,2058,27,0.5,14,bottom_oracle_diagnostic,-1,27,0.14917127071823205,0.2106782106782107,2,0.14285714285714285,0.07407407407407407,-0.006314127861089203,25,0.6490529863820754,0.6487333567400797,0.6478071763184177,0.6626043006274543,-0.0003196296419957223,-0.0012458100636577596
cat,n300,1,384,0.001,directional,181,2058,27,0.5,14,two_tailed,-1,27,0.14917127071823205,0.2106782106782107,1,0.07142857142857142,0.037037037037037035,-0.07774269928966063,26,0.6490529863820754,0.6516968067056684,0.6475790024466875,0.6626043006274543,0.0026438203235930047,-0.0014739839353878903
cat,n300,1,384,0.001,directional,181,2058,27,0.5,14,random,0,27,0.14917127071823205,0.2106782106782107,3,0.21428571428571427,0.1111111111111111,0.06511444356748222,24,0.6490529863820754,0.6493503653871807,0.6475155715127391,0.6626043006274543,0.0002973790051052916,-0.0015374148693363399
cat,n300,1,384,0.001,directional,181,2058,27,0.5,14,random,1,27,0.14917127071823205,0.2106782106782107,3,0.21428571428571427,0.1111111111111111,0.06511444356748222,24,0.6490529863820754,0.6479308249440933,0.6489980954345773,0.6626043006274543,-0.001122161437982161,-5.489094749810963e-05
cat,n300,1,384,0.001,directional,181,2058,27,0.5,14,random,2,27,0.14917127071823205,0.2106782106782107,1,0.07142857142857142,0.037037037037037035,-0.07774269928966063,26,0.6490529863820754,0.6476677466517318,0.6481142210708775,0.6626043006274543,-0.001385239730343657,-0.0009387653111979644
cat,n300,1,384,0.001,directional,181,2058,27,0.5,14,random,3,27,0.14917127071823205,0.2106782106782107,1,0.07142857142857142,0.037037037037037035,-0.07774269928966063,26,0.6490529863820754,0.6507339304957165,0.6491848327768618,0.6626043006274543,0.0016809441136410586,0.0001318463947863613
cat,n300,1,384,0.001,directional,181,2058,27,0.5,14,random,4,27,0.14917127071823205,0.2106782106782107,5,0.35714285714285715,0.18518518518518517,0.2079715864246251,22,0.6490529863820754,0.6505697305843601,0.6509718635960413,0.6626043006274543,0.0015167442022846478,0.001918877213965886
cat,n300,1,384,0.001,directional,181,2058,27,0.5,14,random,5,27,0.14917127071823205,0.2106782106782107,1,0.07142857142857142,0.037037037037037035,-0.07774269928966063,26,0.6490529863820754,0.6492078267165341,0.6488250263783687,0.6626043006274543,0.0001548403344586724,-0.00022796000370672864
cat,n300,1,384,0.001,directional,181,2058,27,0.5,14,random,6,27,0.14917127071823205,0.2106782106782107,5,0.35714285714285715,0.18518518518518517,0.2079715864246251,22,0.6490529863820754,0.6482128142923085,0.6465020889015681,0.6626043006274543,-0.000840172089766944,-0.002550897480507297
cat,n300,1,384,0.001,directional,181,2058,27,0.5,14,random,7,27,0.14917127071823205,0.2106782106782107,2,0.14285714285714285,0.07407407407407407,-0.006314127861089203,25,0.6490529863820754,0.6494099475620778,0.6490024386441229,0.6626043006274543,0.00035696118000239085,-5.05477379525443e-05
cat,n300,1,384,0.001,directional,181,2058,27,0.5,14,random,8,27,0.14917127071823205,0.2106782106782107,4,0.2857142857142857,0.14814814814814814,0.13654301499605365,23,0.6490529863820754,0.6485373788163219,0.6492916186063973,0.6626043006274543,-0.0005156075657535286,0.00023863222432185527
cat,n300,1,384,0.001,directional,181,2058,27,0.5,14,random,9,27,0.14917127071823205,0.2106782106782107,2,0.14285714285714285,0.07407407407407407,-0.006314127861089203,25,0.6490529863820754,0.6488578889731957,0.6477684268327434,0.6626043006274543,-0.0001950974088796853,-0.0012845595493320427
cat,n300,1,384,0.001,directional,181,2058,27,1.0,27,top,-1,27,0.14917127071823205,0.2106782106782107,0,0.0,0.0,-0.14917127071823205,27,0.6490529863820754,0.6580290319448452,0.6490529863820754,0.6626043006274543,0.008976045562769763,0.0
cat,n300,1,384,0.001,directional,181,2058,27,1.0,27,bottom_oracle_diagnostic,-1,27,0.14917127071823205,0.2106782106782107,8,0.2962962962962963,0.2962962962962963,0.14712502557806423,19,0.6490529863820754,0.647768131456909,0.6496888450686522,0.6626043006274543,-0.0012848549251663899,0.0006358586865767846
cat,n300,1,384,0.001,directional,181,2058,27,1.0,27,two_tailed,-1,27,0.14917127071823205,0.2106782106782107,2,0.07407407407407407,0.07407407407407407,-0.07509719664415798,25,0.6490529863820754,0.6532437549023955,0.6478071763184177,0.6626043006274543,0.004190768520320076,-0.0012458100636577596
cat,n300,1,384,0.001,directional,181,2058,27,1.0,27,random,0,27,0.14917127071823205,0.2106782106782107,2,0.07407407407407407,0.07407407407407407,-0.07509719664415798,25,0.6490529863820754,0.649229075666168,0.6477871810305622,0.6626043006274543,0.0001760892840926287,-0.0012658053515132162
cat,n300,1,384,0.001,directional,181,2058,27,1.0,27,random,1,27,0.14917127071823205,0.2106782106782107,5,0.18518518518518517,0.18518518518518517,0.03601391446695312,22,0.6490529863820754,0.6507405874845713,0.6490353400690863,0.6626043006274543,0.0016876011024958837,-1.7646312989172408e-05
cat,n300,1,384,0.001,directional,181,2058,27,1.0,27,random,2,27,0.14917127071823205,0.2106782106782107,3,0.1111111111111111,0.1111111111111111,-0.03806015960712095,24,0.6490529863820754,0.6480042147531642,0.6491644919884684,0.6626043006274543,-0.0010487716289112603,0.0001115056063929476
cat,n300,1,384,0.001,directional,181,2058,27,1.0,27,random,3,27,0.14917127071823205,0.2106782106782107,2,0.07407407407407407,0.07407407407407407,-0.07509719664415798,25,0.6490529863820754,0.6508792713363384,0.6476756470024243,0.6626043006274543,0.0018262849542629578,-0.0013773393796511213
cat,n300,1,384,0.001,directional,181,2058,27,1.0,27,random,4,27,0.14917127071823205,0.2106782106782107,6,0.2222222222222222,0.2222222222222222,0.07305095150399016,21,0.6490529863820754,0.6489171701140974,0.6477272852823701,0.6626043006274543,-0.00013581626797798396,-0.001325701099705312
cat,n300,1,384,0.001,directional,181,2058,27,1.0,27,random,5,27,0.14917127071823205,0.2106782106782107,2,0.07407407407407407,0.07407407407407407,-0.07509719664415798,25,0.6490529863820754,0.6500499561463069,0.6503819579730641,0.6626043006274543,0.00099696976423147,0.001328971590988659
cat,n300,1,384,0.001,directional,181,2058,27,1.0,27,random,6,27,0.14917127071823205,0.2106782106782107,3,0.1111111111111111,0.1111111111111111,-0.03806015960712095,24,0.6490529863820754,0.650601753364599,0.647342976359701,0.6626043006274543,0.0015487669825235972,-0.0017100100223744752
cat,n300,1,384,0.001,directional,181,2058,27,1.0,27,random,7,27,0.14917127071823205,0.2106782106782107,4,0.14814814814814814,0.14814814814814814,-0.001023122570083912,23,0.6490529863820754,0.6484268730262369,0.6484026478069207,0.6626043006274543,-0.000626113355838509,-0.0006503385751547297
cat,n300,1,384,0.001,directional,181,2058,27,1.0,27,random,8,27,0.14917127071823205,0.2106782106782107,2,0.07407407407407407,0.07407407407407407,-0.07509719664415798,25,0.6490529863820754,0.649676034773448,0.649663302547154,0.6626043006274543,0.0006230483913726159,0.0006103161650785616
cat,n300,1,384,0.001,directional,181,2058,27,1.0,27,random,9,27,0.14917127071823205,0.2106782106782107,9,0.3333333333333333,0.3333333333333333,0.18416206261510126,18,0.6490529863820754,0.6491706438220677,0.6504343050941115,0.6626043006274543,0.00011765743999225808,0.0013813187120360615
cat,n300,1,384,0.001,directional,181,2058,27,2.0,54,top,-1,27,0.14917127071823205,0.2106782106782107,0,0.0,0.0,-0.14917127071823205,27,0.6490529863820754,0.6626874625575057,0.6490529863820754,0.6626043006274543,0.013634476175430232,0.0
cat,n300,1,384,0.001,directional,181,2058,27,2.0,54,bottom_oracle_diagnostic,-1,27,0.14917127071823205,0.2106782106782107,16,0.2962962962962963,0.5925925925925926,0.14712502557806423,11,0.6490529863820754,0.65215709422634,0.6520176178329752,0.6626043006274543,0.0031041078442646253,0.0029646314508997573
cat,n300,1,384,0.001,directional,181,2058,27,2.0,54,two_tailed,-1,27,0.14917127071823205,0.2106782106782107,8,0.14814814814814814,0.2962962962962963,-0.001023122570083912,19,0.6490529863820754,0.6566056858798283,0.6496888450686522,0.6626043006274543,0.007552699497752835,0.0006358586865767846
cat,n300,1,384,0.001,directional,181,2058,27,2.0,54,random,0,27,0.14917127071823205,0.2106782106782107,10,0.18518518518518517,0.37037037037037035,0.03601391446695312,17,0.6490529863820754,0.6572207646516953,0.6508475121587555,0.6626043006274543,0.008167778269619896,0.0017945257766800449
cat,n300,1,384,0.001,directional,181,2058,27,2.0,54,random,1,27,0.14917127071823205,0.2106782106782107,7,0.12962962962962962,0.25925925925925924,-0.01954164108860243,20,0.6490529863820754,0.6465275692305273,0.6510741688754216,0.6626043006274543,-0.0025254171515480817,0.002021182493346152
cat,n300,1,384,0.001,directional,181,2058,27,2.0,54,random,2,27,0.14917127071823205,0.2106782106782107,5,0.09259259259259259,0.18518518518518517,-0.056578678125639464,22,0.6490529863820754,0.6507518254890471,0.6488796058121339,0.6626043006274543,0.0016988391069716613,-0.00017338056994153916
cat,n300,1,384,0.001,directional,181,2058,27,2.0,54,random,3,27,0.14917127071823205,0.2106782106782107,10,0.18518518518518517,0.37037037037037035,0.03601391446695312,17,0.6490529863820754,0.6477691615631591,0.6470183145476789,0.6626043006274543,-0.0012838248189163126,-0.0020346718343965398
cat,n300,1,384,0.001,directional,181,2058,27,2.0,54,random,4,27,0.14917127071823205,0.2106782106782107,5,0.09259259259259259,0.18518518518518517,-0.056578678125639464,22,0.6490529863820754,0.648432367625475,0.6500586615900615,0.6626043006274543,-0.0006206187566004662,0.001005675207986112
cat,n300,1,384,0.001,directional,181,2058,27,2.0,54,random,5,27,0.14917127071823205,0.2106782106782107,6,0.1111111111111111,0.2222222222222222,-0.03806015960712095,21,0.6490529863820754,0.655130769293576,0.6467571130988328,0.6626043006274543,0.006077782911500629,-0.0022958732832426554
cat,n300,1,384,0.001,directional,181,2058,27,2.0,54,random,6,27,0.14917127071823205,0.2106782106782107,4,0.07407407407407407,0.14814814814814814,-0.07509719664415798,23,0.6490529863820754,0.6486182088229476,0.6456548605973896,0.6626043006274543,-0.0004347775591277969,-0.0033981257846857904
cat,n300,1,384,0.001,directional,181,2058,27,2.0,54,random,7,27,0.14917127071823205,0.2106782106782107,8,0.14814814814814814,0.2962962962962963,-0.001023122570083912,19,0.6490529863820754,0.6527709549555043,0.6490407013762725,0.6626043006274543,0.003717968573428876,-1.2285005802969984e-05
cat,n300,1,384,0.001,directional,181,2058,27,2.0,54,random,8,27,0.14917127071823205,0.2106782106782107,9,0.16666666666666666,0.3333333333333333,0.017495395948434606,18,0.6490529863820754,0.650536056231941,0.6475798079888306,0.6626043006274543,0.0014830698498655703,-0.0014731783932447895
cat,n300,1,384,0.001,directional,181,2058,27,2.0,54,random,9,27,0.14917127071823205,0.2106782106782107,7,0.12962962962962962,0.25925925925925924,-0.01954164108860243,20,0.6490529863820754,0.6522712927132881,0.6471168931256601,0.6626043006274543,0.0032183063312126725,-0.0019360932564153055
cat,n300,2,384,0.01,directional,190,2058,28,0.5,14,top,-1,28,0.14736842105263157,0.05423280423280423,0,0.0,0.0,-0.14736842105263157,28,0.7099675672006122,0.7154094780402935,0.7099675672006122,0.6763731066494088,0.005441910839681374,0.0
cat,n300,2,384,0.01,directional,190,2058,28,0.5,14,bottom_oracle_diagnostic,-1,28,0.14736842105263157,0.05423280423280423,9,0.6428571428571429,0.32142857142857145,0.4954887218045113,19,0.7099675672006122,0.7019426108977546,0.694751812233308,0.6763731066494088,-0.0080249563028576,-0.015215754967304207
cat,n300,2,384,0.01,directional,190,2058,28,0.5,14,two_tailed,-1,28,0.14736842105263157,0.05423280423280423,7,0.5,0.25,0.3526315789473684,21,0.7099675672006122,0.7073913134809123,0.6972014125223798,0.6763731066494088,-0.002576253719699828,-0.012766154678232389
cat,n300,2,384,0.01,directional,190,2058,28,0.5,14,random,0,28,0.14736842105263157,0.05423280423280423,2,0.14285714285714285,0.07142857142857142,-0.004511278195488716,26,0.7099675672006122,0.7100347650575662,0.707608504117274,0.6763731066494088,6.719785695408209e-05,-0.0023590630833381088
cat,n300,2,384,0.01,directional,190,2058,28,0.5,14,random,1,28,0.14736842105263157,0.05423280423280423,1,0.07142857142857142,0.03571428571428571,-0.07593984962406014,27,0.7099675672006122,0.7086660162338089,0.7085199219625556,0.6763731066494088,-0.0013015509668032887,-0.0014476452380565163
cat,n300,2,384,0.01,directional,190,2058,28,0.5,14,random,2,28,0.14736842105263157,0.05423280423280423,4,0.2857142857142857,0.14285714285714285,0.13834586466165413,24,0.7099675672006122,0.7082655644287273,0.7033475007437338,0.6763731066494088,-0.001702002771884814,-0.006620066456878404
cat,n300,2,384,0.01,directional,190,2058,28,0.5,14,random,3,28,0.14736842105263157,0.05423280423280423,3,0.21428571428571427,0.10714285714285714,0.06691729323308271,25,0.7099675672006122,0.7094718848894903,0.7057074193899606,0.6763731066494088,-0.0004956823111218478,-0.004260147810651538
cat,n300,2,384,0.01,directional,190,2058,28,0.5,14,random,4,28,0.14736842105263157,0.05423280423280423,1,0.07142857142857142,0.03571428571428571,-0.07593984962406014,27,0.7099675672006122,0.7115393042856505,0.7081155117029686,0.6763731066494088,0.0015717370850383272,-0.0018520554976435566
cat,n300,2,384,0.01,directional,190,2058,28,0.5,14,random,5,28,0.14736842105263157,0.05423280423280423,2,0.14285714285714285,0.07142857142857142,-0.004511278195488716,26,0.7099675672006122,0.7094086496492253,0.7070729096399666,0.6763731066494088,-0.0005589175513868172,-0.0028946575606455527
cat,n300,2,384,0.01,directional,190,2058,28,0.5,14,random,6,28,0.14736842105263157,0.05423280423280423,1,0.07142857142857142,0.03571428571428571,-0.07593984962406014,27,0.7099675672006122,0.71000717284746,0.7082499572618142,0.6763731066494088,3.960564684779566e-05,-0.0017176099387979926
cat,n300,2,384,0.01,directional,190,2058,28,0.5,14,random,7,28,0.14736842105263157,0.05423280423280423,2,0.14285714285714285,0.07142857142857142,-0.004511278195488716,26,0.7099675672006122,0.710042029062931,0.7077254518869665,0.6763731066494088,7.44618623188531e-05,-0.0022421153136457095
cat,n300,2,384,0.01,directional,190,2058,28,0.5,14,random,8,28,0.14736842105263157,0.05423280423280423,4,0.2857142857142857,0.14285714285714285,0.13834586466165413,24,0.7099675672006122,0.7073363606908528,0.7027142457765356,0.6763731066494088,-0.002631206509759343,-0.007253321424076531
cat,n300,2,384,0.01,directional,190,2058,28,0.5,14,random,9,28,0.14736842105263157,0.05423280423280423,2,0.14285714285714285,0.07142857142857142,-0.004511278195488716,26,0.7099675672006122,0.7088928679266624,0.7069830973266203,0.6763731066494088,-0.001074699273949764,-0.002984469873991813
cat,n300,2,384,0.01,directional,190,2058,28,1.0,28,top,-1,28,0.14736842105263157,0.05423280423280423,0,0.0,0.0,-0.14736842105263157,28,0.7099675672006122,0.7206170887541328,0.7099675672006122,0.6763731066494088,0.010649521553520613,0.0
cat,n300,2,384,0.01,directional,190,2058,28,1.0,28,bottom_oracle_diagnostic,-1,28,0.14736842105263157,0.05423280423280423,18,0.6428571428571429,0.6428571428571429,0.4954887218045113,10,0.7099675672006122,0.6921152647001055,0.6844887057038127,0.6763731066494088,-0.017852302500506623,-0.025478861496799454
cat,n300,2,384,0.01,directional,190,2058,28,1.0,28,two_tailed,-1,28,0.14736842105263157,0.05423280423280423,9,0.32142857142857145,0.32142857142857145,0.1740601503759399,19,0.7099675672006122,0.7072488565240695,0.694751812233308,0.6763731066494088,-0.0027187106765426128,-0.015215754967304207
cat,n300,2,384,0.01,directional,190,2058,28,1.0,28,random,0,28,0.14736842105263157,0.05423280423280423,6,0.21428571428571427,0.21428571428571427,0.06691729323308271,22,0.7099675672006122,0.7094528481940836,0.7010985379660317,0.6763731066494088,-0.0005147190065285523,-0.008869029234580439
cat,n300,2,384,0.01,directional,190,2058,28,1.0,28,random,1,28,0.14736842105263157,0.05423280423280423,7,0.25,0.25,0.10263157894736843,21,0.7099675672006122,0.7085161778398121,0.7015840829088383,0.6763731066494088,-0.0014513893608000261,-0.008383484291773824
cat,n300,2,384,0.01,directional,190,2058,28,1.0,28,random,2,28,0.14736842105263157,0.05423280423280423,5,0.17857142857142858,0.17857142857142858,0.03120300751879701,23,0.7099675672006122,0.7081217287046462,0.700327317560766,0.6763731066494088,-0.001845838495965979,-0.00964024963984611
cat,n300,2,384,0.01,directional,190,2058,28,1.0,28,random,3,28,0.14736842105263157,0.05423280423280423,6,0.21428571428571427,0.21428571428571427,0.06691729323308271,22,0.7099675672006122,0.7089910049441116,0.7019126569720469,0.6763731066494088,-0.0009765622565005572,-0.008054910228565304
cat,n300,2,384,0.01,directional,190,2058,28,1.0,28,random,4,28,0.14736842105263157,0.05423280423280423,5,0.17857142857142858,0.17857142857142858,0.03120300751879701,23,0.7099675672006122,0.7088621788906727,0.7024687961466224,0.6763731066494088,-0.001105388309939448,-0.007498771053989772
cat,n300,2,384,0.01,directional,190,2058,28,1.0,28,random,5,28,0.14736842105263157,0.05423280423280423,3,0.10714285714285714,0.10714285714285714,-0.04022556390977443,25,0.7099675672006122,0.7101303513063763,0.7063662198399008,0.6763731066494088,0.00016278410576409108,-0.003601347360711382
cat,n300,2,384,0.01,directional,190,2058,28,1.0,28,random,6,28,0.14736842105263157,0.05423280423280423,5,0.17857142857142858,0.17857142857142858,0.03120300751879701,23,0.7099675672006122,0.7110690381540208,0.7039395303768337,0.6763731066494088,0.0011014709534086231,-0.006028036823778504
cat,n300,2,384,0.01,directional,190,2058,28,1.0,28,random,7,28,0.14736842105263157,0.05423280423280423,4,0.14285714285714285,0.14285714285714285,-0.004511278195488716,24,0.7099675672006122,0.7100966149461811,0.704069996847306,0.6763731066494088,0.00012904774556898868,-0.005897570353306181
cat,n300,2,384,0.01,directional,190,2058,28,1.0,28,random,8,28,0.14736842105263157,0.05423280423280423,3,0.10714285714285714,0.10714285714285714,-0.04022556390977443,25,0.7099675672006122,0.7126510147758993,0.7047606199703939,0.6763731066494088,0.0026834475752871567,-0.005206947230218306
cat,n300,2,384,0.01,directional,190,2058,28,1.0,28,random,9,28,0.14736842105263157,0.05423280423280423,4,0.14285714285714285,0.14285714285714285,-0.004511278195488716,24,0.7099675672006122,0.7100135112425169,0.7027567556699914,0.6763731066494088,4.59440419047219e-05,-0.007210811530620753
cat,n300,2,384,0.01,directional,190,2058,28,2.0,56,top,-1,28,0.14736842105263157,0.05423280423280423,0,0.0,0.0,-0.14736842105263157,28,0.7099675672006122,0.7321627573805487,0.7099675672006122,0.6763731066494088,0.02219519017993654,0.0
cat,n300,2,384,0.01,directional,190,2058,28,2.0,56,bottom_oracle_diagnostic,-1,28,0.14736842105263157,0.05423280423280423,27,0.48214285714285715,0.9642857142857143,0.3347744360902256,1,0.7099675672006122,0.6799781117795499,0.676980450856068,0.6763731066494088,-0.02998945542106224,-0.03298711634454421
cat,n300,2,384,0.01,directional,190,2058,28,2.0,56,two_tailed,-1,28,0.14736842105263157,0.05423280423280423,18,0.32142857142857145,0.6428571428571429,0.1740601503759399,10,0.7099675672006122,0.7013924957914881,0.6844887057038127,0.6763731066494088,-0.008575071409124058,-0.025478861496799454
cat,n300,2,384,0.01,directional,190,2058,28,2.0,56,random,0,28,0.14736842105263157,0.05423280423280423,5,0.08928571428571429,0.17857142857142858,-0.05808270676691728,23,0.7099675672006122,0.7134086877874108,0.7003996237661633,0.6763731066494088,0.003441120586798685,-0.009567943434448889
cat,n300,2,384,0.01,directional,190,2058,28,2.0,56,random,1,28,0.14736842105263157,0.05423280423280423,6,0.10714285714285714,0.21428571428571427,-0.04022556390977443,22,0.7099675672006122,0.7107792872887206,0.6987958544445885,0.6763731066494088,0.0008117200881084807,-0.011171712756023688
cat,n300,2,384,0.01,directional,190,2058,28,2.0,56,random,2,28,0.14736842105263157,0.05423280423280423,6,0.10714285714285714,0.21428571428571427,-0.04022556390977443,22,0.7099675672006122,0.7093781853042637,0.7000408129846553,0.6763731066494088,-0.0005893818963484954,-0.009926754215956901
cat,n300,2,384,0.01,directional,190,2058,28,2.0,56,random,3,28,0.14736842105263157,0.05423280423280423,9,0.16071428571428573,0.32142857142857145,0.013345864661654161,19,0.7099675672006122,0.7110497871183267,0.6979044351165189,0.6763731066494088,0.0010822199177145109,-0.012063132084093264
cat,n300,2,384,0.01,directional,190,2058,28,2.0,56,random,4,28,0.14736842105263157,0.05423280423280423,6,0.10714285714285714,0.21428571428571427,-0.04022556390977443,22,0.7099675672006122,0.7115774340287154,0.7004194060626305,0.6763731066494088,0.001609866828103268,-0.009548161137981626
cat,n300,2,384,0.01,directional,190,2058,28,2.0,56,random,5,28,0.14736842105263157,0.05423280423280423,10,0.17857142857142858,0.35714285714285715,0.03120300751879701,18,0.7099675672006122,0.7088854827126594,0.6976019198175423,0.6763731066494088,-0.0010820844879527725,-0.012365647383069889
cat,n300,2,384,0.01,directional,190,2058,28,2.0,56,random,6,28,0.14736842105263157,0.05423280423280423,8,0.14285714285714285,0.2857142857142857,-0.004511278195488716,20,0.7099675672006122,0.7046802858499822,0.6983435854137606,0.6763731066494088,-0.0052872813506299465,-0.011623981786851534
cat,n300,2,384,0.01,directional,190,2058,28,2.0,56,random,7,28,0.14736842105263157,0.05423280423280423,11,0.19642857142857142,0.39285714285714285,0.04906015037593986,17,0.7099675672006122,0.7065167855354642,0.6935525713184837,0.6763731066494088,-0.003450781665148006,-0.01641499588212847
cat,n300,2,384,0.01,directional,190,2058,28,2.0,56,random,8,28,0.14736842105263157,0.05423280423280423,9,0.16071428571428573,0.32142857142857145,0.013345864661654161,19,0.7099675672006122,0.7111093621941595,0.6960058790709931,0.6763731066494088,0.0011417949935473848,-0.013961688129619065
cat,n300,2,384,0.01,directional,190,2058,28,2.0,56,random,9,28,0.14736842105263157,0.05423280423280423,9,0.16071428571428573,0.32142857142857145,0.013345864661654161,19,0.7099675672006122,0.7143616321684065,0.6983889227381455,0.6763731066494088,0.0043940649677943755,-0.011578644462466703
cat,n300,3,384,0.001,directional,176,2058,26,0.5,13,top,-1,26,0.14772727272727273,0.07461538461538461,0,0.0,0.0,-0.14772727272727273,26,0.8031694332934701,0.8427857092650995,0.8031694332934701,0.6838337462295636,0.03961627597162942,0.0
cat,n300,3,384,0.001,directional,176,2058,26,0.5,13,bottom_oracle_diagnostic,-1,26,0.14772727272727273,0.07461538461538461,10,0.7692307692307693,0.38461538461538464,0.6215034965034966,16,0.8031694332934701,0.7762509558473616,0.7322333491252851,0.6838337462295636,-0.026918477446108535,-0.07093608416818498
cat,n300,3,384,0.001,directional,176,2058,26,0.5,13,two_tailed,-1,26,0.14772727272727273,0.07461538461538461,6,0.46153846153846156,0.23076923076923078,0.31381118881118886,20,0.8031694332934701,0.8120442625820025,0.7550448944537556,0.6838337462295636,0.008874829288532338,-0.04812453883971457
cat,n300,3,384,0.001,directional,176,2058,26,0.5,13,random,0,26,0.14772727272727273,0.07461538461538461,1,0.07692307692307693,0.038461538461538464,-0.07080419580419581,25,0.8031694332934701,0.8027178551333823,0.7892453037449542,0.6838337462295636,-0.0004515781600877844,-0.013924129548515962
cat,n300,3,384,0.001,directional,176,2058,26,0.5,13,random,1,26,0.14772727272727273,0.07461538461538461,3,0.23076923076923078,0.11538461538461539,0.08304195804195805,23,0.8031694332934701,0.8048823189582448,0.7882359633442423,0.6838337462295636,0.001712885664774677,-0.01493346994922784
cat,n300,3,384,0.001,directional,176,2058,26,0.5,13,random,2,26,0.14772727272727273,0.07461538461538461,2,0.15384615384615385,0.07692307692307693,0.00611888111888112,24,0.8031694332934701,0.7950661610292049,0.7941459900561303,0.6838337462295636,-0.008103272264265216,-0.009023443237339834
cat,n300,3,384,0.001,directional,176,2058,26,0.5,13,random,3,26,0.14772727272727273,0.07461538461538461,4,0.3076923076923077,0.15384615384615385,0.15996503496503497,22,0.8031694332934701,0.7978376417310209,0.777765009609136,0.6838337462295636,-0.0053317915624492285,-0.025404423684334154
cat,n300,3,384,0.001,directional,176,2058,26,0.5,13,random,4,26,0.14772727272727273,0.07461538461538461,4,0.3076923076923077,0.15384615384615385,0.15996503496503497,22,0.8031694332934701,0.7962788243419722,0.775636669086559,0.6838337462295636,-0.006890608951497956,-0.027532764206911087
cat,n300,3,384,0.001,directional,176,2058,26,0.5,13,random,5,26,0.14772727272727273,0.07461538461538461,0,0.0,0.0,-0.14772727272727273,26,0.8031694332934701,0.8127539864370011,0.8031694332934701,0.6838337462295636,0.009584553143531016,0.0
cat,n300,3,384,0.001,directional,176,2058,26,0.5,13,random,6,26,0.14772727272727273,0.07461538461538461,3,0.23076923076923078,0.11538461538461539,0.08304195804195805,23,0.8031694332934701,0.8085294918425829,0.788630457259608,0.6838337462295636,0.005360058549112812,-0.014538976033862117
cat,n300,3,384,0.001,directional,176,2058,26,0.5,13,random,7,26,0.14772727272727273,0.07461538461538461,1,0.07692307692307693,0.038461538461538464,-0.07080419580419581,25,0.8031694332934701,0.8007882438368232,0.7972743257741972,0.6838337462295636,-0.0023811894566468927,-0.005895107519272913
cat,n300,3,384,0.001,directional,176,2058,26,0.5,13,random,8,26,0.14772727272727273,0.07461538461538461,2,0.15384615384615385,0.07692307692307693,0.00611888111888112,24,0.8031694332934701,0.8040757605378004,0.7867671574839562,0.6838337462295636,0.0009063272443302628,-0.016402275809513922
cat,n300,3,384,0.001,directional,176,2058,26,0.5,13,random,9,26,0.14772727272727273,0.07461538461538461,2,0.15384615384615385,0.07692307692307693,0.00611888111888112,24,0.8031694332934701,0.8065233963628653,0.7932661084384405,0.6838337462295636,0.0033539630693951716,-0.00990332485502965
cat,n300,3,384,0.001,directional,176,2058,26,1.0,26,top,-1,26,0.14772727272727273,0.07461538461538461,0,0.0,0.0,-0.14772727272727273,26,0.8031694332934701,0.8706021004287917,0.8031694332934701,0.6838337462295636,0.06743266713532159,0.0
cat,n300,3,384,0.001,directional,176,2058,26,1.0,26,bottom_oracle_diagnostic,-1,26,0.14772727272727273,0.07461538461538461,17,0.6538461538461539,0.6538461538461539,0.5061188811188811,9,0.8031694332934701,0.7360700828986024,0.7026702894993121,0.6838337462295636,-0.0670993503948677,-0.10049914379415803
cat,n300,3,384,0.001,directional,176,2058,26,1.0,26,two_tailed,-1,26,0.14772727272727273,0.07461538461538461,10,0.38461538461538464,0.38461538461538464,0.2368881118881119,16,0.8031694332934701,0.8184167371214096,0.7322333491252851,0.6838337462295636,0.015247303827939485,-0.07093608416818498
cat,n300,3,384,0.001,directional,176,2058,26,1.0,26,random,0,26,0.14772727272727273,0.07461538461538461,4,0.15384615384615385,0.15384615384615385,0.00611888111888112,22,0.8031694332934701,0.8028926900964892,0.7763677687255225,0.6838337462295636,-0.0002767431969808998,-0.026801664567947636
cat,n300,3,384,0.001,directional,176,2058,26,1.0,26,random,1,26,0.14772727272727273,0.07461538461538461,4,0.15384615384615385,0.15384615384615385,0.00611888111888112,22,0.8031694332934701,0.8019797909416223,0.7838502604583254,0.6838337462295636,-0.0011896423518478194,-0.019319172835144727
cat,n300,3,384,0.001,directional,176,2058,26,1.0,26,random,2,26,0.14772727272727273,0.07461538461538461,2,0.07692307692307693,0.07692307692307693,-0.07080419580419581,24,0.8031694332934701,0.8041384635079845,0.787833180481258,0.6838337462295636,0.0009690302145143326,-0.01533625281221207
cat,n300,3,384,0.001,directional,176,2058,26,1.0,26,random,3,26,0.14772727272727273,0.07461538461538461,4,0.15384615384615385,0.15384615384615385,0.00611888111888112,22,0.8031694332934701,0.8001792904706292,0.7761228174927076,0.6838337462295636,-0.0029901428228409355,-0.027046615800762508
cat,n300,3,384,0.001,directional,176,2058,26,1.0,26,random,4,26,0.14772727272727273,0.07461538461538461,4,0.15384615384615385,0.15384615384615385,0.00611888111888112,22,0.8031694332934701,0.8202024699004125,0.7711146158826179,0.6838337462295636,0.01703303660694233,-0.032054817410852254
cat,n300,3,384,0.001,directional,176,2058,26,1.0,26,random,5,26,0.14772727272727273,0.07461538461538461,3,0.11538461538461539,0.11538461538461539,-0.032342657342657344,23,0.8031694332934701,0.7992635725078905,0.7821802436777051,0.6838337462295636,-0.00390586078557964,-0.020989189615765014
cat,n300,3,384,0.001,directional,176,2058,26,1.0,26,random,6,26,0.14772727272727273,0.07461538461538461,5,0.19230769230769232,0.19230769230769232,0.044580419580419584,21,0.8031694332934701,0.8049021020124646,0.7604771203278016,0.6838337462295636,0.0017326687189944678,-0.042692312965668555
cat,n300,3,384,0.001,directional,176,2058,26,1.0,26,random,7,26,0.14772727272727273,0.07461538461538461,2,0.07692307692307693,0.07692307692307693,-0.07080419580419581,24,0.8031694332934701,0.8000633842870544,0.793536228694461,0.6838337462295636,-0.0031060490064157564,-0.009633204599009071
cat,n300,3,384,0.001,directional,176,2058,26,1.0,26,random,8,26,0.14772727272727273,0.07461538461538461,4,0.15384615384615385,0.15384615384615385,0.00611888111888112,22,0.8031694332934701,0.8143609875773784,0.7695171968769964,0.6838337462295636,0.011191554283908278,-0.033652236416473746
cat,n300,3,384,0.001,directional,176,2058,26,1.0,26,random,9,26,0.14772727272727273,0.07461538461538461,4,0.15384615384615385,0.15384615384615385,0.00611888111888112,22,0.8031694332934701,0.7976660425674799,0.7790374052812921,0.6838337462295636,-0.005503390725990265,-0.024132028012178064
cat,n300,3,384,0.001,directional,176,2058,26,2.0,52,top,-1,26,0.14772727272727273,0.07461538461538461,0,0.0,0.0,-0.14772727272727273,26,0.8031694332934701,0.9207428451900127,0.8031694332934701,0.6838337462295636,0.11757341189654258,0.0
cat,n300,3,384,0.001,directional,176,2058,26,2.0,52,bottom_oracle_diagnostic,-1,26,0.14772727272727273,0.07461538461538461,24,0.46153846153846156,0.9230769230769231,0.31381118881118886,2,0.8031694332934701,0.6796225557763834,0.6868761615973926,0.6838337462295636,-0.1235468775170867,-0.1162932716960775
cat,n300,3,384,0.001,directional,176,2058,26,2.0,52,two_tailed,-1,26,0.14772727272727273,0.07461538461538461,17,0.3269230769230769,0.6538461538461539,0.1791958041958042,9,0.8031694332934701,0.8107349958337128,0.7026702894993121,0.6838337462295636,0.007565562540242654,-0.10049914379415803
cat,n300,3,384,0.001,directional,176,2058,26,2.0,52,random,0,26,0.14772727272727273,0.07461538461538461,10,0.19230769230769232,0.38461538461538464,0.044580419580419584,16,0.8031694332934701,0.7866643211138508,0.7430043437462849,0.6838337462295636,-0.016505112179619363,-0.060165089547185246
cat,n300,3,384,0.001,directional,176,2058,26,2.0,52,random,1,26,0.14772727272727273,0.07461538461538461,10,0.19230769230769232,0.38461538461538464,0.044580419580419584,16,0.8031694332934701,0.7863581742161273,0.7454082516943243,0.6838337462295636,-0.01681125907734282,-0.05776118159914578
cat,n300,3,384,0.001,directional,176,2058,26,2.0,52,random,2,26,0.14772727272727273,0.07461538461538461,9,0.17307692307692307,0.34615384615384615,0.025349650349650338,17,0.8031694332934701,0.8064191325408019,0.7566542965390121,0.6838337462295636,0.003249699247331761,-0.046515136754458064
cat,n300,3,384,0.001,directional,176,2058,26,2.0,52,random,3,26,0.14772727272727273,0.07461538461538461,12,0.23076923076923078,0.46153846153846156,0.08304195804195805,14,0.8031694332934701,0.811243519474939,0.7305728549396855,0.6838337462295636,0.008074086181468876,-0.07259657835378464
cat,n300,3,384,0.001,directional,176,2058,26,2.0,52,random,4,26,0.14772727272727273,0.07461538461538461,4,0.07692307692307693,0.15384615384615385,-0.07080419580419581,22,0.8031694332934701,0.8223892942965619,0.77143916427688,0.6838337462295636,0.01921986100309181,-0.03173026901659015
cat,n300,3,384,0.001,directional,176,2058,26,2.0,52,random,5,26,0.14772727272727273,0.07461538461538461,8,0.15384615384615385,0.3076923076923077,0.00611888111888112,18,0.8031694332934701,0.8031736466368148,0.750862257564177,0.6838337462295636,4.213343344661169e-06,-0.05230717572929311
cat,n300,3,384,0.001,directional,176,2058,26,2.0,52,random,6,26,0.14772727272727273,0.07461538461538461,7,0.1346153846153846,0.2692307692307692,-0.013111888111888126,19,0.8031694332934701,0.7850811885454687,0.761334125837062,0.6838337462295636,-0.018088244748001414,-0.04183530745640818
cat,n300,3,384,0.001,directional,176,2058,26,2.0,52,random,7,26,0.14772727272727273,0.07461538461538461,7,0.1346153846153846,0.2692307692307692,-0.013111888111888126,19,0.8031694332934701,0.7861200791243727,0.7642769332396723,0.6838337462295636,-0.017049354169097475,-0.03889250005379785
cat,n300,3,384,0.001,directional,176,2058,26,2.0,52,random,8,26,0.14772727272727273,0.07461538461538461,6,0.11538461538461539,0.23076923076923078,-0.032342657342657344,20,0.8031694332934701,0.7829632433721235,0.7590383926022034,0.6838337462295636,-0.020206189921346596,-0.04413104069126672
cat,n300,3,384,0.001,directional,176,2058,26,2.0,52,random,9,26,0.14772727272727273,0.07461538461538461,10,0.19230769230769232,0.38461538461538464,0.044580419580419584,16,0.8031694332934701,0.7939267059711186,0.7578793481390083,0.6838337462295636,-0.00924272732235154,-0.04529008515446187
cat,n300,4,384,0.001,directional,187,2058,28,0.5,14,top,-1,28,0.1497326203208556,0.17969451931716082,0,0.0,0.0,-0.1497326203208556,28,0.6507544113237596,0.6531371418011065,0.6507544113237596,0.6722679224190887,0.0023827304773469393,0.0
cat,n300,4,384,0.001,directional,187,2058,28,0.5,14,bottom_oracle_diagnostic,-1,28,0.1497326203208556,0.17969451931716082,3,0.21428571428571427,0.10714285714285714,0.06455309396485867,25,0.6507544113237596,0.6507667787317113,0.6510646248472374,0.6722679224190887,1.2367407951741072e-05,0.0003102135234778203
cat,n300,4,384,0.001,directional,187,2058,28,0.5,14,two_tailed,-1,28,0.1497326203208556,0.17969451931716082,1,0.07142857142857142,0.03571428571428571,-0.07830404889228418,27,0.6507544113237596,0.6516362925107239,0.6512167830907686,0.6722679224190887,0.0008818811869643062,0.0004623717670090288
cat,n300,4,384,0.001,directional,187,2058,28,0.5,14,random,0,28,0.1497326203208556,0.17969451931716082,2,0.14285714285714285,0.07142857142857142,-0.006875477463712754,26,0.6507544113237596,0.650351717075603,0.6494643516102857,0.6722679224190887,-0.0004026942481565321,-0.0012900597134738456
cat,n300,4,384,0.001,directional,187,2058,28,0.5,14,random,1,28,0.1497326203208556,0.17969451931716082,1,0.07142857142857142,0.03571428571428571,-0.07830404889228418,27,0.6507544113237596,0.6518848214224039,0.6500363817198019,0.6722679224190887,0.001130410098644341,-0.0007180296039576151
cat,n300,4,384,0.001,directional,187,2058,28,0.5,14,random,2,28,0.1497326203208556,0.17969451931716082,2,0.14285714285714285,0.07142857142857142,-0.006875477463712754,26,0.6507544113237596,0.6510518474357881,0.6503043320220921,0.6722679224190887,0.0002974361120285929,-0.0004500793016674054
cat,n300,4,384,0.001,directional,187,2058,28,0.5,14,random,3,28,0.1497326203208556,0.17969451931716082,2,0.14285714285714285,0.07142857142857142,-0.006875477463712754,26,0.6507544113237596,0.650844873370843,0.6504191876622865,0.6722679224190887,9.04620470834061e-05,-0.0003352236614730941
cat,n300,4,384,0.001,directional,187,2058,28,0.5,14,random,4,28,0.1497326203208556,0.17969451931716082,3,0.21428571428571427,0.10714285714285714,0.06455309396485867,25,0.6507544113237596,0.650332747059287,0.649726399154644,0.6722679224190887,-0.00042166426447254324,-0.001028012169115522
cat,n300,4,384,0.001,directional,187,2058,28,0.5,14,random,5,28,0.1497326203208556,0.17969451931716082,1,0.07142857142857142,0.03571428571428571,-0.07830404889228418,27,0.6507544113237596,0.6512446181021699,0.6512167830907686,0.6722679224190887,0.0004902067784103847,0.0004623717670090288
cat,n300,4,384,0.001,directional,187,2058,28,0.5,14,random,6,28,0.1497326203208556,0.17969451931716082,4,0.2857142857142857,0.14285714285714285,0.1359816653934301,24,0.6507544113237596,0.6508549682785001,0.6490170900970231,0.6722679224190887,0.00010055695474053827,-0.0017373212267364213
cat,n300,4,384,0.001,directional,187,2058,28,0.5,14,random,7,28,0.1497326203208556,0.17969451931716082,4,0.2857142857142857,0.14285714285714285,0.1359816653934301,24,0.6507544113237596,0.6517947898262326,0.651220048470432,0.6722679224190887,0.0010403785024730716,0.0004656371466724707
cat,n300,4,384,0.001,directional,187,2058,28,0.5,14,random,8,28,0.1497326203208556,0.17969451931716082,3,0.21428571428571427,0.10714285714285714,0.06455309396485867,25,0.6507544113237596,0.6516800662773988,0.6503820087681815,0.6722679224190887,0.0009256549536392766,-0.00037240255557802193
cat,n300,4,384,0.001,directional,187,2058,28,0.5,14,random,9,28,0.1497326203208556,0.17969451931716082,0,0.0,0.0,-0.1497326203208556,28,0.6507544113237596,0.6510003119162361,0.6507544113237596,0.6722679224190887,0.0002459005924765334,0.0
cat,n300,4,384,0.001,directional,187,2058,28,1.0,28,top,-1,28,0.1497326203208556,0.17969451931716082,0,0.0,0.0,-0.1497326203208556,28,0.6507544113237596,0.6553909878517503,0.6507544113237596,0.6722679224190887,0.004636576527990766,0.0
cat,n300,4,384,0.001,directional,187,2058,28,1.0,28,bottom_oracle_diagnostic,-1,28,0.1497326203208556,0.17969451931716082,9,0.32142857142857145,0.32142857142857145,0.17169595110771585,19,0.6507544113237596,0.650994786281939,0.6530459539706079,0.6722679224190887,0.00024037495817941235,0.002291542646848388
cat,n300,4,384,0.001,directional,187,2058,28,1.0,28,two_tailed,-1,28,0.1497326203208556,0.17969451931716082,3,0.10714285714285714,0.10714285714285714,-0.042589763177998466,25,0.6507544113237596,0.6526732204036609,0.6510646248472374,0.6722679224190887,0.0019188090799013846,0.0003102135234778203
cat,n300,4,384,0.001,directional,187,2058,28,1.0,28,random,0,28,0.1497326203208556,0.17969451931716082,6,0.21428571428571427,0.21428571428571427,0.06455309396485867,22,0.6507544113237596,0.6513688665983361,0.6524915301578177,0.6722679224190887,0.0006144552745765974,0.0017371188340581378
cat,n300,4,384,0.001,directional,187,2058,28,1.0,28,random,1,28,0.1497326203208556,0.17969451931716082,4,0.14285714285714285,0.14285714285714285,-0.006875477463712754,24,0.6507544113237596,0.6511465892077377,0.6507540147050185,0.6722679224190887,0.000392177883978162,-3.966187410719968e-07
cat,n300,4,384,0.001,directional,187,2058,28,1.0,28,random,2,28,0.1497326203208556,0.17969451931716082,2,0.07142857142857142,0.07142857142857142,-0.07830404889228418,26,0.6507544113237596,0.6528233349538985,0.6500013511755905,0.6722679224190887,0.002068923630138997,-0.0007530601481690047
cat,n300,4,384,0.001,directional,187,2058,28,1.0,28,random,3,28,0.1497326203208556,0.17969451931716082,6,0.21428571428571427,0.21428571428571427,0.06455309396485867,22,0.6507544113237596,0.6501063711892358,0.6521648614913771,0.6722679224190887,-0.0006480401345237974,0.0014104501676175385
cat,n300,4,384,0.001,directional,187,2058,28,1.0,28,random,4,28,0.1497326203208556,0.17969451931716082,5,0.17857142857142858,0.17857142857142858,0.028838808250572973,23,0.6507544113237596,0.6518701029339794,0.6520128344478924,0.6722679224190887,0.0011156916102198489,0.0012584231241328236
cat,n300,4,384,0.001,directional,187,2058,28,1.0,28,random,5,28,0.1497326203208556,0.17969451931716082,5,0.17857142857142858,0.17857142857142858,0.028838808250572973,23,0.6507544113237596,0.6509976693105851,0.6500548069915723,0.6722679224190887,0.00024325798682556243,-0.000699604332187298
cat,n300,4,384,0.001,directional,187,2058,28,1.0,28,random,6,28,0.1497326203208556,0.17969451931716082,5,0.17857142857142858,0.17857142857142858,0.028838808250572973,23,0.6507544113237596,0.651114052055427,0.6488853865359171,0.6722679224190887,0.00035964073166749877,-0.0018690247878424548
cat,n300,4,384,0.001,directional,187,2058,28,1.0,28,random,7,28,0.1497326203208556,0.17969451931716082,5,0.17857142857142858,0.17857142857142858,0.028838808250572973,23,0.6507544113237596,0.6513024024530619,0.6521009299178805,0.6722679224190887,0.000547991129302372,0.0013465185941209379
cat,n300,4,384,0.001,directional,187,2058,28,1.0,28,random,8,28,0.1497326203208556,0.17969451931716082,5,0.17857142857142858,0.17857142857142858,0.028838808250572973,23,0.6507544113237596,0.6523122308699723,0.6498431036961019,0.6722679224190887,0.001557819546212702,-0.0009113076276576759
cat,n300,4,384,0.001,directional,187,2058,28,1.0,28,random,9,28,0.1497326203208556,0.17969451931716082,7,0.25,0.25,0.1002673796791444,21,0.6507544113237596,0.651360638281337,0.6543787594649075,0.6722679224190887,0.0006062269575773938,0.0036243481411479817
cat,n300,4,384,0.001,directional,187,2058,28,2.0,56,top,-1,28,0.1497326203208556,0.17969451931716082,0,0.0,0.0,-0.1497326203208556,28,0.6507544113237596,0.6640737908635814,0.6507544113237596,0.6722679224190887,0.013319379539821874,0.0
cat,n300,4,384,0.001,directional,187,2058,28,2.0,56,bottom_oracle_diagnostic,-1,28,0.1497326203208556,0.17969451931716082,20,0.35714285714285715,0.7142857142857143,0.20741023682200155,8,0.6507544113237596,0.6657085867512517,0.6623277779888765,0.6722679224190887,0.014954175427492111,0.01157336666511699
cat,n300,4,384,0.001,directional,187,2058,28,2.0,56,two_tailed,-1,28,0.1497326203208556,0.17969451931716082,9,0.16071428571428573,0.32142857142857145,0.010981665393430123,19,0.6507544113237596,0.6534644095021653,0.6530459539706079,0.6722679224190887,0.0027099981784057814,0.002291542646848388
cat,n300,4,384,0.001,directional,187,2058,28,2.0,56,random,0,28,0.1497326203208556,0.17969451931716082,10,0.17857142857142858,0.35714285714285715,0.028838808250572973,18,0.6507544113237596,0.6516992893492028,0.6544014826947174,0.6722679224190887,0.0009448780254432965,0.0036470713709578773
cat,n300,4,384,0.001,directional,187,2058,28,2.0,56,random,1,28,0.1497326203208556,0.17969451931716082,10,0.17857142857142858,0.35714285714285715,0.028838808250572973,18,0.6507544113237596,0.6521693733710153,0.6518491880393272,0.6722679224190887,0.0014149620472557745,0.0010947767155676802
cat,n300,4,384,0.001,directional,187,2058,28,2.0,56,random,2,28,0.1497326203208556,0.17969451931716082,5,0.08928571428571429,0.17857142857142858,-0.060446906035141315,23,0.6507544113237596,0.6529284438284315,0.6489341570068025,0.6722679224190887,0.0021740325046719633,-0.0018202543169570928
cat,n300,4,384,0.001,directional,187,2058,28,2.0,56,random,3,28,0.1497326203208556,0.17969451931716082,7,0.125,0.25,-0.024732620320855603,21,0.6507544113237596,0.6529645485063292,0.6515965882062206,0.6722679224190887,0.0022101371825696825,0.000842176882461021
cat,n300,4,384,0.001,directional,187,2058,28,2.0,56,random,4,28,0.1497326203208556,0.17969451931716082,10,0.17857142857142858,0.35714285714285715,0.028838808250572973,18,0.6507544113237596,0.6536115910576944,0.6552183254276954,0.6722679224190887,0.002857179733934845,0.004463914103935873
cat,n300,4,384,0.001,directional,187,2058,28,2.0,56,random,5,28,0.1497326203208556,0.17969451931716082,9,0.16071428571428573,0.32142857142857145,0.010981665393430123,19,0.6507544113237596,0.6493408876047462,0.6496900893926721,0.6722679224190887,-0.0014135237190133765,-0.0010643219310874086
cat,n300,4,384,0.001,directional,187,2058,28,2.0,56,random,6,28,0.1497326203208556,0.17969451931716082,9,0.16071428571428573,0.32142857142857145,0.010981665393430123,19,0.6507544113237596,0.6517820619116241,0.6517279357434914,0.6722679224190887,0.0010276505878645814,0.0009735244197318638
cat,n300,4,384,0.001,directional,187,2058,28,2.0,56,random,7,28,0.1497326203208556,0.17969451931716082,14,0.25,0.5,0.1002673796791444,14,0.6507544113237596,0.6543363305827924,0.6568679210457877,0.6722679224190887,0.0035819192590328397,0.0061135097220281764
cat,n300,4,384,0.001,directional,187,2058,28,2.0,56,random,8,28,0.1497326203208556,0.17969451931716082,11,0.19642857142857142,0.39285714285714285,0.04669595110771582,17,0.6507544113237596,0.6525501151395524,0.6522849879443156,0.6722679224190887,0.0017957038157928595,0.0015305766205560012
cat,n300,4,384,0.001,directional,187,2058,28,2.0,56,random,9,28,0.1497326203208556,0.17969451931716082,8,0.14285714285714285,0.2857142857142857,-0.006875477463712754,20,0.6507544113237596,0.6499968466749109,0.6504996546337674,0.6722679224190887,-0.0007575646488486854,-0.00025475668999219714
cat,n300,0,384,0.001,margin_targeted,183,2058,27,0.5,14,top,-1,27,0.14754098360655737,0.6346153846153846,0,0.0,0.0,-0.14754098360655737,27,0.6625763839270999,0.6624089930157263,0.6625763839270999,0.6654402369797218,-0.0001673909113736327,0.0
cat,n300,0,384,0.001,margin_targeted,183,2058,27,0.5,14,bottom_oracle_diagnostic,-1,27,0.14754098360655737,0.6346153846153846,1,0.07142857142857142,0.037037037037037035,-0.07611241217798595,26,0.6625763839270999,0.6703330631757495,0.6616700774251681,0.6654402369797218,0.007756679248649534,-0.0009063065019317973
cat,n300,0,384,0.001,margin_targeted,183,2058,27,0.5,14,two_tailed,-1,27,0.14754098360655737,0.6346153846153846,1,0.07142857142857142,0.037037037037037035,-0.07611241217798595,26,0.6625763839270999,0.6615036229867008,0.6616700774251681,0.6654402369797218,-0.0010727609403990979,-0.0009063065019317973
cat,n300,0,384,0.001,margin_targeted,183,2058,27,0.5,14,random,0,27,0.14754098360655737,0.6346153846153846,2,0.14285714285714285,0.07407407407407407,-0.004683840749414525,25,0.6625763839270999,0.6601154402325018,0.6631678981572705,0.6654402369797218,-0.00246094369459815,0.0005915142301705645
cat,n300,0,384,0.001,margin_targeted,183,2058,27,0.5,14,random,1,27,0.14754098360655737,0.6346153846153846,2,0.14285714285714285,0.07407407407407407,-0.004683840749414525,25,0.6625763839270999,0.6581856852357606,0.659595526978527,0.6654402369797218,-0.004390698691339345,-0.002980856948572974
cat,n300,0,384,0.001,margin_targeted,183,2058,27,0.5,14,random,2,27,0.14754098360655737,0.6346153846153846,1,0.07142857142857142,0.037037037037037035,-0.07611241217798595,26,0.6625763839270999,0.6653141283799147,0.6619198064908907,0.6654402369797218,0.0027377444528147166,-0.0006565774362092824
cat,n300,0,384,0.001,margin_targeted,183,2058,27,0.5,14,random,3,27,0.14754098360655737,0.6346153846153846,4,0.2857142857142857,0.14814814814814814,0.13817330210772832,23,0.6625763839270999,0.6600949100624265,0.6622940223424337,0.6654402369797218,-0.0024814738646734558,-0.0002823615846662131
cat,n300,0,384,0.001,margin_targeted,183,2058,27,0.5,14,random,4,27,0.14754098360655737,0.6346153846153846,2,0.14285714285714285,0.07407407407407407,-0.004683840749414525,25,0.6625763839270999,0.6625175179182947,0.6632237894691776,0.6654402369797218,-5.886600880522508e-05,0.0006474055420776503
cat,n300,0,384,0.001,margin_targeted,183,2058,27,0.5,14,random,5,27,0.14754098360655737,0.6346153846153846,0,0.0,0.0,-0.14754098360655737,27,0.6625763839270999,0.6634912052781284,0.6625763839270999,0.6654402369797218,0.0009148213510284942,0.0
cat,n300,0,384,0.001,margin_targeted,183,2058,27,0.5,14,random,6,27,0.14754098360655737,0.6346153846153846,1,0.07142857142857142,0.037037037037037035,-0.07611241217798595,26,0.6625763839270999,0.6633858397684484,0.6623034064837837,0.6654402369797218,0.0008094558413485053,-0.00027297744331622464
cat,n300,0,384,0.001,margin_targeted,183,2058,27,0.5,14,random,7,27,0.14754098360655737,0.6346153846153846,4,0.2857142857142857,0.14814814814814814,0.13817330210772832,23,0.6625763839270999,0.6643515504871689,0.6620781467641118,0.6654402369797218,0.0017751665600689304,-0.0004982371629881355
cat,n300,0,384,0.001,margin_targeted,183,2058,27,0.5,14,random,8,27,0.14754098360655737,0.6346153846153846,2,0.14285714285714285,0.07407407407407407,-0.004683840749414525,25,0.6625763839270999,0.6628965008761812,0.6624823977759169,0.6654402369797218,0.00032011694908129495,-9.398615118305642e-05
cat,n300,0,384,0.001,margin_targeted,183,2058,27,0.5,14,random,9,27,0.14754098360655737,0.6346153846153846,3,0.21428571428571427,0.1111111111111111,0.0667447306791569,24,0.6625763839270999,0.6646021374018273,0.6646983229874247,0.6654402369797218,0.002025753474727332,0.0021219390603247623
cat,n300,0,384,0.001,margin_targeted,183,2058,27,1.0,27,top,-1,27,0.14754098360655737,0.6346153846153846,6,0.2222222222222222,0.2222222222222222,0.07468123861566484,21,0.6625763839270999,0.6627758078320287,0.663340821950486,0.6654402369797218,0.00019942390492877493,0.0007644380233861048
cat,n300,0,384,0.001,margin_targeted,183,2058,27,1.0,27,bottom_oracle_diagnostic,-1,27,0.14754098360655737,0.6346153846153846,1,0.037037037037037035,0.037037037037037035,-0.11050394656952034,26,0.6625763839270999,0.6765487563390649,0.6616700774251681,0.6654402369797218,0.013972372411964917,-0.0009063065019317973
cat,n300,0,384,0.001,margin_targeted,183,2058,27,1.0,27,two_tailed,-1,27,0.14754098360655737,0.6346153846153846,1,0.037037037037037035,0.037037037037037035,-0.11050394656952034,26,0.6625763839270999,0.6668879115206159,0.6616700774251681,0.6654402369797218,0.00431152759351594,-0.0009063065019317973
cat,n300,0,384,0.001,margin_targeted,183,2058,27,1.0,27,random,0,27,0.14754098360655737,0.6346153846153846,6,0.2222222222222222,0.2222222222222222,0.07468123861566484,21,0.6625763839270999,0.6639207538670573,0.6616156545313646,0.6654402369797218,0.001344369939957346,-0.0009607293957353269
cat,n300,0,384,0.001,margin_targeted,183,2058,27,1.0,27,random,1,27,0.14754098360655737,0.6346153846153846,0,0.0,0.0,-0.14754098360655737,27,0.6625763839270999,0.6648292405095045,0.6625763839270999,0.6654402369797218,0.0022528565824045943,0.0
cat,n300,0,384,0.001,margin_targeted,183,2058,27,1.0,27,random,2,27,0.14754098360655737,0.6346153846153846,2,0.07407407407407407,0.07407407407407407,-0.0734669095324833,25,0.6625763839270999,0.662062107512464,0.6630863769303987,0.6654402369797218,-0.0005142764146359724,0.000509993003298792
cat,n300,0,384,0.001,margin_targeted,183,2058,27,1.0,27,random,3,27,0.14754098360655737,0.6346153846153846,2,0.07407407407407407,0.07407407407407407,-0.0734669095324833,25,0.6625763839270999,0.6715094531634985,0.6649599107674186,0.6654402369797218,0.008933069236398583,0.002383526840318617
cat,n300,0,384,0.001,margin_targeted,183,2058,27,1.0,27,random,4,27,0.14754098360655737,0.6346153846153846,5,0.18518518518518517,0.18518518518518517,0.0376442015786278,22,0.6625763839270999,0.6634113333301597,0.663969405109988,0.6654402369797218,0.000834949403059726,0.0013930211828880878
cat,n300,0,384,0.001,margin_targeted,183,2058,27,1.0,27,random,5,27,0.14754098360655737,0.6346153846153846,2,0.07407407407407407,0.07407407407407407,-0.0734669095324833,25,0.6625763839270999,0.6658733179908517,0.6629344976502763,0.6654402369797218,0.0032969340637517552,0.0003581137231764009
cat,n300,0,384,0.001,margin_targeted,183,2058,27,1.0,27,random,6,27,0.14754098360655737,0.6346153846153846,3,0.1111111111111111,0.1111111111111111,-0.03642987249544627,24,0.6625763839270999,0.6622848906981225,0.6623316466703189,0.6654402369797218,-0.00029149322897747965,-0.00024473725678109126
cat,n300,0,384,0.001,margin_targeted,183,2058,27,1.0,27,random,7,27,0.14754098360655737,0.6346153846153846,6,0.2222222222222222,0.2222222222222222,0.07468123861566484,21,0.6625763839270999,0.6675427238396843,0.663441705969479,0.6654402369797218,0.004966339912584328,0.0008653220423791019
cat,n300,0,384,0.001,margin_targeted,183,2058,27,1.0,27,random,8,27,0.14754098360655737,0.6346153846153846,4,0.14814814814814814,0.14814814814814814,0.0006071645415907656,23,0.6625763839270999,0.6655196961463526,0.662266615213126,0.6654402369797218,0.002943312219252703,-0.0003097687139739236
cat,n300,0,384,0.001,margin_targeted,183,2058,27,1.0,27,random,9,27,0.14754098360655737,0.6346153846153846,6,0.2222222222222222,0.2222222222222222,0.07468123861566484,21,0.6625763839270999,0.6670497849860677,0.6615162842260314,0.6654402369797218,0.004473401058967763,-0.001060099701068573
cat,n300,0,384,0.001,margin_targeted,183,2058,27,2.0,54,top,-1,27,0.14754098360655737,0.6346153846153846,13,0.24074074074074073,0.48148148148148145,0.09319975713418335,14,0.6625763839270999,0.6606066516006986,0.6617973782624448,0.6654402369797218,-0.0019697323264012967,-0.0007790056646551635
cat,n300,0,384,0.001,margin_targeted,183,2058,27,2.0,54,bottom_oracle_diagnostic,-1,27,0.14754098360655737,0.6346153846153846,3,0.05555555555555555,0.1111111111111111,-0.09198542805100182,24,0.6625763839270999,0.6915972591657241,0.6622045925177176,0.6654402369797218,0.029020875238624178,-0.00037179140938237154
cat,n300,0,384,0.001,margin_targeted,183,2058,27,2.0,54,two_tailed,-1,27,0.14754098360655737,0.6346153846153846,7,0.12962962962962962,0.25925925925925924,-0.017911353976927752,20,0.6625763839270999,0.6684029256874543,0.6624154106369761,0.6654402369797218,0.0058265417603543534,-0.00016097329012387807
cat,n300,0,384,0.001,margin_targeted,183,2058,27,2.0,54,random,0,27,0.14754098360655737,0.6346153846153846,6,0.1111111111111111,0.2222222222222222,-0.03642987249544627,21,0.6625763839270999,0.6671442877618639,0.6642440643223618,0.6654402369797218,0.004567903834763909,0.0016676803952618835
cat,n300,0,384,0.001,margin_targeted,183,2058,27,2.0,54,random,1,27,0.14754098360655737,0.6346153846153846,8,0.14814814814814814,0.2962962962962963,0.0006071645415907656,19,0.6625763839270999,0.6718451173547768,0.6646496924604548,0.6654402369797218,0.009268733427676867,0.002073308533354856
cat,n300,0,384,0.001,margin_targeted,183,2058,27,2.0,54,random,2,27,0.14754098360655737,0.6346153846153846,4,0.07407407407407407,0.14814814814814814,-0.0734669095324833,23,0.6625763839270999,0.6632539929786335,0.664709515302594,0.6654402369797218,0.0006776090515335786,0.0021331313754940906
cat,n300,0,384,0.001,margin_targeted,183,2058,27,2.0,54,random,3,27,0.14754098360655737,0.6346153846153846,12,0.2222222222222222,0.4444444444444444,0.07468123861566484,15,0.6625763839270999,0.6643051750636845,0.6582860520274796,0.6654402369797218,0.0017287911365845288,-0.004290331899620359
cat,n300,0,384,0.001,margin_targeted,183,2058,27,2.0,54,random,4,27,0.14754098360655737,0.6346153846153846,8,0.14814814814814814,0.2962962962962963,0.0006071645415907656,19,0.6625763839270999,0.6594863120403693,0.6647526712211629,0.6654402369797218,-0.0030900718867306054,0.0021762872940629396
cat,n300,0,384,0.001,margin_targeted,183,2058,27,2.0,54,random,5,27,0.14754098360655737,0.6346153846153846,11,0.2037037037037037,0.4074074074074074,0.05616272009714632,16,0.6625763839270999,0.6611202920939078,0.6601560978501401,0.6654402369797218,-0.0014560918331921746,-0.0024202860769598766
cat,n300,0,384,0.001,margin_targeted,183,2058,27,2.0,54,random,6,27,0.14754098360655737,0.6346153846153846,8,0.14814814814814814,0.2962962962962963,0.0006071645415907656,19,0.6625763839270999,0.6629790806991362,0.6631317116256363,0.6654402369797218,0.00040269677203630394,0.0005553276985363897
cat,n300,0,384,0.001,margin_targeted,183,2058,27,2.0,54,random,7,27,0.14754098360655737,0.6346153846153846,8,0.14814814814814814,0.2962962962962963,0.0006071645415907656,19,0.6625763839270999,0.6717065528600262,0.6653262096314544,0.6654402369797218,0.009130168932926286,0.002749825704354447
cat,n300,0,384,0.001,margin_targeted,183,2058,27,2.0,54,random,8,27,0.14754098360655737,0.6346153846153846,13,0.24074074074074073,0.48148148148148145,0.09319975713418335,14,0.6625763839270999,0.6557301851315451,0.6585179091946282,0.6654402369797218,-0.006846198795554814,-0.004058474732471784
cat,n300,0,384,0.001,margin_targeted,183,2058,27,2.0,54,random,9,27,0.14754098360655737,0.6346153846153846,12,0.2222222222222222,0.4444444444444444,0.07468123861566484,15,0.6625763839270999,0.67728070517323,0.6653125884061707,0.6654402369797218,0.014704321246130081,0.0027362044790707474
cat,n300,1,384,0.001,margin_targeted,181,2058,27,0.5,14,top,-1,27,0.14917127071823205,0.5952380952380952,0,0.0,0.0,-0.14917127071823205,27,0.6575336884782619,0.6533690148765633,0.6575336884782619,0.6626043006274543,-0.0041646736016985875,0.0
cat,n300,1,384,0.001,margin_targeted,181,2058,27,0.5,14,bottom_oracle_diagnostic,-1,27,0.14917127071823205,0.5952380952380952,0,0.0,0.0,-0.14917127071823205,27,0.6575336884782619,0.6648932483668999,0.6575336884782619,0.6626043006274543,0.007359559888638012,0.0
cat,n300,1,384,0.001,margin_targeted,181,2058,27,0.5,14,two_tailed,-1,27,0.14917127071823205,0.5952380952380952,0,0.0,0.0,-0.14917127071823205,27,0.6575336884782619,0.6564829317991094,0.6575336884782619,0.6626043006274543,-0.0010507566791524425,0.0
cat,n300,1,384,0.001,margin_targeted,181,2058,27,0.5,14,random,0,27,0.14917127071823205,0.5952380952380952,3,0.21428571428571427,0.1111111111111111,0.06511444356748222,24,0.6575336884782619,0.6577022030165495,0.659351224297794,0.6626043006274543,0.00016851453828758967,0.0018175358195321456
cat,n300,1,384,0.001,margin_targeted,181,2058,27,0.5,14,random,1,27,0.14917127071823205,0.5952380952380952,2,0.14285714285714285,0.07407407407407407,-0.006314127861089203,25,0.6575336884782619,0.6570880283638916,0.6589454013249492,0.6626043006274543,-0.0004456601143703054,0.0014117128466872852
cat,n300,1,384,0.001,margin_targeted,181,2058,27,0.5,14,random,2,27,0.14917127071823205,0.5952380952380952,1,0.07142857142857142,0.037037037037037035,-0.07774269928966063,26,0.6575336884782619,0.6588039076853119,0.6573565895162418,0.6626043006274543,0.0012702192070500606,-0.00017709896202011688
cat,n300,1,384,0.001,margin_targeted,181,2058,27,0.5,14,random,3,27,0.14917127071823205,0.5952380952380952,3,0.21428571428571427,0.1111111111111111,0.06511444356748222,24,0.6575336884782619,0.6589491540972531,0.6570453332319316,0.6626043006274543,0.0014154656189911963,-0.0004883552463302854
cat,n300,1,384,0.001,margin_targeted,181,2058,27,0.5,14,random,4,27,0.14917127071823205,0.5952380952380952,5,0.35714285714285715,0.18518518518518517,0.2079715864246251,22,0.6575336884782619,0.6569686681132306,0.6610822493366738,0.6626043006274543,-0.0005650203650312546,0.003548560858411931
cat,n300,1,384,0.001,margin_targeted,181,2058,27,0.5,14,random,5,27,0.14917127071823205,0.5952380952380952,3,0.21428571428571427,0.1111111111111111,0.06511444356748222,24,0.6575336884782619,0.6602967478710448,0.6595721829011966,0.6626043006274543,0.002763059392782874,0.002038494422934689
cat,n300,1,384,0.001,margin_targeted,181,2058,27,0.5,14,random,6,27,0.14917127071823205,0.5952380952380952,2,0.14285714285714285,0.07407407407407407,-0.006314127861089203,25,0.6575336884782619,0.6596019704590351,0.658182410947194,0.6626043006274543,0.0020682819807732455,0.0006487224689321058
cat,n300,1,384,0.001,margin_targeted,181,2058,27,0.5,14,random,7,27,0.14917127071823205,0.5952380952380952,1,0.07142857142857142,0.037037037037037035,-0.07774269928966063,26,0.6575336884782619,0.6572605795740732,0.6571661956500026,0.6626043006274543,-0.00027310890418863476,-0.0003674928282593193
cat,n300,1,384,0.001,margin_targeted,181,2058,27,0.5,14,random,8,27,0.14917127071823205,0.5952380952380952,2,0.14285714285714285,0.07407407407407407,-0.006314127861089203,25,0.6575336884782619,0.6557133569869158,0.6582399516802667,0.6626043006274543,-0.0018203314913460833,0.000706263202004842
cat,n300,1,384,0.001,margin_targeted,181,2058,27,0.5,14,random,9,27,0.14917127071823205,0.5952380952380952,3,0.21428571428571427,0.1111111111111111,0.06511444356748222,24,0.6575336884782619,0.6595007810282443,0.6580823793492454,0.6626043006274543,0.0019670925499823966,0.0005486908709835259
cat,n300,1,384,0.001,margin_targeted,181,2058,27,1.0,27,top,-1,27,0.14917127071823205,0.5952380952380952,4,0.14814814814814814,0.14814814814814814,-0.001023122570083912,23,0.6575336884782619,0.6523658591830543,0.6572925187210642,0.6626043006274543,-0.005167829295207538,-0.00024116975719767897
cat,n300,1,384,0.001,margin_targeted,181,2058,27,1.0,27,bottom_oracle_diagnostic,-1,27,0.14917127071823205,0.5952380952380952,2,0.07407407407407407,0.07407407407407407,-0.07509719664415798,25,0.6575336884782619,0.6774541401491089,0.6577246951583834,0.6626043006274543,0.019920451670846995,0.00019100668012150823
cat,n300,1,384,0.001,margin_targeted,181,2058,27,1.0,27,two_tailed,-1,27,0.14917127071823205,0.5952380952380952,0,0.0,0.0,-0.14917127071823205,27,0.6575336884782619,0.6556643052896469,0.6575336884782619,0.6626043006274543,-0.0018693831886149592,0.0
cat,n300,1,384,0.001,margin_targeted,181,2058,27,1.0,27,random,0,27,0.14917127071823205,0.5952380952380952,3,0.1111111111111111,0.1111111111111111,-0.03806015960712095,24,0.6575336884782619,0.6616011050526969,0.6581424963735647,0.6626043006274543,0.00406741657443499,0.0006088078953028209
cat,n300,1,384,0.001,margin_targeted,181,2058,27,1.0,27,random,1,27,0.14917127071823205,0.5952380952380952,5,0.18518518518518517,0.18518518518518517,0.03601391446695312,22,0.6575336884782619,0.6578866123985722,0.6587615367870294,0.6626043006274543,0.0003529239203102774,0.001227848308767543
cat,n300,1,384,0.001,margin_targeted,181,2058,27,1.0,27,random,2,27,0.14917127071823205,0.5952380952380952,5,0.18518518518518517,0.18518518518518517,0.03601391446695312,22,0.6575336884782619,0.6546297407039333,0.6574906587981121,0.6626043006274543,-0.0029039477743285635,-4.302968014979758e-05
cat,n300,1,384,0.001,margin_targeted,181,2058,27,1.0,27,random,3,27,0.14917127071823205,0.5952380952380952,1,0.037037037037037035,0.037037037037037035,-0.11213423368119502,26,0.6575336884782619,0.6663183760254338,0.6575204566786583,0.6626043006274543,0.008784687547171877,-1.3231799603552474e-05
cat,n300,1,384,0.001,margin_targeted,181,2058,27,1.0,27,random,4,27,0.14917127071823205,0.5952380952380952,4,0.14814814814814814,0.14814814814814814,-0.001023122570083912,23,0.6575336884782619,0.6555350890497249,0.66007224525289,0.6626043006274543,-0.0019985994285369735,0.002538556774628109
cat,n300,1,384,0.001,margin_targeted,181,2058,27,1.0,27,random,5,27,0.14917127071823205,0.5952380952380952,2,0.07407407407407407,0.07407407407407407,-0.07509719664415798,25,0.6575336884782619,0.6594173235963323,0.6577268990753687,0.6626043006274543,0.001883635118070437,0.00019321059710686317
cat,n300,1,384,0.001,margin_targeted,181,2058,27,1.0,27,random,6,27,0.14917127071823205,0.5952380952380952,4,0.14814814814814814,0.14814814814814814,-0.001023122570083912,23,0.6575336884782619,0.6587838298096177,0.657144020351553,0.6626043006274543,0.001250141331355814,-0.0003896681267089308
cat,n300,1,384,0.001,margin_targeted,181,2058,27,1.0,27,random,7,27,0.14917127071823205,0.5952380952380952,3,0.1111111111111111,0.1111111111111111,-0.03806015960712095,24,0.6575336884782619,0.6546279078868291,0.6570822914717301,0.6626043006274543,-0.0029057805914327606,-0.00045139700653173964
cat,n300,1,384,0.001,margin_targeted,181,2058,27,1.0,27,random,8,27,0.14917127071823205,0.5952380952380952,3,0.1111111111111111,0.1111111111111111,-0.03806015960712095,24,0.6575336884782619,0.6602523185744413,0.657587812710222,0.6626043006274543,0.002718630096179453,5.412423196016203e-05
cat,n300,1,384,0.001,margin_targeted,181,2058,27,1.0,27,random,9,27,0.14917127071823205,0.5952380952380952,3,0.1111111111111111,0.1111111111111111,-0.03806015960712095,24,0.6575336884782619,0.6533935180400773,0.6584857644562981,0.6626043006274543,-0.004140170438184598,0.0009520759780362598
cat,n300,1,384,0.001,margin_targeted,181,2058,27,2.0,54,top,-1,27,0.14917127071823205,0.5952380952380952,11,0.2037037037037037,0.4074074074074074,0.05453243298547164,16,0.6575336884782619,0.6546199294451629,0.6565142925333827,0.6626043006274543,-0.0029137590330989838,-0.001019395944879209
cat,n300,1,384,0.001,margin_targeted,181,2058,27,2.0,54,bottom_oracle_diagnostic,-1,27,0.14917127071823205,0.5952380952380952,4,0.07407407407407407,0.14814814814814814,-0.07509719664415798,23,0.6575336884782619,0.7273776623869119,0.659658663860323,0.6626043006274543,0.06984397390865005,0.002124975382061134
cat,n300,1,384,0.001,margin_targeted,181,2058,27,2.0,54,two_tailed,-1,27,0.14917127071823205,0.5952380952380952,6,0.1111111111111111,0.2222222222222222,-0.03806015960712095,21,0.6575336884782619,0.6564599282974055,0.6574715847350514,0.6626043006274543,-0.0010737601808563646,-6.210374321047318e-05
cat,n300,1,384,0.001,margin_targeted,181,2058,27,2.0,54,random,0,27,0.14917127071823205,0.5952380952380952,14,0.25925925925925924,0.5185185185185185,0.11008798854102719,13,0.6575336884782619,0.661039571806723,0.6594908822185861,0.6626043006274543,0.0035058833284611346,0.0019571937403242146
cat,n300,1,384,0.001,margin_targeted,181,2058,27,2.0,54,random,1,27,0.14917127071823205,0.5952380952380952,6,0.1111111111111111,0.2222222222222222,-0.03806015960712095,21,0.6575336884782619,0.6582304698892563,0.6604040703161473,0.6626043006274543,0.0006967814109943848,0.0028703818378854606
cat,n300,1,384,0.001,margin_targeted,181,2058,27,2.0,54,random,2,27,0.14917127071823205,0.5952380952380952,9,0.16666666666666666,0.3333333333333333,0.017495395948434606,18,0.6575336884782619,0.6609963193895558,0.6582279805418338,0.6626043006274543,0.0034626309112939513,0.0006942920635719663
cat,n300,1,384,0.001,margin_targeted,181,2058,27,2.0,54,random,3,27,0.14917127071823205,0.5952380952380952,7,0.12962962962962962,0.25925925925925924,-0.01954164108860243,20,0.6575336884782619,0.6555539077196453,0.6575772413765986,0.6626043006274543,-0.0019797807586166005,4.3552898336685075e-05
cat,n300,1,384,0.001,margin_targeted,181,2058,27,2.0,54,random,4,27,0.14917127071823205,0.5952380952380952,11,0.2037037037037037,0.4074074074074074,0.05453243298547164,16,0.6575336884782619,0.660036261560923,0.6600435105644182,0.6626043006274543,0.002502573082661108,0.0025098220861563547
cat,n300,1,384,0.001,margin_targeted,181,2058,27,2.0,54,random,5,27,0.14917127071823205,0.5952380952380952,7,0.12962962962962962,0.25925925925925924,-0.01954164108860243,20,0.6575336884782619,0.6656281364140698,0.6596224453287507,0.6626043006274543,0.008094447935807936,0.0020887568504888154
cat,n300,1,384,0.001,margin_targeted,181,2058,27,2.0,54,random,6,27,0.14917127071823205,0.5952380952380952,6,0.1111111111111111,0.2222222222222222,-0.03806015960712095,21,0.6575336884782619,0.6622718313996209,0.6576718863399577,0.6626043006274543,0.00473814292135899,0.00013819786169577686
cat,n300,1,384,0.001,margin_targeted,181,2058,27,2.0,54,random,7,27,0.14917127071823205,0.5952380952380952,9,0.16666666666666666,0.3333333333333333,0.017495395948434606,18,0.6575336884782619,0.6678008499527275,0.6614234857561135,0.6626043006274543,0.010267161474465603,0.0038897972778516587
cat,n300,1,384,0.001,margin_targeted,181,2058,27,2.0,54,random,8,27,0.14917127071823205,0.5952380952380952,7,0.12962962962962962,0.25925925925925924,-0.01954164108860243,20,0.6575336884782619,0.6566565916728808,0.6567853331810214,0.6626043006274543,-0.0008770968053810613,-0.0007483552972404883
cat,n300,1,384,0.001,margin_targeted,181,2058,27,2.0,54,random,9,27,0.14917127071823205,0.5952380952380952,8,0.14814814814814814,0.2962962962962963,-0.001023122570083912,19,0.6575336884782619,0.6607532035314243,0.6577871069209889,0.6626043006274543,0.003219515053162425,0.00025341844272697145
cat,n300,2,384,0.01,margin_targeted,190,2058,28,0.5,14,top,-1,28,0.14736842105263157,0.6227954144620811,0,0.0,0.0,-0.14736842105263157,28,0.6734349795645891,0.6677425068829419,0.6734349795645891,0.6763731066494088,-0.005692472681647187,0.0
cat,n300,2,384,0.01,margin_targeted,190,2058,28,0.5,14,bottom_oracle_diagnostic,-1,28,0.14736842105263157,0.6227954144620811,0,0.0,0.0,-0.14736842105263157,28,0.6734349795645891,0.6786409890915889,0.6734349795645891,0.6763731066494088,0.005206009526999789,0.0
cat,n300,2,384,0.01,margin_targeted,190,2058,28,0.5,14,two_tailed,-1,28,0.14736842105263157,0.6227954144620811,0,0.0,0.0,-0.14736842105263157,28,0.6734349795645891,0.6723968092394755,0.6734349795645891,0.6763731066494088,-0.0010381703251135521,0.0
cat,n300,2,384,0.01,margin_targeted,190,2058,28,0.5,14,random,0,28,0.14736842105263157,0.6227954144620811,2,0.14285714285714285,0.07142857142857142,-0.004511278195488716,26,0.6734349795645891,0.67320603828491,0.6736924375561882,0.6763731066494088,-0.00022894127967909572,0.0002574579915991526
cat,n300,2,384,0.01,margin_targeted,190,2058,28,0.5,14,random,1,28,0.14736842105263157,0.6227954144620811,2,0.14285714285714285,0.07142857142857142,-0.004511278195488716,26,0.6734349795645891,0.6722270840068861,0.6742602858700661,0.6763731066494088,-0.0012078955577029538,0.0008253063054770582
cat,n300,2,384,0.01,margin_targeted,190,2058,28,0.5,14,random,2,28,0.14736842105263157,0.6227954144620811,2,0.14285714285714285,0.07142857142857142,-0.004511278195488716,26,0.6734349795645891,0.6746470623580753,0.6735637474148263,0.6763731066494088,0.0012120827934861689,0.00012876785023718806
cat,n300,2,384,0.01,margin_targeted,190,2058,28,0.5,14,random,3,28,0.14736842105263157,0.6227954144620811,4,0.2857142857142857,0.14285714285714285,0.13834586466165413,24,0.6734349795645891,0.6739664112634055,0.6737907005524465,0.6763731066494088,0.0005314316988164203,0.0003557209878574108
cat,n300,2,384,0.01,margin_targeted,190,2058,28,0.5,14,random,4,28,0.14736842105263157,0.6227954144620811,4,0.2857142857142857,0.14285714285714285,0.13834586466165413,24,0.6734349795645891,0.6748108129784477,0.6746175323389867,0.6763731066494088,0.001375833413858607,0.001182552774397605
cat,n300,2,384,0.01,margin_targeted,190,2058,28,0.5,14,random,5,28,0.14736842105263157,0.6227954144620811,3,0.21428571428571427,0.10714285714285714,0.06691729323308271,25,0.6734349795645891,0.6739384634588661,0.6742873798411068,0.6763731066494088,0.0005034838942770126,0.000852400276517673
cat,n300,2,384,0.01,margin_targeted,190,2058,28,0.5,14,random,6,28,0.14736842105263157,0.6227954144620811,1,0.07142857142857142,0.03571428571428571,-0.07593984962406014,27,0.6734349795645891,0.6727298630711299,0.6735288537994553,0.6763731066494088,-0.000705116493459168,9.387423486617585e-05
cat,n300,2,384,0.01,margin_targeted,190,2058,28,0.5,14,random,7,28,0.14736842105263157,0.6227954144620811,3,0.21428571428571427,0.10714285714285714,0.06691729323308271,25,0.6734349795645891,0.6726624207736756,0.6730976439227244,0.6763731066494088,-0.0007725587909135356,-0.0003373356418646667
cat,n300,2,384,0.01,margin_targeted,190,2058,28,0.5,14,random,8,28,0.14736842105263157,0.6227954144620811,2,0.14285714285714285,0.07142857142857142,-0.004511278195488716,26,0.6734349795645891,0.6748076249849271,0.6741790714187444,0.6763731066494088,0.0013726454203379923,0.0007440918541553598
cat,n300,2,384,0.01,margin_targeted,190,2058,28,0.5,14,random,9,28,0.14736842105263157,0.6227954144620811,2,0.14285714285714285,0.07142857142857142,-0.004511278195488716,26,0.6734349795645891,0.6732389310329875,0.6739836523788875,0.6763731066494088,-0.0001960485316016003,0.0005486728142983788
cat,n300,2,384,0.01,margin_targeted,190,2058,28,1.0,28,top,-1,28,0.14736842105263157,0.6227954144620811,0,0.0,0.0,-0.14736842105263157,28,0.6734349795645891,0.6654673471758399,0.6734349795645891,0.6763731066494088,-0.007967632388749202,0.0
cat,n300,2,384,0.01,margin_targeted,190,2058,28,1.0,28,bottom_oracle_diagnostic,-1,28,0.14736842105263157,0.6227954144620811,0,0.0,0.0,-0.14736842105263157,28,0.6734349795645891,0.683557696798364,0.6734349795645891,0.6763731066494088,0.010122717233774892,0.0
cat,n300,2,384,0.01,margin_targeted,190,2058,28,1.0,28,two_tailed,-1,28,0.14736842105263157,0.6227954144620811,0,0.0,0.0,-0.14736842105263157,28,0.6734349795645891,0.671742059832344,0.6734349795645891,0.6763731066494088,-0.0016929197322450573,0.0
cat,n300,2,384,0.01,margin_targeted,190,2058,28,1.0,28,random,0,28,0.14736842105263157,0.6227954144620811,5,0.17857142857142858,0.17857142857142858,0.03120300751879701,23,0.6734349795645891,0.6754043856163409,0.6739163921607388,0.6763731066494088,0.0019694060517517764,0.00048141259614975507
cat,n300,2,384,0.01,margin_targeted,190,2058,28,1.0,28,random,1,28,0.14736842105263157,0.6227954144620811,6,0.21428571428571427,0.21428571428571427,0.06691729323308271,22,0.6734349795645891,0.6746203501258241,0.6738065081123082,0.6763731066494088,0.0011853705612350218,0.00037152854771915766
cat,n300,2,384,0.01,margin_targeted,190,2058,28,1.0,28,random,2,28,0.14736842105263157,0.6227954144620811,3,0.10714285714285714,0.10714285714285714,-0.04022556390977443,25,0.6734349795645891,0.6741836958773981,0.6733118320037469,0.6763731066494088,0.000748716312809039,-0.00012314756084219614
cat,n300,2,384,0.01,margin_targeted,190,2058,28,1.0,28,random,3,28,0.14736842105263157,0.6227954144620811,3,0.10714285714285714,0.10714285714285714,-0.04022556390977443,25,0.6734349795645891,0.675564340655771,0.6746603631105357,0.6763731066494088,0.0021293610911818917,0.00122538354594659
cat,n300,2,384,0.01,margin_targeted,190,2058,28,1.0,28,random,4,28,0.14736842105263157,0.6227954144620811,4,0.14285714285714285,0.14285714285714285,-0.004511278195488716,24,0.6734349795645891,0.6748107121376424,0.6747780096563782,0.6763731066494088,0.0013757325730533454,0.0013430300917891547
cat,n300,2,384,0.01,margin_targeted,190,2058,28,1.0,28,random,5,28,0.14736842105263157,0.6227954144620811,3,0.10714285714285714,0.10714285714285714,-0.04022556390977443,25,0.6734349795645891,0.6728586764352396,0.6741877205637163,0.6763731066494088,-0.0005763031293495313,0.0007527409991272549
cat,n300,2,384,0.01,margin_targeted,190,2058,28,1.0,28,random,6,28,0.14736842105263157,0.6227954144620811,3,0.10714285714285714,0.10714285714285714,-0.04022556390977443,25,0.6734349795645891,0.6751954162684112,0.6742383914039477,0.6763731066494088,0.001760436703822088,0.0008034118393586143
cat,n300,2,384,0.01,margin_targeted,190,2058,28,1.0,28,random,7,28,0.14736842105263157,0.6227954144620811,5,0.17857142857142858,0.17857142857142858,0.03120300751879701,23,0.6734349795645891,0.6746163899399319,0.6742279800151211,0.6763731066494088,0.0011814103753428062,0.0007930004505319888
cat,n300,2,384,0.01,margin_targeted,190,2058,28,1.0,28,random,8,28,0.14736842105263157,0.6227954144620811,1,0.03571428571428571,0.03571428571428571,-0.11165413533834585,27,0.6734349795645891,0.6740388600170377,0.6733945185801595,0.6763731066494088,0.0006038804524486352,-4.046098442955781e-05
cat,n300,2,384,0.01,margin_targeted,190,2058,28,1.0,28,random,9,28,0.14736842105263157,0.6227954144620811,6,0.21428571428571427,0.21428571428571427,0.06691729323308271,22,0.6734349795645891,0.6750884858601449,0.6742423933464625,0.6763731066494088,0.0016535062955558288,0.0008074137818734339
cat,n300,2,384,0.01,margin_targeted,190,2058,28,2.0,56,top,-1,28,0.14736842105263157,0.6227954144620811,11,0.19642857142857142,0.39285714285714285,0.04906015037593986,17,0.6734349795645891,0.6625064655915888,0.6736248644758888,0.6763731066494088,-0.01092851397300032,0.00018988491129967588
cat,n300,2,384,0.01,margin_targeted,190,2058,28,2.0,56,bottom_oracle_diagnostic,-1,28,0.14736842105263157,0.6227954144620811,4,0.07142857142857142,0.14285714285714285,-0.07593984962406014,24,0.6734349795645891,0.6936135350553695,0.674782548121595,0.6763731066494088,0.020178555490780403,0.001347568557005907
cat,n300,2,384,0.01,margin_targeted,190,2058,28,2.0,56,two_tailed,-1,28,0.14736842105263157,0.6227954144620811,0,0.0,0.0,-0.14736842105263157,28,0.6734349795645891,0.6725322554982945,0.6734349795645891,0.6763731066494088,-0.0009027240662945468,0.0
cat,n300,2,384,0.01,margin_targeted,190,2058,28,2.0,56,random,0,28,0.14736842105263157,0.6227954144620811,8,0.14285714285714285,0.2857142857142857,-0.004511278195488716,20,0.6734349795645891,0.6730202995486605,0.6734997794676434,0.6763731066494088,-0.0004146800159285924,6.479990305430228e-05
cat,n300,2,384,0.01,margin_targeted,190,2058,28,2.0,56,random,1,28,0.14736842105263157,0.6227954144620811,6,0.10714285714285714,0.21428571428571427,-0.04022556390977443,22,0.6734349795645891,0.6730092375032116,0.6738384611556061,0.6763731066494088,-0.0004257420613774654,0.00040348159101699643
cat,n300,2,384,0.01,margin_targeted,190,2058,28,2.0,56,random,2,28,0.14736842105263157,0.6227954144620811,10,0.17857142857142858,0.35714285714285715,0.03120300751879701,18,0.6734349795645891,0.6733062920599053,0.6751245830780329,0.6763731066494088,-0.00012868750468375545,0.001689603513443827
cat,n300,2,384,0.01,margin_targeted,190,2058,28,2.0,56,random,3,28,0.14736842105263157,0.6227954144620811,6,0.10714285714285714,0.21428571428571427,-0.04022556390977443,22,0.6734349795645891,0.6746915331587741,0.6737361265358094,0.6763731066494088,0.0012565535941849726,0.00030114697122030076
cat,n300,2,384,0.01,margin_targeted,190,2058,28,2.0,56,random,4,28,0.14736842105263157,0.6227954144620811,6,0.10714285714285714,0.21428571428571427,-0.04022556390977443,22,0.6734349795645891,0.6732198823807635,0.6743906296598546,0.6763731066494088,-0.00021509718382561882,0.0009556500952655478
cat,n300,2,384,0.01,margin_targeted,190,2058,28,2.0,56,random,5,28,0.14736842105263157,0.6227954144620811,8,0.14285714285714285,0.2857142857142857,-0.004511278195488716,20,0.6734349795645891,0.6732279833048262,0.6739383820979605,0.6763731066494088,-0.0002069962597628372,0.0005034025333714442
cat,n300,2,384,0.01,margin_targeted,190,2058,28,2.0,56,random,6,28,0.14736842105263157,0.6227954144620811,5,0.08928571428571429,0.17857142857142858,-0.05808270676691728,23,0.6734349795645891,0.6710127671294507,0.6748882255498077,0.6763731066494088,-0.0024222124351384045,0.0014532459852185653
cat,n300,2,384,0.01,margin_targeted,190,2058,28,2.0,56,random,7,28,0.14736842105263157,0.6227954144620811,7,0.125,0.25,-0.022368421052631565,21,0.6734349795645891,0.6748128516031491,0.6735707112802445,0.6763731066494088,0.0013778720385599907,0.0001357317156553961
cat,n300,2,384,0.01,margin_targeted,190,2058,28,2.0,56,random,8,28,0.14736842105263157,0.6227954144620811,6,0.10714285714285714,0.21428571428571427,-0.04022556390977443,22,0.6734349795645891,0.6759984921001579,0.673666623253198,0.6763731066494088,0.002563512535568857,0.00023164368860895124
cat,n300,2,384,0.01,margin_targeted,190,2058,28,2.0,56,random,9,28,0.14736842105263157,0.6227954144620811,11,0.19642857142857142,0.39285714285714285,0.04906015037593986,17,0.6734349795645891,0.6777541032046345,0.6744217646614511,0.6763731066494088,0.004319123640045386,0.0009867850968620084
cat,n300,3,384,0.001,margin_targeted,176,2058,26,0.5,13,top,-1,26,0.14772727272727273,0.6123076923076923,1,0.07692307692307693,0.038461538461538464,-0.07080419580419581,25,0.6903434753819881,0.6896664588391356,0.6901774190138954,0.6838337462295636,-0.000677016542852571,-0.00016605636809274849
cat,n300,3,384,0.001,margin_targeted,176,2058,26,0.5,13,bottom_oracle_diagnostic,-1,26,0.14772727272727273,0.6123076923076923,1,0.07692307692307693,0.038461538461538464,-0.07080419580419581,25,0.6903434753819881,0.6988026455578265,0.6933102087859556,0.6838337462295636,0.008459170175838304,0.0029667334039674698
cat,n300,3,384,0.001,margin_targeted,176,2058,26,0.5,13,two_tailed,-1,26,0.14772727272727273,0.6123076923076923,0,0.0,0.0,-0.14772727272727273,26,0.6903434753819881,0.69152321128052,0.6903434753819881,0.6838337462295636,0.0011797358985318196,0.0
cat,n300,3,384,0.001,margin_targeted,176,2058,26,0.5,13,random,0,26,0.14772727272727273,0.6123076923076923,1,0.07692307692307693,0.038461538461538464,-0.07080419580419581,25,0.6903434753819881,0.6883318704196266,0.6885736195812145,0.6838337462295636,-0.002011604962361524,-0.001769855800773601
cat,n300,3,384,0.001,margin_targeted,176,2058,26,0.5,13,random,1,26,0.14772727272727273,0.6123076923076923,2,0.15384615384615385,0.07692307692307693,0.00611888111888112,24,0.6903434753819881,0.692286297283985,0.6876707940726711,0.6838337462295636,0.001942821901996905,-0.002672681309317082
cat,n300,3,384,0.001,margin_targeted,176,2058,26,0.5,13,random,2,26,0.14772727272727273,0.6123076923076923,2,0.15384615384615385,0.07692307692307693,0.00611888111888112,24,0.6903434753819881,0.6850664902489014,0.689247005498158,0.6838337462295636,-0.00527698513308672,-0.0010964698838301645
cat,n300,3,384,0.001,margin_targeted,176,2058,26,0.5,13,random,3,26,0.14772727272727273,0.6123076923076923,1,0.07692307692307693,0.038461538461538464,-0.07080419580419581,25,0.6903434753819881,0.6941408995855948,0.6923769825809942,0.6838337462295636,0.0037974242036066252,0.0020335071990060793
cat,n300,3,384,0.001,margin_targeted,176,2058,26,0.5,13,random,4,26,0.14772727272727273,0.6123076923076923,1,0.07692307692307693,0.038461538461538464,-0.07080419580419581,25,0.6903434753819881,0.6900244023317008,0.6885736195812145,0.6838337462295636,-0.0003190730502873329,-0.001769855800773601
cat,n300,3,384,0.001,margin_targeted,176,2058,26,0.5,13,random,5,26,0.14772727272727273,0.6123076923076923,3,0.23076923076923078,0.11538461538461539,0.08304195804195805,23,0.6903434753819881,0.693333540703446,0.6904745598634165,0.6838337462295636,0.0029900653214578465,0.00013108448142840068
cat,n300,3,384,0.001,margin_targeted,176,2058,26,0.5,13,random,6,26,0.14772727272727273,0.6123076923076923,2,0.15384615384615385,0.07692307692307693,0.00611888111888112,24,0.6903434753819881,0.6943605287635467,0.6905257901417716,0.6838337462295636,0.004017053381558555,0.0001823147597834751
cat,n300,3,384,0.001,margin_targeted,176,2058,26,0.5,13,random,7,26,0.14772727272727273,0.6123076923076923,0,0.0,0.0,-0.14772727272727273,26,0.6903434753819881,0.6869502996610308,0.6903434753819881,0.6838337462295636,-0.00339317572095732,0.0
cat,n300,3,384,0.001,margin_targeted,176,2058,26,0.5,13,random,8,26,0.14772727272727273,0.6123076923076923,1,0.07692307692307693,0.038461538461538464,-0.07080419580419581,25,0.6903434753819881,0.6914967756554113,0.6898455077652283,0.6838337462295636,0.0011533002734231967,-0.000497967616759798
cat,n300,3,384,0.001,margin_targeted,176,2058,26,0.5,13,random,9,26,0.14772727272727273,0.6123076923076923,0,0.0,0.0,-0.14772727272727273,26,0.6903434753819881,0.6916171090531009,0.6903434753819881,0.6838337462295636,0.0012736336711127727,0.0
cat,n300,3,384,0.001,margin_targeted,176,2058,26,1.0,26,top,-1,26,0.14772727272727273,0.6123076923076923,8,0.3076923076923077,0.3076923076923077,0.15996503496503497,18,0.6903434753819881,0.6913877479989047,0.6900470309446655,0.6838337462295636,0.0010442726169165306,-0.0002964444373226849
cat,n300,3,384,0.001,margin_targeted,176,2058,26,1.0,26,bottom_oracle_diagnostic,-1,26,0.14772727272727273,0.6123076923076923,2,0.07692307692307693,0.07692307692307693,-0.07080419580419581,24,0.6903434753819881,0.7166697474806707,0.6954286353457495,0.6838337462295636,0.026326272098682546,0.005085159963761354
cat,n300,3,384,0.001,margin_targeted,176,2058,26,1.0,26,two_tailed,-1,26,0.14772727272727273,0.6123076923076923,2,0.07692307692307693,0.07692307692307693,-0.07080419580419581,24,0.6903434753819881,0.6966157395902132,0.6931238601942367,0.6838337462295636,0.00627226420822502,0.0027803848122485153
cat,n300,3,384,0.001,margin_targeted,176,2058,26,1.0,26,random,0,26,0.14772727272727273,0.6123076923076923,2,0.07692307692307693,0.07692307692307693,-0.07080419580419581,24,0.6903434753819881,0.6953353350989258,0.6876707940726711,0.6838337462295636,0.004991859716937608,-0.002672681309317082
cat,n300,3,384,0.001,margin_targeted,176,2058,26,1.0,26,random,1,26,0.14772727272727273,0.6123076923076923,7,0.2692307692307692,0.2692307692307692,0.12150349650349648,19,0.6903434753819881,0.6876823230481436,0.6866333255830748,0.6838337462295636,-0.002661152333844563,-0.003710149798913376
cat,n300,3,384,0.001,margin_targeted,176,2058,26,1.0,26,random,2,26,0.14772727272727273,0.6123076923076923,6,0.23076923076923078,0.23076923076923078,0.08304195804195805,20,0.6903434753819881,0.6900518233941465,0.6908081691101097,0.6838337462295636,-0.0002916519878416457,0.00046469372812152354
cat,n300,3,384,0.001,margin_targeted,176,2058,26,1.0,26,random,3,26,0.14772727272727273,0.6123076923076923,4,0.15384615384615385,0.15384615384615385,0.00611888111888112,22,0.6903434753819881,0.6879367966105406,0.6847432874415177,0.6838337462295636,-0.0024066787714475124,-0.005600187940470458
cat,n300,3,384,0.001,margin_targeted,176,2058,26,1.0,26,random,4,26,0.14772727272727273,0.6123076923076923,2,0.07692307692307693,0.07692307692307693,-0.07080419580419581,24,0.6903434753819881,0.7018997729845504,0.6881626435306778,0.6838337462295636,0.011556297602562271,-0.0021808318513103497
cat,n300,3,384,0.001,margin_targeted,176,2058,26,1.0,26,random,5,26,0.14772727272727273,0.6123076923076923,4,0.15384615384615385,0.15384615384615385,0.00611888111888112,22,0.6903434753819881,0.6953599535659882,0.6963194260478314,0.6838337462295636,0.005016478184000084,0.0059759506658432215
cat,n300,3,384,0.001,margin_targeted,176,2058,26,1.0,26,random,6,26,0.14772727272727273,0.6123076923076923,4,0.15384615384615385,0.15384615384615385,0.00611888111888112,22,0.6903434753819881,0.7026719714347388,0.6909198689977821,0.6838337462295636,0.01232849605275066,0.0005763936157939797
cat,n300,3,384,0.001,margin_targeted,176,2058,26,1.0,26,random,7,26,0.14772727272727273,0.6123076923076923,4,0.15384615384615385,0.15384615384615385,0.00611888111888112,22,0.6903434753819881,0.6945446963741528,0.6982417988029043,0.6838337462295636,0.004201220992164689,0.00789832342091612
cat,n300,3,384,0.001,margin_targeted,176,2058,26,1.0,26,random,8,26,0.14772727272727273,0.6123076923076923,4,0.15384615384615385,0.15384615384615385,0.00611888111888112,22,0.6903434753819881,0.6990946970470506,0.6894099360350502,0.6838337462295636,0.00875122166506248,-0.0009335393469379616
cat,n300,3,384,0.001,margin_targeted,176,2058,26,1.0,26,random,9,26,0.14772727272727273,0.6123076923076923,1,0.038461538461538464,0.038461538461538464,-0.10926573426573427,25,0.6903434753819881,0.6896773978773619,0.6933102087859556,0.6838337462295636,-0.0006660775046262168,0.0029667334039674698
cat,n300,3,384,0.001,margin_targeted,176,2058,26,2.0,52,top,-1,26,0.14772727272727273,0.6123076923076923,11,0.21153846153846154,0.4230769230769231,0.0638111888111888,15,0.6903434753819881,0.6922718856225241,0.6879703546451618,0.6838337462295636,0.001928410240535916,-0.002373120736826384
cat,n300,3,384,0.001,margin_targeted,176,2058,26,2.0,52,bottom_oracle_diagnostic,-1,26,0.14772727272727273,0.6123076923076923,5,0.09615384615384616,0.19230769230769232,-0.051573426573426576,21,0.6903434753819881,0.7424254007219818,0.6946842697775099,0.6838337462295636,0.05208192533999367,0.004340794395521708
cat,n300,3,384,0.001,margin_targeted,176,2058,26,2.0,52,two_tailed,-1,26,0.14772727272727273,0.6123076923076923,10,0.19230769230769232,0.38461538461538464,0.044580419580419584,16,0.6903434753819881,0.7130273153902941,0.6952042991658698,0.6838337462295636,0.022683840008305922,0.00486082378388164
cat,n300,3,384,0.001,margin_targeted,176,2058,26,2.0,52,random,0,26,0.14772727272727273,0.6123076923076923,6,0.11538461538461539,0.23076923076923078,-0.032342657342657344,20,0.6903434753819881,0.701512735153521,0.6918015990088437,0.6838337462295636,0.011169259771532825,0.0014581236268556008
cat,n300,3,384,0.001,margin_targeted,176,2058,26,2.0,52,random,1,26,0.14772727272727273,0.6123076923076923,6,0.11538461538461539,0.23076923076923078,-0.032342657342657344,20,0.6903434753819881,0.6899352982024936,0.6891385284651885,0.6838337462295636,-0.0004081771794945954,-0.0012049469167996207
cat,n300,3,384,0.001,margin_targeted,176,2058,26,2.0,52,random,2,26,0.14772727272727273,0.6123076923076923,5,0.09615384615384616,0.19230769230769232,-0.051573426573426576,21,0.6903434753819881,0.6927618259043385,0.6853040552451258,0.6838337462295636,0.0024183505223503987,-0.005039420136862316
cat,n300,3,384,0.001,margin_targeted,176,2058,26,2.0,52,random,3,26,0.14772727272727273,0.6123076923076923,9,0.17307692307692307,0.34615384615384615,0.025349650349650338,17,0.6903434753819881,0.7022045765691546,0.6826383281268377,0.6838337462295636,0.011861101187166434,-0.00770514725515048
cat,n300,3,384,0.001,margin_targeted,176,2058,26,2.0,52,random,4,26,0.14772727272727273,0.6123076923076923,7,0.1346153846153846,0.2692307692307692,-0.013111888111888126,19,0.6903434753819881,0.7054188710580692,0.6998207041629719,0.6838337462295636,0.015075395676081071,0.009477228780983782
cat,n300,3,384,0.001,margin_targeted,176,2058,26,2.0,52,random,5,26,0.14772727272727273,0.6123076923076923,4,0.07692307692307693,0.15384615384615385,-0.07080419580419581,22,0.6903434753819881,0.6920028607415313,0.6890323935765463,0.6838337462295636,0.0016593853595431307,-0.001311081805441816
cat,n300,3,384,0.001,margin_targeted,176,2058,26,2.0,52,random,6,26,0.14772727272727273,0.6123076923076923,7,0.1346153846153846,0.2692307692307692,-0.013111888111888126,19,0.6903434753819881,0.6933201355572968,0.695292887365014,0.6838337462295636,0.002976660175308621,0.004949411983025898
cat,n300,3,384,0.001,margin_targeted,176,2058,26,2.0,52,random,7,26,0.14772727272727273,0.6123076923076923,5,0.09615384615384616,0.19230769230769232,-0.051573426573426576,21,0.6903434753819881,0.6854493521888705,0.6939698149939542,0.6838337462295636,-0.004894123193117661,0.003626339611966012
cat,n300,3,384,0.001,margin_targeted,176,2058,26,2.0,52,random,8,26,0.14772727272727273,0.6123076923076923,9,0.17307692307692307,0.34615384615384615,0.025349650349650338,17,0.6903434753819881,0.6910888014957993,0.6966111134568295,0.6838337462295636,0.0007453261138111733,0.00626763807484132
cat,n300,3,384,0.001,margin_targeted,176,2058,26,2.0,52,random,9,26,0.14772727272727273,0.6123076923076923,6,0.11538461538461539,0.23076923076923078,-0.032342657342657344,20,0.6903434753819881,0.687322860820305,0.6888356670911729,0.6838337462295636,-0.0030206145616831215,-0.0015078082908152046
cat,n300,4,384,0.001,margin_targeted,187,2058,28,0.5,14,top,-1,28,0.1497326203208556,0.6358939802336029,0,0.0,0.0,-0.1497326203208556,28,0.663819673267108,0.6596509297580142,0.663819673267108,0.6722679224190887,-0.004168743509093797,0.0
cat,n300,4,384,0.001,margin_targeted,187,2058,28,0.5,14,bottom_oracle_diagnostic,-1,28,0.1497326203208556,0.6358939802336029,2,0.14285714285714285,0.07142857142857142,-0.006875477463712754,26,0.663819673267108,0.6715836528110865,0.6676319113615228,0.6722679224190887,0.00776397954397845,0.003812238094414777
cat,n300,4,384,0.001,margin_targeted,187,2058,28,0.5,14,two_tailed,-1,28,0.1497326203208556,0.6358939802336029,2,0.14285714285714285,0.07142857142857142,-0.006875477463712754,26,0.663819673267108,0.6634837248976381,0.6676319113615228,0.6722679224190887,-0.00033594836946992945,0.003812238094414777
cat,n300,4,384,0.001,margin_targeted,187,2058,28,0.5,14,random,0,28,0.1497326203208556,0.6358939802336029,2,0.14285714285714285,0.07142857142857142,-0.006875477463712754,26,0.663819673267108,0.6656968353822974,0.6635188584249158,0.6722679224190887,0.0018771621151894013,-0.00030081484219224297
cat,n300,4,384,0.001,margin_targeted,187,2058,28,0.5,14,random,1,28,0.1497326203208556,0.6358939802336029,1,0.07142857142857142,0.03571428571428571,-0.07830404889228418,27,0.663819673267108,0.6663832959633466,0.6631042900270739,0.6722679224190887,0.0025636226962385544,-0.0007153832400340621
cat,n300,4,384,0.001,margin_targeted,187,2058,28,0.5,14,random,2,28,0.1497326203208556,0.6358939802336029,2,0.14285714285714285,0.07142857142857142,-0.006875477463712754,26,0.663819673267108,0.6648110119582116,0.6630950916679161,0.6722679224190887,0.0009913386911035715,-0.0007245815991918647
cat,n300,4,384,0.001,margin_targeted,187,2058,28,0.5,14,random,3,28,0.1497326203208556,0.6358939802336029,0,0.0,0.0,-0.1497326203208556,28,0.663819673267108,0.6631421459243593,0.663819673267108,0.6722679224190887,-0.0006775273427487294,0.0
cat,n300,4,384,0.001,margin_targeted,187,2058,28,0.5,14,random,4,28,0.1497326203208556,0.6358939802336029,3,0.21428571428571427,0.10714285714285714,0.06455309396485867,25,0.663819673267108,0.6657393521694611,0.664232287898827,0.6722679224190887,0.0019196789023531169,0.0004126146317190438
cat,n300,4,384,0.001,margin_targeted,187,2058,28,0.5,14,random,5,28,0.1497326203208556,0.6358939802336029,2,0.14285714285714285,0.07142857142857142,-0.006875477463712754,26,0.663819673267108,0.6668255932650876,0.6664152126494022,0.6722679224190887,0.0030059199979796114,0.0025955393822941764
cat,n300,4,384,0.001,margin_targeted,187,2058,28,0.5,14,random,6,28,0.1497326203208556,0.6358939802336029,1,0.07142857142857142,0.03571428571428571,-0.07830404889228418,27,0.663819673267108,0.6647436905528246,0.6635653659437604,0.6722679224190887,0.0009240172857165607,-0.0002543073233476356
cat,n300,4,384,0.001,margin_targeted,187,2058,28,0.5,14,random,7,28,0.1497326203208556,0.6358939802336029,3,0.21428571428571427,0.10714285714285714,0.06455309396485867,25,0.663819673267108,0.6642644138347559,0.6678139607885119,0.6722679224190887,0.0004447405676478722,0.00399428752140385
cat,n300,4,384,0.001,margin_targeted,187,2058,28,0.5,14,random,8,28,0.1497326203208556,0.6358939802336029,3,0.21428571428571427,0.10714285714285714,0.06455309396485867,25,0.663819673267108,0.6660091695962816,0.6645246066303693,0.6722679224190887,0.002189496329173646,0.0007049333632612731
cat,n300,4,384,0.001,margin_targeted,187,2058,28,0.5,14,random,9,28,0.1497326203208556,0.6358939802336029,2,0.14285714285714285,0.07142857142857142,-0.006875477463712754,26,0.663819673267108,0.6687102919051598,0.6641399218300614,0.6722679224190887,0.004890618638051847,0.00032024856295342907
cat,n300,4,384,0.001,margin_targeted,187,2058,28,1.0,28,top,-1,28,0.1497326203208556,0.6358939802336029,6,0.21428571428571427,0.21428571428571427,0.06455309396485867,22,0.663819673267108,0.6576193236542245,0.6628256657444694,0.6722679224190887,-0.006200349612883516,-0.0009940075226385625
cat,n300,4,384,0.001,margin_targeted,187,2058,28,1.0,28,bottom_oracle_diagnostic,-1,28,0.1497326203208556,0.6358939802336029,3,0.10714285714285714,0.10714285714285714,-0.042589763177998466,25,0.663819673267108,0.6909187877548497,0.6691753524058288,0.6722679224190887,0.027099114487741716,0.005355679138720815
cat,n300,4,384,0.001,margin_targeted,187,2058,28,1.0,28,two_tailed,-1,28,0.1497326203208556,0.6358939802336029,2,0.07142857142857142,0.07142857142857142,-0.07830404889228418,26,0.663819673267108,0.6639991927934948,0.6676319113615228,0.6722679224190887,0.00017951952638683988,0.003812238094414777
cat,n300,4,384,0.001,margin_targeted,187,2058,28,1.0,28,random,0,28,0.1497326203208556,0.6358939802336029,2,0.07142857142857142,0.07142857142857142,-0.07830404889228418,26,0.663819673267108,0.6651144193106722,0.6662799408739877,0.6722679224190887,0.0012947460435641656,0.0024602676068796736
cat,n300,4,384,0.001,margin_targeted,187,2058,28,1.0,28,random,1,28,0.1497326203208556,0.6358939802336029,2,0.07142857142857142,0.07142857142857142,-0.07830404889228418,26,0.663819673267108,0.6688766759865676,0.6672954198861991,0.6722679224190887,0.005057002719459636,0.0034757466190911135
cat,n300,4,384,0.001,margin_targeted,187,2058,28,1.0,28,random,2,28,0.1497326203208556,0.6358939802336029,7,0.25,0.25,0.1002673796791444,21,0.663819673267108,0.6682298987560119,0.6649141073847477,0.6722679224190887,0.004410225488903907,0.0010944341176396533
cat,n300,4,384,0.001,margin_targeted,187,2058,28,1.0,28,random,3,28,0.1497326203208556,0.6358939802336029,4,0.14285714285714285,0.14285714285714285,-0.006875477463712754,24,0.663819673267108,0.6635154786625378,0.6643957403439813,0.6722679224190887,-0.0003041946045702071,0.0005760670768732989
cat,n300,4,384,0.001,margin_targeted,187,2058,28,1.0,28,random,4,28,0.1497326203208556,0.6358939802336029,1,0.03571428571428571,0.03571428571428571,-0.11401833460656989,27,0.663819673267108,0.6638982921732207,0.6639481214439147,0.6722679224190887,7.861890611271516e-05,0.00012844817680668363
cat,n300,4,384,0.001,margin_targeted,187,2058,28,1.0,28,random,5,28,0.1497326203208556,0.6358939802336029,2,0.07142857142857142,0.07142857142857142,-0.07830404889228418,26,0.663819673267108,0.665530188658024,0.6662625843133657,0.6722679224190887,0.0017105153909160453,0.002442911046257712
cat,n300,4,384,0.001,margin_targeted,187,2058,28,1.0,28,random,6,28,0.1497326203208556,0.6358939802336029,4,0.14285714285714285,0.14285714285714285,-0.006875477463712754,24,0.663819673267108,0.6683361893759499,0.66579032573756,0.6722679224190887,0.00451651610884185,0.001970652470452028
cat,n300,4,384,0.001,margin_targeted,187,2058,28,1.0,28,random,7,28,0.1497326203208556,0.6358939802336029,3,0.10714285714285714,0.10714285714285714,-0.042589763177998466,25,0.663819673267108,0.6610895256171974,0.6667540180176623,0.6722679224190887,-0.0027301476499106414,0.0029343447505543185
cat,n300,4,384,0.001,margin_targeted,187,2058,28,1.0,28,random,8,28,0.1497326203208556,0.6358939802336029,6,0.21428571428571427,0.21428571428571427,0.06455309396485867,22,0.663819673267108,0.6664821993721843,0.6670063468908686,0.6722679224190887,0.002662526105076335,0.003186673623760572
cat,n300,4,384,0.001,margin_targeted,187,2058,28,1.0,28,random,9,28,0.1497326203208556,0.6358939802336029,9,0.32142857142857145,0.32142857142857145,0.17169595110771585,19,0.663819673267108,0.6642899179821435,0.667779476186205,0.6722679224190887,0.00047024471503553933,0.003959802919097033
cat,n300,4,384,0.001,margin_targeted,187,2058,28,2.0,56,top,-1,28,0.1497326203208556,0.6358939802336029,15,0.26785714285714285,0.5357142857142857,0.11812452253628725,13,0.663819673267108,0.6578802795811125,0.6628218396095072,0.6722679224190887,-0.005939393685995498,-0.0009978336576007552
cat,n300,4,384,0.001,margin_targeted,187,2058,28,2.0,56,bottom_oracle_diagnostic,-1,28,0.1497326203208556,0.6358939802336029,5,0.08928571428571429,0.17857142857142858,-0.060446906035141315,23,0.663819673267108,0.752833351749156,0.6720354399346976,0.6722679224190887,0.089013678482048,0.008215766667589608
cat,n300,4,384,0.001,margin_targeted,187,2058,28,2.0,56,two_tailed,-1,28,0.1497326203208556,0.6358939802336029,9,0.16071428571428573,0.32142857142857145,0.010981665393430123,19,0.663819673267108,0.6706243001764038,0.6679032085525852,0.6722679224190887,0.006804626909295841,0.0040835352854772244
cat,n300,4,384,0.001,margin_targeted,187,2058,28,2.0,56,random,0,28,0.1497326203208556,0.6358939802336029,12,0.21428571428571427,0.42857142857142855,0.06455309396485867,16,0.663819673267108,0.6653540594002705,0.67058850874514,0.6722679224190887,0.0015343861331624797,0.006768835478031976
cat,n300,4,384,0.001,margin_targeted,187,2058,28,2.0,56,random,1,28,0.1497326203208556,0.6358939802336029,8,0.14285714285714285,0.2857142857142857,-0.006875477463712754,20,0.663819673267108,0.6652720053711011,0.6664117156656238,0.6722679224190887,0.0014523321039930925,0.002592042398515848
cat,n300,4,384,0.001,margin_targeted,187,2058,28,2.0,56,random,2,28,0.1497326203208556,0.6358939802336029,9,0.16071428571428573,0.32142857142857145,0.010981665393430123,19,0.663819673267108,0.6721694706288543,0.6638501376782202,0.6722679224190887,0.008349797361746347,3.0464411112207657e-05
cat,n300,4,384,0.001,margin_targeted,187,2058,28,2.0,56,random,3,28,0.1497326203208556,0.6358939802336029,7,0.125,0.25,-0.024732620320855603,21,0.663819673267108,0.6655497373526443,0.6662317867453519,0.6722679224190887,0.0017300640855363314,0.0024121134782438824
cat,n300,4,384,0.001,margin_targeted,187,2058,28,2.0,56,random,4,28,0.1497326203208556,0.6358939802336029,7,0.125,0.25,-0.024732620320855603,21,0.663819673267108,0.6694073833764543,0.6684004621599873,0.6722679224190887,0.005587710109346333,0.004580788892879273
cat,n300,4,384,0.001,margin_targeted,187,2058,28,2.0,56,random,5,28,0.1497326203208556,0.6358939802336029,12,0.21428571428571427,0.42857142857142855,0.06455309396485867,16,0.663819673267108,0.6632961156158308,0.6651288495881723,0.6722679224190887,-0.0005235576512772067,0.0013091763210643093
cat,n300,4,384,0.001,margin_targeted,187,2058,28,2.0,56,random,6,28,0.1497326203208556,0.6358939802336029,9,0.16071428571428573,0.32142857142857145,0.010981665393430123,19,0.663819673267108,0.6678571950664948,0.6670541294229091,0.6722679224190887,0.004037521799386767,0.003234456155801091
cat,n300,4,384,0.001,margin_targeted,187,2058,28,2.0,56,random,7,28,0.1497326203208556,0.6358939802336029,7,0.125,0.25,-0.024732620320855603,21,0.663819673267108,0.6636524605345017,0.6667402992836309,0.6722679224190887,-0.00016721273260633662,0.002920626016522876
cat,n300,4,384,0.001,margin_targeted,187,2058,28,2.0,56,random,8,28,0.1497326203208556,0.6358939802336029,8,0.14285714285714285,0.2857142857142857,-0.006875477463712754,20,0.663819673267108,0.662206091694123,0.6673770953518533,0.6722679224190887,-0.0016135815729849678,0.0035574220847452986
cat,n300,4,384,0.001,margin_targeted,187,2058,28,2.0,56,random,9,28,0.1497326203208556,0.6358939802336029,9,0.16071428571428573,0.32142857142857145,0.010981665393430123,19,0.663819673267108,0.6623754033569946,0.6642141553505942,0.6722679224190887,-0.0014442699101133716,0.00039448208348624725
cat,n1000,0,384,0.001,directional,627,2058,94,0.5,47,top,-1,94,0.14992025518341306,0.29601612710071457,0,0.0,0.0,-0.14992025518341306,94,0.6524578667872291,0.6582617740272729,0.6524578667872291,0.6446870527889567,0.005803907240043871,0.0
cat,n1000,0,384,0.001,directional,627,2058,94,0.5,47,bottom_oracle_diagnostic,-1,94,0.14992025518341306,0.29601612710071457,5,0.10638297872340426,0.05319148936170213,-0.04353727646000881,89,0.6524578667872291,0.6518449134922509,0.6487683112187966,0.6446870527889567,-0.0006129532949781247,-0.0036895555684324233
cat,n1000,0,384,0.001,directional,627,2058,94,0.5,47,two_tailed,-1,94,0.14992025518341306,0.29601612710071457,3,0.06382978723404255,0.031914893617021274,-0.08609046794937052,91,0.6524578667872291,0.6552997689980556,0.6496763303029596,0.6446870527889567,0.0028419022108265857,-0.0027815364842694867
cat,n1000,0,384,0.001,directional,627,2058,94,0.5,47,random,0,94,0.14992025518341306,0.29601612710071457,10,0.2127659574468085,0.10638297872340426,0.06284570226339545,84,0.6524578667872291,0.6521820889975711,0.6495183752969419,0.6446870527889567,-0.0002757777896579272,-0.0029394914902871605
cat,n1000,0,384,0.001,directional,627,2058,94,0.5,47,random,1,94,0.14992025518341306,0.29601612710071457,9,0.19148936170212766,0.09574468085106383,0.041569106518714594,85,0.6524578667872291,0.6524296374956641,0.6502625561936927,0.6446870527889567,-2.8229291564985104e-05,-0.0021953105935363926
cat,n1000,0,384,0.001,directional,627,2058,94,0.5,47,random,2,94,0.14992025518341306,0.29601612710071457,4,0.0851063829787234,0.0425531914893617,-0.06481387220468966,90,0.6524578667872291,0.6525950574426211,0.6512394475199258,0.6446870527889567,0.0001371906553920832,-0.0012184192673032612
cat,n1000,0,384,0.001,directional,627,2058,94,0.5,47,random,3,94,0.14992025518341306,0.29601612710071457,6,0.1276595744680851,0.06382978723404255,-0.02226068071532797,88,0.6524578667872291,0.6526953135991669,0.6515229467018304,0.6446870527889567,0.0002374468119378248,-0.0009349200853986384
cat,n1000,0,384,0.001,directional,627,2058,94,0.5,47,random,4,94,0.14992025518341306,0.29601612710071457,10,0.2127659574468085,0.10638297872340426,0.06284570226339545,84,0.6524578667872291,0.6528314265290561,0.6494597504322167,0.6446870527889567,0.0003735597418270675,-0.002998116355012348
cat,n1000,0,384,0.001,directional,627,2058,94,0.5,47,random,5,94,0.14992025518341306,0.29601612710071457,12,0.2553191489361702,0.1276595744680851,0.10539889375275713,82,0.6524578667872291,0.6512068566398641,0.6473329316079035,0.6446870527889567,-0.0012510101473649504,-0.0051249351793255515
cat,n1000,0,384,0.001,directional,627,2058,94,0.5,47,random,6,94,0.14992025518341306,0.29601612710071457,6,0.1276595744680851,0.06382978723404255,-0.02226068071532797,88,0.6524578667872291,0.6527831465106801,0.6505682365269213,0.6446870527889567,0.00032527972345108846,-0.0018896302603077508
cat,n1000,0,384,0.001,directional,627,2058,94,0.5,47,random,7,94,0.14992025518341306,0.29601612710071457,5,0.10638297872340426,0.05319148936170213,-0.04353727646000881,89,0.6524578667872291,0.6533329374318881,0.6516888723955534,0.6446870527889567,0.0008750706446590817,-0.0007689943916756592
cat,n1000,0,384,0.001,directional,627,2058,94,0.5,47,random,8,94,0.14992025518341306,0.29601612710071457,8,0.1702127659574468,0.0851063829787234,0.02029251077403374,86,0.6524578667872291,0.6521856197716644,0.6500717392079742,0.6446870527889567,-0.0002722470155646084,-0.0023861275792548264
cat,n1000,0,384,0.001,directional,627,2058,94,0.5,47,random,9,94,0.14992025518341306,0.29601612710071457,9,0.19148936170212766,0.09574468085106383,0.041569106518714594,85,0.6524578667872291,0.6514465519593994,0.6486135303166635,0.6446870527889567,-0.001011314827829679,-0.0038443364705655902
cat,n1000,0,384,0.001,directional,627,2058,94,1.0,94,top,-1,94,0.14992025518341306,0.29601612710071457,0,0.0,0.0,-0.14992025518341306,94,0.6524578667872291,0.6635781674859259,0.6524578667872291,0.6446870527889567,0.01112030069869685,0.0
cat,n1000,0,384,0.001,directional,627,2058,94,1.0,94,bottom_oracle_diagnostic,-1,94,0.14992025518341306,0.29601612710071457,13,0.13829787234042554,0.13829787234042554,-0.011622382842987528,81,0.6524578667872291,0.6501120821733934,0.6463764250620695,0.6446870527889567,-0.002345784613835611,-0.006081441725159564
cat,n1000,0,384,0.001,directional,627,2058,94,1.0,94,two_tailed,-1,94,0.14992025518341306,0.29601612710071457,5,0.05319148936170213,0.05319148936170213,-0.09672876582171094,89,0.6524578667872291,0.6584459486413582,0.6487683112187966,0.6446870527889567,0.005988081854129135,-0.0036895555684324233
cat,n1000,0,384,0.001,directional,627,2058,94,1.0,94,random,0,94,0.14992025518341306,0.29601612710071457,13,0.13829787234042554,0.13829787234042554,-0.011622382842987528,81,0.6524578667872291,0.652265765524601,0.6497204280100414,0.6446870527889567,-0.0001921012626280305,-0.002737438777187684
cat,n1000,0,384,0.001,directional,627,2058,94,1.0,94,random,1,94,0.14992025518341306,0.29601612710071457,19,0.20212765957446807,0.20212765957446807,0.05220740439105501,75,0.6524578667872291,0.6537796701146991,0.6475973822769361,0.6446870527889567,0.0013218033274700058,-0.004860484510292973
cat,n1000,0,384,0.001,directional,627,2058,94,1.0,94,random,2,94,0.14992025518341306,0.29601612710071457,17,0.18085106382978725,0.18085106382978725,0.03093080864637418,77,0.6524578667872291,0.6510826196314544,0.6479675810389118,0.6446870527889567,-0.0013752471557746393,-0.004490285748317224
cat,n1000,0,384,0.001,directional,627,2058,94,1.0,94,random,3,94,0.14992025518341306,0.29601612710071457,15,0.1595744680851064,0.1595744680851064,0.009654212901693326,79,0.6524578667872291,0.6522983151212093,0.6484643839033626,0.6446870527889567,-0.00015955166601977488,-0.003993482883866473
cat,n1000,0,384,0.001,directional,627,2058,94,1.0,94,random,4,94,0.14992025518341306,0.29601612710071457,9,0.09574468085106383,0.09574468085106383,-0.054175574332349236,85,0.6524578667872291,0.6528269211503516,0.6492028336905242,0.6446870527889567,0.00036905436312251183,-0.003255033096704829
cat,n1000,0,384,0.001,directional,627,2058,94,1.0,94,random,5,94,0.14992025518341306,0.29601612710071457,11,0.11702127659574468,0.11702127659574468,-0.03289897858766838,83,0.6524578667872291,0.6538914036012058,0.6498871405696457,0.6446870527889567,0.0014335368139767324,-0.0025707262175833634
cat,n1000,0,384,0.001,directional,627,2058,94,1.0,94,random,6,94,0.14992025518341306,0.29601612710071457,15,0.1595744680851064,0.1595744680851064,0.009654212901693326,79,0.6524578667872291,0.6523104981644665,0.6475697339054248,0.6446870527889567,-0.0001473686227625448,-0.00488813288180423
cat,n1000,0,384,0.001,directional,627,2058,94,1.0,94,random,7,94,0.14992025518341306,0.29601612710071457,13,0.13829787234042554,0.13829787234042554,-0.011622382842987528,81,0.6524578667872291,0.6516684571940956,0.6473501750724556,0.6446870527889567,-0.0007894095931334499,-0.005107691714773432
cat,n1000,0,384,0.001,directional,627,2058,94,1.0,94,random,8,94,0.14992025518341306,0.29601612710071457,11,0.11702127659574468,0.11702127659574468,-0.03289897858766838,83,0.6524578667872291,0.6520437859019103,0.6505115429781644,0.6446870527889567,-0.0004140808853188016,-0.0019463238090646762
cat,n1000,0,384,0.001,directional,627,2058,94,1.0,94,random,9,94,0.14992025518341306,0.29601612710071457,15,0.1595744680851064,0.1595744680851064,0.009654212901693326,79,0.6524578667872291,0.652460936315215,0.6498369147414795,0.6446870527889567,3.069527985899434e-06,-0.002620952045749525
cat,n1000,0,384,0.001,directional,627,2058,94,2.0,188,top,-1,94,0.14992025518341306,0.29601612710071457,0,0.0,0.0,-0.14992025518341306,94,0.6524578667872291,0.6703631971393781,0.6524578667872291,0.6446870527889567,0.01790533035214903,0.0
cat,n1000,0,384,0.001,directional,627,2058,94,2.0,188,bottom_oracle_diagnostic,-1,94,0.14992025518341306,0.29601612710071457,39,0.2074468085106383,0.4148936170212766,0.05752655332722523,55,0.6524578667872291,0.6448367375991703,0.6422141132896536,0.6446870527889567,-0.007621129188058795,-0.010243753497575447
cat,n1000,0,384,0.001,directional,627,2058,94,2.0,188,two_tailed,-1,94,0.14992025518341306,0.29601612710071457,13,0.06914893617021277,0.13829787234042554,-0.0807713190132003,81,0.6524578667872291,0.6638351242611066,0.6463764250620695,0.6446870527889567,0.011377257473877522,-0.006081441725159564
cat,n1000,0,384,0.001,directional,627,2058,94,2.0,188,random,0,94,0.14992025518341306,0.29601612710071457,35,0.18617021276595744,0.3723404255319149,0.03624995758254437,59,0.6524578667872291,0.6542796595126159,0.6438494262272794,0.6446870527889567,0.0018217927253868504,-0.008608440559949693
cat,n1000,0,384,0.001,directional,627,2058,94,2.0,188,random,1,94,0.14992025518341306,0.29601612710071457,25,0.13297872340425532,0.26595744680851063,-0.016941531779157748,69,0.6524578667872291,0.6528961314545448,0.6465268670925055,0.6446870527889567,0.00043826466731577973,-0.005930999694723549
cat,n1000,0,384,0.001,directional,627,2058,94,2.0,188,random,2,94,0.14992025518341306,0.29601612710071457,19,0.10106382978723404,0.20212765957446807,-0.04885642539617903,75,0.6524578667872291,0.654476485678466,0.6486627316229582,0.6446870527889567,0.0020186188912368896,-0.0037951351642708797
cat,n1000,0,384,0.001,directional,627,2058,94,2.0,188,random,3,94,0.14992025518341306,0.29601612710071457,29,0.15425531914893617,0.30851063829787234,0.004335063965523106,65,0.6524578667872291,0.6541379647315693,0.6450384212137698,0.6446870527889567,0.0016800979443402086,-0.0074194455734593046
cat,n1000,0,384,0.001,directional,627,2058,94,2.0,188,random,4,94,0.14992025518341306,0.29601612710071457,35,0.18617021276595744,0.3723404255319149,0.03624995758254437,59,0.6524578667872291,0.6530142814785636,0.6442570538016879,0.6446870527889567,0.0005564146913344947,-0.008200812985541206
cat,n1000,0,384,0.001,directional,627,2058,94,2.0,188,random,5,94,0.14992025518341306,0.29601612710071457,19,0.10106382978723404,0.20212765957446807,-0.04885642539617903,75,0.6524578667872291,0.6516085900450236,0.6463464200634265,0.6446870527889567,-0.0008492767422054737,-0.006111446723802594
cat,n1000,0,384,0.001,directional,627,2058,94,2.0,188,random,6,94,0.14992025518341306,0.29601612710071457,25,0.13297872340425532,0.26595744680851063,-0.016941531779157748,69,0.6524578667872291,0.6530366054754088,0.6462862279901385,0.6446870527889567,0.000578738688179703,-0.006171638797090595
cat,n1000,0,384,0.001,directional,627,2058,94,2.0,188,random,7,94,0.14992025518341306,0.29601612710071457,35,0.18617021276595744,0.3723404255319149,0.03624995758254437,59,0.6524578667872291,0.6521523591738134,0.6463462740346005,0.6446870527889567,-0.00030550761341563426,-0.006111592752628514
cat,n1000,0,384,0.001,directional,627,2058,94,2.0,188,random,8,94,0.14992025518341306,0.29601612710071457,36,0.19148936170212766,0.3829787234042553,0.041569106518714594,58,0.6524578667872291,0.6522188630021286,0.6459417216993023,0.6446870527889567,-0.0002390037851004445,-0.00651614508792675
cat,n1000,0,384,0.001,directional,627,2058,94,2.0,188,random,9,94,0.14992025518341306,0.29601612710071457,25,0.13297872340425532,0.26595744680851063,-0.016941531779157748,69,0.6524578667872291,0.6515006605730786,0.6486462212245915,0.6446870527889567,-0.0009572062141504079,-0.003811645562637578
cat,n1000,1,384,0.001,directional,600,2058,90,0.5,45,top,-1,90,0.15,0.031176470588235295,0,0.0,0.0,-0.15,90,0.7618801300763158,0.800323138129415,0.7618801300763158,0.6485584592412997,0.03844300805309919,0.0
cat,n1000,1,384,0.001,directional,600,2058,90,0.5,45,bottom_oracle_diagnostic,-1,90,0.15,0.031176470588235295,37,0.8222222222222222,0.4111111111111111,0.6722222222222222,53,0.7618801300763158,0.7215780933466911,0.6882938675316407,0.6485584592412997,-0.040302036729624735,-0.07358626254467515
cat,n1000,1,384,0.001,directional,600,2058,90,0.5,45,two_tailed,-1,90,0.15,0.031176470588235295,19,0.4222222222222222,0.2111111111111111,0.27222222222222225,71,0.7618801300763158,0.7633787663334471,0.7156157645643507,0.6485584592412997,0.0014986362571313139,-0.04626436551196511
cat,n1000,1,384,0.001,directional,600,2058,90,0.5,45,random,0,90,0.15,0.031176470588235295,8,0.17777777777777778,0.08888888888888889,0.02777777777777779,82,0.7618801300763158,0.7601909448692438,0.7432404695925385,0.6485584592412997,-0.0016891852070720637,-0.0186396604837773
cat,n1000,1,384,0.001,directional,600,2058,90,0.5,45,random,1,90,0.15,0.031176470588235295,9,0.2,0.1,0.05000000000000002,81,0.7618801300763158,0.759605844144046,0.7417495452550503,0.6485584592412997,-0.0022742859322698594,-0.020130584821265507
cat,n1000,1,384,0.001,directional,600,2058,90,0.5,45,random,2,90,0.15,0.031176470588235295,9,0.2,0.1,0.05000000000000002,81,0.7618801300763158,0.7651713471014946,0.7429443442441959,0.6485584592412997,0.003291217025178761,-0.018935785832119967
cat,n1000,1,384,0.001,directional,600,2058,90,0.5,45,random,3,90,0.15,0.031176470588235295,9,0.2,0.1,0.05000000000000002,81,0.7618801300763158,0.7609102350228453,0.739407126893295,0.6485584592412997,-0.0009698950534705597,-0.022473003183020812
cat,n1000,1,384,0.001,directional,600,2058,90,0.5,45,random,4,90,0.15,0.031176470588235295,2,0.044444444444444446,0.022222222222222223,-0.10555555555555554,88,0.7618801300763158,0.7687499008732347,0.756187668575855,0.6485584592412997,0.0068697707969188615,-0.005692461500460877
cat,n1000,1,384,0.001,directional,600,2058,90,0.5,45,random,5,90,0.15,0.031176470588235295,3,0.06666666666666667,0.03333333333333333,-0.08333333333333333,87,0.7618801300763158,0.7633020062548992,0.7545411180003601,0.6485584592412997,0.001421876178583359,-0.007339012075955775
cat,n1000,1,384,0.001,directional,600,2058,90,0.5,45,random,6,90,0.15,0.031176470588235295,11,0.24444444444444444,0.12222222222222222,0.09444444444444444,79,0.7618801300763158,0.7579539346030106,0.7415189819245757,0.6485584592412997,-0.003926195473305194,-0.02036114815174017
cat,n1000,1,384,0.001,directional,600,2058,90,0.5,45,random,7,90,0.15,0.031176470588235295,7,0.15555555555555556,0.07777777777777778,0.005555555555555564,83,0.7618801300763158,0.7566136370902173,0.7476187739008822,0.6485584592412997,-0.005266492986098492,-0.01426135617543367
cat,n1000,1,384,0.001,directional,600,2058,90,0.5,45,random,8,90,0.15,0.031176470588235295,7,0.15555555555555556,0.07777777777777778,0.005555555555555564,83,0.7618801300763158,0.7642644370686837,0.7464013515068341,0.6485584592412997,0.0023843069923679128,-0.015478778569481766
cat,n1000,1,384,0.001,directional,600,2058,90,0.5,45,random,9,90,0.15,0.031176470588235295,3,0.06666666666666667,0.03333333333333333,-0.08333333333333333,87,0.7618801300763158,0.7673919592914062,0.7535541813857399,0.6485584592412997,0.005511829215090414,-0.008325948690575902
cat,n1000,1,384,0.001,directional,600,2058,90,1.0,90,top,-1,90,0.15,0.031176470588235295,0,0.0,0.0,-0.15,90,0.7618801300763158,0.8322096405061465,0.7618801300763158,0.6485584592412997,0.07032951042983071,0.0
cat,n1000,1,384,0.001,directional,600,2058,90,1.0,90,bottom_oracle_diagnostic,-1,90,0.15,0.031176470588235295,70,0.7777777777777778,0.7777777777777778,0.6277777777777778,20,0.7618801300763158,0.6740725147545329,0.6569065980816446,0.6485584592412997,-0.08780761532178294,-0.10497353199467119
cat,n1000,1,384,0.001,directional,600,2058,90,1.0,90,two_tailed,-1,90,0.15,0.031176470588235295,37,0.4111111111111111,0.4111111111111111,0.26111111111111107,53,0.7618801300763158,0.7623793600989018,0.6882938675316407,0.6485584592412997,0.0004992300225860058,-0.07358626254467515
cat,n1000,1,384,0.001,directional,600,2058,90,1.0,90,random,0,90,0.15,0.031176470588235295,11,0.12222222222222222,0.12222222222222222,-0.027777777777777776,79,0.7618801300763158,0.7700833362862985,0.7356442522192242,0.6485584592412997,0.008203206209982716,-0.026235877857091583
cat,n1000,1,384,0.001,directional,600,2058,90,1.0,90,random,1,90,0.15,0.031176470588235295,16,0.17777777777777778,0.17777777777777778,0.02777777777777779,74,0.7618801300763158,0.7609616035116694,0.7291191279000794,0.6485584592412997,-0.0009185265646464158,-0.03276100217623645
cat,n1000,1,384,0.001,directional,600,2058,90,1.0,90,random,2,90,0.15,0.031176470588235295,18,0.2,0.2,0.05000000000000002,72,0.7618801300763158,0.761278699224684,0.7235516393824242,0.6485584592412997,-0.000601430851631779,-0.03832849069389166
cat,n1000,1,384,0.001,directional,600,2058,90,1.0,90,random,3,90,0.15,0.031176470588235295,16,0.17777777777777778,0.17777777777777778,0.02777777777777779,74,0.7618801300763158,0.7598640625113278,0.7303505804357873,0.6485584592412997,-0.0020160675649880666,-0.031529549640528565
cat,n1000,1,384,0.001,directional,600,2058,90,1.0,90,random,4,90,0.15,0.031176470588235295,14,0.15555555555555556,0.15555555555555556,0.005555555555555564,76,0.7618801300763158,0.7660718580612494,0.7330449267821196,0.6485584592412997,0.004191727984933613,-0.0288352032941962
cat,n1000,1,384,0.001,directional,600,2058,90,1.0,90,random,5,90,0.15,0.031176470588235295,12,0.13333333333333333,0.13333333333333333,-0.016666666666666663,78,0.7618801300763158,0.7656942785961781,0.7411822864492266,0.6485584592412997,0.0038141485198622815,-0.020697843627089263
cat,n1000,1,384,0.001,directional,600,2058,90,1.0,90,random,6,90,0.15,0.031176470588235295,19,0.2111111111111111,0.2111111111111111,0.061111111111111116,71,0.7618801300763158,0.7528204244361226,0.7182075639159533,0.6485584592412997,-0.009059705640193205,-0.043672566160362525
cat,n1000,1,384,0.001,directional,600,2058,90,1.0,90,random,7,90,0.15,0.031176470588235295,18,0.2,0.2,0.05000000000000002,72,0.7618801300763158,0.7572786296730089,0.7284708309246477,0.6485584592412997,-0.0046015004033069795,-0.033409299151668126
cat,n1000,1,384,0.001,directional,600,2058,90,1.0,90,random,8,90,0.15,0.031176470588235295,13,0.14444444444444443,0.14444444444444443,-0.005555555555555564,77,0.7618801300763158,0.7634586753068915,0.7359590726953187,0.6485584592412997,0.0015785452305756564,-0.025921057380997148
cat,n1000,1,384,0.001,directional,600,2058,90,1.0,90,random,9,90,0.15,0.031176470588235295,12,0.13333333333333333,0.13333333333333333,-0.016666666666666663,78,0.7618801300763158,0.7655756270185724,0.7392200565814323,0.6485584592412997,0.003695496942256571,-0.022660073494883526
cat,n1000,1,384,0.001,directional,600,2058,90,2.0,180,top,-1,90,0.15,0.031176470588235295,0,0.0,0.0,-0.15,90,0.7618801300763158,0.8981209237125826,0.7618801300763158,0.6485584592412997,0.13624079363626673,0.0
cat,n1000,1,384,0.001,directional,600,2058,90,2.0,180,bottom_oracle_diagnostic,-1,90,0.15,0.031176470588235295,89,0.49444444444444446,0.9888888888888889,0.34444444444444444,1,0.7618801300763158,0.6438597856116235,0.6484650094242314,0.6485584592412997,-0.11802034446469234,-0.11341512065208448
cat,n1000,1,384,0.001,directional,600,2058,90,2.0,180,two_tailed,-1,90,0.15,0.031176470588235295,70,0.3888888888888889,0.7777777777777778,0.2388888888888889,20,0.7618801300763158,0.7399226520575365,0.6569065980816446,0.6485584592412997,-0.02195747801877934,-0.10497353199467119
cat,n1000,1,384,0.001,directional,600,2058,90,2.0,180,random,0,90,0.15,0.031176470588235295,22,0.12222222222222222,0.24444444444444444,-0.027777777777777776,68,0.7618801300763158,0.7687667876272146,0.7179807185668478,0.6485584592412997,0.006886657550898789,-0.04389941150946808
cat,n1000,1,384,0.001,directional,600,2058,90,2.0,180,random,1,90,0.15,0.031176470588235295,28,0.15555555555555556,0.3111111111111111,0.005555555555555564,62,0.7618801300763158,0.7568366289918406,0.7087495368073722,0.6485584592412997,-0.005043501084475266,-0.05313059326894365
cat,n1000,1,384,0.001,directional,600,2058,90,2.0,180,random,2,90,0.15,0.031176470588235295,24,0.13333333333333333,0.26666666666666666,-0.016666666666666663,66,0.7618801300763158,0.761213310090804,0.7204421713602881,0.6485584592412997,-0.0006668199855118795,-0.041437958716027734
cat,n1000,1,384,0.001,directional,600,2058,90,2.0,180,random,3,90,0.15,0.031176470588235295,31,0.17222222222222222,0.34444444444444444,0.022222222222222227,59,0.7618801300763158,0.7534127936849515,0.7039761251755259,0.6485584592412997,-0.008467336391364322,-0.05790400490078995
cat,n1000,1,384,0.001,directional,600,2058,90,2.0,180,random,4,90,0.15,0.031176470588235295,24,0.13333333333333333,0.26666666666666666,-0.016666666666666663,66,0.7618801300763158,0.7672991360456896,0.7167860116782403,0.6485584592412997,0.005419005969373725,-0.04509411839807553
cat,n1000,1,384,0.001,directional,600,2058,90,2.0,180,random,5,90,0.15,0.031176470588235295,23,0.12777777777777777,0.25555555555555554,-0.022222222222222227,67,0.7618801300763158,0.7773874027831462,0.7158423068752573,0.6485584592412997,0.015507272706830388,-0.046037823201058536
cat,n1000,1,384,0.001,directional,600,2058,90,2.0,180,random,6,90,0.15,0.031176470588235295,23,0.12777777777777777,0.25555555555555554,-0.022222222222222227,67,0.7618801300763158,0.7685607625170398,0.7137150214091786,0.6485584592412997,0.0066806324407239215,-0.04816510866713719
cat,n1000,1,384,0.001,directional,600,2058,90,2.0,180,random,7,90,0.15,0.031176470588235295,24,0.13333333333333333,0.26666666666666666,-0.016666666666666663,66,0.7618801300763158,0.7685696518125407,0.7196821361222518,0.6485584592412997,0.006689521736224835,-0.042197993954063984
cat,n1000,1,384,0.001,directional,600,2058,90,2.0,180,random,8,90,0.15,0.031176470588235295,24,0.13333333333333333,0.26666666666666666,-0.016666666666666663,66,0.7618801300763158,0.7679501322230995,0.7148638930346171,0.6485584592412997,0.00607000214678366,-0.04701623704169877
cat,n1000,1,384,0.001,directional,600,2058,90,2.0,180,random,9,90,0.15,0.031176470588235295,23,0.12777777777777777,0.25555555555555554,-0.022222222222222227,67,0.7618801300763158,0.7760925512733694,0.7156480715826454,0.6485584592412997,0.01421242119705357,-0.0462320584936704
cat,n1000,2,384,0.001,directional,612,2058,91,0.5,46,top,-1,91,0.14869281045751634,0.024192697897112484,0,0.0,0.0,-0.14869281045751634,91,0.7628678887522746,0.8001537037923384,0.7628678887522746,0.648995480539468,0.037285815040063786,0.0
cat,n1000,2,384,0.001,directional,612,2058,91,0.5,46,bottom_oracle_diagnostic,-1,91,0.14869281045751634,0.024192697897112484,40,0.8695652173913043,0.43956043956043955,0.720872406933788,51,0.7628678887522746,0.7276153575065046,0.6864456738708314,0.648995480539468,-0.03525253124576999,-0.07642221488144318
cat,n1000,2,384,0.001,directional,612,2058,91,0.5,46,two_tailed,-1,91,0.14869281045751634,0.024192697897112484,19,0.41304347826086957,0.2087912087912088,0.26435066780335326,72,0.7628678887522746,0.7680851064458135,0.7145945692602408,0.648995480539468,0.005217217693538889,-0.04827331949203384
cat,n1000,2,384,0.001,directional,612,2058,91,0.5,46,random,0,91,0.14869281045751634,0.024192697897112484,5,0.10869565217391304,0.054945054945054944,-0.0399971582836033,86,0.7628678887522746,0.7655515097476217,0.7510950817171923,0.648995480539468,0.0026836209953470247,-0.011772807035082322
cat,n1000,2,384,0.001,directional,612,2058,91,0.5,46,random,1,91,0.14869281045751634,0.024192697897112484,6,0.13043478260869565,0.06593406593406594,-0.01825802784882069,85,0.7628678887522746,0.7642110403064317,0.7469071631937265,0.648995480539468,0.001343151554157096,-0.015960725558548106
cat,n1000,2,384,0.001,directional,612,2058,91,0.5,46,random,2,91,0.14869281045751634,0.024192697897112484,8,0.17391304347826086,0.08791208791208792,0.025220233020744526,83,0.7628678887522746,0.7596498604673332,0.7453810516126409,0.648995480539468,-0.0032180282849414432,-0.017486837139633726
cat,n1000,2,384,0.001,directional,612,2058,91,0.5,46,random,3,91,0.14869281045751634,0.024192697897112484,6,0.13043478260869565,0.06593406593406594,-0.01825802784882069,85,0.7628678887522746,0.7612340884403277,0.7526198400970274,0.648995480539468,-0.0016338003119469313,-0.0102480486552472
cat,n1000,2,384,0.001,directional,612,2058,91,0.5,46,random,4,91,0.14869281045751634,0.024192697897112484,8,0.17391304347826086,0.08791208791208792,0.025220233020744526,83,0.7628678887522746,0.7621829147877179,0.7445380647692423,0.648995480539468,-0.0006849739645566899,-0.01832982398303229
cat,n1000,2,384,0.001,directional,612,2058,91,0.5,46,random,5,91,0.14869281045751634,0.024192697897112484,7,0.15217391304347827,0.07692307692307693,0.0034811025859619316,84,0.7628678887522746,0.7622161191992413,0.748305882041106,0.648995480539468,-0.0006517695530333656,-0.014562006711168585
cat,n1000,2,384,0.001,directional,612,2058,91,0.5,46,random,6,91,0.14869281045751634,0.024192697897112484,8,0.17391304347826086,0.08791208791208792,0.025220233020744526,83,0.7628678887522746,0.7630097849306247,0.7442857028000182,0.648995480539468,0.00014189617835003165,-0.01858218595225647
cat,n1000,2,384,0.001,directional,612,2058,91,0.5,46,random,7,91,0.14869281045751634,0.024192697897112484,5,0.10869565217391304,0.054945054945054944,-0.0399971582836033,86,0.7628678887522746,0.7616787212901763,0.7522888535427436,0.648995480539468,-0.001189167462098295,-0.010579035209531074
cat,n1000,2,384,0.001,directional,612,2058,91,0.5,46,random,8,91,0.14869281045751634,0.024192697897112484,5,0.10869565217391304,0.054945054945054944,-0.0399971582836033,86,0.7628678887522746,0.7651126330751751,0.748479071740109,0.648995480539468,0.0022447443229004493,-0.014388817012165656
cat,n1000,2,384,0.001,directional,612,2058,91,0.5,46,random,9,91,0.14869281045751634,0.024192697897112484,8,0.17391304347826086,0.08791208791208792,0.025220233020744526,83,0.7628678887522746,0.7681638154715819,0.7497845955957191,0.648995480539468,0.005295926719307231,-0.013083293156555542
cat,n1000,2,384,0.001,directional,612,2058,91,1.0,91,top,-1,91,0.14869281045751634,0.024192697897112484,0,0.0,0.0,-0.14869281045751634,91,0.7628678887522746,0.8299204746924475,0.7628678887522746,0.648995480539468,0.06705258594017283,0.0
cat,n1000,2,384,0.001,directional,612,2058,91,1.0,91,bottom_oracle_diagnostic,-1,91,0.14869281045751634,0.024192697897112484,69,0.7582417582417582,0.7582417582417582,0.6095489477842418,22,0.7628678887522746,0.683131288580757,0.6596671882573615,0.648995480539468,-0.07973660017151762,-0.10320070049491314
cat,n1000,2,384,0.001,directional,612,2058,91,1.0,91,two_tailed,-1,91,0.14869281045751634,0.024192697897112484,40,0.43956043956043955,0.43956043956043955,0.2908676291029232,51,0.7628678887522746,0.7675622086408997,0.6864456738708314,0.648995480539468,0.00469431988862512,-0.07642221488144318
cat,n1000,2,384,0.001,directional,612,2058,91,1.0,91,random,0,91,0.14869281045751634,0.024192697897112484,10,0.10989010989010989,0.10989010989010989,-0.03880270056740645,81,0.7628678887522746,0.7657354513189334,0.7409229274545259,0.648995480539468,0.0028675625666587656,-0.0219449612977487
cat,n1000,2,384,0.001,directional,612,2058,91,1.0,91,random,1,91,0.14869281045751634,0.024192697897112484,19,0.2087912087912088,0.2087912087912088,0.06009839833369246,72,0.7628678887522746,0.759514160649242,0.7243656626438363,0.648995480539468,-0.0033537281030325827,-0.03850222610843834
cat,n1000,2,384,0.001,directional,612,2058,91,1.0,91,random,2,91,0.14869281045751634,0.024192697897112484,10,0.10989010989010989,0.10989010989010989,-0.03880270056740645,81,0.7628678887522746,0.772217716775639,0.745039592878119,0.648995480539468,0.00934982802336437,-0.017828295874155575
cat,n1000,2,384,0.001,directional,612,2058,91,1.0,91,random,3,91,0.14869281045751634,0.024192697897112484,12,0.13186813186813187,0.13186813186813187,-0.016824678589384467,79,0.7628678887522746,0.7625458829021371,0.7365100610581036,0.648995480539468,-0.00032200585013753,-0.026357827694171054
cat,n1000,2,384,0.001,directional,612,2058,91,1.0,91,random,4,91,0.14869281045751634,0.024192697897112484,15,0.16483516483516483,0.16483516483516483,0.016142354377648493,76,0.7628678887522746,0.7627639442668442,0.7278013110523271,0.648995480539468,-0.00010394448543038504,-0.03506657769994748
cat,n1000,2,384,0.001,directional,612,2058,91,1.0,91,random,5,91,0.14869281045751634,0.024192697897112484,16,0.17582417582417584,0.17582417582417584,0.0271313653666595,75,0.7628678887522746,0.7600948782109948,0.7264083176943281,0.648995480539468,-0.0027730105412798745,-0.036459571057946505
cat,n1000,2,384,0.001,directional,612,2058,91,1.0,91,random,6,91,0.14869281045751634,0.024192697897112484,10,0.10989010989010989,0.10989010989010989,-0.03880270056740645,81,0.7628678887522746,0.7616425388385955,0.7392439756724541,0.648995480539468,-0.0012253499136791746,-0.02362391307982048
cat,n1000,2,384,0.001,directional,612,2058,91,1.0,91,random,7,91,0.14869281045751634,0.024192697897112484,12,0.13186813186813187,0.13186813186813187,-0.016824678589384467,79,0.7628678887522746,0.7604579349090784,0.7368564545852658,0.648995480539468,-0.0024099538431961998,-0.026011434167008796
cat,n1000,2,384,0.001,directional,612,2058,91,1.0,91,random,8,91,0.14869281045751634,0.024192697897112484,16,0.17582417582417584,0.17582417582417584,0.0271313653666595,75,0.7628678887522746,0.7618673938038387,0.7300162243578424,0.648995480539468,-0.0010004949484359038,-0.03285166439443221
cat,n1000,2,384,0.001,directional,612,2058,91,1.0,91,random,9,91,0.14869281045751634,0.024192697897112484,14,0.15384615384615385,0.15384615384615385,0.005153343388637516,77,0.7628678887522746,0.7641027565591852,0.7332013141228434,0.648995480539468,0.0012348678069106223,-0.02966657462943123
cat,n1000,2,384,0.001,directional,612,2058,91,2.0,182,top,-1,91,0.14869281045751634,0.024192697897112484,0,0.0,0.0,-0.14869281045751634,91,0.7628678887522746,0.8794758120445606,0.7628678887522746,0.648995480539468,0.11660792329228598,0.0
cat,n1000,2,384,0.001,directional,612,2058,91,2.0,182,bottom_oracle_diagnostic,-1,91,0.14869281045751634,0.024192697897112484,91,0.5,1.0,0.35130718954248363,0,0.7628678887522746,0.6437559594893861,0.648995480539468,0.648995480539468,-0.1191119292628885,-0.11387240821280664
cat,n1000,2,384,0.001,directional,612,2058,91,2.0,182,two_tailed,-1,91,0.14869281045751634,0.024192697897112484,69,0.3791208791208791,0.7582417582417582,0.23042806866336277,22,0.7628678887522746,0.7525439500479617,0.6596671882573615,0.648995480539468,-0.010323938704312918,-0.10320070049491314
cat,n1000,2,384,0.001,directional,612,2058,91,2.0,182,random,0,91,0.14869281045751634,0.024192697897112484,23,0.12637362637362637,0.25274725274725274,-0.02231918408388997,68,0.7628678887522746,0.7682864322140162,0.7142601748924672,0.648995480539468,0.005418543461741532,-0.048607713859807444
cat,n1000,2,384,0.001,directional,612,2058,91,2.0,182,random,1,91,0.14869281045751634,0.024192697897112484,34,0.18681318681318682,0.37362637362637363,0.03812037635567048,57,0.7628678887522746,0.7602682051321503,0.6985846944524133,0.648995480539468,-0.0025996836201243045,-0.06428319429986129
cat,n1000,2,384,0.001,directional,612,2058,91,2.0,182,random,2,91,0.14869281045751634,0.024192697897112484,20,0.10989010989010989,0.21978021978021978,-0.03880270056740645,71,0.7628678887522746,0.7688941048047666,0.7246739274665644,0.648995480539468,0.006026216052491984,-0.038193961285710176
cat,n1000,2,384,0.001,directional,612,2058,91,2.0,182,random,3,91,0.14869281045751634,0.024192697897112484,28,0.15384615384615385,0.3076923076923077,0.005153343388637516,63,0.7628678887522746,0.75363275679683,0.7090396338910107,0.648995480539468,-0.009235131955444675,-0.05382825486126397
cat,n1000,2,384,0.001,directional,612,2058,91,2.0,182,random,4,91,0.14869281045751634,0.024192697897112484,26,0.14285714285714285,0.2857142857142857,-0.00583566760037349,65,0.7628678887522746,0.7659542990270779,0.7110829081572937,0.648995480539468,0.003086410274803275,-0.051784980594980934
cat,n1000,2,384,0.001,directional,612,2058,91,2.0,182,random,5,91,0.14869281045751634,0.024192697897112484,23,0.12637362637362637,0.25274725274725274,-0.02231918408388997,68,0.7628678887522746,0.7636927773729439,0.7164382156162784,0.648995480539468,0.0008248886206693173,-0.04642967313599622
cat,n1000,2,384,0.001,directional,612,2058,91,2.0,182,random,6,91,0.14869281045751634,0.024192697897112484,34,0.18681318681318682,0.37362637362637363,0.03812037635567048,57,0.7628678887522746,0.7495346139633272,0.6978343376925595,0.648995480539468,-0.013333274788947413,-0.06503355105971509
cat,n1000,2,384,0.001,directional,612,2058,91,2.0,182,random,7,91,0.14869281045751634,0.024192697897112484,32,0.17582417582417584,0.3516483516483517,0.0271313653666595,59,0.7628678887522746,0.7571789708380467,0.7060914736978369,0.648995480539468,-0.005688917914227876,-0.05677641505443776
cat,n1000,2,384,0.001,directional,612,2058,91,2.0,182,random,8,91,0.14869281045751634,0.024192697897112484,21,0.11538461538461539,0.23076923076923078,-0.03330819507290095,70,0.7628678887522746,0.7648479730675916,0.7189641203981235,0.648995480539468,0.0019800843153169323,-0.04390376835415111
cat,n1000,2,384,0.001,directional,612,2058,91,2.0,182,random,9,91,0.14869281045751634,0.024192697897112484,25,0.13736263736263737,0.27472527472527475,-0.011330173094878965,66,0.7628678887522746,0.7692719088709851,0.7143476612983878,0.648995480539468,0.006404020118710441,-0.048520227453886844
cat,n1000,3,384,0.001,directional,620,2058,93,0.5,46,top,-1,93,0.15,0.2792842423129502,0,0.0,0.0,-0.15,93,0.6524682502354403,0.6581410612792503,0.6524682502354403,0.6495774381935695,0.005672811043810011,0.0
cat,n1000,3,384,0.001,directional,620,2058,93,0.5,46,bottom_oracle_diagnostic,-1,93,0.15,0.2792842423129502,7,0.15217391304347827,0.07526881720430108,0.002173913043478276,86,0.6524682502354403,0.6519543134399965,0.6494375196538532,0.6495774381935695,-0.000513936795443759,-0.0030307305815870933
cat,n1000,3,384,0.001,directional,620,2058,93,0.5,46,two_tailed,-1,93,0.15,0.2792842423129502,4,0.08695652173913043,0.043010752688172046,-0.06304347826086956,89,0.6524682502354403,0.6557922478656343,0.6500899185335841,0.6495774381935695,0.0033239976301939755,-0.0023783317018561956
cat,n1000,3,384,0.001,directional,620,2058,93,0.5,46,random,0,93,0.15,0.2792842423129502,8,0.17391304347826086,0.08602150537634409,0.02391304347826087,85,0.6524682502354403,0.6526580387226499,0.6507245786032263,0.6495774381935695,0.00018978848720963004,-0.0017436716322140056
cat,n1000,3,384,0.001,directional,620,2058,93,0.5,46,random,1,93,0.15,0.2792842423129502,4,0.08695652173913043,0.043010752688172046,-0.06304347826086956,89,0.6524682502354403,0.6524816498597846,0.6508911151683797,0.6495774381935695,1.3399624344323513e-05,-0.0015771350670605866
cat,n1000,3,384,0.001,directional,620,2058,93,0.5,46,random,2,93,0.15,0.2792842423129502,3,0.06521739130434782,0.03225806451612903,-0.08478260869565217,90,0.6524682502354403,0.6529769351250403,0.6515277500439612,0.6495774381935695,0.0005086848895999863,-0.0009405001914790656
cat,n1000,3,384,0.001,directional,620,2058,93,0.5,46,random,3,93,0.15,0.2792842423129502,4,0.08695652173913043,0.043010752688172046,-0.06304347826086956,89,0.6524682502354403,0.6536279649126132,0.6510752081050546,0.6495774381935695,0.0011597146771729072,-0.0013930421303857132
cat,n1000,3,384,0.001,directional,620,2058,93,0.5,46,random,4,93,0.15,0.2792842423129502,4,0.08695652173913043,0.043010752688172046,-0.06304347826086956,89,0.6524682502354403,0.6527361352133602,0.6514662990664634,0.6495774381935695,0.0002678849779198522,-0.0010019511689769445
cat,n1000,3,384,0.001,directional,620,2058,93,0.5,46,random,5,93,0.15,0.2792842423129502,5,0.10869565217391304,0.053763440860215055,-0.041304347826086954,88,0.6524682502354403,0.6529557778725471,0.6505388975526252,0.6495774381935695,0.00048752763710679936,-0.001929352682815133
cat,n1000,3,384,0.001,directional,620,2058,93,0.5,46,random,6,93,0.15,0.2792842423129502,5,0.10869565217391304,0.053763440860215055,-0.041304347826086954,88,0.6524682502354403,0.6534839253234013,0.6517798368220524,0.6495774381935695,0.0010156750879609655,-0.0006884134133878783
cat,n1000,3,384,0.001,directional,620,2058,93,0.5,46,random,7,93,0.15,0.2792842423129502,6,0.13043478260869565,0.06451612903225806,-0.019565217391304346,87,0.6524682502354403,0.6527807439689406,0.6511357325315235,0.6495774381935695,0.0003124937335002853,-0.0013325177039168468
cat,n1000,3,384,0.001,directional,620,2058,93,0.5,46,random,8,93,0.15,0.2792842423129502,9,0.1956521739130435,0.0967741935483871,0.04565217391304349,84,0.6524682502354403,0.6532841282586008,0.6510416985884695,0.6495774381935695,0.0008158780231605212,-0.0014265516469708084
cat,n1000,3,384,0.001,directional,620,2058,93,0.5,46,random,9,93,0.15,0.2792842423129502,1,0.021739130434782608,0.010752688172043012,-0.12826086956521737,92,0.6524682502354403,0.6535696935820035,0.6523357225618088,0.6495774381935695,0.0011014433465631468,-0.00013252767363147733
cat,n1000,3,384,0.001,directional,620,2058,93,1.0,93,top,-1,93,0.15,0.2792842423129502,0,0.0,0.0,-0.15,93,0.6524682502354403,0.6635896839416582,0.6524682502354403,0.6495774381935695,0.011121433706217876,0.0
cat,n1000,3,384,0.001,directional,620,2058,93,1.0,93,bottom_oracle_diagnostic,-1,93,0.15,0.2792842423129502,17,0.1827956989247312,0.1827956989247312,0.03279569892473119,76,0.6524682502354403,0.6495610161946676,0.6471765570943644,0.6495774381935695,-0.002907234040772755,-0.005291693141075915
cat,n1000,3,384,0.001,directional,620,2058,93,1.0,93,two_tailed,-1,93,0.15,0.2792842423129502,7,0.07526881720430108,0.07526881720430108,-0.07473118279569892,86,0.6524682502354403,0.6584444562386844,0.6494375196538532,0.6495774381935695,0.005976206003244111,-0.0030307305815870933
cat,n1000,3,384,0.001,directional,620,2058,93,1.0,93,random,0,93,0.15,0.2792842423129502,21,0.22580645161290322,0.22580645161290322,0.07580645161290323,72,0.6524682502354403,0.6532871674109942,0.6485576668306665,0.6495774381935695,0.0008189171755539348,-0.003910583404773793
cat,n1000,3,384,0.001,directional,620,2058,93,1.0,93,random,1,93,0.15,0.2792842423129502,12,0.12903225806451613,0.12903225806451613,-0.02096774193548387,81,0.6524682502354403,0.6518906748426639,0.6497733051775021,0.6495774381935695,-0.0005775753927763638,-0.002694945057938214
cat,n1000,3,384,0.001,directional,620,2058,93,1.0,93,random,2,93,0.15,0.2792842423129502,16,0.17204301075268819,0.17204301075268819,0.02204301075268819,77,0.6524682502354403,0.6522583257865221,0.6477874410966448,0.6495774381935695,-0.00020992444891820838,-0.004680809138795539
cat,n1000,3,384,0.001,directional,620,2058,93,1.0,93,random,3,93,0.15,0.2792842423129502,16,0.17204301075268819,0.17204301075268819,0.02204301075268819,77,0.6524682502354403,0.6522839247227323,0.6480380807972581,0.6495774381935695,-0.00018432551270797237,-0.0044301694381821966
cat,n1000,3,384,0.001,directional,620,2058,93,1.0,93,random,4,93,0.15,0.2792842423129502,8,0.08602150537634409,0.08602150537634409,-0.0639784946236559,85,0.6524682502354403,0.6513062749341493,0.6491640290328533,0.6495774381935695,-0.0011619753012910294,-0.003304221202586999
cat,n1000,3,384,0.001,directional,620,2058,93,1.0,93,random,5,93,0.15,0.2792842423129502,14,0.15053763440860216,0.15053763440860216,0.0005376344086021612,79,0.6524682502354403,0.6528011427844095,0.64972668071305,0.6495774381935695,0.00033289254896917697,-0.0027415695223903525
cat,n1000,3,384,0.001,directional,620,2058,93,1.0,93,random,6,93,0.15,0.2792842423129502,14,0.15053763440860216,0.15053763440860216,0.0005376344086021612,79,0.6524682502354403,0.6528727976101251,0.6489683881644073,0.6495774381935695,0.00040454737468476054,-0.003499862071033033
cat,n1000,3,384,0.001,directional,620,2058,93,1.0,93,random,7,93,0.15,0.2792842423129502,15,0.16129032258064516,0.16129032258064516,0.011290322580645162,78,0.6524682502354403,0.6515046085784502,0.6490167548419273,0.6495774381935695,-0.000963641656990144,-0.003451495393512971
cat,n1000,3,384,0.001,directional,620,2058,93,1.0,93,random,8,93,0.15,0.2792842423129502,16,0.17204301075268819,0.17204301075268819,0.02204301075268819,77,0.6524682502354403,0.6520392370208085,0.6490164180429808,0.6495774381935695,-0.00042901321463184594,-0.003451832192459481
cat,n1000,3,384,0.001,directional,620,2058,93,1.0,93,random,9,93,0.15,0.2792842423129502,16,0.17204301075268819,0.17204301075268819,0.02204301075268819,77,0.6524682502354403,0.6512851982350064,0.6479572131713571,0.6495774381935695,-0.001183052000433893,-0.004511037064083179
cat,n1000,3,384,0.001,directional,620,2058,93,2.0,186,top,-1,93,0.15,0.2792842423129502,0,0.0,0.0,-0.15,93,0.6524682502354403,0.6704348688231406,0.6524682502354403,0.6495774381935695,0.017966618587700323,0.0
cat,n1000,3,384,0.001,directional,620,2058,93,2.0,186,bottom_oracle_diagnostic,-1,93,0.15,0.2792842423129502,41,0.22043010752688172,0.44086021505376344,0.07043010752688172,52,0.6524682502354403,0.6467139900135408,0.6459510917135262,0.6495774381935695,-0.00575426022189951,-0.006517158521914146
cat,n1000,3,384,0.001,directional,620,2058,93,2.0,186,two_tailed,-1,93,0.15,0.2792842423129502,17,0.0913978494623656,0.1827956989247312,-0.0586021505376344,76,0.6524682502354403,0.6635018714141987,0.6471765570943644,0.6495774381935695,0.01103362117875839,-0.005291693141075915
cat,n1000,3,384,0.001,directional,620,2058,93,2.0,186,random,0,93,0.15,0.2792842423129502,26,0.13978494623655913,0.27956989247311825,-0.010215053763440868,67,0.6524682502354403,0.6516656203859845,0.64581441585191,0.6495774381935695,-0.0008026298494557826,-0.006653834383530288
cat,n1000,3,384,0.001,directional,620,2058,93,2.0,186,random,1,93,0.15,0.2792842423129502,22,0.11827956989247312,0.23655913978494625,-0.03172043010752687,71,0.6524682502354403,0.6529110461286567,0.6487487763206989,0.6495774381935695,0.00044279589321638557,-0.003719473914741367
cat,n1000,3,384,0.001,directional,620,2058,93,2.0,186,random,2,93,0.15,0.2792842423129502,27,0.14516129032258066,0.2903225806451613,-0.0048387096774193394,66,0.6524682502354403,0.6538249774324061,0.646728788467884,0.6495774381935695,0.001356727196965779,-0.005739461767556353
cat,n1000,3,384,0.001,directional,620,2058,93,2.0,186,random,3,93,0.15,0.2792842423129502,33,0.1774193548387097,0.3548387096774194,0.027419354838709692,60,0.6524682502354403,0.6517112301218445,0.646844401371359,0.6495774381935695,-0.0007570201135957966,-0.005623848864081293
cat,n1000,3,384,0.001,directional,620,2058,93,2.0,186,random,4,93,0.15,0.2792842423129502,38,0.20430107526881722,0.40860215053763443,0.05430107526881722,55,0.6524682502354403,0.6513503600304641,0.6463896940250439,0.6495774381935695,-0.001117890204976213,-0.006078556210396435
cat,n1000,3,384,0.001,directional,620,2058,93,2.0,186,random,5,93,0.15,0.2792842423129502,24,0.12903225806451613,0.25806451612903225,-0.02096774193548387,69,0.6524682502354403,0.6548384389691404,0.6471522629988732,0.6495774381935695,0.002370188733700096,-0.005315987236567121
cat,n1000,3,384,0.001,directional,620,2058,93,2.0,186,random,6,93,0.15,0.2792842423129502,34,0.1827956989247312,0.3655913978494624,0.03279569892473119,59,0.6524682502354403,0.6535281833047292,0.6467074969198457,0.6495774381935695,0.0010599330692888653,-0.005760753315594558
cat,n1000,3,384,0.001,directional,620,2058,93,2.0,186,random,7,93,0.15,0.2792842423129502,25,0.13440860215053763,0.26881720430107525,-0.015591397849462368,68,0.6524682502354403,0.6520162069925308,0.6481046569222767,0.6495774381935695,-0.0004520432429094834,-0.004363593313163605
cat,n1000,3,384,0.001,directional,620,2058,93,2.0,186,random,8,93,0.15,0.2792842423129502,35,0.1881720430107527,0.3763440860215054,0.03817204301075269,58,0.6524682502354403,0.6518544636674634,0.6454578140955722,0.6495774381935695,-0.0006137865679769483,-0.00701043613986807
cat,n1000,3,384,0.001,directional,620,2058,93,2.0,186,random,9,93,0.15,0.2792842423129502,32,0.17204301075268819,0.34408602150537637,0.02204301075268819,61,0.6524682502354403,0.6530678077898672,0.644298949637375,0.6495774381935695,0.0005995575544268661,-0.00816930059806531
cat,n1000,4,384,0.001,directional,616,2058,92,0.5,46,top,-1,92,0.14935064935064934,0.044390972452704944,0,0.0,0.0,-0.14935064935064934,92,0.7685462255336238,0.8013935510348577,0.7685462255336238,0.6483033358106198,0.032847325501233815,0.0
cat,n1000,4,384,0.001,directional,616,2058,92,0.5,46,bottom_oracle_diagnostic,-1,92,0.14935064935064934,0.044390972452704944,39,0.8478260869565217,0.42391304347826086,0.6984754376058724,53,0.7685462255336238,0.7315684519877504,0.6851300975020999,0.6483033358106198,-0.036977773545873394,-0.08341612803152398
cat,n1000,4,384,0.001,directional,616,2058,92,0.5,46,two_tailed,-1,92,0.14935064935064934,0.044390972452704944,20,0.43478260869565216,0.21739130434782608,0.2854319593450028,72,0.7685462255336238,0.769143456928849,0.7135920956894413,0.6483033358106198,0.0005972313952251618,-0.054954129844182575
cat,n1000,4,384,0.001,directional,616,2058,92,0.5,46,random,0,92,0.14935064935064934,0.044390972452704944,5,0.10869565217391304,0.05434782608695652,-0.040654997176736304,87,0.7685462255336238,0.7666763018762287,0.7570863444828408,0.6483033358106198,-0.0018699236573951339,-0.011459881050782994
cat,n1000,4,384,0.001,directional,616,2058,92,0.5,46,random,1,92,0.14935064935064934,0.044390972452704944,7,0.15217391304347827,0.07608695652173914,0.0028232636928289256,85,0.7685462255336238,0.7607396569711492,0.7505683164945498,0.6483033358106198,-0.007806568562474636,-0.017977909039074036
cat,n1000,4,384,0.001,directional,616,2058,92,0.5,46,random,2,92,0.14935064935064934,0.044390972452704944,9,0.1956521739130435,0.09782608695652174,0.04630152456239414,83,0.7685462255336238,0.7641661574017845,0.7513778975917257,0.6483033358106198,-0.004380068131839332,-0.017168327941898154
cat,n1000,4,384,0.001,directional,616,2058,92,0.5,46,random,3,92,0.14935064935064934,0.044390972452704944,5,0.10869565217391304,0.05434782608695652,-0.040654997176736304,87,0.7685462255336238,0.771263465667716,0.7545195287969156,0.6483033358106198,0.002717240134092136,-0.0140266967367082
cat,n1000,4,384,0.001,directional,616,2058,92,0.5,46,random,4,92,0.14935064935064934,0.044390972452704944,7,0.15217391304347827,0.07608695652173914,0.0028232636928289256,85,0.7685462255336238,0.7685164093698859,0.7517317097317419,0.6483033358106198,-2.981616373798346e-05,-0.01681451580188198
cat,n1000,4,384,0.001,directional,616,2058,92,0.5,46,random,5,92,0.14935064935064934,0.044390972452704944,7,0.15217391304347827,0.07608695652173914,0.0028232636928289256,85,0.7685462255336238,0.7605413762623395,0.7483679921814416,0.6483033358106198,-0.008004849271284309,-0.020178233352182273
cat,n1000,4,384,0.001,directional,616,2058,92,0.5,46,random,6,92,0.14935064935064934,0.044390972452704944,4,0.08695652173913043,0.043478260869565216,-0.06239412761151891,88,0.7685462255336238,0.7653854481227511,0.7549466200680124,0.6483033358106198,-0.0031607774108727282,-0.013599605465611453
cat,n1000,4,384,0.001,directional,616,2058,92,0.5,46,random,7,92,0.14935064935064934,0.044390972452704944,10,0.21739130434782608,0.10869565217391304,0.06804065499717674,82,0.7685462255336238,0.760495609625651,0.7425250626383179,0.6483033358106198,-0.008050615907972847,-0.026021162895305983
cat,n1000,4,384,0.001,directional,616,2058,92,0.5,46,random,8,92,0.14935064935064934,0.044390972452704944,10,0.21739130434782608,0.10869565217391304,0.06804065499717674,82,0.7685462255336238,0.7680410805445909,0.7451035571752425,0.6483033358106198,-0.0005051449890329796,-0.02344266835838138
cat,n1000,4,384,0.001,directional,616,2058,92,0.5,46,random,9,92,0.14935064935064934,0.044390972452704944,11,0.2391304347826087,0.11956521739130435,0.08977978543195936,81,0.7685462255336238,0.7627474854607987,0.7475685472826561,0.6483033358106198,-0.005798740072825104,-0.020977678250967746
cat,n1000,4,384,0.001,directional,616,2058,92,1.0,92,top,-1,92,0.14935064935064934,0.044390972452704944,0,0.0,0.0,-0.14935064935064934,92,0.7685462255336238,0.833555977644241,0.7685462255336238,0.6483033358106198,0.06500975211061721,0.0
cat,n1000,4,384,0.001,directional,616,2058,92,1.0,92,bottom_oracle_diagnostic,-1,92,0.14935064935064934,0.044390972452704944,67,0.7282608695652174,0.7282608695652174,0.5789102202145681,25,0.7685462255336238,0.6863945838954495,0.6579460644055034,0.6483033358106198,-0.08215164163817434,-0.11060016112812043
cat,n1000,4,384,0.001,directional,616,2058,92,1.0,92,two_tailed,-1,92,0.14935064935064934,0.044390972452704944,39,0.42391304347826086,0.42391304347826086,0.2745623941276115,53,0.7685462255336238,0.7682534583481275,0.6851300975020999,0.6483033358106198,-0.0002927671854963121,-0.08341612803152398
cat,n1000,4,384,0.001,directional,616,2058,92,1.0,92,random,0,92,0.14935064935064934,0.044390972452704944,11,0.11956521739130435,0.11956521739130435,-0.029785431959344993,81,0.7685462255336238,0.7682004775092731,0.7493887357148769,0.6483033358106198,-0.0003457480243507227,-0.019157489818746987
cat,n1000,4,384,0.001,directional,616,2058,92,1.0,92,random,1,92,0.14935064935064934,0.044390972452704944,11,0.11956521739130435,0.11956521739130435,-0.029785431959344993,81,0.7685462255336238,0.7712551462378776,0.7419441132977004,0.6483033358106198,0.00270892070425377,-0.02660211223592346
cat,n1000,4,384,0.001,directional,616,2058,92,1.0,92,random,2,92,0.14935064935064934,0.044390972452704944,13,0.14130434782608695,0.14130434782608695,-0.0080463015245624,79,0.7685462255336238,0.7686258985293833,0.7430272168660986,0.6483033358106198,7.967299575950548e-05,-0.02551900866752521
cat,n1000,4,384,0.001,directional,616,2058,92,1.0,92,random,3,92,0.14935064935064934,0.044390972452704944,17,0.18478260869565216,0.18478260869565216,0.03543195934500282,75,0.7685462255336238,0.7707092635463947,0.7333719622152255,0.6483033358106198,0.002163038012770846,-0.03517426331839835
cat,n1000,4,384,0.001,directional,616,2058,92,1.0,92,random,4,92,0.14935064935064934,0.044390972452704944,13,0.14130434782608695,0.14130434782608695,-0.0080463015245624,79,0.7685462255336238,0.7704266836854377,0.7441945532526136,0.6483033358106198,0.001880458151813813,-0.024351672281010206
cat,n1000,4,384,0.001,directional,616,2058,92,1.0,92,random,5,92,0.14935064935064934,0.044390972452704944,16,0.17391304347826086,0.17391304347826086,0.02456239412761152,76,0.7685462255336238,0.7632906366405371,0.7320411819219029,0.6483033358106198,-0.005255588893086749,-0.03650504361172091
cat,n1000,4,384,0.001,directional,616,2058,92,1.0,92,random,6,92,0.14935064935064934,0.044390972452704944,13,0.14130434782608695,0.14130434782608695,-0.0080463015245624,79,0.7685462255336238,0.7681700801567845,0.7418344857065885,0.6483033358106198,-0.0003761453768393874,-0.02671173982703534
cat,n1000,4,384,0.001,directional,616,2058,92,1.0,92,random,7,92,0.14935064935064934,0.044390972452704944,15,0.16304347826086957,0.16304347826086957,0.013692828910220223,77,0.7685462255336238,0.7769731036098949,0.738709818899396,0.6483033358106198,0.008426878076271072,-0.02983640663422782
cat,n1000,4,384,0.001,directional,616,2058,92,1.0,92,random,8,92,0.14935064935064934,0.044390972452704944,10,0.10869565217391304,0.10869565217391304,-0.040654997176736304,82,0.7685462255336238,0.7781783477931301,0.7491896500307801,0.6483033358106198,0.00963212225950627,-0.019356575502843754
cat,n1000,4,384,0.001,directional,616,2058,92,1.0,92,random,9,92,0.14935064935064934,0.044390972452704944,18,0.1956521739130435,0.1956521739130435,0.04630152456239414,74,0.7685462255336238,0.7736389203516781,0.7313199769011037,0.6483033358106198,0.0050926948180543,-0.03722624863252011
cat,n1000,4,384,0.001,directional,616,2058,92,2.0,184,top,-1,92,0.14935064935064934,0.044390972452704944,0,0.0,0.0,-0.14935064935064934,92,0.7685462255336238,0.8863282216485684,0.7685462255336238,0.6483033358106198,0.11778199611494455,0.0
cat,n1000,4,384,0.001,directional,616,2058,92,2.0,184,bottom_oracle_diagnostic,-1,92,0.14935064935064934,0.044390972452704944,89,0.483695652173913,0.967391304347826,0.3343450028232637,3,0.7685462255336238,0.6444098564458042,0.6483453229657687,0.6483033358106198,-0.12413636908781966,-0.1202009025678551
cat,n1000,4,384,0.001,directional,616,2058,92,2.0,184,two_tailed,-1,92,0.14935064935064934,0.044390972452704944,67,0.3641304347826087,0.7282608695652174,0.21477978543195936,25,0.7685462255336238,0.7541822706784514,0.6579460644055034,0.6483033358106198,-0.01436395485517239,-0.11060016112812043
cat,n1000,4,384,0.001,directional,616,2058,92,2.0,184,random,0,92,0.14935064935064934,0.044390972452704944,26,0.14130434782608695,0.2826086956521739,-0.0080463015245624,66,0.7685462255336238,0.7665170874576166,0.7134367168645711,0.6483033358106198,-0.002029138076007242,-0.05510950866905273
cat,n1000,4,384,0.001,directional,616,2058,92,2.0,184,random,1,92,0.14935064935064934,0.044390972452704944,30,0.16304347826086957,0.32608695652173914,0.013692828910220223,62,0.7685462255336238,0.7745429399773618,0.7115205753684105,0.6483033358106198,0.005996714443737949,-0.057025650165213326
cat,n1000,4,384,0.001,directional,616,2058,92,2.0,184,random,2,92,0.14935064935064934,0.044390972452704944,27,0.14673913043478262,0.29347826086956524,-0.002611518915866723,65,0.7685462255336238,0.7716988851614007,0.7104020059004762,0.6483033358106198,0.003152659627776888,-0.05814421963314764
cat,n1000,4,384,0.001,directional,616,2058,92,2.0,184,random,3,92,0.14935064935064934,0.044390972452704944,22,0.11956521739130435,0.2391304347826087,-0.029785431959344993,70,0.7685462255336238,0.7793635626293715,0.7245516551130277,0.6483033358106198,0.010817337095747614,-0.04399457042059618
cat,n1000,4,384,0.001,directional,616,2058,92,2.0,184,random,4,92,0.14935064935064934,0.044390972452704944,22,0.11956521739130435,0.2391304347826087,-0.029785431959344993,70,0.7685462255336238,0.7726360495874876,0.7252869036375386,0.6483033358106198,0.004089824053863711,-0.04325932189608528
cat,n1000,4,384,0.001,directional,616,2058,92,2.0,184,random,5,92,0.14935064935064934,0.044390972452704944,30,0.16304347826086957,0.32608695652173914,0.013692828910220223,62,0.7685462255336238,0.7588909579181949,0.7103432528713908,0.6483033358106198,-0.009655267615428897,-0.058202972662233066
cat,n1000,4,384,0.001,directional,616,2058,92,2.0,184,random,6,92,0.14935064935064934,0.044390972452704944,29,0.15760869565217392,0.31521739130434784,0.008258046301524574,63,0.7685462255336238,0.7628941171103074,0.7115837684483293,0.6483033358106198,-0.0056521084233164265,-0.05696245708529457
cat,n1000,4,384,0.001,directional,616,2058,92,2.0,184,random,7,92,0.14935064935064934,0.044390972452704944,39,0.21195652173913043,0.42391304347826086,0.06260587238848109,53,0.7685462255336238,0.7530114586340539,0.6941157657952911,0.6483033358106198,-0.015534766899569896,-0.07443045973833273
cat,n1000,4,384,0.001,directional,616,2058,92,2.0,184,random,8,92,0.14935064935064934,0.044390972452704944,32,0.17391304347826086,0.34782608695652173,0.02456239412761152,60,0.7685462255336238,0.7699690029117989,0.7080078819515899,0.6483033358106198,0.0014227773781750885,-0.060538343582033916
cat,n1000,4,384,0.001,directional,616,2058,92,2.0,184,random,9,92,0.14935064935064934,0.044390972452704944,34,0.18478260869565216,0.3695652173913043,0.03543195934500282,58,0.7685462255336238,0.7687654244278777,0.7058616610543341,0.6483033358106198,0.00021919889425381367,-0.06268456447928972
cat,n1000,0,384,0.001,margin_targeted,627,2058,94,0.5,47,top,-1,94,0.14992025518341306,0.6567202906071614,0,0.0,0.0,-0.14992025518341306,94,0.645813973096081,0.6473858161381396,0.645813973096081,0.6446870527889567,0.001571843042058596,0.0
cat,n1000,0,384,0.001,margin_targeted,627,2058,94,0.5,47,bottom_oracle_diagnostic,-1,94,0.14992025518341306,0.6567202906071614,0,0.0,0.0,-0.14992025518341306,94,0.645813973096081,0.6500985604962756,0.645813973096081,0.6446870527889567,0.0042845874001945505,0.0
cat,n1000,0,384,0.001,margin_targeted,627,2058,94,0.5,47,two_tailed,-1,94,0.14992025518341306,0.6567202906071614,0,0.0,0.0,-0.14992025518341306,94,0.645813973096081,0.6461562927903427,0.645813973096081,0.6446870527889567,0.0003423196942616835,0.0
cat,n1000,0,384,0.001,margin_targeted,627,2058,94,0.5,47,random,0,94,0.14992025518341306,0.6567202906071614,7,0.14893617021276595,0.07446808510638298,-0.0009840849706471144,87,0.645813973096081,0.6456306203691543,0.6458697493381159,0.6446870527889567,-0.000183352726926711,5.5776242034899504e-05
cat,n1000,0,384,0.001,margin_targeted,627,2058,94,0.5,47,random,1,94,0.14992025518341306,0.6567202906071614,7,0.14893617021276595,0.07446808510638298,-0.0009840849706471144,87,0.645813973096081,0.6452390489642549,0.6455966257411005,0.6446870527889567,-0.0005749241318261378,-0.0002173473549804683
cat,n1000,0,384,0.001,margin_targeted,627,2058,94,0.5,47,random,2,94,0.14992025518341306,0.6567202906071614,7,0.14893617021276595,0.07446808510638298,-0.0009840849706471144,87,0.645813973096081,0.6466278407533377,0.645847667466892,0.6446870527889567,0.0008138676572566617,3.369437081102156e-05
cat,n1000,0,384,0.001,margin_targeted,627,2058,94,0.5,47,random,3,94,0.14992025518341306,0.6567202906071614,2,0.0425531914893617,0.02127659574468085,-0.10736706369405136,92,0.645813973096081,0.6454041486471953,0.6459226479115138,0.6446870527889567,-0.00040982444888570946,0.00010867481543275215
cat,n1000,0,384,0.001,margin_targeted,627,2058,94,0.5,47,random,4,94,0.14992025518341306,0.6567202906071614,5,0.10638297872340426,0.05319148936170213,-0.04353727646000881,89,0.645813973096081,0.6450733338011863,0.6455988584820289,0.6446870527889567,-0.0007406392948947627,-0.0002151146140521032
cat,n1000,0,384,0.001,margin_targeted,627,2058,94,0.5,47,random,5,94,0.14992025518341306,0.6567202906071614,5,0.10638297872340426,0.05319148936170213,-0.04353727646000881,89,0.645813973096081,0.6461935110961872,0.6455036341948314,0.6446870527889567,0.0003795380001061499,-0.0003103389012496516
cat,n1000,0,384,0.001,margin_targeted,627,2058,94,0.5,47,random,6,94,0.14992025518341306,0.6567202906071614,9,0.19148936170212766,0.09574468085106383,0.041569106518714594,85,0.645813973096081,0.6446352762690455,0.6450436517094152,0.6446870527889567,-0.0011786968270355302,-0.0007703213866657732
cat,n1000,0,384,0.001,margin_targeted,627,2058,94,0.5,47,random,7,94,0.14992025518341306,0.6567202906071614,9,0.19148936170212766,0.09574468085106383,0.041569106518714594,85,0.645813973096081,0.6476302618675306,0.6459967975542558,0.6446870527889567,0.0018162887714495701,0.00018282445817474624
cat,n1000,0,384,0.001,margin_targeted,627,2058,94,0.5,47,random,8,94,0.14992025518341306,0.6567202906071614,4,0.0851063829787234,0.0425531914893617,-0.06481387220468966,90,0.645813973096081,0.6471041985158454,0.6463386407619954,0.6446870527889567,0.0012902254197644236,0.0005246676659144134
cat,n1000,0,384,0.001,margin_targeted,627,2058,94,0.5,47,random,9,94,0.14992025518341306,0.6567202906071614,5,0.10638297872340426,0.05319148936170213,-0.04353727646000881,89,0.645813973096081,0.6459680279277928,0.6463851194586235,0.6446870527889567,0.0001540548317118251,0.0005711463625425184
cat,n1000,0,384,0.001,margin_targeted,627,2058,94,1.0,94,top,-1,94,0.14992025518341306,0.6567202906071614,0,0.0,0.0,-0.14992025518341306,94,0.645813973096081,0.6522466153157109,0.645813973096081,0.6446870527889567,0.006432642219629914,0.0
cat,n1000,0,384,0.001,margin_targeted,627,2058,94,1.0,94,bottom_oracle_diagnostic,-1,94,0.14992025518341306,0.6567202906071614,0,0.0,0.0,-0.14992025518341306,94,0.645813973096081,0.6625782885009398,0.645813973096081,0.6446870527889567,0.016764315404858787,0.0
cat,n1000,0,384,0.001,margin_targeted,627,2058,94,1.0,94,two_tailed,-1,94,0.14992025518341306,0.6567202906071614,0,0.0,0.0,-0.14992025518341306,94,0.645813973096081,0.6468152632518857,0.645813973096081,0.6446870527889567,0.001001290155804635,0.0
cat,n1000,0,384,0.001,margin_targeted,627,2058,94,1.0,94,random,0,94,0.14992025518341306,0.6567202906071614,8,0.0851063829787234,0.0851063829787234,-0.06481387220468966,86,0.645813973096081,0.6462770181417503,0.6457922733616145,0.6446870527889567,0.00046304504566929694,-2.1699734466529286e-05
cat,n1000,0,384,0.001,margin_targeted,627,2058,94,1.0,94,random,1,94,0.14992025518341306,0.6567202906071614,11,0.11702127659574468,0.11702127659574468,-0.03289897858766838,83,0.645813973096081,0.6455127879951582,0.6452613963277083,0.6446870527889567,-0.00030118510092280726,-0.0005525767683727256
cat,n1000,0,384,0.001,margin_targeted,627,2058,94,1.0,94,random,2,94,0.14992025518341306,0.6567202906071614,11,0.11702127659574468,0.11702127659574468,-0.03289897858766838,83,0.645813973096081,0.6453457907707121,0.6446116714317671,0.6446870527889567,-0.00046818232536893767,-0.0012023016643138984
cat,n1000,0,384,0.001,margin_targeted,627,2058,94,1.0,94,random,3,94,0.14992025518341306,0.6567202906071614,18,0.19148936170212766,0.19148936170212766,0.041569106518714594,76,0.645813973096081,0.6464219935279828,0.6459647718051063,0.6446870527889567,0.000608020431901779,0.00015079870902523496
cat,n1000,0,384,0.001,margin_targeted,627,2058,94,1.0,94,random,4,94,0.14992025518341306,0.6567202906071614,16,0.1702127659574468,0.1702127659574468,0.02029251077403374,78,0.645813973096081,0.6475042554300316,0.6454411415737021,0.6446870527889567,0.0016902823339506323,-0.0003728315223788803
cat,n1000,0,384,0.001,margin_targeted,627,2058,94,1.0,94,random,5,94,0.14992025518341306,0.6567202906071614,14,0.14893617021276595,0.14893617021276595,-0.0009840849706471144,80,0.645813973096081,0.6466753899609422,0.6452085880660176,0.6446870527889567,0.0008614168648611864,-0.0006053850300634656
cat,n1000,0,384,0.001,margin_targeted,627,2058,94,1.0,94,random,6,94,0.14992025518341306,0.6567202906071614,9,0.09574468085106383,0.09574468085106383,-0.054175574332349236,85,0.645813973096081,0.6467059487496957,0.6453245518104916,0.6446870527889567,0.0008919756536146517,-0.0004894212855893754
cat,n1000,0,384,0.001,margin_targeted,627,2058,94,1.0,94,random,7,94,0.14992025518341306,0.6567202906071614,10,0.10638297872340426,0.10638297872340426,-0.04353727646000881,84,0.645813973096081,0.6467548662732318,0.6456622347929185,0.6446870527889567,0.0009408931771507367,-0.00015173830316250747
cat,n1000,0,384,0.001,margin_targeted,627,2058,94,1.0,94,random,8,94,0.14992025518341306,0.6567202906071614,11,0.11702127659574468,0.11702127659574468,-0.03289897858766838,83,0.645813973096081,0.6455916251555344,0.6458479837148073,0.6446870527889567,-0.0002223479405466522,3.401061872632116e-05
cat,n1000,0,384,0.001,margin_targeted,627,2058,94,1.0,94,random,9,94,0.14992025518341306,0.6567202906071614,12,0.1276595744680851,0.1276595744680851,-0.02226068071532797,82,0.645813973096081,0.6449405042870131,0.6452794455604619,0.6446870527889567,-0.0008734688090679121,-0.0005345275356191115
cat,n1000,0,384,0.001,margin_targeted,627,2058,94,2.0,188,top,-1,94,0.14992025518341306,0.6567202906071614,44,0.23404255319148937,0.46808510638297873,0.0841222980080763,50,0.645813973096081,0.6588537019084418,0.645762245934798,0.6446870527889567,0.013039728812360818,-5.1727161282988376e-05
cat,n1000,0,384,0.001,margin_targeted,627,2058,94,2.0,188,bottom_oracle_diagnostic,-1,94,0.14992025518341306,0.6567202906071614,3,0.015957446808510637,0.031914893617021274,-0.13396280837490243,91,0.645813973096081,0.7190472626793319,0.6453230785024554,0.6446870527889567,0.07323328958325093,-0.0004908945936256126
cat,n1000,0,384,0.001,margin_targeted,627,2058,94,2.0,188,two_tailed,-1,94,0.14992025518341306,0.6567202906071614,0,0.0,0.0,-0.14992025518341306,94,0.645813973096081,0.650587149791156,0.645813973096081,0.6446870527889567,0.004773176695074932,0.0
cat,n1000,0,384,0.001,margin_targeted,627,2058,94,2.0,188,random,0,94,0.14992025518341306,0.6567202906071614,36,0.19148936170212766,0.3829787234042553,0.041569106518714594,58,0.645813973096081,0.6474858522742122,0.6455249467057843,0.6446870527889567,0.0016718791781311637,-0.0002890263902967094
cat,n1000,0,384,0.001,margin_targeted,627,2058,94,2.0,188,random,1,94,0.14992025518341306,0.6567202906071614,29,0.15425531914893617,0.30851063829787234,0.004335063965523106,65,0.645813973096081,0.647113692202369,0.6452813302377615,0.6446870527889567,0.001299719106288011,-0.0005326428583195542
cat,n1000,0,384,0.001,margin_targeted,627,2058,94,2.0,188,random,2,94,0.14992025518341306,0.6567202906071614,33,0.17553191489361702,0.35106382978723405,0.02561165971020396,61,0.645813973096081,0.6518376354661227,0.64497004897137,0.6446870527889567,0.006023662370041705,-0.0008439241247110152
cat,n1000,0,384,0.001,margin_targeted,627,2058,94,2.0,188,random,3,94,0.14992025518341306,0.6567202906071614,32,0.1702127659574468,0.3404255319148936,0.02029251077403374,62,0.645813973096081,0.6445032885801537,0.6439990092541156,0.6446870527889567,-0.0013106845159273073,-0.0018149638419654446
cat,n1000,0,384,0.001,margin_targeted,627,2058,94,2.0,188,random,4,94,0.14992025518341306,0.6567202906071614,35,0.18617021276595744,0.3723404255319149,0.03624995758254437,59,0.645813973096081,0.646451170102591,0.6453316207409435,0.6446870527889567,0.000637197006509993,-0.0004823523551374942
cat,n1000,0,384,0.001,margin_targeted,627,2058,94,2.0,188,random,5,94,0.14992025518341306,0.6567202906071614,31,0.16489361702127658,0.32978723404255317,0.01497336183786352,63,0.645813973096081,0.6491151831244772,0.6463875832243172,0.6446870527889567,0.0033012100283962287,0.0005736101282362016
cat,n1000,0,384,0.001,margin_targeted,627,2058,94,2.0,188,random,6,94,0.14992025518341306,0.6567202906071614,24,0.1276595744680851,0.2553191489361702,-0.02226068071532797,70,0.645813973096081,0.6493521233454809,0.6455555276762804,0.6446870527889567,0.003538150249399852,-0.0002584454198005792
cat,n1000,0,384,0.001,margin_targeted,627,2058,94,2.0,188,random,7,94,0.14992025518341306,0.6567202906071614,28,0.14893617021276595,0.2978723404255319,-0.0009840849706471144,66,0.645813973096081,0.6444201584805743,0.6452902401742144,0.6446870527889567,-0.0013938146155066944,-0.000523732921866582
cat,n1000,0,384,0.001,margin_targeted,627,2058,94,2.0,188,random,8,94,0.14992025518341306,0.6567202906071614,30,0.1595744680851064,0.3191489361702128,0.009654212901693326,64,0.645813973096081,0.6424332064141285,0.6456848164288326,0.6446870527889567,-0.0033807666819525295,-0.00012915666724844233
cat,n1000,0,384,0.001,margin_targeted,627,2058,94,2.0,188,random,9,94,0.14992025518341306,0.6567202906071614,27,0.14361702127659576,0.2872340425531915,-0.006303233906817307,67,0.645813973096081,0.6474227876759934,0.6464947917587657,0.6446870527889567,0.0016088145799123543,0.0006808186626846569
cat,n1000,1,384,0.001,margin_targeted,600,2058,90,0.5,45,top,-1,90,0.15,0.6538997821350763,0,0.0,0.0,-0.15,90,0.6485870853287469,0.6471915744264966,0.6485870853287469,0.6485584592412997,-0.0013955109022503187,0.0
cat,n1000,1,384,0.001,margin_targeted,600,2058,90,0.5,45,bottom_oracle_diagnostic,-1,90,0.15,0.6538997821350763,0,0.0,0.0,-0.15,90,0.6485870853287469,0.6548180522342241,0.6485870853287469,0.6485584592412997,0.006230966905477198,0.0
cat,n1000,1,384,0.001,margin_targeted,600,2058,90,0.5,45,two_tailed,-1,90,0.15,0.6538997821350763,0,0.0,0.0,-0.15,90,0.6485870853287469,0.6450115618812537,0.6485870853287469,0.6485584592412997,-0.003575523447493123,0.0
cat,n1000,1,384,0.001,margin_targeted,600,2058,90,0.5,45,random,0,90,0.15,0.6538997821350763,8,0.17777777777777778,0.08888888888888889,0.02777777777777779,82,0.6485870853287469,0.6495412650498832,0.6492081335754405,0.6485584592412997,0.0009541797211363168,0.0006210482466936229
cat,n1000,1,384,0.001,margin_targeted,600,2058,90,0.5,45,random,1,90,0.15,0.6538997821350763,12,0.26666666666666666,0.13333333333333333,0.11666666666666667,78,0.6485870853287469,0.6493180088409463,0.6482282319708548,0.6485584592412997,0.0007309235121993884,-0.00035885335789209716
cat,n1000,1,384,0.001,margin_targeted,600,2058,90,0.5,45,random,2,90,0.15,0.6538997821350763,6,0.13333333333333333,0.06666666666666667,-0.016666666666666663,84,0.6485870853287469,0.6485397996564546,0.6483969695700542,0.6485584592412997,-4.728567229228542e-05,-0.00019011575869265496
cat,n1000,1,384,0.001,margin_targeted,600,2058,90,0.5,45,random,3,90,0.15,0.6538997821350763,3,0.06666666666666667,0.03333333333333333,-0.08333333333333333,87,0.6485870853287469,0.6476897469792714,0.6485480988910494,0.6485584592412997,-0.0008973383494754739,-3.898643769750798e-05
cat,n1000,1,384,0.001,margin_targeted,600,2058,90,0.5,45,random,4,90,0.15,0.6538997821350763,9,0.2,0.1,0.05000000000000002,81,0.6485870853287469,0.6491796952266398,0.6486022527937941,0.6485584592412997,0.0005926098978928929,1.5167465047261075e-05
cat,n1000,1,384,0.001,margin_targeted,600,2058,90,0.5,45,random,5,90,0.15,0.6538997821350763,11,0.24444444444444444,0.12222222222222222,0.09444444444444444,79,0.6485870853287469,0.6478291805242712,0.6488281938701094,0.6485584592412997,-0.0007579048044756842,0.00024110854136250026
cat,n1000,1,384,0.001,margin_targeted,600,2058,90,0.5,45,random,6,90,0.15,0.6538997821350763,4,0.08888888888888889,0.044444444444444446,-0.0611111111111111,86,0.6485870853287469,0.648837281487906,0.6488940919386148,0.6485584592412997,0.00025019615915911064,0.0003070066098679325
cat,n1000,1,384,0.001,margin_targeted,600,2058,90,0.5,45,random,7,90,0.15,0.6538997821350763,4,0.08888888888888889,0.044444444444444446,-0.0611111111111111,86,0.6485870853287469,0.6466070558812845,0.6484097515017856,0.6485584592412997,-0.0019800294474623392,-0.00017733382696127897
cat,n1000,1,384,0.001,margin_targeted,600,2058,90,0.5,45,random,8,90,0.15,0.6538997821350763,8,0.17777777777777778,0.08888888888888889,0.02777777777777779,82,0.6485870853287469,0.6493120778527102,0.6480999181303189,0.6485584592412997,0.000724992523963297,-0.0004871671984280068
cat,n1000,1,384,0.001,margin_targeted,600,2058,90,0.5,45,random,9,90,0.15,0.6538997821350763,3,0.06666666666666667,0.03333333333333333,-0.08333333333333333,87,0.6485870853287469,0.6479836853065422,0.6484537519998002,0.6485584592412997,-0.0006034000222047142,-0.00013333332894671646
cat,n1000,1,384,0.001,margin_targeted,600,2058,90,1.0,90,top,-1,90,0.15,0.6538997821350763,0,0.0,0.0,-0.15,90,0.6485870853287469,0.6511376567406293,0.6485870853287469,0.6485584592412997,0.0025505714118824185,0.0
cat,n1000,1,384,0.001,margin_targeted,600,2058,90,1.0,90,bottom_oracle_diagnostic,-1,90,0.15,0.6538997821350763,0,0.0,0.0,-0.15,90,0.6485870853287469,0.6679040247704489,0.6485870853287469,0.6485584592412997,0.019316939441701986,0.0
cat,n1000,1,384,0.001,margin_targeted,600,2058,90,1.0,90,two_tailed,-1,90,0.15,0.6538997821350763,0,0.0,0.0,-0.15,90,0.6485870853287469,0.6470271820954979,0.6485870853287469,0.6485584592412997,-0.0015599032332489493,0.0
cat,n1000,1,384,0.001,margin_targeted,600,2058,90,1.0,90,random,0,90,0.15,0.6538997821350763,10,0.1111111111111111,0.1111111111111111,-0.03888888888888889,80,0.6485870853287469,0.6483478798745933,0.6483410747188044,0.6485584592412997,-0.0002392054541535682,-0.0002460106099424486
cat,n1000,1,384,0.001,margin_targeted,600,2058,90,1.0,90,random,1,90,0.15,0.6538997821350763,14,0.15555555555555556,0.15555555555555556,0.005555555555555564,76,0.6485870853287469,0.6506498132866563,0.6486058005612112,0.6485584592412997,0.002062727957909405,1.8715232464328047e-05
cat,n1000,1,384,0.001,margin_targeted,600,2058,90,1.0,90,random,2,90,0.15,0.6538997821350763,18,0.2,0.2,0.05000000000000002,72,0.6485870853287469,0.6515713984690995,0.6489078896763685,0.6485584592412997,0.0029843131403526346,0.00032080434762160603
cat,n1000,1,384,0.001,margin_targeted,600,2058,90,1.0,90,random,3,90,0.15,0.6538997821350763,12,0.13333333333333333,0.13333333333333333,-0.016666666666666663,78,0.6485870853287469,0.649432941703704,0.6488791882391527,0.6485584592412997,0.0008458563749571546,0.0002921029104058226
cat,n1000,1,384,0.001,margin_targeted,600,2058,90,1.0,90,random,4,90,0.15,0.6538997821350763,15,0.16666666666666666,0.16666666666666666,0.016666666666666663,75,0.6485870853287469,0.649635878647108,0.6483622489435983,0.6485584592412997,0.001048793318361163,-0.00022483638514858573
cat,n1000,1,384,0.001,margin_targeted,600,2058,90,1.0,90,random,5,90,0.15,0.6538997821350763,14,0.15555555555555556,0.15555555555555556,0.005555555555555564,76,0.6485870853287469,0.6483627217674438,0.6478226734399237,0.6485584592412997,-0.00022436356130306478,-0.0007644118888231466
cat,n1000,1,384,0.001,margin_targeted,600,2058,90,1.0,90,random,6,90,0.15,0.6538997821350763,15,0.16666666666666666,0.16666666666666666,0.016666666666666663,75,0.6485870853287469,0.6499588974061852,0.6489972286992155,0.6485584592412997,0.0013718120774383058,0.0004101433704686297
cat,n1000,1,384,0.001,margin_targeted,600,2058,90,1.0,90,random,7,90,0.15,0.6538997821350763,8,0.08888888888888889,0.08888888888888889,-0.0611111111111111,82,0.6485870853287469,0.6501986296189961,0.6484989697416218,0.6485584592412997,0.0016115442902492338,-8.81155871250705e-05
cat,n1000,1,384,0.001,margin_targeted,600,2058,90,1.0,90,random,8,90,0.15,0.6538997821350763,13,0.14444444444444443,0.14444444444444443,-0.005555555555555564,77,0.6485870853287469,0.6477241500490246,0.648273709590295,0.6485584592412997,-0.0008629352797222545,-0.00031337573845191535
cat,n1000,1,384,0.001,margin_targeted,600,2058,90,1.0,90,random,9,90,0.15,0.6538997821350763,17,0.18888888888888888,0.18888888888888888,0.03888888888888889,73,0.6485870853287469,0.6482153627981766,0.6487182594149816,0.6485584592412997,-0.00037172253057027316,0.00013117408623475324
cat,n1000,1,384,0.001,margin_targeted,600,2058,90,2.0,180,top,-1,90,0.15,0.6538997821350763,35,0.19444444444444445,0.3888888888888889,0.04444444444444445,55,0.6485870853287469,0.6587450574330669,0.6484801020224239,0.6485584592412997,0.010157972104320012,-0.00010698330632297193
cat,n1000,1,384,0.001,margin_targeted,600,2058,90,2.0,180,bottom_oracle_diagnostic,-1,90,0.15,0.6538997821350763,1,0.005555555555555556,0.011111111111111112,-0.14444444444444443,89,0.6485870853287469,0.728649937705643,0.6483615896008813,0.6485584592412997,0.08006285237689614,-0.0002254957278655656
cat,n1000,1,384,0.001,margin_targeted,600,2058,90,2.0,180,two_tailed,-1,90,0.15,0.6538997821350763,0,0.0,0.0,-0.15,90,0.6485870853287469,0.6485514907330854,0.6485870853287469,0.6485584592412997,-3.5594595661492257e-05,0.0
cat,n1000,1,384,0.001,margin_targeted,600,2058,90,2.0,180,random,0,90,0.15,0.6538997821350763,36,0.2,0.4,0.05000000000000002,54,0.6485870853287469,0.6493938261222533,0.6495333115223109,0.6485584592412997,0.0008067407935063997,0.0009462261935639926
cat,n1000,1,384,0.001,margin_targeted,600,2058,90,2.0,180,random,1,90,0.15,0.6538997821350763,23,0.12777777777777777,0.25555555555555554,-0.022222222222222227,67,0.6485870853287469,0.6481241549001621,0.6498138293171257,0.6485584592412997,-0.0004629304285848068,0.0012267439883788533
cat,n1000,1,384,0.001,margin_targeted,600,2058,90,2.0,180,random,2,90,0.15,0.6538997821350763,21,0.11666666666666667,0.23333333333333334,-0.033333333333333326,69,0.6485870853287469,0.6463730368217286,0.6484644118444861,0.6485584592412997,-0.002214048507018229,-0.0001226734842607602
cat,n1000,1,384,0.001,margin_targeted,600,2058,90,2.0,180,random,3,90,0.15,0.6538997821350763,22,0.12222222222222222,0.24444444444444444,-0.027777777777777776,68,0.6485870853287469,0.6503677840400927,0.6489277264141337,0.6485584592412997,0.001780698711345785,0.0003406410853867836
cat,n1000,1,384,0.001,margin_targeted,600,2058,90,2.0,180,random,4,90,0.15,0.6538997821350763,29,0.16111111111111112,0.32222222222222224,0.011111111111111127,61,0.6485870853287469,0.6470813638039192,0.6479908095052788,0.6485584592412997,-0.0015057215248276412,-0.0005962758234681065
cat,n1000,1,384,0.001,margin_targeted,600,2058,90,2.0,180,random,5,90,0.15,0.6538997821350763,27,0.15,0.3,0.0,63,0.6485870853287469,0.6516240768759356,0.648566808604342,0.6485584592412997,0.0030369915471887277,-2.0276724404855173e-05
cat,n1000,1,384,0.001,margin_targeted,600,2058,90,2.0,180,random,6,90,0.15,0.6538997821350763,35,0.19444444444444445,0.3888888888888889,0.04444444444444445,55,0.6485870853287469,0.6495211722033515,0.6480149778651884,0.6485584592412997,0.0009340868746046116,-0.0005721074635585133
cat,n1000,1,384,0.001,margin_targeted,600,2058,90,2.0,180,random,7,90,0.15,0.6538997821350763,27,0.15,0.3,0.0,63,0.6485870853287469,0.6479574852063854,0.649172846825832,0.6485584592412997,-0.0006296001223614622,0.0005857614970851133
cat,n1000,1,384,0.001,margin_targeted,600,2058,90,2.0,180,random,8,90,0.15,0.6538997821350763,21,0.11666666666666667,0.23333333333333334,-0.033333333333333326,69,0.6485870853287469,0.6519492118872334,0.6480695121528571,0.6485584592412997,0.0033621265584865556,-0.0005175731758897406
cat,n1000,1,384,0.001,margin_targeted,600,2058,90,2.0,180,random,9,90,0.15,0.6538997821350763,22,0.12222222222222222,0.24444444444444444,-0.027777777777777776,68,0.6485870853287469,0.6505858464582489,0.6489383433391375,0.6485584592412997,0.0019987611295020358,0.00035125801039059823
cat,n1000,2,384,0.001,margin_targeted,612,2058,91,0.5,46,top,-1,91,0.14869281045751634,0.6453354706713632,0,0.0,0.0,-0.14869281045751634,91,0.6478958328069808,0.6446815000726829,0.6478958328069808,0.648995480539468,-0.003214332734297942,0.0
cat,n1000,2,384,0.001,margin_targeted,612,2058,91,0.5,46,bottom_oracle_diagnostic,-1,91,0.14869281045751634,0.6453354706713632,0,0.0,0.0,-0.14869281045751634,91,0.6478958328069808,0.6549911109584771,0.6478958328069808,0.648995480539468,0.007095278151496243,0.0
cat,n1000,2,384,0.001,margin_targeted,612,2058,91,0.5,46,two_tailed,-1,91,0.14869281045751634,0.6453354706713632,0,0.0,0.0,-0.14869281045751634,91,0.6478958328069808,0.6439099584022846,0.6478958328069808,0.648995480539468,-0.003985874404696221,0.0
cat,n1000,2,384,0.001,margin_targeted,612,2058,91,0.5,46,random,0,91,0.14869281045751634,0.6453354706713632,6,0.13043478260869565,0.06593406593406594,-0.01825802784882069,85,0.6478958328069808,0.6489670706232591,0.6482202539395887,0.648995480539468,0.0010712378162782699,0.0003244211326078883
cat,n1000,2,384,0.001,margin_targeted,612,2058,91,0.5,46,random,1,91,0.14869281045751634,0.6453354706713632,9,0.1956521739130435,0.0989010989010989,0.04695936345552715,82,0.6478958328069808,0.6488896620682958,0.647891449707514,0.648995480539468,0.0009938292613149713,-4.3830994668203616e-06
cat,n1000,2,384,0.001,margin_targeted,612,2058,91,0.5,46,random,2,91,0.14869281045751634,0.6453354706713632,6,0.13043478260869565,0.06593406593406594,-0.01825802784882069,85,0.6478958328069808,0.6473129997433126,0.6480711344470793,0.648995480539468,-0.0005828330636682422,0.0001753016400984908
cat,n1000,2,384,0.001,margin_targeted,612,2058,91,0.5,46,random,3,91,0.14869281045751634,0.6453354706713632,9,0.1956521739130435,0.0989010989010989,0.04695936345552715,82,0.6478958328069808,0.647205226851838,0.6485894042548357,0.648995480539468,-0.000690605955142809,0.0006935714478548682
cat,n1000,2,384,0.001,margin_targeted,612,2058,91,0.5,46,random,4,91,0.14869281045751634,0.6453354706713632,5,0.10869565217391304,0.054945054945054944,-0.0399971582836033,86,0.6478958328069808,0.6479198785759924,0.6475918381869692,0.648995480539468,2.4045769011604712e-05,-0.00030399462001162725
cat,n1000,2,384,0.001,margin_targeted,612,2058,91,0.5,46,random,5,91,0.14869281045751634,0.6453354706713632,9,0.1956521739130435,0.0989010989010989,0.04695936345552715,82,0.6478958328069808,0.6484613494315017,0.6484600492270127,0.648995480539468,0.0005655166245208676,0.0005642164200319044
cat,n1000,2,384,0.001,margin_targeted,612,2058,91,0.5,46,random,6,91,0.14869281045751634,0.6453354706713632,7,0.15217391304347827,0.07692307692307693,0.0034811025859619316,84,0.6478958328069808,0.6493063463912473,0.6480589804566758,0.648995480539468,0.0014105135842664707,0.0001631476496949391
cat,n1000,2,384,0.001,margin_targeted,612,2058,91,0.5,46,random,7,91,0.14869281045751634,0.6453354706713632,6,0.13043478260869565,0.06593406593406594,-0.01825802784882069,85,0.6478958328069808,0.6464910997034148,0.6479911085995805,0.648995480539468,-0.001404733103566036,9.527579259971386e-05
cat,n1000,2,384,0.001,margin_targeted,612,2058,91,0.5,46,random,8,91,0.14869281045751634,0.6453354706713632,6,0.13043478260869565,0.06593406593406594,-0.01825802784882069,85,0.6478958328069808,0.6475679480999833,0.6473348115075663,0.648995480539468,-0.0003278847069975166,-0.0005610212994144881
cat,n1000,2,384,0.001,margin_targeted,612,2058,91,0.5,46,random,9,91,0.14869281045751634,0.6453354706713632,5,0.10869565217391304,0.054945054945054944,-0.0399971582836033,86,0.6478958328069808,0.648751404476443,0.647857834395388,0.648995480539468,0.0008555716694621518,-3.799841159279893e-05
cat,n1000,2,384,0.001,margin_targeted,612,2058,91,1.0,91,top,-1,91,0.14869281045751634,0.6453354706713632,0,0.0,0.0,-0.14869281045751634,91,0.6478958328069808,0.6485304323329197,0.6478958328069808,0.648995480539468,0.000634599525938917,0.0
cat,n1000,2,384,0.001,margin_targeted,612,2058,91,1.0,91,bottom_oracle_diagnostic,-1,91,0.14869281045751634,0.6453354706713632,0,0.0,0.0,-0.14869281045751634,91,0.6478958328069808,0.669278390519182,0.6478958328069808,0.648995480539468,0.02138255771220121,0.0
cat,n1000,2,384,0.001,margin_targeted,612,2058,91,1.0,91,two_tailed,-1,91,0.14869281045751634,0.6453354706713632,0,0.0,0.0,-0.14869281045751634,91,0.6478958328069808,0.6446003989339331,0.6478958328069808,0.648995480539468,-0.0032954338730477595,0.0
cat,n1000,2,384,0.001,margin_targeted,612,2058,91,1.0,91,random,0,91,0.14869281045751634,0.6453354706713632,18,0.1978021978021978,0.1978021978021978,0.049109387344681454,73,0.6478958328069808,0.6493385308194929,0.6477766674455516,0.648995480539468,0.001442698012512067,-0.00011916536142919654
cat,n1000,2,384,0.001,margin_targeted,612,2058,91,1.0,91,random,1,91,0.14869281045751634,0.6453354706713632,15,0.16483516483516483,0.16483516483516483,0.016142354377648493,76,0.6478958328069808,0.6502969878186702,0.6477041824255835,0.648995480539468,0.00240115501168936,-0.0001916503813973458
cat,n1000,2,384,0.001,margin_targeted,612,2058,91,1.0,91,random,2,91,0.14869281045751634,0.6453354706713632,15,0.16483516483516483,0.16483516483516483,0.016142354377648493,76,0.6478958328069808,0.6485951656789366,0.647912473597477,0.648995480539468,0.0006993328719557823,1.6640790496125213e-05
cat,n1000,2,384,0.001,margin_targeted,612,2058,91,1.0,91,random,3,91,0.14869281045751634,0.6453354706713632,17,0.18681318681318682,0.18681318681318682,0.03812037635567048,74,0.6478958328069808,0.648186444163373,0.6481556659133904,0.648995480539468,0.0002906113563921897,0.00025983310640953494
cat,n1000,2,384,0.001,margin_targeted,612,2058,91,1.0,91,random,4,91,0.14869281045751634,0.6453354706713632,13,0.14285714285714285,0.14285714285714285,-0.00583566760037349,78,0.6478958328069808,0.6508363465242422,0.6482173681678391,0.648995480539468,0.0029405137172613394,0.0003215353608583271
cat,n1000,2,384,0.001,margin_targeted,612,2058,91,1.0,91,random,5,91,0.14869281045751634,0.6453354706713632,12,0.13186813186813187,0.13186813186813187,-0.016824678589384467,79,0.6478958328069808,0.6516933138279745,0.6484951421489554,0.648995480539468,0.0037974810209936427,0.0005993093419746076
cat,n1000,2,384,0.001,margin_targeted,612,2058,91,1.0,91,random,6,91,0.14869281045751634,0.6453354706713632,18,0.1978021978021978,0.1978021978021978,0.049109387344681454,73,0.6478958328069808,0.6482282664072695,0.647502287148607,0.648995480539468,0.00033243360028867297,-0.00039354565837379507
cat,n1000,2,384,0.001,margin_targeted,612,2058,91,1.0,91,random,7,91,0.14869281045751634,0.6453354706713632,9,0.0989010989010989,0.0989010989010989,-0.04979171155641744,82,0.6478958328069808,0.6487806606101282,0.6477416986027206,0.648995480539468,0.0008848278031473589,-0.00015413420426024782
cat,n1000,2,384,0.001,margin_targeted,612,2058,91,1.0,91,random,8,91,0.14869281045751634,0.6453354706713632,9,0.0989010989010989,0.0989010989010989,-0.04979171155641744,82,0.6478958328069808,0.649485322003639,0.6485596415726624,0.648995480539468,0.0015894891966581337,0.0006638087656816172
cat,n1000,2,384,0.001,margin_targeted,612,2058,91,1.0,91,random,9,91,0.14869281045751634,0.6453354706713632,12,0.13186813186813187,0.13186813186813187,-0.016824678589384467,79,0.6478958328069808,0.648473547823011,0.6478356797655281,0.648995480539468,0.0005777150160302114,-6.0153041452681855e-05
cat,n1000,2,384,0.001,margin_targeted,612,2058,91,2.0,182,top,-1,91,0.14869281045751634,0.6453354706713632,31,0.17032967032967034,0.34065934065934067,0.021636859872153996,60,0.6478958328069808,0.6556803535290986,0.6476942752650865,0.648995480539468,0.0077845207221177715,-0.00020155754189432606
cat,n1000,2,384,0.001,margin_targeted,612,2058,91,2.0,182,bottom_oracle_diagnostic,-1,91,0.14869281045751634,0.6453354706713632,4,0.02197802197802198,0.04395604395604396,-0.12671478847949436,87,0.6478958328069808,0.7257167713992281,0.6486135683738161,0.648995480539468,0.07782093859224726,0.000717735566835298
cat,n1000,2,384,0.001,margin_targeted,612,2058,91,2.0,182,two_tailed,-1,91,0.14869281045751634,0.6453354706713632,0,0.0,0.0,-0.14869281045751634,91,0.6478958328069808,0.6450776060532138,0.6478958328069808,0.648995480539468,-0.0028182267537669725,0.0
cat,n1000,2,384,0.001,margin_targeted,612,2058,91,2.0,182,random,0,91,0.14869281045751634,0.6453354706713632,34,0.18681318681318682,0.37362637362637363,0.03812037635567048,57,0.6478958328069808,0.6484028534089193,0.6483188136947912,0.648995480539468,0.0005070206019385237,0.0004229808878103425
cat,n1000,2,384,0.001,margin_targeted,612,2058,91,2.0,182,random,1,91,0.14869281045751634,0.6453354706713632,27,0.14835164835164835,0.2967032967032967,-0.000341162105867987,64,0.6478958328069808,0.6525534598260475,0.6469259252341953,0.648995480539468,0.00465762701906669,-0.0009699075727854778
cat,n1000,2,384,0.001,margin_targeted,612,2058,91,2.0,182,random,2,91,0.14869281045751634,0.6453354706713632,26,0.14285714285714285,0.2857142857142857,-0.00583566760037349,65,0.6478958328069808,0.6476605899803716,0.6484642917158334,0.648995480539468,-0.0002352428266092499,0.0005684589088525982
cat,n1000,2,384,0.001,margin_targeted,612,2058,91,2.0,182,random,3,91,0.14869281045751634,0.6453354706713632,29,0.15934065934065933,0.31868131868131866,0.01064784888314299,62,0.6478958328069808,0.6476571632458241,0.6482292822224356,0.648995480539468,-0.00023866956115670135,0.00033344941545476736
cat,n1000,2,384,0.001,margin_targeted,612,2058,91,2.0,182,random,4,91,0.14869281045751634,0.6453354706713632,27,0.14835164835164835,0.2967032967032967,-0.000341162105867987,64,0.6478958328069808,0.6501006268992291,0.6481482918750734,0.648995480539468,0.0022047940922482745,0.0002524590680925698
cat,n1000,2,384,0.001,margin_targeted,612,2058,91,2.0,182,random,5,91,0.14869281045751634,0.6453354706713632,35,0.19230769230769232,0.38461538461538464,0.04361488185017598,56,0.6478958328069808,0.6500835528858733,0.6493930652422432,0.648995480539468,0.0021877200788924522,0.0014972324352623412
cat,n1000,2,384,0.001,margin_targeted,612,2058,91,2.0,182,random,6,91,0.14869281045751634,0.6453354706713632,27,0.14835164835164835,0.2967032967032967,-0.000341162105867987,64,0.6478958328069808,0.6460203164231433,0.6483344751331936,0.648995480539468,-0.0018755163838375388,0.0004386423262128236
cat,n1000,2,384,0.001,margin_targeted,612,2058,91,2.0,182,random,7,91,0.14869281045751634,0.6453354706713632,30,0.16483516483516483,0.32967032967032966,0.016142354377648493,61,0.6478958328069808,0.6489472559497229,0.6476101746900806,0.648995480539468,0.0010514231427420917,-0.00028565811690017817
cat,n1000,2,384,0.001,margin_targeted,612,2058,91,2.0,182,random,8,91,0.14869281045751634,0.6453354706713632,33,0.1813186813186813,0.3626373626373626,0.032625870861164974,58,0.6478958328069808,0.6472638333515116,0.6487826910706691,0.648995480539468,-0.0006319994554692121,0.0008868582636882838
cat,n1000,2,384,0.001,margin_targeted,612,2058,91,2.0,182,random,9,91,0.14869281045751634,0.6453354706713632,26,0.14285714285714285,0.2857142857142857,-0.00583566760037349,65,0.6478958328069808,0.6508976366890012,0.6475894481001121,0.648995480539468,0.0030018038820204263,-0.0003063847068687231
cat,n1000,3,384,0.001,margin_targeted,620,2058,93,0.5,46,top,-1,93,0.15,0.6451000795739732,0,0.0,0.0,-0.15,93,0.6483976111742514,0.6472579975782791,0.6483976111742514,0.6495774381935695,-0.0011396135959723663,0.0
cat,n1000,3,384,0.001,margin_targeted,620,2058,93,0.5,46,bottom_oracle_diagnostic,-1,93,0.15,0.6451000795739732,0,0.0,0.0,-0.15,93,0.6483976111742514,0.6529940270871538,0.6483976111742514,0.6495774381935695,0.004596415912902385,0.0
cat,n1000,3,384,0.001,margin_targeted,620,2058,93,0.5,46,two_tailed,-1,93,0.15,0.6451000795739732,0,0.0,0.0,-0.15,93,0.6483976111742514,0.6453362031465867,0.6483976111742514,0.6495774381935695,-0.003061408027664747,0.0
cat,n1000,3,384,0.001,margin_targeted,620,2058,93,0.5,46,random,0,93,0.15,0.6451000795739732,10,0.21739130434782608,0.10752688172043011,0.06739130434782609,83,0.6483976111742514,0.6480422653634912,0.6480773439100711,0.6495774381935695,-0.00035534581076024363,-0.00032026726418032947
cat,n1000,3,384,0.001,margin_targeted,620,2058,93,0.5,46,random,1,93,0.15,0.6451000795739732,7,0.15217391304347827,0.07526881720430108,0.002173913043478276,86,0.6483976111742514,0.6495851456688181,0.6476057263794833,0.6495774381935695,0.0011875344945666555,-0.0007918847947681051
cat,n1000,3,384,0.001,margin_targeted,620,2058,93,0.5,46,random,2,93,0.15,0.6451000795739732,11,0.2391304347826087,0.11827956989247312,0.08913043478260871,82,0.6483976111742514,0.6480453633210779,0.6478261824064275,0.6495774381935695,-0.00035224785317355956,-0.0005714287678239005
cat,n1000,3,384,0.001,margin_targeted,620,2058,93,0.5,46,random,3,93,0.15,0.6451000795739732,5,0.10869565217391304,0.053763440860215055,-0.041304347826086954,88,0.6483976111742514,0.6495036129382042,0.6484468314698424,0.6495774381935695,0.001106001763952813,4.9220295590957086e-05
cat,n1000,3,384,0.001,margin_targeted,620,2058,93,0.5,46,random,4,93,0.15,0.6451000795739732,7,0.15217391304347827,0.07526881720430108,0.002173913043478276,86,0.6483976111742514,0.6490035927323805,0.6483716183097544,0.6495774381935695,0.0006059815581290762,-2.599286449700422e-05
cat,n1000,3,384,0.001,margin_targeted,620,2058,93,0.5,46,random,5,93,0.15,0.6451000795739732,8,0.17391304347826086,0.08602150537634409,0.02391304347826087,85,0.6483976111742514,0.6495935696740932,0.6481300477890032,0.6495774381935695,0.001195958499841776,-0.0002675633852482484
cat,n1000,3,384,0.001,margin_targeted,620,2058,93,0.5,46,random,6,93,0.15,0.6451000795739732,4,0.08695652173913043,0.043010752688172046,-0.06304347826086956,89,0.6483976111742514,0.6484958579938577,0.6486276615542816,0.6495774381935695,9.824681960624027e-05,0.00023005038003021117
cat,n1000,3,384,0.001,margin_targeted,620,2058,93,0.5,46,random,7,93,0.15,0.6451000795739732,7,0.15217391304347827,0.07526881720430108,0.002173913043478276,86,0.6483976111742514,0.6494960865361795,0.6488292344409089,0.6495774381935695,0.0010984753619280863,0.000431623266657466
cat,n1000,3,384,0.001,margin_targeted,620,2058,93,0.5,46,random,8,93,0.15,0.6451000795739732,9,0.1956521739130435,0.0967741935483871,0.04565217391304349,84,0.6483976111742514,0.6486620084569477,0.6485952106547231,0.6495774381935695,0.0002643972826962271,0.00019759948047171072
cat,n1000,3,384,0.001,margin_targeted,620,2058,93,0.5,46,random,9,93,0.15,0.6451000795739732,8,0.17391304347826086,0.08602150537634409,0.02391304347826087,85,0.6483976111742514,0.6501985810753466,0.6483997381749637,0.6495774381935695,0.0018009699010951286,2.12700071222649e-06
cat,n1000,3,384,0.001,margin_targeted,620,2058,93,1.0,93,top,-1,93,0.15,0.6451000795739732,0,0.0,0.0,-0.15,93,0.6483976111742514,0.6523658305207723,0.6483976111742514,0.6495774381935695,0.003968219346520918,0.0
cat,n1000,3,384,0.001,margin_targeted,620,2058,93,1.0,93,bottom_oracle_diagnostic,-1,93,0.15,0.6451000795739732,1,0.010752688172043012,0.010752688172043012,-0.139247311827957,92,0.6483976111742514,0.6667745665955322,0.6491139195741694,0.6495774381935695,0.018376955421280816,0.0007163083999179864
cat,n1000,3,384,0.001,margin_targeted,620,2058,93,1.0,93,two_tailed,-1,93,0.15,0.6451000795739732,0,0.0,0.0,-0.15,93,0.6483976111742514,0.6463807825578907,0.6483976111742514,0.6495774381935695,-0.0020168286163607663,0.0
cat,n1000,3,384,0.001,margin_targeted,620,2058,93,1.0,93,random,0,93,0.15,0.6451000795739732,16,0.17204301075268819,0.17204301075268819,0.02204301075268819,77,0.6483976111742514,0.6493772419081494,0.6480467975091536,0.6495774381935695,0.0009796307338979515,-0.00035081366509781553
cat,n1000,3,384,0.001,margin_targeted,620,2058,93,1.0,93,random,1,93,0.15,0.6451000795739732,11,0.11827956989247312,0.11827956989247312,-0.03172043010752687,82,0.6483976111742514,0.6490552457191301,0.6489699866950204,0.6495774381935695,0.0006576345448786602,0.0005723755207689418
cat,n1000,3,384,0.001,margin_targeted,620,2058,93,1.0,93,random,2,93,0.15,0.6451000795739732,11,0.11827956989247312,0.11827956989247312,-0.03172043010752687,82,0.6483976111742514,0.6482894859901533,0.6480074444602718,0.6495774381935695,-0.00010812518409808458,-0.00039016671397962277
cat,n1000,3,384,0.001,margin_targeted,620,2058,93,1.0,93,random,3,93,0.15,0.6451000795739732,12,0.12903225806451613,0.12903225806451613,-0.02096774193548387,81,0.6483976111742514,0.6486119153318757,0.6479483969182247,0.6495774381935695,0.00021430415762424548,-0.00044921425602673093
cat,n1000,3,384,0.001,margin_targeted,620,2058,93,1.0,93,random,4,93,0.15,0.6451000795739732,13,0.13978494623655913,0.13978494623655913,-0.010215053763440868,80,0.6483976111742514,0.6474558077705749,0.6490662093607501,0.6495774381935695,-0.0009418034036765555,0.0006685981864986701
cat,n1000,3,384,0.001,margin_targeted,620,2058,93,1.0,93,random,5,93,0.15,0.6451000795739732,17,0.1827956989247312,0.1827956989247312,0.03279569892473119,76,0.6483976111742514,0.6498457265777349,0.6485705677228796,0.6495774381935695,0.001448115403483441,0.0001729565486281448
cat,n1000,3,384,0.001,margin_targeted,620,2058,93,1.0,93,random,6,93,0.15,0.6451000795739732,14,0.15053763440860216,0.15053763440860216,0.0005376344086021612,79,0.6483976111742514,0.6507376693128759,0.6485446344985739,0.6495774381935695,0.002340058138624479,0.00014702332432248166
cat,n1000,3,384,0.001,margin_targeted,620,2058,93,1.0,93,random,7,93,0.15,0.6451000795739732,14,0.15053763440860216,0.15053763440860216,0.0005376344086021612,79,0.6483976111742514,0.6494733824272908,0.6494444266415106,0.6495774381935695,0.0010757712530393704,0.0010468154672591545
cat,n1000,3,384,0.001,margin_targeted,620,2058,93,1.0,93,random,8,93,0.15,0.6451000795739732,15,0.16129032258064516,0.16129032258064516,0.011290322580645162,78,0.6483976111742514,0.6486751745526417,0.6487525470694174,0.6495774381935695,0.00027756337839024425,0.00035493589516599755
cat,n1000,3,384,0.001,margin_targeted,620,2058,93,1.0,93,random,9,93,0.15,0.6451000795739732,16,0.17204301075268819,0.17204301075268819,0.02204301075268819,77,0.6483976111742514,0.6476729826079503,0.6483426174651623,0.6495774381935695,-0.0007246285663011776,-5.499370908912393e-05
cat,n1000,3,384,0.001,margin_targeted,620,2058,93,2.0,186,top,-1,93,0.15,0.6451000795739732,38,0.20430107526881722,0.40860215053763443,0.05430107526881722,55,0.6483976111742514,0.6593339424431849,0.6479487909121283,0.6495774381935695,0.010936331268933452,-0.00044882026212311743
cat,n1000,3,384,0.001,margin_targeted,620,2058,93,2.0,186,bottom_oracle_diagnostic,-1,93,0.15,0.6451000795739732,6,0.03225806451612903,0.06451612903225806,-0.11774193548387096,87,0.6483976111742514,0.7145730435201747,0.6486479679836796,0.6495774381935695,0.06617543234592327,0.00025035680942819827
cat,n1000,3,384,0.001,margin_targeted,620,2058,93,2.0,186,two_tailed,-1,93,0.15,0.6451000795739732,1,0.005376344086021506,0.010752688172043012,-0.1446236559139785,92,0.6483976111742514,0.650654516501908,0.6491139195741694,0.6495774381935695,0.0022569053276565443,0.0007163083999179864
cat,n1000,3,384,0.001,margin_targeted,620,2058,93,2.0,186,random,0,93,0.15,0.6451000795739732,30,0.16129032258064516,0.3225806451612903,0.011290322580645162,63,0.6483976111742514,0.6509815783346574,0.6488794707549472,0.6495774381935695,0.0025839671604059866,0.00048185958069579815
cat,n1000,3,384,0.001,margin_targeted,620,2058,93,2.0,186,random,1,93,0.15,0.6451000795739732,28,0.15053763440860216,0.3010752688172043,0.0005376344086021612,65,0.6483976111742514,0.6490905191556317,0.6489514934295318,0.6495774381935695,0.0006929079813802197,0.0005538822552804135
cat,n1000,3,384,0.001,margin_targeted,620,2058,93,2.0,186,random,2,93,0.15,0.6451000795739732,32,0.17204301075268819,0.34408602150537637,0.02204301075268819,61,0.6483976111742514,0.6488509870395958,0.648631774793836,0.6495774381935695,0.00045337586534432983,0.0002341636195846153
cat,n1000,3,384,0.001,margin_targeted,620,2058,93,2.0,186,random,3,93,0.15,0.6451000795739732,16,0.08602150537634409,0.17204301075268819,-0.0639784946236559,77,0.6483976111742514,0.6501915265065431,0.6483890103357246,0.6495774381935695,0.0017939153322916734,-8.600838526828802e-06
cat,n1000,3,384,0.001,margin_targeted,620,2058,93,2.0,186,random,4,93,0.15,0.6451000795739732,33,0.1774193548387097,0.3548387096774194,0.027419354838709692,60,0.6483976111742514,0.6470279929971056,0.6494358294469333,0.6495774381935695,-0.0013696181771458704,0.0010382182726819122
cat,n1000,3,384,0.001,margin_targeted,620,2058,93,2.0,186,random,5,93,0.15,0.6451000795739732,25,0.13440860215053763,0.26881720430107525,-0.015591397849462368,68,0.6483976111742514,0.6501216526235524,0.6478437740734205,0.6495774381935695,0.0017240414493009393,-0.0005538371008309007
cat,n1000,3,384,0.001,margin_targeted,620,2058,93,2.0,186,random,6,93,0.15,0.6451000795739732,27,0.14516129032258066,0.2903225806451613,-0.0048387096774193394,66,0.6483976111742514,0.6482549040202553,0.6485205464054383,0.6495774381935695,-0.00014270715399611333,0.00012293523118689365
cat,n1000,3,384,0.001,margin_targeted,620,2058,93,2.0,186,random,7,93,0.15,0.6451000795739732,27,0.14516129032258066,0.2903225806451613,-0.0048387096774193394,66,0.6483976111742514,0.6465377889978854,0.6479966900064983,0.6495774381935695,-0.0018598221763660439,-0.00040092116775314324
cat,n1000,3,384,0.001,margin_targeted,620,2058,93,2.0,186,random,8,93,0.15,0.6451000795739732,23,0.12365591397849462,0.24731182795698925,-0.02634408602150537,70,0.6483976111742514,0.649503531982766,0.6481162294417073,0.6495774381935695,0.001105920808514571,-0.0002813817325441059
cat,n1000,3,384,0.001,margin_targeted,620,2058,93,2.0,186,random,9,93,0.15,0.6451000795739732,30,0.16129032258064516,0.3225806451612903,0.011290322580645162,63,0.6483976111742514,0.6509538219756216,0.6490858124321017,0.6495774381935695,0.00255621080137014,0.0006882012578502961
cat,n1000,4,384,0.001,margin_targeted,616,2058,92,0.5,46,top,-1,92,0.14935064935064934,0.6382135745104547,0,0.0,0.0,-0.14935064935064934,92,0.648020005716087,0.6458949964328752,0.648020005716087,0.6483033358106198,-0.0021250092832117984,0.0
cat,n1000,4,384,0.001,margin_targeted,616,2058,92,0.5,46,bottom_oracle_diagnostic,-1,92,0.14935064935064934,0.6382135745104547,0,0.0,0.0,-0.14935064935064934,92,0.648020005716087,0.6534655644553943,0.648020005716087,0.6483033358106198,0.005445558739307299,0.0
cat,n1000,4,384,0.001,margin_targeted,616,2058,92,0.5,46,two_tailed,-1,92,0.14935064935064934,0.6382135745104547,0,0.0,0.0,-0.14935064935064934,92,0.648020005716087,0.6456257007801347,0.648020005716087,0.6483033358106198,-0.002394304935952274,0.0
cat,n1000,4,384,0.001,margin_targeted,616,2058,92,0.5,46,random,0,92,0.14935064935064934,0.6382135745104547,7,0.15217391304347827,0.07608695652173914,0.0028232636928289256,85,0.648020005716087,0.6470614665265876,0.6484881606477634,0.6483033358106198,-0.0009585391894993966,0.0004681549316764011
cat,n1000,4,384,0.001,margin_targeted,616,2058,92,0.5,46,random,1,92,0.14935064935064934,0.6382135745104547,5,0.10869565217391304,0.05434782608695652,-0.040654997176736304,87,0.648020005716087,0.6470167955927708,0.6479289826107849,0.6483033358106198,-0.0010032101233161672,-9.102310530206825e-05
cat,n1000,4,384,0.001,margin_targeted,616,2058,92,0.5,46,random,2,92,0.14935064935064934,0.6382135745104547,10,0.21739130434782608,0.10869565217391304,0.06804065499717674,82,0.648020005716087,0.6470134285727991,0.647325029153241,0.6483033358106198,-0.00100657714328789,-0.0006949765628460058
cat,n1000,4,384,0.001,margin_targeted,616,2058,92,0.5,46,random,3,92,0.14935064935064934,0.6382135745104547,5,0.10869565217391304,0.05434782608695652,-0.040654997176736304,87,0.648020005716087,0.6490489887410801,0.6482510453635909,0.6483033358106198,0.001028983024993102,0.0002310396475039278
cat,n1000,4,384,0.001,margin_targeted,616,2058,92,0.5,46,random,4,92,0.14935064935064934,0.6382135745104547,7,0.15217391304347827,0.07608695652173914,0.0028232636928289256,85,0.648020005716087,0.6488983183407292,0.6480045176137941,0.6483033358106198,0.000878312624642219,-1.5488102292904316e-05
cat,n1000,4,384,0.001,margin_targeted,616,2058,92,0.5,46,random,5,92,0.14935064935064934,0.6382135745104547,8,0.17391304347826086,0.08695652173913043,0.02456239412761152,84,0.648020005716087,0.6475865249691052,0.6486428474165704,0.6483033358106198,-0.00043348074698179584,0.0006228417004834341
cat,n1000,4,384,0.001,margin_targeted,616,2058,92,0.5,46,random,6,92,0.14935064935064934,0.6382135745104547,5,0.10869565217391304,0.05434782608695652,-0.040654997176736304,87,0.648020005716087,0.6473416729515865,0.648017949540926,0.6483033358106198,-0.0006783327645004666,-2.0561751610248535e-06
cat,n1000,4,384,0.001,margin_targeted,616,2058,92,0.5,46,random,7,92,0.14935064935064934,0.6382135745104547,8,0.17391304347826086,0.08695652173913043,0.02456239412761152,84,0.648020005716087,0.647948177351744,0.6479614003529447,0.6483033358106198,-7.182836434294071e-05,-5.860536314228337e-05
cat,n1000,4,384,0.001,margin_targeted,616,2058,92,0.5,46,random,8,92,0.14935064935064934,0.6382135745104547,6,0.13043478260869565,0.06521739130434782,-0.018915866741953696,86,0.648020005716087,0.6490472719236641,0.6473519628426059,0.6483033358106198,0.0010272662075770933,-0.0006680428734811006
cat,n1000,4,384,0.001,margin_targeted,616,2058,92,0.5,46,random,9,92,0.14935064935064934,0.6382135745104547,6,0.13043478260869565,0.06521739130434782,-0.018915866741953696,86,0.648020005716087,0.6480304491311093,0.6484451037069467,0.6483033358106198,1.0443415022320934e-05,0.0004250979908597685
cat,n1000,4,384,0.001,margin_targeted,616,2058,92,1.0,92,top,-1,92,0.14935064935064934,0.6382135745104547,0,0.0,0.0,-0.14935064935064934,92,0.648020005716087,0.6507254284589543,0.648020005716087,0.6483033358106198,0.002705422742867336,0.0
cat,n1000,4,384,0.001,margin_targeted,616,2058,92,1.0,92,bottom_oracle_diagnostic,-1,92,0.14935064935064934,0.6382135745104547,1,0.010869565217391304,0.010869565217391304,-0.13848108413325805,91,0.648020005716087,0.6693411172570604,0.6484871014442652,0.6483033358106198,0.02132111154097338,0.0004670957281782684
cat,n1000,4,384,0.001,margin_targeted,616,2058,92,1.0,92,two_tailed,-1,92,0.14935064935064934,0.6382135745104547,0,0.0,0.0,-0.14935064935064934,92,0.648020005716087,0.6451619166532531,0.648020005716087,0.6483033358106198,-0.002858089062833913,0.0
cat,n1000,4,384,0.001,margin_targeted,616,2058,92,1.0,92,random,0,92,0.14935064935064934,0.6382135745104547,17,0.18478260869565216,0.18478260869565216,0.03543195934500282,75,0.648020005716087,0.6473662070529188,0.6481879657119469,0.6483033358106198,-0.0006537986631681703,0.00016795999585994537
cat,n1000,4,384,0.001,margin_targeted,616,2058,92,1.0,92,random,1,92,0.14935064935064934,0.6382135745104547,11,0.11956521739130435,0.11956521739130435,-0.029785431959344993,81,0.648020005716087,0.6501091077821501,0.6496112016822865,0.6483033358106198,0.0020891020660631643,0.001591195966199499
cat,n1000,4,384,0.001,margin_targeted,616,2058,92,1.0,92,random,2,92,0.14935064935064934,0.6382135745104547,15,0.16304347826086957,0.16304347826086957,0.013692828910220223,77,0.648020005716087,0.6485299309168502,0.6480149883464086,0.6483033358106198,0.000509925200763206,-5.017369678395056e-06
cat,n1000,4,384,0.001,margin_targeted,616,2058,92,1.0,92,random,3,92,0.14935064935064934,0.6382135745104547,13,0.14130434782608695,0.14130434782608695,-0.0080463015245624,79,0.648020005716087,0.648491886783122,0.6478270132814107,0.6483033358106198,0.000471881067034996,-0.0001929924346762979
cat,n1000,4,384,0.001,margin_targeted,616,2058,92,1.0,92,random,4,92,0.14935064935064934,0.6382135745104547,13,0.14130434782608695,0.14130434782608695,-0.0080463015245624,79,0.648020005716087,0.6494668032233133,0.6484922073550595,0.6483033358106198,0.0014467975072263162,0.00047220163897254697
cat,n1000,4,384,0.001,margin_targeted,616,2058,92,1.0,92,random,5,92,0.14935064935064934,0.6382135745104547,11,0.11956521739130435,0.11956521739130435,-0.029785431959344993,81,0.648020005716087,0.6483786989583742,0.647734585306909,0.6483033358106198,0.00035869324228721133,-0.0002854204091780055
cat,n1000,4,384,0.001,margin_targeted,616,2058,92,1.0,92,random,6,92,0.14935064935064934,0.6382135745104547,19,0.20652173913043478,0.20652173913043478,0.05717108977978544,73,0.648020005716087,0.6490363834425523,0.6486812475486662,0.6483033358106198,0.001016377726465345,0.0006612418325792069
cat,n1000,4,384,0.001,margin_targeted,616,2058,92,1.0,92,random,7,92,0.14935064935064934,0.6382135745104547,14,0.15217391304347827,0.15217391304347827,0.0028232636928289256,78,0.648020005716087,0.6513186259644101,0.6479145420259482,0.6483033358106198,0.0032986202483231697,-0.00010546369013875179
cat,n1000,4,384,0.001,margin_targeted,616,2058,92,1.0,92,random,8,92,0.14935064935064934,0.6382135745104547,20,0.21739130434782608,0.21739130434782608,0.06804065499717674,72,0.648020005716087,0.6490749129551493,0.6463308319496172,0.6483033358106198,0.0010549072390623193,-0.0016891737664698203
cat,n1000,4,384,0.001,margin_targeted,616,2058,92,1.0,92,random,9,92,0.14935064935064934,0.6382135745104547,9,0.09782608695652174,0.09782608695652174,-0.0515245623941276,83,0.648020005716087,0.6509700501721969,0.6480816690214003,0.6483033358106198,0.0029500444561099126,6.166330531331976e-05
cat,n1000,4,384,0.001,margin_targeted,616,2058,92,2.0,184,top,-1,92,0.14935064935064934,0.6382135745104547,35,0.19021739130434784,0.3804347826086957,0.04086674195369849,57,0.648020005716087,0.6584781826218622,0.6473936344448635,0.6483033358106198,0.010458176905775218,-0.000626371271223447
cat,n1000,4,384,0.001,margin_targeted,616,2058,92,2.0,184,bottom_oracle_diagnostic,-1,92,0.14935064935064934,0.6382135745104547,5,0.02717391304347826,0.05434782608695652,-0.12217673630717109,87,0.648020005716087,0.7249331940158825,0.6489286220930481,0.6483033358106198,0.07691318829979554,0.0009086163769611577
cat,n1000,4,384,0.001,margin_targeted,616,2058,92,2.0,184,two_tailed,-1,92,0.14935064935064934,0.6382135745104547,1,0.005434782608695652,0.010869565217391304,-0.1439158667419537,91,0.648020005716087,0.6488255985799849,0.6484871014442652,0.6483033358106198,0.0008055928638979193,0.0004670957281782684
cat,n1000,4,384,0.001,margin_targeted,616,2058,92,2.0,184,random,0,92,0.14935064935064934,0.6382135745104547,27,0.14673913043478262,0.29347826086956524,-0.002611518915866723,65,0.648020005716087,0.6512524754850173,0.6478556681181517,0.6483033358106198,0.003232469768930324,-0.00016433759793532676
cat,n1000,4,384,0.001,margin_targeted,616,2058,92,2.0,184,random,1,92,0.14935064935064934,0.6382135745104547,33,0.1793478260869565,0.358695652173913,0.02999717673630717,59,0.648020005716087,0.6525770707420657,0.6476163983777514,0.6483033358106198,0.004557065025978746,-0.0004036073383355543
cat,n1000,4,384,0.001,margin_targeted,616,2058,92,2.0,184,random,2,92,0.14935064935064934,0.6382135745104547,33,0.1793478260869565,0.358695652173913,0.02999717673630717,59,0.648020005716087,0.6504955342925715,0.6480033450481013,0.6483033358106198,0.002475528576484476,-1.6660667985668454e-05
cat,n1000,4,384,0.001,margin_targeted,616,2058,92,2.0,184,random,3,92,0.14935064935064934,0.6382135745104547,31,0.16847826086956522,0.33695652173913043,0.01912761151891587,61,0.648020005716087,0.6489381279616308,0.647065174889652,0.6483033358106198,0.0009181222455437732,-0.0009548308264349936
cat,n1000,4,384,0.001,margin_targeted,616,2058,92,2.0,184,random,4,92,0.14935064935064934,0.6382135745104547,29,0.15760869565217392,0.31521739130434784,0.008258046301524574,63,0.648020005716087,0.6480995573648171,0.6476354645936959,0.6483033358106198,7.955164873008069e-05,-0.00038454112239105775
cat,n1000,4,384,0.001,margin_targeted,616,2058,92,2.0,184,random,5,92,0.14935064935064934,0.6382135745104547,24,0.13043478260869565,0.2608695652173913,-0.018915866741953696,68,0.648020005716087,0.6470159645213189,0.6481088433553589,0.6483033358106198,-0.001004041194768046,8.883763927192145e-05
cat,n1000,4,384,0.001,margin_targeted,616,2058,92,2.0,184,random,6,92,0.14935064935064934,0.6382135745104547,26,0.14130434782608695,0.2826086956521739,-0.0080463015245624,66,0.648020005716087,0.6499040289430712,0.6487538523570847,0.6483033358106198,0.0018840232269842216,0.0007338466409977373
cat,n1000,4,384,0.001,margin_targeted,616,2058,92,2.0,184,random,7,92,0.14935064935064934,0.6382135745104547,24,0.13043478260869565,0.2608695652173913,-0.018915866741953696,68,0.648020005716087,0.6531500528247889,0.6478566205932044,0.6483033358106198,0.005130047108701907,-0.00016338512288260887
cat,n1000,4,384,0.001,margin_targeted,616,2058,92,2.0,184,random,8,92,0.14935064935064934,0.6382135745104547,33,0.1793478260869565,0.358695652173913,0.02999717673630717,59,0.648020005716087,0.6503269897992701,0.6487339052415866,0.6483033358106198,0.0023069840831830835,0.0007138995254996061
cat,n1000,4,384,0.001,margin_targeted,616,2058,92,2.0,184,random,9,92,0.14935064935064934,0.6382135745104547,22,0.11956521739130435,0.2391304347826087,-0.029785431959344993,70,0.648020005716087,0.6506248659902272,0.6474754226462306,0.6483033358106198,0.002604860274140197,-0.0005445830698563858
cat,n3000,0,384,0.001,directional,1835,2058,275,0.5,138,top,-1,275,0.14986376021798364,0.23834731934731934,0,0.0,0.0,-0.14986376021798364,275,0.6491463665523598,0.6539986397227284,0.6491463665523598,0.6498022362115391,0.004852273170368626,0.0
cat,n3000,0,384,0.001,directional,1835,2058,275,0.5,138,bottom_oracle_diagnostic,-1,275,0.14986376021798364,0.23834731934731934,23,0.16666666666666666,0.08363636363636363,0.016802906448683014,252,0.6491463665523598,0.6482724012377467,0.644338566851917,0.6498022362115391,-0.0008739653146131454,-0.004807799700442761
cat,n3000,0,384,0.001,directional,1835,2058,275,0.5,138,two_tailed,-1,275,0.14986376021798364,0.23834731934731934,14,0.10144927536231885,0.05090909090909091,-0.0484144848556648,261,0.6491463665523598,0.651925073189737,0.6455451703420405,0.6498022362115391,0.0027787066373772262,-0.0036011962103192907
cat,n3000,0,384,0.001,directional,1835,2058,275,0.5,138,random,0,275,0.14986376021798364,0.23834731934731934,20,0.14492753623188406,0.07272727272727272,-0.0049362239860995805,255,0.6491463665523598,0.6490250357264543,0.6468537042232565,0.6498022362115391,-0.00012133082590548572,-0.002292662329103301
cat,n3000,0,384,0.001,directional,1835,2058,275,0.5,138,random,1,275,0.14986376021798364,0.23834731934731934,23,0.16666666666666666,0.08363636363636363,0.016802906448683014,252,0.6491463665523598,0.6492640199662959,0.6473363891150464,0.6498022362115391,0.00011765341393610296,-0.0018099774373133704
cat,n3000,0,384,0.001,directional,1835,2058,275,0.5,138,random,2,275,0.14986376021798364,0.23834731934731934,17,0.12318840579710146,0.06181818181818182,-0.02667535442088219,258,0.6491463665523598,0.6492962339294084,0.6473103535635236,0.6498022362115391,0.00014986737704858477,-0.0018360129888361776
cat,n3000,0,384,0.001,directional,1835,2058,275,0.5,138,random,3,275,0.14986376021798364,0.23834731934731934,21,0.15217391304347827,0.07636363636363637,0.002310152825494627,254,0.6491463665523598,0.6497176056427578,0.6482211706716318,0.6498022362115391,0.0005712390903980236,-0.0009251958807280358
cat,n3000,0,384,0.001,directional,1835,2058,275,0.5,138,random,4,275,0.14986376021798364,0.23834731934731934,19,0.13768115942028986,0.06909090909090909,-0.012182600797693788,256,0.6491463665523598,0.649419197081297,0.6480476605932008,0.6498022362115391,0.00027283052893722903,-0.001098705959158952
cat,n3000,0,384,0.001,directional,1835,2058,275,0.5,138,random,5,275,0.14986376021798364,0.23834731934731934,22,0.15942028985507245,0.08,0.009556529637088806,253,0.6491463665523598,0.6490387195912447,0.6469768127942843,0.6498022362115391,-0.0001076469611150932,-0.002169553758075482
cat,n3000,0,384,0.001,directional,1835,2058,275,0.5,138,random,6,275,0.14986376021798364,0.23834731934731934,16,0.11594202898550725,0.05818181818181818,-0.033921731232476396,259,0.6491463665523598,0.6496918202833055,0.6480731380547105,0.6498022362115391,0.0005454537309457219,-0.0010732284976493478
cat,n3000,0,384,0.001,directional,1835,2058,275,0.5,138,random,7,275,0.14986376021798364,0.23834731934731934,24,0.17391304347826086,0.08727272727272728,0.02404928326027722,251,0.6491463665523598,0.649039579394123,0.647179735275517,0.6498022362115391,-0.00010678715823675411,-0.001966631276842823
cat,n3000,0,384,0.001,directional,1835,2058,275,0.5,138,random,8,275,0.14986376021798364,0.23834731934731934,12,0.08695652173913043,0.04363636363636364,-0.06290723847885321,263,0.6491463665523598,0.6496963888243187,0.6483755860987954,0.6498022362115391,0.0005500222719588832,-0.0007707804535643792
cat,n3000,0,384,0.001,directional,1835,2058,275,0.5,138,random,9,275,0.14986376021798364,0.23834731934731934,17,0.12318840579710146,0.06181818181818182,-0.02667535442088219,258,0.6491463665523598,0.6491741181374616,0.6477783412921615,0.6498022362115391,2.775158510182063e-05,-0.0013680252601983023
cat,n3000,0,384,0.001,directional,1835,2058,275,1.0,275,top,-1,275,0.14986376021798364,0.23834731934731934,0,0.0,0.0,-0.14986376021798364,275,0.6491463665523598,0.6592302336565814,0.6491463665523598,0.6498022362115391,0.0100838671042216,0.0
cat,n3000,0,384,0.001,directional,1835,2058,275,1.0,275,bottom_oracle_diagnostic,-1,275,0.14986376021798364,0.23834731934731934,58,0.2109090909090909,0.2109090909090909,0.061045330691107264,217,0.6491463665523598,0.6459802236164185,0.6425294319075004,0.6498022362115391,-0.0031661429359413074,-0.006616934644859351
cat,n3000,0,384,0.001,directional,1835,2058,275,1.0,275,two_tailed,-1,275,0.14986376021798364,0.23834731934731934,23,0.08363636363636363,0.08363636363636363,-0.06622739658162001,252,0.6491463665523598,0.6537330293834617,0.644338566851917,0.6498022362115391,0.004586662831101873,-0.004807799700442761
cat,n3000,0,384,0.001,directional,1835,2058,275,1.0,275,random,0,275,0.14986376021798364,0.23834731934731934,38,0.13818181818181818,0.13818181818181818,-0.01168194203616546,237,0.6491463665523598,0.6494666252269301,0.6456059343109578,0.6498022362115391,0.0003202586745703062,-0.0035404322414019918
cat,n3000,0,384,0.001,directional,1835,2058,275,1.0,275,random,1,275,0.14986376021798364,0.23834731934731934,47,0.1709090909090909,0.1709090909090909,0.021045330691107256,228,0.6491463665523598,0.6485467802014766,0.6455090044801068,0.6498022362115391,-0.0005995863508831967,-0.0036373620722529587
cat,n3000,0,384,0.001,directional,1835,2058,275,1.0,275,random,2,275,0.14986376021798364,0.23834731934731934,47,0.1709090909090909,0.1709090909090909,0.021045330691107256,228,0.6491463665523598,0.6490719616419053,0.6449972245183008,0.6498022362115391,-7.440491045451747e-05,-0.004149142034059028
cat,n3000,0,384,0.001,directional,1835,2058,275,1.0,275,random,3,275,0.14986376021798364,0.23834731934731934,35,0.12727272727272726,0.12727272727272726,-0.022591032945256384,240,0.6491463665523598,0.6485336387183926,0.6462174124630785,0.6498022362115391,-0.0006127278339671527,-0.002928954089281288
cat,n3000,0,384,0.001,directional,1835,2058,275,1.0,275,random,4,275,0.14986376021798364,0.23834731934731934,40,0.14545454545454545,0.14545454545454545,-0.004409214763438196,235,0.6491463665523598,0.6494554768575569,0.6462149078045673,0.6498022362115391,0.00030911030519709115,-0.002931458747792548
cat,n3000,0,384,0.001,directional,1835,2058,275,1.0,275,random,5,275,0.14986376021798364,0.23834731934731934,38,0.13818181818181818,0.13818181818181818,-0.01168194203616546,237,0.6491463665523598,0.6492928004459393,0.6469611299239553,0.6498022362115391,0.00014643389357948955,-0.00218523662840453
cat,n3000,0,384,0.001,directional,1835,2058,275,1.0,275,random,6,275,0.14986376021798364,0.23834731934731934,31,0.11272727272727273,0.11272727272727273,-0.03713648749071091,244,0.6491463665523598,0.6501430460042732,0.6458333990092754,0.6498022362115391,0.000996679451913396,-0.0033129675430844108
cat,n3000,0,384,0.001,directional,1835,2058,275,1.0,275,random,7,275,0.14986376021798364,0.23834731934731934,39,0.14181818181818182,0.14181818181818182,-0.008045578399801828,236,0.6491463665523598,0.6485471507456115,0.6454670521925715,0.6498022362115391,-0.0005992158067482656,-0.0036793143597882993
cat,n3000,0,384,0.001,directional,1835,2058,275,1.0,275,random,8,275,0.14986376021798364,0.23834731934731934,42,0.15272727272727274,0.15272727272727274,0.0028635125092890956,233,0.6491463665523598,0.6489971838036835,0.6454353793642886,0.6498022362115391,-0.00014918274867625758,-0.0037109871880711687
cat,n3000,0,384,0.001,directional,1835,2058,275,1.0,275,random,9,275,0.14986376021798364,0.23834731934731934,47,0.1709090909090909,0.1709090909090909,0.021045330691107256,228,0.6491463665523598,0.6492858848998897,0.6444839304547109,0.6498022362115391,0.0001395183475298989,-0.0046624360976489365
cat,n3000,0,384,0.001,directional,1835,2058,275,2.0,550,top,-1,275,0.14986376021798364,0.23834731934731934,0,0.0,0.0,-0.14986376021798364,275,0.6491463665523598,0.6680898991016726,0.6491463665523598,0.6498022362115391,0.018943532549312803,0.0
cat,n3000,0,384,0.001,directional,1835,2058,275,2.0,550,bottom_oracle_diagnostic,-1,275,0.14986376021798364,0.23834731934731934,142,0.2581818181818182,0.5163636363636364,0.10831805796383454,133,0.6491463665523598,0.6434160709640225,0.6446471753094097,0.6498022362115391,-0.005730295588337264,-0.0044991912429500625
cat,n3000,0,384,0.001,directional,1835,2058,275,2.0,550,two_tailed,-1,275,0.14986376021798364,0.23834731934731934,58,0.10545454545454545,0.2109090909090909,-0.04440921476343819,217,0.6491463665523598,0.658051246276459,0.6425294319075004,0.6498022362115391,0.008904879724099146,-0.006616934644859351
cat,n3000,0,384,0.001,directional,1835,2058,275,2.0,550,random,0,275,0.14986376021798364,0.23834731934731934,68,0.12363636363636364,0.24727272727272728,-0.026227396581620002,207,0.6491463665523598,0.6495579073759755,0.6444743778686743,0.6498022362115391,0.0004115408236157192,-0.004671988683685457
cat,n3000,0,384,0.001,directional,1835,2058,275,2.0,550,random,1,275,0.14986376021798364,0.23834731934731934,92,0.16727272727272727,0.33454545454545453,0.017408967054743624,183,0.6491463665523598,0.6483260790300666,0.643194480243565,0.6498022362115391,-0.0008202875222932393,-0.00595188630879484
cat,n3000,0,384,0.001,directional,1835,2058,275,2.0,550,random,2,275,0.14986376021798364,0.23834731934731934,87,0.15818181818181817,0.31636363636363635,0.00831805796383453,188,0.6491463665523598,0.648274216264104,0.6431579800008518,0.6498022362115391,-0.0008721502882558241,-0.005988386551508018
cat,n3000,0,384,0.001,directional,1835,2058,275,2.0,550,random,3,275,0.14986376021798364,0.23834731934731934,83,0.1509090909090909,0.3018181818181818,0.0010453306911072657,192,0.6491463665523598,0.6490821784359059,0.6435076621480648,0.6498022362115391,-6.418811645392264e-05,-0.005638704404295036
cat,n3000,0,384,0.001,directional,1835,2058,275,2.0,550,random,4,275,0.14986376021798364,0.23834731934731934,83,0.1509090909090909,0.3018181818181818,0.0010453306911072657,192,0.6491463665523598,0.6508767384503373,0.6436093703083937,0.6498022362115391,0.001730371897977534,-0.005536996243966086
cat,n3000,0,384,0.001,directional,1835,2058,275,2.0,550,random,5,275,0.14986376021798364,0.23834731934731934,77,0.14,0.28,-0.00986376021798363,198,0.6491463665523598,0.6487060729198558,0.6445058128797001,0.6498022362115391,-0.00044029363250397413,-0.004640553672659697
cat,n3000,0,384,0.001,directional,1835,2058,275,2.0,550,random,6,275,0.14986376021798364,0.23834731934731934,78,0.14181818181818182,0.28363636363636363,-0.008045578399801828,197,0.6491463665523598,0.6496905470095518,0.6439119357765125,0.6498022362115391,0.0005441804571919562,-0.0052344307758472874
cat,n3000,0,384,0.001,directional,1835,2058,275,2.0,550,random,7,275,0.14986376021798364,0.23834731934731934,78,0.14181818181818182,0.28363636363636363,-0.008045578399801828,197,0.6491463665523598,0.64953470352714,0.6438599371865955,0.6498022362115391,0.00038833697478024565,-0.005286429365764289
cat,n3000,0,384,0.001,directional,1835,2058,275,2.0,550,random,8,275,0.14986376021798364,0.23834731934731934,78,0.14181818181818182,0.28363636363636363,-0.008045578399801828,197,0.6491463665523598,0.6492613419045693,0.6429583482879607,0.6498022362115391,0.00011497535220950095,-0.0061880182643990755
cat,n3000,0,384,0.001,directional,1835,2058,275,2.0,550,random,9,275,0.14986376021798364,0.23834731934731934,84,0.15272727272727274,0.3054545454545455,0.0028635125092890956,191,0.6491463665523598,0.6492451031885568,0.6438031311255179,0.6498022362115391,9.873663619697215e-05,-0.005343235426841897
cat,n3000,1,384,0.001,directional,1838,2058,275,0.5,138,top,-1,275,0.14961915125136016,0.0277461757692084,0,0.0,0.0,-0.14961915125136016,275,0.7741341382511653,0.8142097366617594,0.7741341382511653,0.6469710599979467,0.04007559841059416,0.0
cat,n3000,1,384,0.001,directional,1838,2058,275,0.5,138,bottom_oracle_diagnostic,-1,275,0.14961915125136016,0.0277461757692084,112,0.8115942028985508,0.4072727272727273,0.6619750516471906,163,0.7741341382511653,0.7284813046039033,0.6838176400524323,0.6469710599979467,-0.045652833647262026,-0.090316498198733
cat,n3000,1,384,0.001,directional,1838,2058,275,0.5,138,two_tailed,-1,275,0.14961915125136016,0.0277461757692084,56,0.4057971014492754,0.20363636363636364,0.2561779501979152,219,0.7741341382511653,0.7767674013712579,0.7138291964976625,0.6469710599979467,0.0026332631200925993,-0.06030494175350276
cat,n3000,1,384,0.001,directional,1838,2058,275,0.5,138,random,0,275,0.14961915125136016,0.0277461757692084,24,0.17391304347826086,0.08727272727272728,0.024293892226900704,251,0.7741341382511653,0.7724766432846091,0.7521695629363098,0.6469710599979467,-0.0016574949665562055,-0.021964575314855517
cat,n3000,1,384,0.001,directional,1838,2058,275,0.5,138,random,1,275,0.14961915125136016,0.0277461757692084,17,0.12318840579710146,0.06181818181818182,-0.026430745454258706,258,0.7741341382511653,0.7751426513401414,0.75844427548157,0.6469710599979467,0.001008513088976093,-0.015689862769595275
cat,n3000,1,384,0.001,directional,1838,2058,275,0.5,138,random,2,275,0.14961915125136016,0.0277461757692084,24,0.17391304347826086,0.08727272727272728,0.024293892226900704,251,0.7741341382511653,0.7721453828868132,0.7543760474805414,0.6469710599979467,-0.0019887553643520572,-0.01975809077062385
cat,n3000,1,384,0.001,directional,1838,2058,275,0.5,138,random,3,275,0.14961915125136016,0.0277461757692084,16,0.11594202898550725,0.05818181818181818,-0.03367712226585291,259,0.7741341382511653,0.7756667883366318,0.7604863697538206,0.6469710599979467,0.001532650085466547,-0.013647768497344726
cat,n3000,1,384,0.001,directional,1838,2058,275,0.5,138,random,4,275,0.14961915125136016,0.0277461757692084,11,0.07971014492753623,0.04,-0.06990900632382394,264,0.7741341382511653,0.7785939574229255,0.7652061582200697,0.6469710599979467,0.004459819171760193,-0.008927980031095628
cat,n3000,1,384,0.001,directional,1838,2058,275,0.5,138,random,5,275,0.14961915125136016,0.0277461757692084,24,0.17391304347826086,0.08727272727272728,0.024293892226900704,251,0.7741341382511653,0.7730338430375974,0.7533356131733561,0.6469710599979467,-0.0011002952135679145,-0.020798525077809216
cat,n3000,1,384,0.001,directional,1838,2058,275,0.5,138,random,6,275,0.14961915125136016,0.0277461757692084,29,0.21014492753623187,0.10545454545454545,0.06052577628487171,246,0.7741341382511653,0.77100546718173,0.7496506952342598,0.6469710599979467,-0.0031286710694352626,-0.024483443016905526
cat,n3000,1,384,0.001,directional,1838,2058,275,0.5,138,random,7,275,0.14961915125136016,0.0277461757692084,17,0.12318840579710146,0.06181818181818182,-0.026430745454258706,258,0.7741341382511653,0.7751906814435261,0.7607004584871098,0.6469710599979467,0.0010565431923608148,-0.013433679764055517
cat,n3000,1,384,0.001,directional,1838,2058,275,0.5,138,random,8,275,0.14961915125136016,0.0277461757692084,16,0.11594202898550725,0.05818181818181818,-0.03367712226585291,259,0.7741341382511653,0.7743001444011726,0.7620772339281571,0.6469710599979467,0.0001660061500072807,-0.01205690432300821
cat,n3000,1,384,0.001,directional,1838,2058,275,0.5,138,random,9,275,0.14961915125136016,0.0277461757692084,20,0.14492753623188406,0.07272727272727272,-0.0046916150194760975,255,0.7741341382511653,0.7770720161922822,0.7586075832871039,0.6469710599979467,0.0029378779411168843,-0.015526554964061412
cat,n3000,1,384,0.001,directional,1838,2058,275,1.0,275,top,-1,275,0.14961915125136016,0.0277461757692084,0,0.0,0.0,-0.14961915125136016,275,0.7741341382511653,0.8560470267663742,0.7741341382511653,0.6469710599979467,0.08191288851520895,0.0
cat,n3000,1,384,0.001,directional,1838,2058,275,1.0,275,bottom_oracle_diagnostic,-1,275,0.14961915125136016,0.0277461757692084,213,0.7745454545454545,0.7745454545454545,0.6249263032940944,62,0.7741341382511653,0.6809646264795668,0.6567202585159285,0.6469710599979467,-0.09316951177159849,-0.11741387973523676
cat,n3000,1,384,0.001,directional,1838,2058,275,1.0,275,two_tailed,-1,275,0.14961915125136016,0.0277461757692084,112,0.4072727272727273,0.4072727272727273,0.2576535760213671,163,0.7741341382511653,0.773241121399019,0.6838176400524323,0.6469710599979467,-0.0008930168521462667,-0.090316498198733
cat,n3000,1,384,0.001,directional,1838,2058,275,1.0,275,random,0,275,0.14961915125136016,0.0277461757692084,44,0.16,0.16,0.010380848748639843,231,0.7741341382511653,0.770361950167616,0.736073247179047,0.6469710599979467,-0.0037721880835492883,-0.0380608910721183
cat,n3000,1,384,0.001,directional,1838,2058,275,1.0,275,random,1,275,0.14961915125136016,0.0277461757692084,50,0.18181818181818182,0.18181818181818182,0.03219903056682166,225,0.7741341382511653,0.7749987612615131,0.7346940799158527,0.6469710599979467,0.0008646230103478425,-0.03944005833531261
cat,n3000,1,384,0.001,directional,1838,2058,275,1.0,275,random,2,275,0.14961915125136016,0.0277461757692084,48,0.17454545454545456,0.17454545454545456,0.0249263032940944,227,0.7741341382511653,0.7705082075299778,0.7368570407730052,0.6469710599979467,-0.0036259307211874425,-0.037277097478160104
cat,n3000,1,384,0.001,directional,1838,2058,275,1.0,275,random,3,275,0.14961915125136016,0.0277461757692084,48,0.17454545454545456,0.17454545454545456,0.0249263032940944,227,0.7741341382511653,0.7705268659975332,0.7373087413173557,0.6469710599979467,-0.00360727225363211,-0.036825396933809595
cat,n3000,1,384,0.001,directional,1838,2058,275,1.0,275,random,4,275,0.14961915125136016,0.0277461757692084,40,0.14545454545454545,0.14545454545454545,-0.004164605796814713,235,0.7741341382511653,0.7769449948143745,0.7455348567812876,0.6469710599979467,0.0028108565632092297,-0.02859928146987767
cat,n3000,1,384,0.001,directional,1838,2058,275,1.0,275,random,5,275,0.14961915125136016,0.0277461757692084,43,0.15636363636363637,0.15636363636363637,0.006744485112276211,232,0.7741341382511653,0.7731311702883424,0.7401426054352357,0.6469710599979467,-0.0010029679628228427,-0.03399153281592959
cat,n3000,1,384,0.001,directional,1838,2058,275,1.0,275,random,6,275,0.14961915125136016,0.0277461757692084,40,0.14545454545454545,0.14545454545454545,-0.004164605796814713,235,0.7741341382511653,0.7763456467161117,0.743612602997991,0.6469710599979467,0.0022115084649464434,-0.030521535253174248
cat,n3000,1,384,0.001,directional,1838,2058,275,1.0,275,random,7,275,0.14961915125136016,0.0277461757692084,47,0.1709090909090909,0.1709090909090909,0.02128993965773074,228,0.7741341382511653,0.7730949003696096,0.7395758961122763,0.6469710599979467,-0.001039237881555688,-0.03455824213888903
cat,n3000,1,384,0.001,directional,1838,2058,275,1.0,275,random,8,275,0.14961915125136016,0.0277461757692084,42,0.15272727272727274,0.15272727272727274,0.0031081214759125786,233,0.7741341382511653,0.7715114639437992,0.7359810777648639,0.6469710599979467,-0.0026226743073660685,-0.038153060486301404
cat,n3000,1,384,0.001,directional,1838,2058,275,1.0,275,random,9,275,0.14961915125136016,0.0277461757692084,51,0.18545454545454546,0.18545454545454546,0.035835394203185295,224,0.7741341382511653,0.7678153127873649,0.7344579159722844,0.6469710599979467,-0.006318825463800359,-0.0396762222788809
cat,n3000,1,384,0.001,directional,1838,2058,275,2.0,550,top,-1,275,0.14961915125136016,0.0277461757692084,0,0.0,0.0,-0.14961915125136016,275,0.7741341382511653,0.9305184626897859,0.7741341382511653,0.6469710599979467,0.1563843244386206,0.0
cat,n3000,1,384,0.001,directional,1838,2058,275,2.0,550,bottom_oracle_diagnostic,-1,275,0.14961915125136016,0.0277461757692084,275,0.5,1.0,0.35038084874863984,0,0.7741341382511653,0.6420165573092328,0.6469710599979467,0.6469710599979467,-0.1321175809419325,-0.1271630782532186
cat,n3000,1,384,0.001,directional,1838,2058,275,2.0,550,two_tailed,-1,275,0.14961915125136016,0.0277461757692084,213,0.38727272727272727,0.7745454545454545,0.2376535760213671,62,0.7741341382511653,0.765396972312514,0.6567202585159285,0.6469710599979467,-0.008737165938651259,-0.11741387973523676
cat,n3000,1,384,0.001,directional,1838,2058,275,2.0,550,random,0,275,0.14961915125136016,0.0277461757692084,84,0.15272727272727274,0.3054545454545455,0.0031081214759125786,191,0.7741341382511653,0.7709112250216381,0.7155542465601616,0.6469710599979467,-0.003222913229527169,-0.05857989169100364
cat,n3000,1,384,0.001,directional,1838,2058,275,2.0,550,random,1,275,0.14961915125136016,0.0277461757692084,72,0.13090909090909092,0.26181818181818184,-0.01871006034226924,203,0.7741341382511653,0.7733125405353147,0.7257589274121404,0.6469710599979467,-0.0008215977158505527,-0.04837521083902485
cat,n3000,1,384,0.001,directional,1838,2058,275,2.0,550,random,2,275,0.14961915125136016,0.0277461757692084,92,0.16727272727272727,0.33454545454545453,0.017653576021367107,183,0.7741341382511653,0.7706285421734144,0.7119310276139704,0.6469710599979467,-0.0035055960777509165,-0.06220311063719486
cat,n3000,1,384,0.001,directional,1838,2058,275,2.0,550,random,3,275,0.14961915125136016,0.0277461757692084,84,0.15272727272727274,0.3054545454545455,0.0031081214759125786,191,0.7741341382511653,0.7763188003737139,0.7152357092557914,0.6469710599979467,0.0021846621225486418,-0.0588984289953739
cat,n3000,1,384,0.001,directional,1838,2058,275,2.0,550,random,4,275,0.14961915125136016,0.0277461757692084,76,0.13818181818181818,0.27636363636363637,-0.011437333069541977,199,0.7741341382511653,0.7701430563962642,0.7184929329948532,0.6469710599979467,-0.003991081854901046,-0.05564120525631211
cat,n3000,1,384,0.001,directional,1838,2058,275,2.0,550,random,5,275,0.14961915125136016,0.0277461757692084,78,0.14181818181818182,0.28363636363636363,-0.007800969433178345,197,0.7741341382511653,0.7772580216661352,0.7192041680123291,0.6469710599979467,0.0031238834149699413,-0.05492997023883617
cat,n3000,1,384,0.001,directional,1838,2058,275,2.0,550,random,6,275,0.14961915125136016,0.0277461757692084,84,0.15272727272727274,0.3054545454545455,0.0031081214759125786,191,0.7741341382511653,0.7746618487119129,0.714403547102921,0.6469710599979467,0.0005277104607476213,-0.059730591148244305
cat,n3000,1,384,0.001,directional,1838,2058,275,2.0,550,random,7,275,0.14961915125136016,0.0277461757692084,91,0.16545454545454547,0.33090909090909093,0.015835394203185305,184,0.7741341382511653,0.7751637825740563,0.713560795692389,0.6469710599979467,0.001029644322890988,-0.06057334255877633
cat,n3000,1,384,0.001,directional,1838,2058,275,2.0,550,random,8,275,0.14961915125136016,0.0277461757692084,89,0.1618181818181818,0.3236363636363636,0.012199030566821645,186,0.7741341382511653,0.7637930205236346,0.7093898523031487,0.6469710599979467,-0.010341117727530658,-0.06474428594801662
cat,n3000,1,384,0.001,directional,1838,2058,275,2.0,550,random,9,275,0.14961915125136016,0.0277461757692084,96,0.17454545454545456,0.3490909090909091,0.0249263032940944,179,0.7741341382511653,0.7667192203258092,0.7118474997853023,0.6469710599979467,-0.00741491792535609,-0.06228663846586302
cat,n3000,2,384,0.001,directional,1870,2058,280,0.5,140,top,-1,280,0.1497326203208556,0.030006738544474394,0,0.0,0.0,-0.1497326203208556,280,0.7657359187194498,0.8085735554996993,0.7657359187194498,0.6460955258853627,0.042837636780249544,0.0
cat,n3000,2,384,0.001,directional,1870,2058,280,0.5,140,bottom_oracle_diagnostic,-1,280,0.1497326203208556,0.030006738544474394,112,0.8,0.4,0.6502673796791445,168,0.7657359187194498,0.722352054953677,0.6841950351847891,0.6460955258853627,-0.043383863765772746,-0.08154088353466071
cat,n3000,2,384,0.001,directional,1870,2058,280,0.5,140,two_tailed,-1,280,0.1497326203208556,0.030006738544474394,58,0.4142857142857143,0.20714285714285716,0.2645530939648587,222,0.7657359187194498,0.7700163334415016,0.7098265506422375,0.6460955258853627,0.004280414722051762,-0.05590936807721225
cat,n3000,2,384,0.001,directional,1870,2058,280,0.5,140,random,0,280,0.1497326203208556,0.030006738544474394,14,0.1,0.05,-0.0497326203208556,266,0.7657359187194498,0.7695613415064047,0.7560363042979317,0.6460955258853627,0.0038254227869548574,-0.009699614421518121
cat,n3000,2,384,0.001,directional,1870,2058,280,0.5,140,random,1,280,0.1497326203208556,0.030006738544474394,16,0.11428571428571428,0.05714285714285714,-0.03544690603514132,264,0.7657359187194498,0.7675968550226387,0.752896856691911,0.6460955258853627,0.0018609363031889536,-0.012839062027538817
cat,n3000,2,384,0.001,directional,1870,2058,280,0.5,140,random,2,280,0.1497326203208556,0.030006738544474394,23,0.16428571428571428,0.08214285714285714,0.014553093964858682,257,0.7657359187194498,0.7640378989610239,0.7458949441017364,0.6460955258853627,-0.0016980197584258727,-0.01984097461771339
cat,n3000,2,384,0.001,directional,1870,2058,280,0.5,140,random,3,280,0.1497326203208556,0.030006738544474394,23,0.16428571428571428,0.08214285714285714,0.014553093964858682,257,0.7657359187194498,0.7641668784585179,0.7498537122707399,0.6460955258853627,-0.0015690402609318532,-0.015882206448709857
cat,n3000,2,384,0.001,directional,1870,2058,280,0.5,140,random,4,280,0.1497326203208556,0.030006738544474394,27,0.19285714285714287,0.09642857142857143,0.04312452253628726,253,0.7657359187194498,0.7663662181490746,0.7453412269987055,0.6460955258853627,0.000630299429624781,-0.020394691720744262
cat,n3000,2,384,0.001,directional,1870,2058,280,0.5,140,random,5,280,0.1497326203208556,0.030006738544474394,28,0.2,0.1,0.05026737967914441,252,0.7657359187194498,0.7627050488653434,0.7471984004263381,0.6460955258853627,-0.0030308698541063883,-0.018537518293111677
cat,n3000,2,384,0.001,directional,1870,2058,280,0.5,140,random,6,280,0.1497326203208556,0.030006738544474394,22,0.15714285714285714,0.07857142857142857,0.007410236822001537,258,0.7657359187194498,0.765762857015132,0.7497192488466987,0.6460955258853627,2.6938295682232827e-05,-0.016016669872751077
cat,n3000,2,384,0.001,directional,1870,2058,280,0.5,140,random,7,280,0.1497326203208556,0.030006738544474394,16,0.11428571428571428,0.05714285714285714,-0.03544690603514132,264,0.7657359187194498,0.7664763480283849,0.7545566779763695,0.6460955258853627,0.0007404293089351421,-0.011179240743080299
cat,n3000,2,384,0.001,directional,1870,2058,280,0.5,140,random,8,280,0.1497326203208556,0.030006738544474394,23,0.16428571428571428,0.08214285714285714,0.014553093964858682,257,0.7657359187194498,0.765527998800159,0.7487958835190012,0.6460955258853627,-0.000207919919290811,-0.016940035200448622
cat,n3000,2,384,0.001,directional,1870,2058,280,0.5,140,random,9,280,0.1497326203208556,0.030006738544474394,21,0.15,0.075,0.00026737967914439165,259,0.7657359187194498,0.7681472992244575,0.7502105131461609,0.6460955258853627,0.0024113805050076653,-0.015525405573288853
cat,n3000,2,384,0.001,directional,1870,2058,280,1.0,280,top,-1,280,0.1497326203208556,0.030006738544474394,0,0.0,0.0,-0.1497326203208556,280,0.7657359187194498,0.8478999550170143,0.7657359187194498,0.6460955258853627,0.08216403629756452,0.0
cat,n3000,2,384,0.001,directional,1870,2058,280,1.0,280,bottom_oracle_diagnostic,-1,280,0.1497326203208556,0.030006738544474394,210,0.75,0.75,0.6002673796791445,70,0.7657359187194498,0.675981276737686,0.6563885355450791,0.6460955258853627,-0.08975464198176375,-0.10934738317437065
cat,n3000,2,384,0.001,directional,1870,2058,280,1.0,280,two_tailed,-1,280,0.1497326203208556,0.030006738544474394,112,0.4,0.4,0.2502673796791444,168,0.7657359187194498,0.7685406425429803,0.6841950351847891,0.6460955258853627,0.002804723823530475,-0.08154088353466071
cat,n3000,2,384,0.001,directional,1870,2058,280,1.0,280,random,0,280,0.1497326203208556,0.030006738544474394,38,0.1357142857142857,0.1357142857142857,-0.014018334606569899,242,0.7657359187194498,0.7671383132507756,0.7383451588971485,0.6460955258853627,0.0014023945313258457,-0.027390759822301325
cat,n3000,2,384,0.001,directional,1870,2058,280,1.0,280,random,1,280,0.1497326203208556,0.030006738544474394,38,0.1357142857142857,0.1357142857142857,-0.014018334606569899,242,0.7657359187194498,0.7632175757306014,0.7390103938770123,0.6460955258853627,-0.0025183429888483433,-0.02672552484243751
cat,n3000,2,384,0.001,directional,1870,2058,280,1.0,280,random,2,280,0.1497326203208556,0.030006738544474394,43,0.15357142857142858,0.15357142857142858,0.003838808250572978,237,0.7657359187194498,0.7665666380571947,0.7362845570816451,0.6460955258853627,0.0008307193377449229,-0.029451361637804707
cat,n3000,2,384,0.001,directional,1870,2058,280,1.0,280,random,3,280,0.1497326203208556,0.030006738544474394,38,0.1357142857142857,0.1357142857142857,-0.014018334606569899,242,0.7657359187194498,0.7655637067497029,0.7399720263304286,0.6460955258853627,-0.0001722119697469271,-0.025763892389021215
cat,n3000,2,384,0.001,directional,1870,2058,280,1.0,280,random,4,280,0.1497326203208556,0.030006738544474394,44,0.15714285714285714,0.15714285714285714,0.007410236822001537,236,0.7657359187194498,0.7687141323448865,0.7342009526282636,0.6460955258853627,0.0029782136254367098,-0.03153496609118622
cat,n3000,2,384,0.001,directional,1870,2058,280,1.0,280,random,5,280,0.1497326203208556,0.030006738544474394,36,0.12857142857142856,0.12857142857142856,-0.021161191749427044,244,0.7657359187194498,0.7666452151716328,0.7386612353705831,0.6460955258853627,0.0009092964521829616,-0.027074683348866646
cat,n3000,2,384,0.001,directional,1870,2058,280,1.0,280,random,6,280,0.1497326203208556,0.030006738544474394,44,0.15714285714285714,0.15714285714285714,0.007410236822001537,236,0.7657359187194498,0.7676591603610329,0.7349706496508779,0.6460955258853627,0.0019232416415830844,-0.03076526906857191
cat,n3000,2,384,0.001,directional,1870,2058,280,1.0,280,random,7,280,0.1497326203208556,0.030006738544474394,41,0.14642857142857144,0.14642857142857144,-0.003304048892284167,239,0.7657359187194498,0.7685846612842079,0.7361790401356353,0.6460955258853627,0.002848742564758089,-0.029556878583814505
cat,n3000,2,384,0.001,directional,1870,2058,280,1.0,280,random,8,280,0.1497326203208556,0.030006738544474394,46,0.16428571428571428,0.16428571428571428,0.014553093964858682,234,0.7657359187194498,0.762047266838359,0.7341726372102663,0.6460955258853627,-0.0036886518810907987,-0.03156328150918353
cat,n3000,2,384,0.001,directional,1870,2058,280,1.0,280,random,9,280,0.1497326203208556,0.030006738544474394,44,0.15714285714285714,0.15714285714285714,0.007410236822001537,236,0.7657359187194498,0.7596367471683853,0.7354522053566351,0.6460955258853627,-0.006099171551064542,-0.030283713362814657
cat,n3000,2,384,0.001,directional,1870,2058,280,2.0,560,top,-1,280,0.1497326203208556,0.030006738544474394,0,0.0,0.0,-0.1497326203208556,280,0.7657359187194498,0.9255035627560023,0.7657359187194498,0.6460955258853627,0.15976764403655253,0.0
cat,n3000,2,384,0.001,directional,1870,2058,280,2.0,560,bottom_oracle_diagnostic,-1,280,0.1497326203208556,0.030006738544474394,280,0.5,1.0,0.3502673796791444,0,0.7657359187194498,0.6431707139899266,0.6460955258853627,0.6460955258853627,-0.12256520472952315,-0.11964039283408712
cat,n3000,2,384,0.001,directional,1870,2058,280,2.0,560,two_tailed,-1,280,0.1497326203208556,0.030006738544474394,210,0.375,0.75,0.2252673796791444,70,0.7657359187194498,0.7558457065140708,0.6563885355450791,0.6460955258853627,-0.009890212205379001,-0.10934738317437065
cat,n3000,2,384,0.001,directional,1870,2058,280,2.0,560,random,0,280,0.1497326203208556,0.030006738544474394,86,0.15357142857142858,0.30714285714285716,0.003838808250572978,194,0.7657359187194498,0.7703951596919968,0.7090269232605627,0.6460955258853627,0.004659240972546996,-0.05670899545888708
cat,n3000,2,384,0.001,directional,1870,2058,280,2.0,560,random,1,280,0.1497326203208556,0.030006738544474394,71,0.12678571428571428,0.25357142857142856,-0.022946906035141323,209,0.7657359187194498,0.7734972946530838,0.7186674302841247,0.6460955258853627,0.007761375933634018,-0.04706848843532507
cat,n3000,2,384,0.001,directional,1870,2058,280,2.0,560,random,2,280,0.1497326203208556,0.030006738544474394,83,0.14821428571428572,0.29642857142857143,-0.0015183346065698877,197,0.7657359187194498,0.771258476948333,0.7113659558336456,0.6460955258853627,0.005522558228883256,-0.0543699628858042
cat,n3000,2,384,0.001,directional,1870,2058,280,2.0,560,random,3,280,0.1497326203208556,0.030006738544474394,92,0.16428571428571428,0.32857142857142857,0.014553093964858682,188,0.7657359187194498,0.7664067341872898,0.7040874404226389,0.6460955258853627,0.0006708154678399803,-0.06164847829681086
cat,n3000,2,384,0.001,directional,1870,2058,280,2.0,560,random,4,280,0.1497326203208556,0.030006738544474394,80,0.14285714285714285,0.2857142857142857,-0.006875477463712754,200,0.7657359187194498,0.7650180090406039,0.7123518786455845,0.6460955258853627,-0.000717909678845885,-0.053384040073865324
cat,n3000,2,384,0.001,directional,1870,2058,280,2.0,560,random,5,280,0.1497326203208556,0.030006738544474394,79,0.14107142857142857,0.28214285714285714,-0.008661191749427033,201,0.7657359187194498,0.7645430230672458,0.7148504224033392,0.6460955258853627,-0.0011928956522040401,-0.05088549631611061
cat,n3000,2,384,0.001,directional,1870,2058,280,2.0,560,random,6,280,0.1497326203208556,0.030006738544474394,95,0.16964285714285715,0.3392857142857143,0.019910236822001548,185,0.7657359187194498,0.7605856172910768,0.7066595267477488,0.6460955258853627,-0.0051503014283730275,-0.059076391971701
cat,n3000,2,384,0.001,directional,1870,2058,280,2.0,560,random,7,280,0.1497326203208556,0.030006738544474394,89,0.15892857142857142,0.31785714285714284,0.009195951107715816,191,0.7657359187194498,0.7624565204212526,0.7071974439730312,0.6460955258853627,-0.0032793982981972336,-0.0585384747464186
cat,n3000,2,384,0.001,directional,1870,2058,280,2.0,560,random,8,280,0.1497326203208556,0.030006738544474394,88,0.15714285714285714,0.3142857142857143,0.007410236822001537,192,0.7657359187194498,0.7660873477900432,0.710592878313723,0.6460955258853627,0.0003514290705933787,-0.05514304040572682
cat,n3000,2,384,0.001,directional,1870,2058,280,2.0,560,random,9,280,0.1497326203208556,0.030006738544474394,77,0.1375,0.275,-0.012232620320855592,203,0.7657359187194498,0.7699391783406847,0.7177728489333502,0.6460955258853627,0.004203259621234912,-0.047963069786099544
cat,n3000,3,384,0.001,directional,1861,2058,279,0.5,140,top,-1,279,0.14991939817302524,0.23239037740893292,0,0.0,0.0,-0.14991939817302524,279,0.6504388852337262,0.6559751639442565,0.6504388852337262,0.6487834217561271,0.005536278710530307,0.0
cat,n3000,3,384,0.001,directional,1861,2058,279,0.5,140,bottom_oracle_diagnostic,-1,279,0.14991939817302524,0.23239037740893292,25,0.17857142857142858,0.08960573476702509,0.028652030398403333,254,0.6504388852337262,0.6495497436715393,0.6456935638864824,0.6487834217561271,-0.0008891415621868903,-0.004745321347243814
cat,n3000,3,384,0.001,directional,1861,2058,279,0.5,140,two_tailed,-1,279,0.14991939817302524,0.23239037740893292,9,0.06428571428571428,0.03225806451612903,-0.08563368388731096,270,0.6504388852337262,0.6531611069718586,0.6477865630175603,0.6487834217561271,0.002722221738132413,-0.0026523222161658477
cat,n3000,3,384,0.001,directional,1861,2058,279,0.5,140,random,0,279,0.14991939817302524,0.23239037740893292,20,0.14285714285714285,0.07168458781362007,-0.007062255315882393,259,0.6504388852337262,0.6498596382938475,0.648292335552351,0.6487834217561271,-0.0005792469398786526,-0.002146549681375176
cat,n3000,3,384,0.001,directional,1861,2058,279,0.5,140,random,1,279,0.14991939817302524,0.23239037740893292,23,0.16428571428571428,0.08243727598566308,0.014366316112689043,256,0.6504388852337262,0.650505911196093,0.6490948129881355,0.6487834217561271,6.702596236685121e-05,-0.0013440722455906329
cat,n3000,3,384,0.001,directional,1861,2058,279,0.5,140,random,2,279,0.14991939817302524,0.23239037740893292,25,0.17857142857142858,0.08960573476702509,0.028652030398403333,254,0.6504388852337262,0.6505702443735347,0.6480417293051729,0.6487834217561271,0.00013135913980855118,-0.002397155928553274
cat,n3000,3,384,0.001,directional,1861,2058,279,0.5,140,random,3,279,0.14991939817302524,0.23239037740893292,21,0.15,0.07526881720430108,8.060182697475216e-05,258,0.6504388852337262,0.649811199036994,0.6480136921137153,0.6487834217561271,-0.0006276861967321468,-0.0024251931200108823
cat,n3000,3,384,0.001,directional,1861,2058,279,0.5,140,random,4,279,0.14991939817302524,0.23239037740893292,18,0.12857142857142856,0.06451612903225806,-0.021347969601596684,261,0.6504388852337262,0.6503537704620824,0.6479278520134351,0.6487834217561271,-8.511477164374615e-05,-0.0025110332202911145
cat,n3000,3,384,0.001,directional,1861,2058,279,0.5,140,random,5,279,0.14991939817302524,0.23239037740893292,28,0.2,0.1003584229390681,0.05008060182697477,251,0.6504388852337262,0.6506337040937845,0.6473553494814753,0.6487834217561271,0.00019481886005834337,-0.0030835357522508433
cat,n3000,3,384,0.001,directional,1861,2058,279,0.5,140,random,6,279,0.14991939817302524,0.23239037740893292,21,0.15,0.07526881720430108,8.060182697475216e-05,258,0.6504388852337262,0.6503412974579605,0.6485814806594926,0.6487834217561271,-9.758777576562849e-05,-0.0018574045742335565
cat,n3000,3,384,0.001,directional,1861,2058,279,0.5,140,random,7,279,0.14991939817302524,0.23239037740893292,19,0.1357142857142857,0.06810035842293907,-0.014205112458739538,260,0.6504388852337262,0.6502770646886786,0.6481826933825828,0.6487834217561271,-0.00016182054504754184,-0.002256191851143341
cat,n3000,3,384,0.001,directional,1861,2058,279,0.5,140,random,8,279,0.14991939817302524,0.23239037740893292,19,0.1357142857142857,0.06810035842293907,-0.014205112458739538,260,0.6504388852337262,0.6501760906551496,0.6485624256265222,0.6487834217561271,-0.00026279457857658617,-0.0018764596072039508
cat,n3000,3,384,0.001,directional,1861,2058,279,0.5,140,random,9,279,0.14991939817302524,0.23239037740893292,18,0.12857142857142856,0.06451612903225806,-0.021347969601596684,261,0.6504388852337262,0.6506022823935694,0.6482761421956068,0.6487834217561271,0.0001633971598432593,-0.0021627430381193635
cat,n3000,3,384,0.001,directional,1861,2058,279,1.0,279,top,-1,279,0.14991939817302524,0.23239037740893292,0,0.0,0.0,-0.14991939817302524,279,0.6504388852337262,0.6618378219371802,0.6504388852337262,0.6487834217561271,0.011398936703454043,0.0
cat,n3000,3,384,0.001,directional,1861,2058,279,1.0,279,bottom_oracle_diagnostic,-1,279,0.14991939817302524,0.23239037740893292,70,0.25089605734767023,0.25089605734767023,0.10097665917464499,209,0.6504388852337262,0.6467293842544047,0.6430469902559237,0.6487834217561271,-0.003709500979321434,-0.00739189497780246
cat,n3000,3,384,0.001,directional,1861,2058,279,1.0,279,two_tailed,-1,279,0.14991939817302524,0.23239037740893292,25,0.08960573476702509,0.08960573476702509,-0.060313663406000154,254,0.6504388852337262,0.6557788044284468,0.6456935638864824,0.6487834217561271,0.005339919194720655,-0.004745321347243814
cat,n3000,3,384,0.001,directional,1861,2058,279,1.0,279,random,0,279,0.14991939817302524,0.23239037740893292,48,0.17204301075268819,0.17204301075268819,0.022123612579662943,231,0.6504388852337262,0.650120415762501,0.6458604347037225,0.6487834217561271,-0.0003184694712251579,-0.004578450530003719
cat,n3000,3,384,0.001,directional,1861,2058,279,1.0,279,random,1,279,0.14991939817302524,0.23239037740893292,40,0.14336917562724014,0.14336917562724014,-0.006550222545785106,239,0.6504388852337262,0.6503275698939304,0.6475463160286177,0.6487834217561271,-0.00011131533979580333,-0.0028925692051084972
cat,n3000,3,384,0.001,directional,1861,2058,279,1.0,279,random,2,279,0.14991939817302524,0.23239037740893292,44,0.15770609318996415,0.15770609318996415,0.007786695016938905,235,0.6504388852337262,0.6508744516349872,0.6453882390893707,0.6487834217561271,0.00043556640126107826,-0.005050646144355464
cat,n3000,3,384,0.001,directional,1861,2058,279,1.0,279,random,3,279,0.14991939817302524,0.23239037740893292,43,0.15412186379928317,0.15412186379928317,0.004202465626257923,236,0.6504388852337262,0.6508135225036945,0.6460345885804197,0.6487834217561271,0.00037463726996833646,-0.004404296653306439
cat,n3000,3,384,0.001,directional,1861,2058,279,1.0,279,random,4,279,0.14991939817302524,0.23239037740893292,39,0.13978494623655913,0.13978494623655913,-0.010134451936466116,240,0.6504388852337262,0.6505997567506203,0.6466074307539653,0.6487834217561271,0.00016087151689414547,-0.003831454479760854
cat,n3000,3,384,0.001,directional,1861,2058,279,1.0,279,random,5,279,0.14991939817302524,0.23239037740893292,40,0.14336917562724014,0.14336917562724014,-0.006550222545785106,239,0.6504388852337262,0.6512746743008163,0.6464021734459332,0.6487834217561271,0.0008357890670901424,-0.004036711787792968
cat,n3000,3,384,0.001,directional,1861,2058,279,1.0,279,random,6,279,0.14991939817302524,0.23239037740893292,45,0.16129032258064516,0.16129032258064516,0.011370924407619915,234,0.6504388852337262,0.6501311753702125,0.6466400590105297,0.6487834217561271,-0.00030770986351369434,-0.003798826223196494
cat,n3000,3,384,0.001,directional,1861,2058,279,1.0,279,random,7,279,0.14991939817302524,0.23239037740893292,42,0.15053763440860216,0.15053763440860216,0.0006182362355769133,237,0.6504388852337262,0.6502018945705078,0.6471022049535639,0.6487834217561271,-0.0002369906632183616,-0.0033366802801623185
cat,n3000,3,384,0.001,directional,1861,2058,279,1.0,279,random,8,279,0.14991939817302524,0.23239037740893292,44,0.15770609318996415,0.15770609318996415,0.007786695016938905,235,0.6504388852337262,0.6507039108495124,0.6469680372646506,0.6487834217561271,0.00026502561578622963,-0.0034708479690755967
cat,n3000,3,384,0.001,directional,1861,2058,279,1.0,279,random,9,279,0.14991939817302524,0.23239037740893292,45,0.16129032258064516,0.16129032258064516,0.011370924407619915,234,0.6504388852337262,0.6501385323730609,0.6457675816044697,0.6487834217561271,-0.0003003528606653205,-0.004671303629256496
cat,n3000,3,384,0.001,directional,1861,2058,279,2.0,558,top,-1,279,0.14991939817302524,0.23239037740893292,0,0.0,0.0,-0.14991939817302524,279,0.6504388852337262,0.6708891509286411,0.6504388852337262,0.6487834217561271,0.020450265694914926,0.0
cat,n3000,3,384,0.001,directional,1861,2058,279,2.0,558,bottom_oracle_diagnostic,-1,279,0.14991939817302524,0.23239037740893292,154,0.27598566308243727,0.5519713261648745,0.12606626490941203,125,0.6504388852337262,0.6426842852366523,0.6437323517848128,0.6487834217561271,-0.007754599997073841,-0.0067065334489133654
cat,n3000,3,384,0.001,directional,1861,2058,279,2.0,558,two_tailed,-1,279,0.14991939817302524,0.23239037740893292,70,0.12544802867383512,0.25089605734767023,-0.024471369499190126,209,0.6504388852337262,0.6607047597936093,0.6430469902559237,0.6487834217561271,0.010265874559883148,-0.00739189497780246
cat,n3000,3,384,0.001,directional,1861,2058,279,2.0,558,random,0,279,0.14991939817302524,0.23239037740893292,86,0.15412186379928317,0.30824372759856633,0.004202465626257923,193,0.6504388852337262,0.6500268816127387,0.6437070953920423,0.6487834217561271,-0.0004120036209874778,-0.006731789841683877
cat,n3000,3,384,0.001,directional,1861,2058,279,2.0,558,random,1,279,0.14991939817302524,0.23239037740893292,85,0.15232974910394265,0.3046594982078853,0.0024103509309174043,194,0.6504388852337262,0.6512206281371641,0.6428566725220766,0.6487834217561271,0.0007817429034379098,-0.007582212711649605
cat,n3000,3,384,0.001,directional,1861,2058,279,2.0,558,random,2,279,0.14991939817302524,0.23239037740893292,94,0.16845878136200718,0.33691756272401435,0.018539383188981934,185,0.6504388852337262,0.6513091096261189,0.6440458302278403,0.6487834217561271,0.0008702243923927044,-0.006393055005885828
cat,n3000,3,384,0.001,directional,1861,2058,279,2.0,558,random,3,279,0.14991939817302524,0.23239037740893292,82,0.14695340501792115,0.2939068100358423,-0.0029659931551040963,197,0.6504388852337262,0.6511441724878644,0.6434272317337052,0.6487834217561271,0.0007052872541382094,-0.007011653500020976
cat,n3000,3,384,0.001,directional,1861,2058,279,2.0,558,random,4,279,0.14991939817302524,0.23239037740893292,86,0.15412186379928317,0.30824372759856633,0.004202465626257923,193,0.6504388852337262,0.6514351472742044,0.6435666585897163,0.6487834217561271,0.0009962620404782019,-0.006872226644009882
cat,n3000,3,384,0.001,directional,1861,2058,279,2.0,558,random,5,279,0.14991939817302524,0.23239037740893292,77,0.13799283154121864,0.27598566308243727,-0.011926566631806607,202,0.6504388852337262,0.6508549534552273,0.6448737913003755,0.6487834217561271,0.0004160682215010869,-0.0055650939333506955
cat,n3000,3,384,0.001,directional,1861,2058,279,2.0,558,random,6,279,0.14991939817302524,0.23239037740893292,91,0.16308243727598568,0.32616487455197135,0.013163039102960433,188,0.6504388852337262,0.6500910089563177,0.6432474220987613,0.6487834217561271,-0.0003478762774085098,-0.007191463134964882
cat,n3000,3,384,0.001,directional,1861,2058,279,2.0,558,random,7,279,0.14991939817302524,0.23239037740893292,84,0.15053763440860216,0.3010752688172043,0.0006182362355769133,195,0.6504388852337262,0.6493511512326167,0.64249266903354,0.6487834217561271,-0.0010877340011095082,-0.007946216200186207
cat,n3000,3,384,0.001,directional,1861,2058,279,2.0,558,random,8,279,0.14991939817302524,0.23239037740893292,100,0.17921146953405018,0.35842293906810035,0.029292071361024935,179,0.6504388852337262,0.6496443702238646,0.642872390227161,0.6487834217561271,-0.0007945150098616072,-0.007566495006565144
cat,n3000,3,384,0.001,directional,1861,2058,279,2.0,558,random,9,279,0.14991939817302524,0.23239037740893292,86,0.15412186379928317,0.30824372759856633,0.004202465626257923,193,0.6504388852337262,0.6509775410070332,0.6436938772994244,0.6487834217561271,0.0005386557733070285,-0.006745007934301772
cat,n3000,4,384,0.0001,directional,1842,2058,276,0.5,138,top,-1,276,0.1498371335504886,0.2387718177948063,0,0.0,0.0,-0.1498371335504886,276,0.7802341090428944,0.8475128590913714,0.7802341090428944,0.6490752290242977,0.06727875004847705,0.0
cat,n3000,4,384,0.0001,directional,1842,2058,276,0.5,138,bottom_oracle_diagnostic,-1,276,0.1498371335504886,0.2387718177948063,22,0.15942028985507245,0.07971014492753623,0.00958315630458384,254,0.7802341090428944,0.7855951764056524,0.7186969983679277,0.6490752290242977,0.0053610673627579875,-0.0615371106749667
cat,n3000,4,384,0.0001,directional,1842,2058,276,0.5,138,two_tailed,-1,276,0.1498371335504886,0.2387718177948063,13,0.09420289855072464,0.04710144927536232,-0.05563423499976397,263,0.7802341090428944,0.8202412324812188,0.7372904883473724,0.6490752290242977,0.040007123438324466,-0.042943620695521934
cat,n3000,4,384,0.0001,directional,1842,2058,276,0.5,138,random,0,276,0.1498371335504886,0.2387718177948063,28,0.2028985507246377,0.10144927536231885,0.053061417174149084,248,0.7802341090428944,0.7821004946157681,0.7400782938389818,0.6490752290242977,0.0018663855728737744,-0.04015581520391254
cat,n3000,4,384,0.0001,directional,1842,2058,276,0.5,138,random,1,276,0.1498371335504886,0.2387718177948063,24,0.17391304347826086,0.08695652173913043,0.024075909927772254,252,0.7802341090428944,0.7821710061593182,0.7538086217630987,0.6490752290242977,0.0019368971164238635,-0.026425487279795656
cat,n3000,4,384,0.0001,directional,1842,2058,276,0.5,138,random,2,276,0.1498371335504886,0.2387718177948063,20,0.14492753623188406,0.07246376811594203,-0.004909597318604547,256,0.7802341090428944,0.7782820915777957,0.7516982692912084,0.6490752290242977,-0.0019520174650986544,-0.028535839751685943
cat,n3000,4,384,0.0001,directional,1842,2058,276,0.5,138,random,3,276,0.1498371335504886,0.2387718177948063,22,0.15942028985507245,0.07971014492753623,0.00958315630458384,254,0.7802341090428944,0.7839043288163429,0.7458777822562178,0.6490752290242977,0.003670219773448502,-0.03435632678667655
cat,n3000,4,384,0.0001,directional,1842,2058,276,0.5,138,random,4,276,0.1498371335504886,0.2387718177948063,23,0.16666666666666666,0.08333333333333333,0.016829533116178047,253,0.7802341090428944,0.7772782890327815,0.7485396271692702,0.6490752290242977,-0.002955820010112853,-0.031694481873624114
cat,n3000,4,384,0.0001,directional,1842,2058,276,0.5,138,random,5,276,0.1498371335504886,0.2387718177948063,22,0.15942028985507245,0.07971014492753623,0.00958315630458384,254,0.7802341090428944,0.7803665503405333,0.7538840765189938,0.6490752290242977,0.00013244129763889667,-0.026350032523900557
cat,n3000,4,384,0.0001,directional,1842,2058,276,0.5,138,random,6,276,0.1498371335504886,0.2387718177948063,22,0.15942028985507245,0.07971014492753623,0.00958315630458384,254,0.7802341090428944,0.7857403189517023,0.7449023714918664,0.6490752290242977,0.005506209908807902,-0.03533173755102792
cat,n3000,4,384,0.0001,directional,1842,2058,276,0.5,138,random,7,276,0.1498371335504886,0.2387718177948063,20,0.14492753623188406,0.07246376811594203,-0.004909597318604547,256,0.7802341090428944,0.7844846346978904,0.755617702309469,0.6490752290242977,0.004250525654996062,-0.024616406733425356
cat,n3000,4,384,0.0001,directional,1842,2058,276,0.5,138,random,8,276,0.1498371335504886,0.2387718177948063,24,0.17391304347826086,0.08695652173913043,0.024075909927772254,252,0.7802341090428944,0.7855119503925696,0.7519029837934913,0.6490752290242977,0.0052778413496752385,-0.028331125249403066
cat,n3000,4,384,0.0001,directional,1842,2058,276,0.5,138,random,9,276,0.1498371335504886,0.2387718177948063,28,0.2028985507246377,0.10144927536231885,0.053061417174149084,248,0.7802341090428944,0.7807567861117563,0.7455801554599301,0.6490752290242977,0.0005226770688618876,-0.0346539535829643
cat,n3000,4,384,0.0001,directional,1842,2058,276,1.0,276,top,-1,276,0.1498371335504886,0.2387718177948063,0,0.0,0.0,-0.1498371335504886,276,0.7802341090428944,0.8931914401965826,0.7802341090428944,0.6490752290242977,0.11295733115368822,0.0
cat,n3000,4,384,0.0001,directional,1842,2058,276,1.0,276,bottom_oracle_diagnostic,-1,276,0.1498371335504886,0.2387718177948063,55,0.19927536231884058,0.19927536231884058,0.049438228768351966,221,0.7802341090428944,0.7860419148902524,0.6855424711788031,0.6490752290242977,0.005807805847358072,-0.0946916378640913
cat,n3000,4,384,0.0001,directional,1842,2058,276,1.0,276,two_tailed,-1,276,0.1498371335504886,0.2387718177948063,22,0.07971014492753623,0.07971014492753623,-0.07012698862295239,254,0.7802341090428944,0.8589989873400462,0.7186969983679277,0.6490752290242977,0.07876487829715184,-0.0615371106749667
cat,n3000,4,384,0.0001,directional,1842,2058,276,1.0,276,random,0,276,0.1498371335504886,0.2387718177948063,29,0.10507246376811594,0.10507246376811594,-0.044764669782372674,247,0.7802341090428944,0.7865734199928329,0.7427912404907172,0.6490752290242977,0.006339310949938559,-0.037442868552177155
cat,n3000,4,384,0.0001,directional,1842,2058,276,1.0,276,random,1,276,0.1498371335504886,0.2387718177948063,36,0.13043478260869565,0.13043478260869565,-0.019402350941792962,240,0.7802341090428944,0.7802550033867112,0.7344285179244638,0.6490752290242977,2.0894343816801886e-05,-0.04580559111843052
cat,n3000,4,384,0.0001,directional,1842,2058,276,1.0,276,random,2,276,0.1498371335504886,0.2387718177948063,39,0.14130434782608695,0.14130434782608695,-0.008532785724401665,237,0.7802341090428944,0.7739288984116246,0.7319420330407618,0.6490752290242977,-0.006305210631269764,-0.04829207600213259
cat,n3000,4,384,0.0001,directional,1842,2058,276,1.0,276,random,3,276,0.1498371335504886,0.2387718177948063,35,0.12681159420289856,0.12681159420289856,-0.02302553934759005,241,0.7802341090428944,0.7827412954979983,0.7451902568542732,0.6490752290242977,0.002507186455103949,-0.03504385218862116
cat,n3000,4,384,0.0001,directional,1842,2058,276,1.0,276,random,4,276,0.1498371335504886,0.2387718177948063,44,0.15942028985507245,0.15942028985507245,0.00958315630458384,232,0.7802341090428944,0.7814173949363662,0.7240017282794865,0.6490752290242977,0.0011832858934718304,-0.05623238076340786
cat,n3000,4,384,0.0001,directional,1842,2058,276,1.0,276,random,5,276,0.1498371335504886,0.2387718177948063,41,0.14855072463768115,0.14855072463768115,-0.0012864089128074574,235,0.7802341090428944,0.7859756693851903,0.7231198357050478,0.6490752290242977,0.005741560342295893,-0.05711427333784658
cat,n3000,4,384,0.0001,directional,1842,2058,276,1.0,276,random,6,276,0.1498371335504886,0.2387718177948063,50,0.18115942028985507,0.18115942028985507,0.03132228673936646,226,0.7802341090428944,0.7793028569160407,0.7262534133529337,0.6490752290242977,-0.0009312521268536322,-0.05398069568996067
cat,n3000,4,384,0.0001,directional,1842,2058,276,1.0,276,random,7,276,0.1498371335504886,0.2387718177948063,50,0.18115942028985507,0.18115942028985507,0.03132228673936646,226,0.7802341090428944,0.7832678569782069,0.7241103459395186,0.6490752290242977,0.003033747935312525,-0.056123763103375746
cat,n3000,4,384,0.0001,directional,1842,2058,276,1.0,276,random,8,276,0.1498371335504886,0.2387718177948063,48,0.17391304347826086,0.17391304347826086,0.024075909927772254,228,0.7802341090428944,0.7819458863754754,0.721350984998497,0.6490752290242977,0.0017117773325809882,-0.05888312404439733
cat,n3000,4,384,0.0001,directional,1842,2058,276,1.0,276,random,9,276,0.1498371335504886,0.2387718177948063,34,0.12318840579710146,0.12318840579710146,-0.026648727753387155,242,0.7802341090428944,0.778052974358884,0.7338647329528846,0.6490752290242977,-0.0021811346840103774,-0.046369376090009795
cat,n3000,4,384,0.0001,directional,1842,2058,276,2.0,552,top,-1,276,0.1498371335504886,0.2387718177948063,0,0.0,0.0,-0.1498371335504886,276,0.7802341090428944,0.9354347189989679,0.7802341090428944,0.6490752290242977,0.15520060995607354,0.0
cat,n3000,4,384,0.0001,directional,1842,2058,276,2.0,552,bottom_oracle_diagnostic,-1,276,0.1498371335504886,0.2387718177948063,154,0.27898550724637683,0.5579710144927537,0.12914837369588822,122,0.7802341090428944,0.7543217035938887,0.6538288859027103,0.6490752290242977,-0.025912405449005638,-0.1264052231401841
cat,n3000,4,384,0.0001,directional,1842,2058,276,2.0,552,two_tailed,-1,276,0.1498371335504886,0.2387718177948063,55,0.09963768115942029,0.19927536231884058,-0.05019945239106832,221,0.7802341090428944,0.9252471814461276,0.6855424711788031,0.6490752290242977,0.14501307240323325,-0.0946916378640913
cat,n3000,4,384,0.0001,directional,1842,2058,276,2.0,552,random,0,276,0.1498371335504886,0.2387718177948063,81,0.14673913043478262,0.29347826086956524,-0.0030980031157059884,195,0.7802341090428944,0.784752518972677,0.697575544681829,0.6490752290242977,0.004518409929782585,-0.08265856436106533
cat,n3000,4,384,0.0001,directional,1842,2058,276,2.0,552,random,1,276,0.1498371335504886,0.2387718177948063,102,0.18478260869565216,0.3695652173913043,0.03494547514516355,174,0.7802341090428944,0.7854426865181534,0.6904608768283375,0.6490752290242977,0.005208577475259046,-0.08977323221455691
cat,n3000,4,384,0.0001,directional,1842,2058,276,2.0,552,random,2,276,0.1498371335504886,0.2387718177948063,81,0.14673913043478262,0.29347826086956524,-0.0030980031157059884,195,0.7802341090428944,0.7850596104027272,0.6967350238561432,0.6490752290242977,0.00482550135983284,-0.0834990851867512
cat,n3000,4,384,0.0001,directional,1842,2058,276,2.0,552,random,3,276,0.1498371335504886,0.2387718177948063,85,0.1539855072463768,0.3079710144927536,0.004148373695888191,191,0.7802341090428944,0.7747066514607968,0.6934299558841633,0.6490752290242977,-0.005527457582097606,-0.08680415315873102
cat,n3000,4,384,0.0001,directional,1842,2058,276,2.0,552,random,4,276,0.1498371335504886,0.2387718177948063,86,0.15579710144927536,0.3115942028985507,0.00595996789878675,190,0.7802341090428944,0.7940055722180608,0.6994513811601284,0.6490752290242977,0.01377146317516642,-0.08078272788276597
cat,n3000,4,384,0.0001,directional,1842,2058,276,2.0,552,random,5,276,0.1498371335504886,0.2387718177948063,79,0.1431159420289855,0.286231884057971,-0.006721191521503106,197,0.7802341090428944,0.7786406114679046,0.694372027092156,0.6490752290242977,-0.0015934975749897218,-0.08586208195073841
cat,n3000,4,384,0.0001,directional,1842,2058,276,2.0,552,random,6,276,0.1498371335504886,0.2387718177948063,86,0.15579710144927536,0.3115942028985507,0.00595996789878675,190,0.7802341090428944,0.7873203382425751,0.693162316870272,0.6490752290242977,0.007086229199680716,-0.0870717921726224
cat,n3000,4,384,0.0001,directional,1842,2058,276,2.0,552,random,7,276,0.1498371335504886,0.2387718177948063,78,0.14130434782608695,0.2826086956521739,-0.008532785724401665,198,0.7802341090428944,0.784216104055874,0.6952350032617708,0.6490752290242977,0.003981995012979689,-0.08499910578112357
cat,n3000,4,384,0.0001,directional,1842,2058,276,2.0,552,random,8,276,0.1498371335504886,0.2387718177948063,76,0.13768115942028986,0.2753623188405797,-0.012155974130198755,200,0.7802341090428944,0.7921209604772819,0.6923361130136264,0.6490752290242977,0.011886851434387502,-0.08789799602926796
cat,n3000,4,384,0.0001,directional,1842,2058,276,2.0,552,random,9,276,0.1498371335504886,0.2387718177948063,90,0.16304347826086957,0.32608695652173914,0.013206344710380957,186,0.7802341090428944,0.7837023527662244,0.6868118654727771,0.6490752290242977,0.003468243723329989,-0.0934222435701173
cat,n3000,0,384,0.001,margin_targeted,1835,2058,275,0.5,138,top,-1,275,0.14986376021798364,0.637958041958042,0,0.0,0.0,-0.14986376021798364,275,0.6489068128770012,0.6423451916337167,0.6489068128770012,0.6498022362115391,-0.006561621243284521,0.0
cat,n3000,0,384,0.001,margin_targeted,1835,2058,275,0.5,138,bottom_oracle_diagnostic,-1,275,0.14986376021798364,0.637958041958042,0,0.0,0.0,-0.14986376021798364,275,0.6489068128770012,0.6610536910674105,0.6489068128770012,0.6498022362115391,0.012146878190409272,0.0
cat,n3000,0,384,0.001,margin_targeted,1835,2058,275,0.5,138,two_tailed,-1,275,0.14986376021798364,0.637958041958042,0,0.0,0.0,-0.14986376021798364,275,0.6489068128770012,0.6436971925726304,0.6489068128770012,0.6498022362115391,-0.005209620304370888,0.0
cat,n3000,0,384,0.001,margin_targeted,1835,2058,275,0.5,138,random,0,275,0.14986376021798364,0.637958041958042,25,0.18115942028985507,0.09090909090909091,0.03129566007187143,250,0.6489068128770012,0.6496860050762138,0.6493081878680272,0.6498022362115391,0.0007791921992125195,0.0004013749910259934
cat,n3000,0,384,0.001,margin_targeted,1835,2058,275,0.5,138,random,1,275,0.14986376021798364,0.637958041958042,14,0.10144927536231885,0.05090909090909091,-0.0484144848556648,261,0.6489068128770012,0.6490491536083737,0.6489054708185845,0.6498022362115391,0.00014234073137242564,-1.3420584167311844e-06
cat,n3000,0,384,0.001,margin_targeted,1835,2058,275,0.5,138,random,2,275,0.14986376021798364,0.637958041958042,21,0.15217391304347827,0.07636363636363637,0.002310152825494627,254,0.6489068128770012,0.6499694940138926,0.6492742223940394,0.6498022362115391,0.0010626811368913414,0.00036740951703817526
cat,n3000,0,384,0.001,margin_targeted,1835,2058,275,0.5,138,random,3,275,0.14986376021798364,0.637958041958042,20,0.14492753623188406,0.07272727272727272,-0.0049362239860995805,255,0.6489068128770012,0.648346319809745,0.6491687705938446,0.6498022362115391,-0.0005604930672562514,0.0002619577168433418
cat,n3000,0,384,0.001,margin_targeted,1835,2058,275,0.5,138,random,4,275,0.14986376021798364,0.637958041958042,19,0.13768115942028986,0.06909090909090909,-0.012182600797693788,256,0.6489068128770012,0.6490302638711245,0.649113198572778,0.6498022362115391,0.0001234509941232531,0.00020638569577680066
cat,n3000,0,384,0.001,margin_targeted,1835,2058,275,0.5,138,random,5,275,0.14986376021798364,0.637958041958042,21,0.15217391304347827,0.07636363636363637,0.002310152825494627,254,0.6489068128770012,0.648724805882103,0.6488530375769173,0.6498022362115391,-0.0001820069948982317,-5.377530008399134e-05
cat,n3000,0,384,0.001,margin_targeted,1835,2058,275,0.5,138,random,6,275,0.14986376021798364,0.637958041958042,19,0.13768115942028986,0.06909090909090909,-0.012182600797693788,256,0.6489068128770012,0.6486863337535229,0.6489419008970941,0.6498022362115391,-0.00022047912347833432,3.508802009288825e-05
cat,n3000,0,384,0.001,margin_targeted,1835,2058,275,0.5,138,random,7,275,0.14986376021798364,0.637958041958042,17,0.12318840579710146,0.06181818181818182,-0.02667535442088219,258,0.6489068128770012,0.6484970930468835,0.6487739181998773,0.6498022362115391,-0.0004097198301177274,-0.00013289467712396252
cat,n3000,0,384,0.001,margin_targeted,1835,2058,275,0.5,138,random,8,275,0.14986376021798364,0.637958041958042,28,0.2028985507246377,0.10181818181818182,0.05303479050665405,247,0.6489068128770012,0.6491439521829951,0.6484181359452561,0.6498022362115391,0.0002371393059938942,-0.0004886769317451467
cat,n3000,0,384,0.001,margin_targeted,1835,2058,275,0.5,138,random,9,275,0.14986376021798364,0.637958041958042,32,0.2318840579710145,0.11636363636363636,0.08202029775303085,243,0.6489068128770012,0.6497091720329777,0.6491253530578418,0.6498022362115391,0.0008023591559764842,0.00021854018084055404
cat,n3000,0,384,0.001,margin_targeted,1835,2058,275,1.0,275,top,-1,275,0.14986376021798364,0.637958041958042,0,0.0,0.0,-0.14986376021798364,275,0.6489068128770012,0.6448118204636164,0.6489068128770012,0.6498022362115391,-0.004094992413384846,0.0
cat,n3000,0,384,0.001,margin_targeted,1835,2058,275,1.0,275,bottom_oracle_diagnostic,-1,275,0.14986376021798364,0.637958041958042,0,0.0,0.0,-0.14986376021798364,275,0.6489068128770012,0.685257909229794,0.6489068128770012,0.6498022362115391,0.03635109635279277,0.0
cat,n3000,0,384,0.001,margin_targeted,1835,2058,275,1.0,275,two_tailed,-1,275,0.14986376021798364,0.637958041958042,0,0.0,0.0,-0.14986376021798364,275,0.6489068128770012,0.6429589010337144,0.6489068128770012,0.6498022362115391,-0.005947911843286802,0.0
cat,n3000,0,384,0.001,margin_targeted,1835,2058,275,1.0,275,random,0,275,0.14986376021798364,0.637958041958042,42,0.15272727272727274,0.15272727272727274,0.0028635125092890956,233,0.6489068128770012,0.6483340864827588,0.6489819829631494,0.6498022362115391,-0.0005727263942424399,7.517008614810194e-05
cat,n3000,0,384,0.001,margin_targeted,1835,2058,275,1.0,275,random,1,275,0.14986376021798364,0.637958041958042,37,0.13454545454545455,0.13454545454545455,-0.015318305672529092,238,0.6489068128770012,0.6491248627496929,0.6493421025658825,0.6498022362115391,0.00021804987269169462,0.0004352896888812907
cat,n3000,0,384,0.001,margin_targeted,1835,2058,275,1.0,275,random,2,275,0.14986376021798364,0.637958041958042,41,0.14909090909090908,0.14909090909090908,-0.0007728511270745642,234,0.6489068128770012,0.6486458280832448,0.6489830919026605,0.6498022362115391,-0.0002609847937564691,7.627902565920941e-05
cat,n3000,0,384,0.001,margin_targeted,1835,2058,275,1.0,275,random,3,275,0.14986376021798364,0.637958041958042,45,0.16363636363636364,0.16363636363636364,0.013772603418379992,230,0.6489068128770012,0.6492126774644359,0.6493012269867587,0.6498022362115391,0.0003058645874346455,0.00039441410975749047
cat,n3000,0,384,0.001,margin_targeted,1835,2058,275,1.0,275,random,4,275,0.14986376021798364,0.637958041958042,43,0.15636363636363637,0.15636363636363637,0.006499876145652728,232,0.6489068128770012,0.6470084667041313,0.6488510401022455,0.6498022362115391,-0.0018983461728699913,-5.577277475576903e-05
cat,n3000,0,384,0.001,margin_targeted,1835,2058,275,1.0,275,random,5,275,0.14986376021798364,0.637958041958042,43,0.15636363636363637,0.15636363636363637,0.006499876145652728,232,0.6489068128770012,0.6493410438442396,0.6488410941272594,0.6498022362115391,0.0004342309672383804,-6.571874974181657e-05
cat,n3000,0,384,0.001,margin_targeted,1835,2058,275,1.0,275,random,6,275,0.14986376021798364,0.637958041958042,49,0.1781818181818182,0.1781818181818182,0.028318057963834548,226,0.6489068128770012,0.6511327866489544,0.6492119286302678,0.6498022362115391,0.0022259737719531048,0.0003051157532665272
cat,n3000,0,384,0.001,margin_targeted,1835,2058,275,1.0,275,random,7,275,0.14986376021798364,0.637958041958042,36,0.13090909090909092,0.13090909090909092,-0.018954669308892724,239,0.6489068128770012,0.6492613604812215,0.6492550583253993,0.6498022362115391,0.00035454760422026776,0.0003482454483980657
cat,n3000,0,384,0.001,margin_targeted,1835,2058,275,1.0,275,random,8,275,0.14986376021798364,0.637958041958042,43,0.15636363636363637,0.15636363636363637,0.006499876145652728,232,0.6489068128770012,0.6493344439069446,0.6489993102091234,0.6498022362115391,0.000427631029943365,9.249733212213229e-05
cat,n3000,0,384,0.001,margin_targeted,1835,2058,275,1.0,275,random,9,275,0.14986376021798364,0.637958041958042,36,0.13090909090909092,0.13090909090909092,-0.018954669308892724,239,0.6489068128770012,0.6487293016919585,0.6488490514158798,0.6498022362115391,-0.00017751118504272245,-5.776146112146385e-05
cat,n3000,0,384,0.001,margin_targeted,1835,2058,275,2.0,550,top,-1,275,0.14986376021798364,0.637958041958042,53,0.09636363636363636,0.19272727272727272,-0.053500123854347284,222,0.6489068128770012,0.6538908376275498,0.6487105496343901,0.6498022362115391,0.004984024750548599,-0.0001962632426111277
cat,n3000,0,384,0.001,margin_targeted,1835,2058,275,2.0,550,bottom_oracle_diagnostic,-1,275,0.14986376021798364,0.637958041958042,1,0.0018181818181818182,0.0036363636363636364,-0.1480455783998018,274,0.6489068128770012,0.7628809401150571,0.6490143285156793,0.6498022362115391,0.11397412723805589,0.00010751563867805736
cat,n3000,0,384,0.001,margin_targeted,1835,2058,275,2.0,550,two_tailed,-1,275,0.14986376021798364,0.637958041958042,0,0.0,0.0,-0.14986376021798364,275,0.6489068128770012,0.6426268365316236,0.6489068128770012,0.6498022362115391,-0.006279976345377691,0.0
cat,n3000,0,384,0.001,margin_targeted,1835,2058,275,2.0,550,random,0,275,0.14986376021798364,0.637958041958042,65,0.11818181818181818,0.23636363636363636,-0.031681942036165464,210,0.6489068128770012,0.6515345696192962,0.6492662909294141,0.6498022362115391,0.0026277567422949843,0.000359478052412876
cat,n3000,0,384,0.001,margin_targeted,1835,2058,275,2.0,550,random,1,275,0.14986376021798364,0.637958041958042,76,0.13818181818181818,0.27636363636363637,-0.01168194203616546,199,0.6489068128770012,0.6473638948089283,0.6489478204854043,0.6498022362115391,-0.0015429180680729404,4.100760840308748e-05
cat,n3000,0,384,0.001,margin_targeted,1835,2058,275,2.0,550,random,2,275,0.14986376021798364,0.637958041958042,89,0.1618181818181818,0.3236363636363636,0.011954421600198162,186,0.6489068128770012,0.6498505462264924,0.648991404051679,0.6498022362115391,0.0009437333494911604,8.459117467773947e-05
cat,n3000,0,384,0.001,margin_targeted,1835,2058,275,2.0,550,random,3,275,0.14986376021798364,0.637958041958042,100,0.18181818181818182,0.36363636363636365,0.03195442160019818,175,0.6489068128770012,0.6488833808083734,0.6500342970265558,0.6498022362115391,-2.343206862787106e-05,0.0011274841495545473
cat,n3000,0,384,0.001,margin_targeted,1835,2058,275,2.0,550,random,4,275,0.14986376021798364,0.637958041958042,85,0.15454545454545454,0.3090909090909091,0.004681694327470898,190,0.6489068128770012,0.6495821964819982,0.6490273241136456,0.6498022362115391,0.0006753836049969708,0.00012051123664436059
cat,n3000,0,384,0.001,margin_targeted,1835,2058,275,2.0,550,random,5,275,0.14986376021798364,0.637958041958042,85,0.15454545454545454,0.3090909090909091,0.004681694327470898,190,0.6489068128770012,0.6501515843352577,0.6491534391109601,0.6498022362115391,0.0012447714582564107,0.00024662623395887984
cat,n3000,0,384,0.001,margin_targeted,1835,2058,275,2.0,550,random,6,275,0.14986376021798364,0.637958041958042,84,0.15272727272727274,0.3054545454545455,0.0028635125092890956,191,0.6489068128770012,0.6513487539608469,0.6497234024361863,0.6498022362115391,0.0024419410838456557,0.0008165895591850658
cat,n3000,0,384,0.001,margin_targeted,1835,2058,275,2.0,550,random,7,275,0.14986376021798364,0.637958041958042,79,0.14363636363636365,0.2872727272727273,-0.006227396581619998,196,0.6489068128770012,0.6496633956240389,0.6494079485440694,0.6498022362115391,0.0007565827470376041,0.0005011356670681089
cat,n3000,0,384,0.001,margin_targeted,1835,2058,275,2.0,550,random,8,275,0.14986376021798364,0.637958041958042,68,0.12363636363636364,0.24727272727272728,-0.026227396581620002,207,0.6489068128770012,0.6503337598545965,0.6488364948730168,0.6498022362115391,0.001426946977595267,-7.031800398449306e-05
cat,n3000,0,384,0.001,margin_targeted,1835,2058,275,2.0,550,random,9,275,0.14986376021798364,0.637958041958042,84,0.15272727272727274,0.3054545454545455,0.0028635125092890956,191,0.6489068128770012,0.6490641857237957,0.6489595717471849,0.6498022362115391,0.00015737284679440133,5.2758870183633455e-05
cat,n3000,1,384,0.001,margin_targeted,1838,2058,275,0.5,138,top,-1,275,0.14961915125136016,0.6439039143837608,0,0.0,0.0,-0.14961915125136016,275,0.645823925784098,0.6394811010824147,0.645823925784098,0.6469710599979467,-0.006342824701683236,0.0
cat,n3000,1,384,0.001,margin_targeted,1838,2058,275,0.5,138,bottom_oracle_diagnostic,-1,275,0.14961915125136016,0.6439039143837608,0,0.0,0.0,-0.14961915125136016,275,0.645823925784098,0.6570591463452713,0.645823925784098,0.6469710599979467,0.01123522056117332,0.0
cat,n3000,1,384,0.001,margin_targeted,1838,2058,275,0.5,138,two_tailed,-1,275,0.14961915125136016,0.6439039143837608,0,0.0,0.0,-0.14961915125136016,275,0.645823925784098,0.6411190283331194,0.645823925784098,0.6469710599979467,-0.0047048974509785735,0.0
cat,n3000,1,384,0.001,margin_targeted,1838,2058,275,0.5,138,random,0,275,0.14961915125136016,0.6439039143837608,20,0.14492753623188406,0.07272727272727272,-0.0046916150194760975,255,0.645823925784098,0.6460909394082694,0.6458839223338723,0.6469710599979467,0.0002670136241714749,5.9996549774288255e-05
cat,n3000,1,384,0.001,margin_targeted,1838,2058,275,0.5,138,random,1,275,0.14961915125136016,0.6439039143837608,15,0.10869565217391304,0.05454545454545454,-0.04092349907744712,260,0.645823925784098,0.6459275416103413,0.6458185422615783,0.6469710599979467,0.00010361582624329735,-5.383522519664119e-06
cat,n3000,1,384,0.001,margin_targeted,1838,2058,275,0.5,138,random,2,275,0.14961915125136016,0.6439039143837608,25,0.18115942028985507,0.09090909090909091,0.03154026903849491,250,0.645823925784098,0.6458527886422951,0.64601513100404,0.6469710599979467,2.886285819714285e-05,0.00019120521994198114
cat,n3000,1,384,0.001,margin_targeted,1838,2058,275,0.5,138,random,3,275,0.14961915125136016,0.6439039143837608,15,0.10869565217391304,0.05454545454545454,-0.04092349907744712,260,0.645823925784098,0.6453226741392809,0.6455935150922686,0.6469710599979467,-0.000501251644817069,-0.00023041069182938578
cat,n3000,1,384,0.001,margin_targeted,1838,2058,275,0.5,138,random,4,275,0.14961915125136016,0.6439039143837608,25,0.18115942028985507,0.09090909090909091,0.03154026903849491,250,0.645823925784098,0.6458688454401933,0.6459042074798916,0.6469710599979467,4.4919656095321336e-05,8.028169579366029e-05
cat,n3000,1,384,0.001,margin_targeted,1838,2058,275,0.5,138,random,5,275,0.14961915125136016,0.6439039143837608,21,0.15217391304347827,0.07636363636363637,0.00255476179211811,254,0.645823925784098,0.6457989091082217,0.6458422452160613,0.6469710599979467,-2.5016675876288197e-05,1.8319431963287336e-05
cat,n3000,1,384,0.001,margin_targeted,1838,2058,275,0.5,138,random,6,275,0.14961915125136016,0.6439039143837608,22,0.15942028985507245,0.08,0.00980113860371229,253,0.645823925784098,0.6461355029599327,0.6456056688764044,0.6469710599979467,0.000311577175834743,-0.00021825690769361472
cat,n3000,1,384,0.001,margin_targeted,1838,2058,275,0.5,138,random,7,275,0.14961915125136016,0.6439039143837608,22,0.15942028985507245,0.08,0.00980113860371229,253,0.645823925784098,0.6462582497379519,0.6464069864249421,0.6469710599979467,0.000434323953853899,0.0005830606408441241
cat,n3000,1,384,0.001,margin_targeted,1838,2058,275,0.5,138,random,8,275,0.14961915125136016,0.6439039143837608,23,0.16666666666666666,0.08363636363636363,0.017047515415306497,252,0.645823925784098,0.6454902581058629,0.6458627245501657,0.6469710599979467,-0.00033366767823506116,3.879876606771582e-05
cat,n3000,1,384,0.001,margin_targeted,1838,2058,275,0.5,138,random,9,275,0.14961915125136016,0.6439039143837608,21,0.15217391304347827,0.07636363636363637,0.00255476179211811,254,0.645823925784098,0.6467665622866838,0.6462954380028668,0.6469710599979467,0.0009426365025858585,0.00047151221876884364
cat,n3000,1,384,0.001,margin_targeted,1838,2058,275,1.0,275,top,-1,275,0.14961915125136016,0.6439039143837608,0,0.0,0.0,-0.14961915125136016,275,0.645823925784098,0.6417380741753791,0.645823925784098,0.6469710599979467,-0.004085851608718882,0.0
cat,n3000,1,384,0.001,margin_targeted,1838,2058,275,1.0,275,bottom_oracle_diagnostic,-1,275,0.14961915125136016,0.6439039143837608,0,0.0,0.0,-0.14961915125136016,275,0.645823925784098,0.6802412050086736,0.645823925784098,0.6469710599979467,0.0344172792245756,0.0
cat,n3000,1,384,0.001,margin_targeted,1838,2058,275,1.0,275,two_tailed,-1,275,0.14961915125136016,0.6439039143837608,0,0.0,0.0,-0.14961915125136016,275,0.645823925784098,0.6400628972822954,0.645823925784098,0.6469710599979467,-0.005761028501802601,0.0
cat,n3000,1,384,0.001,margin_targeted,1838,2058,275,1.0,275,random,0,275,0.14961915125136016,0.6439039143837608,44,0.16,0.16,0.010380848748639843,231,0.645823925784098,0.6460573607429337,0.64640835539864,0.6469710599979467,0.00023343495883576537,0.0005844296145420813
cat,n3000,1,384,0.001,margin_targeted,1838,2058,275,1.0,275,random,1,275,0.14961915125136016,0.6439039143837608,30,0.10909090909090909,0.10909090909090909,-0.040528242160451075,245,0.645823925784098,0.6474327625385619,0.6460028122596149,0.6469710599979467,0.0016088367544638826,0.00017888647551689285
cat,n3000,1,384,0.001,margin_targeted,1838,2058,275,1.0,275,random,2,275,0.14961915125136016,0.6439039143837608,39,0.14181818181818182,0.14181818181818182,-0.007800969433178345,236,0.645823925784098,0.647483689755407,0.6466076393994502,0.6469710599979467,0.0016597639713090695,0.0007837136153522328
cat,n3000,1,384,0.001,margin_targeted,1838,2058,275,1.0,275,random,3,275,0.14961915125136016,0.6439039143837608,39,0.14181818181818182,0.14181818181818182,-0.007800969433178345,236,0.645823925784098,0.6463000318735709,0.6461909407649346,0.6469710599979467,0.0004761060894729052,0.00036701498083657746
cat,n3000,1,384,0.001,margin_targeted,1838,2058,275,1.0,275,random,4,275,0.14961915125136016,0.6439039143837608,37,0.13454545454545455,0.13454545454545455,-0.01507369670590561,238,0.645823925784098,0.6459441100213394,0.6459343223618642,0.6469710599979467,0.00012018423724147187,0.00011039657776623635
cat,n3000,1,384,0.001,margin_targeted,1838,2058,275,1.0,275,random,5,275,0.14961915125136016,0.6439039143837608,43,0.15636363636363637,0.15636363636363637,0.006744485112276211,232,0.645823925784098,0.6460637617596634,0.6459655427842386,0.6469710599979467,0.0002398359755654278,0.00014161700014059253
cat,n3000,1,384,0.001,margin_targeted,1838,2058,275,1.0,275,random,6,275,0.14961915125136016,0.6439039143837608,39,0.14181818181818182,0.14181818181818182,-0.007800969433178345,236,0.645823925784098,0.646855382467229,0.6464544940461362,0.6469710599979467,0.0010314566831309824,0.0006305682620382225
cat,n3000,1,384,0.001,margin_targeted,1838,2058,275,1.0,275,random,7,275,0.14961915125136016,0.6439039143837608,45,0.16363636363636364,0.16363636363636364,0.014017212385003475,230,0.645823925784098,0.6461833326240245,0.6453550530868692,0.6469710599979467,0.0003594068399265238,-0.00046887269722872826
cat,n3000,1,384,0.001,margin_targeted,1838,2058,275,1.0,275,random,8,275,0.14961915125136016,0.6439039143837608,42,0.15272727272727274,0.15272727272727274,0.0031081214759125786,233,0.645823925784098,0.6459315833771567,0.6460571651800364,0.6469710599979467,0.000107657593058752,0.0002332393959384449
cat,n3000,1,384,0.001,margin_targeted,1838,2058,275,1.0,275,random,9,275,0.14961915125136016,0.6439039143837608,44,0.16,0.16,0.010380848748639843,231,0.645823925784098,0.6460158053955569,0.6457033631232407,0.6469710599979467,0.00019187961145894494,-0.00012056266085724854
cat,n3000,1,384,0.001,margin_targeted,1838,2058,275,2.0,550,top,-1,275,0.14961915125136016,0.6439039143837608,58,0.10545454545454545,0.2109090909090909,-0.04416460579681471,217,0.645823925784098,0.650975308782916,0.6458990100470712,0.6469710599979467,0.00515138299881801,7.508426297320181e-05
cat,n3000,1,384,0.001,margin_targeted,1838,2058,275,2.0,550,bottom_oracle_diagnostic,-1,275,0.14961915125136016,0.6439039143837608,2,0.0036363636363636364,0.007272727272727273,-0.14598278761499653,273,0.645823925784098,0.7554371486865136,0.6460506646894625,0.6469710599979467,0.1096132229024156,0.0002267389053645097
cat,n3000,1,384,0.001,margin_targeted,1838,2058,275,2.0,550,two_tailed,-1,275,0.14961915125136016,0.6439039143837608,0,0.0,0.0,-0.14961915125136016,275,0.645823925784098,0.6398871655718493,0.645823925784098,0.6469710599979467,-0.0059367602122486485,0.0
cat,n3000,1,384,0.001,margin_targeted,1838,2058,275,2.0,550,random,0,275,0.14961915125136016,0.6439039143837608,93,0.1690909090909091,0.3381818181818182,0.019471757839548937,182,0.645823925784098,0.6459259171943124,0.6469775003379203,0.6469710599979467,0.00010199141021438596,0.0011535745538223674
cat,n3000,1,384,0.001,margin_targeted,1838,2058,275,2.0,550,random,1,275,0.14961915125136016,0.6439039143837608,80,0.14545454545454545,0.2909090909090909,-0.004164605796814713,195,0.645823925784098,0.6450104693791469,0.6454280021113802,0.6469710599979467,-0.0008134564049511184,-0.0003959236727177906
cat,n3000,1,384,0.001,margin_targeted,1838,2058,275,2.0,550,random,2,275,0.14961915125136016,0.6439039143837608,76,0.13818181818181818,0.27636363636363637,-0.011437333069541977,199,0.645823925784098,0.6471192495148956,0.6469228400306275,0.6469710599979467,0.0012953237307976595,0.0010989142465295254
cat,n3000,1,384,0.001,margin_targeted,1838,2058,275,2.0,550,random,3,275,0.14961915125136016,0.6439039143837608,89,0.1618181818181818,0.3236363636363636,0.012199030566821645,186,0.645823925784098,0.6467208159793474,0.6466508727599516,0.6469710599979467,0.0008968901952494113,0.0008269469758536152
cat,n3000,1,384,0.001,margin_targeted,1838,2058,275,2.0,550,random,4,275,0.14961915125136016,0.6439039143837608,84,0.15272727272727274,0.3054545454545455,0.0031081214759125786,191,0.645823925784098,0.6438152448733802,0.6462371009493603,0.6469710599979467,-0.0020086809107178194,0.0004131751652622917
cat,n3000,1,384,0.001,margin_targeted,1838,2058,275,2.0,550,random,5,275,0.14961915125136016,0.6439039143837608,78,0.14181818181818182,0.28363636363636363,-0.007800969433178345,197,0.645823925784098,0.6456690049365681,0.6461825195179473,0.6469710599979467,-0.00015492084752988244,0.0003585937338492773
cat,n3000,1,384,0.001,margin_targeted,1838,2058,275,2.0,550,random,6,275,0.14961915125136016,0.6439039143837608,80,0.14545454545454545,0.2909090909090909,-0.004164605796814713,195,0.645823925784098,0.6455801149177524,0.6460447936204817,0.6469710599979467,-0.00024381086634561733,0.0002208678363837535
cat,n3000,1,384,0.001,margin_targeted,1838,2058,275,2.0,550,random,7,275,0.14961915125136016,0.6439039143837608,81,0.14727272727272728,0.29454545454545455,-0.0023464239786328833,194,0.645823925784098,0.6485667677798176,0.6465253675488697,0.6469710599979467,0.0027428419957196137,0.0007014417647717153
cat,n3000,1,384,0.001,margin_targeted,1838,2058,275,2.0,550,random,8,275,0.14961915125136016,0.6439039143837608,78,0.14181818181818182,0.28363636363636363,-0.007800969433178345,197,0.645823925784098,0.6451364122852807,0.6464836161881845,0.6469710599979467,-0.0006875134988172382,0.0006596904040865326
cat,n3000,1,384,0.001,margin_targeted,1838,2058,275,2.0,550,random,9,275,0.14961915125136016,0.6439039143837608,85,0.15454545454545454,0.3090909090909091,0.004926303294094381,190,0.645823925784098,0.6470922889338401,0.6468196129169023,0.6469710599979467,0.0012683631497421022,0.0009956871328042904
cat,n3000,2,384,0.001,margin_targeted,1870,2058,280,0.5,140,top,-1,280,0.1497326203208556,0.6644699011680144,0,0.0,0.0,-0.1497326203208556,280,0.6463951647297073,0.6423671334975783,0.6463951647297073,0.6460955258853627,-0.004028031232128915,0.0
cat,n3000,2,384,0.001,margin_targeted,1870,2058,280,0.5,140,bottom_oracle_diagnostic,-1,280,0.1497326203208556,0.6644699011680144,0,0.0,0.0,-0.1497326203208556,280,0.6463951647297073,0.6550174001669173,0.6463951647297073,0.6460955258853627,0.00862223543721008,0.0
cat,n3000,2,384,0.001,margin_targeted,1870,2058,280,0.5,140,two_tailed,-1,280,0.1497326203208556,0.6644699011680144,0,0.0,0.0,-0.1497326203208556,280,0.6463951647297073,0.642841860624781,0.6463951647297073,0.6460955258853627,-0.0035533041049262692,0.0
cat,n3000,2,384,0.001,margin_targeted,1870,2058,280,0.5,140,random,0,280,0.1497326203208556,0.6644699011680144,23,0.16428571428571428,0.08214285714285714,0.014553093964858682,257,0.6463951647297073,0.6464202968655806,0.6460433842688813,0.6460955258853627,2.513213587329588e-05,-0.0003517804608259567
cat,n3000,2,384,0.001,margin_targeted,1870,2058,280,0.5,140,random,1,280,0.1497326203208556,0.6644699011680144,20,0.14285714285714285,0.07142857142857142,-0.006875477463712754,260,0.6463951647297073,0.646299261117003,0.6462997234264408,0.6460955258853627,-9.590361270428449e-05,-9.54413032664414e-05
cat,n3000,2,384,0.001,margin_targeted,1870,2058,280,0.5,140,random,2,280,0.1497326203208556,0.6644699011680144,12,0.08571428571428572,0.04285714285714286,-0.06401833460656989,268,0.6463951647297073,0.6462437151464667,0.646327985681544,0.6460955258853627,-0.00015144958324053714,-6.717904816322395e-05
cat,n3000,2,384,0.001,margin_targeted,1870,2058,280,0.5,140,random,3,280,0.1497326203208556,0.6644699011680144,22,0.15714285714285714,0.07857142857142857,0.007410236822001537,258,0.6463951647297073,0.6463742149563779,0.6468027818891192,0.6460955258853627,-2.094977332933734e-05,0.00040761715941195487
cat,n3000,2,384,0.001,margin_targeted,1870,2058,280,0.5,140,random,4,280,0.1497326203208556,0.6644699011680144,17,0.12142857142857143,0.060714285714285714,-0.028304048892284175,263,0.6463951647297073,0.6473787314103706,0.646248223396854,0.6460955258853627,0.0009835666806633503,-0.000146941332853312
cat,n3000,2,384,0.001,margin_targeted,1870,2058,280,0.5,140,random,5,280,0.1497326203208556,0.6644699011680144,25,0.17857142857142858,0.08928571428571429,0.028838808250572973,255,0.6463951647297073,0.6463196779551431,0.6463722958519561,0.6460955258853627,-7.548677456414854e-05,-2.2868877751158756e-05
cat,n3000,2,384,0.001,margin_targeted,1870,2058,280,0.5,140,random,6,280,0.1497326203208556,0.6644699011680144,13,0.09285714285714286,0.04642857142857143,-0.05687547746371274,267,0.6463951647297073,0.646414877446116,0.6464785599257866,0.6460955258853627,1.9712716408770703e-05,8.339519607936108e-05
cat,n3000,2,384,0.001,margin_targeted,1870,2058,280,0.5,140,random,7,280,0.1497326203208556,0.6644699011680144,24,0.17142857142857143,0.08571428571428572,0.021695951107715827,256,0.6463951647297073,0.6470709070009294,0.6465844370608906,0.6460955258853627,0.000675742271222135,0.0001892723311833766
cat,n3000,2,384,0.001,margin_targeted,1870,2058,280,0.5,140,random,8,280,0.1497326203208556,0.6644699011680144,21,0.15,0.075,0.00026737967914439165,259,0.6463951647297073,0.6469310798707381,0.6463072511515872,0.6460955258853627,0.0005359151410307961,-8.791357812010236e-05
cat,n3000,2,384,0.001,margin_targeted,1870,2058,280,0.5,140,random,9,280,0.1497326203208556,0.6644699011680144,18,0.12857142857142856,0.06428571428571428,-0.021161191749427044,262,0.6463951647297073,0.6466113448031114,0.6462014485848722,0.6460955258853627,0.00021618007340418188,-0.0001937161448350988
cat,n3000,2,384,0.001,margin_targeted,1870,2058,280,1.0,280,top,-1,280,0.1497326203208556,0.6644699011680144,0,0.0,0.0,-0.1497326203208556,280,0.6463951647297073,0.6463976016788663,0.6463951647297073,0.6460955258853627,2.4369491590237047e-06,0.0
cat,n3000,2,384,0.001,margin_targeted,1870,2058,280,1.0,280,bottom_oracle_diagnostic,-1,280,0.1497326203208556,0.6644699011680144,0,0.0,0.0,-0.1497326203208556,280,0.6463951647297073,0.6732620139037718,0.6463951647297073,0.6460955258853627,0.026866849174064567,0.0
cat,n3000,2,384,0.001,margin_targeted,1870,2058,280,1.0,280,two_tailed,-1,280,0.1497326203208556,0.6644699011680144,0,0.0,0.0,-0.1497326203208556,280,0.6463951647297073,0.6425700032623695,0.6463951647297073,0.6460955258853627,-0.003825161467337801,0.0
cat,n3000,2,384,0.001,margin_targeted,1870,2058,280,1.0,280,random,0,280,0.1497326203208556,0.6644699011680144,45,0.16071428571428573,0.16071428571428573,0.010981665393430123,235,0.6463951647297073,0.6467886589300345,0.6466168165266104,0.6460955258853627,0.0003934942003271935,0.00022165179690314396
cat,n3000,2,384,0.001,margin_targeted,1870,2058,280,1.0,280,random,1,280,0.1497326203208556,0.6644699011680144,42,0.15,0.15,0.00026737967914439165,238,0.6463951647297073,0.6454478691813534,0.6463573092631207,0.6460955258853627,-0.0009472955483538215,-3.7855466586522724e-05
cat,n3000,2,384,0.001,margin_targeted,1870,2058,280,1.0,280,random,2,280,0.1497326203208556,0.6644699011680144,38,0.1357142857142857,0.1357142857142857,-0.014018334606569899,242,0.6463951647297073,0.6471489227264217,0.6469622519602569,0.6460955258853627,0.0007537579967143992,0.0005670872305496566
cat,n3000,2,384,0.001,margin_targeted,1870,2058,280,1.0,280,random,3,280,0.1497326203208556,0.6644699011680144,49,0.175,0.175,0.025267379679144386,231,0.6463951647297073,0.6447120988241342,0.6456506783525235,0.6460955258853627,-0.0016830659055731,-0.0007444863771837174
cat,n3000,2,384,0.001,margin_targeted,1870,2058,280,1.0,280,random,4,280,0.1497326203208556,0.6644699011680144,40,0.14285714285714285,0.14285714285714285,-0.006875477463712754,240,0.6463951647297073,0.6474931702450978,0.6463361342567912,0.6460955258853627,0.001098005515390521,-5.903047291611063e-05
cat,n3000,2,384,0.001,margin_targeted,1870,2058,280,1.0,280,random,5,280,0.1497326203208556,0.6644699011680144,45,0.16071428571428573,0.16071428571428573,0.010981665393430123,235,0.6463951647297073,0.6465063446595629,0.6465023839717877,0.6460955258853627,0.00011117992985565373,0.00010721924208045852
cat,n3000,2,384,0.001,margin_targeted,1870,2058,280,1.0,280,random,6,280,0.1497326203208556,0.6644699011680144,37,0.13214285714285715,0.13214285714285715,-0.017589763177998458,243,0.6463951647297073,0.6480840123404712,0.6464648482886802,0.6460955258853627,0.0016888476107639327,6.968355897296608e-05
cat,n3000,2,384,0.001,margin_targeted,1870,2058,280,1.0,280,random,7,280,0.1497326203208556,0.6644699011680144,42,0.15,0.15,0.00026737967914439165,238,0.6463951647297073,0.6477789268569082,0.6466016495689129,0.6460955258853627,0.001383762127200927,0.00020648483920560068
cat,n3000,2,384,0.001,margin_targeted,1870,2058,280,1.0,280,random,8,280,0.1497326203208556,0.6644699011680144,38,0.1357142857142857,0.1357142857142857,-0.014018334606569899,242,0.6463951647297073,0.6464037443119129,0.6460865520956046,0.6460955258853627,8.579582205681113e-06,-0.00030861263410264517
cat,n3000,2,384,0.001,margin_targeted,1870,2058,280,1.0,280,random,9,280,0.1497326203208556,0.6644699011680144,41,0.14642857142857144,0.14642857142857144,-0.003304048892284167,239,0.6463951647297073,0.6451157263835768,0.6462345574695055,0.6460955258853627,-0.0012794383461304237,-0.00016060726020172833
cat,n3000,2,384,0.001,margin_targeted,1870,2058,280,2.0,560,top,-1,280,0.1497326203208556,0.6644699011680144,74,0.13214285714285715,0.2642857142857143,-0.017589763177998458,206,0.6463951647297073,0.6580412662959216,0.6461358930282391,0.6460955258853627,0.011646101566214373,-0.0002592717014681112
cat,n3000,2,384,0.001,margin_targeted,1870,2058,280,2.0,560,bottom_oracle_diagnostic,-1,280,0.1497326203208556,0.6644699011680144,2,0.0035714285714285713,0.007142857142857143,-0.14616119174942704,278,0.6463951647297073,0.7476365493236635,0.6464957844812199,0.6460955258853627,0.10124138459395626,0.0001006197515126539
cat,n3000,2,384,0.001,margin_targeted,1870,2058,280,2.0,560,two_tailed,-1,280,0.1497326203208556,0.6644699011680144,0,0.0,0.0,-0.1497326203208556,280,0.6463951647297073,0.643521095269703,0.6463951647297073,0.6460955258853627,-0.002874069460004236,0.0
cat,n3000,2,384,0.001,margin_targeted,1870,2058,280,2.0,560,random,0,280,0.1497326203208556,0.6644699011680144,89,0.15892857142857142,0.31785714285714284,0.009195951107715816,191,0.6463951647297073,0.6482510613195618,0.6461222890966566,0.6460955258853627,0.001855896589854522,-0.0002728756330506732
cat,n3000,2,384,0.001,margin_targeted,1870,2058,280,2.0,560,random,1,280,0.1497326203208556,0.6644699011680144,82,0.14642857142857144,0.29285714285714287,-0.003304048892284167,198,0.6463951647297073,0.6467924717989447,0.6462211884047772,0.6460955258853627,0.0003973070692374625,-0.00017397632493010295
cat,n3000,2,384,0.001,margin_targeted,1870,2058,280,2.0,560,random,2,280,0.1497326203208556,0.6644699011680144,89,0.15892857142857142,0.31785714285714284,0.009195951107715816,191,0.6463951647297073,0.6485781231826331,0.6463377638436397,0.6460955258853627,0.0021829584529258206,-5.7400886067537904e-05
cat,n3000,2,384,0.001,margin_targeted,1870,2058,280,2.0,560,random,3,280,0.1497326203208556,0.6644699011680144,94,0.16785714285714284,0.3357142857142857,0.01812452253628724,186,0.6463951647297073,0.6476406958701302,0.6460226458947977,0.6460955258853627,0.0012455311404229175,-0.00037251883490951876
cat,n3000,2,384,0.001,margin_targeted,1870,2058,280,2.0,560,random,4,280,0.1497326203208556,0.6644699011680144,73,0.13035714285714287,0.26071428571428573,-0.019375477463712737,207,0.6463951647297073,0.6468752436516687,0.6465804797814131,0.6460955258853627,0.0004800789219614465,0.00018531505170582552
cat,n3000,2,384,0.001,margin_targeted,1870,2058,280,2.0,560,random,5,280,0.1497326203208556,0.6644699011680144,78,0.1392857142857143,0.2785714285714286,-0.010446906035141312,202,0.6463951647297073,0.6469399959252642,0.6463365600063528,0.6460955258853627,0.0005448311955569274,-5.860472335450506e-05
cat,n3000,2,384,0.001,margin_targeted,1870,2058,280,2.0,560,random,6,280,0.1497326203208556,0.6644699011680144,84,0.15,0.3,0.00026737967914439165,196,0.6463951647297073,0.6461034150369065,0.6462972935488608,0.6460955258853627,-0.000291749692800769,-9.787118084647606e-05
cat,n3000,2,384,0.001,margin_targeted,1870,2058,280,2.0,560,random,7,280,0.1497326203208556,0.6644699011680144,87,0.15535714285714286,0.3107142857142857,0.0056245225362872575,193,0.6463951647297073,0.6475353147663429,0.6469156673215813,0.6460955258853627,0.00114015003663559,0.0005205025918740835
cat,n3000,2,384,0.001,margin_targeted,1870,2058,280,2.0,560,random,8,280,0.1497326203208556,0.6644699011680144,74,0.13214285714285715,0.2642857142857143,-0.017589763177998458,206,0.6463951647297073,0.6479018068712464,0.6466266209963552,0.6460955258853627,0.0015066421415391718,0.0002314562666478892
cat,n3000,2,384,0.001,margin_targeted,1870,2058,280,2.0,560,random,9,280,0.1497326203208556,0.6644699011680144,80,0.14285714285714285,0.2857142857142857,-0.006875477463712754,200,0.6463951647297073,0.6472148919370448,0.6468149771377066,0.6460955258853627,0.0008197272073375839,0.0004198124079993759
cat,n3000,3,384,0.001,margin_targeted,1861,2058,279,0.5,140,top,-1,279,0.14991939817302524,0.6489177077244448,0,0.0,0.0,-0.14991939817302524,279,0.6471848602310166,0.6411145393701212,0.6471848602310166,0.6487834217561271,-0.0060703208608954284,0.0
cat,n3000,3,384,0.001,margin_targeted,1861,2058,279,0.5,140,bottom_oracle_diagnostic,-1,279,0.14991939817302524,0.6489177077244448,0,0.0,0.0,-0.14991939817302524,279,0.6471848602310166,0.6591203331432253,0.6471848602310166,0.6487834217561271,0.011935472912208644,0.0
cat,n3000,3,384,0.001,margin_targeted,1861,2058,279,0.5,140,two_tailed,-1,279,0.14991939817302524,0.6489177077244448,0,0.0,0.0,-0.14991939817302524,279,0.6471848602310166,0.6427397871974616,0.6471848602310166,0.6487834217561271,-0.004445073033555014,0.0
cat,n3000,3,384,0.001,margin_targeted,1861,2058,279,0.5,140,random,0,279,0.14991939817302524,0.6489177077244448,18,0.12857142857142856,0.06451612903225806,-0.021347969601596684,261,0.6471848602310166,0.6471663736877281,0.6474466204535754,0.6487834217561271,-1.8486543288509516e-05,0.000261760222558749
cat,n3000,3,384,0.001,margin_targeted,1861,2058,279,0.5,140,random,1,279,0.14991939817302524,0.6489177077244448,26,0.18571428571428572,0.0931899641577061,0.03579488754126048,253,0.6471848602310166,0.6467936804490616,0.6474450943602216,0.6487834217561271,-0.00039117978195502,0.00026023412920495037
cat,n3000,3,384,0.001,margin_targeted,1861,2058,279,0.5,140,random,2,279,0.14991939817302524,0.6489177077244448,17,0.12142857142857143,0.06093189964157706,-0.028490826744453815,262,0.6471848602310166,0.6473852433287652,0.647508370003057,0.6487834217561271,0.00020038309774861318,0.0003235097720404312
cat,n3000,3,384,0.001,margin_targeted,1861,2058,279,0.5,140,random,3,279,0.14991939817302524,0.6489177077244448,23,0.16428571428571428,0.08243727598566308,0.014366316112689043,256,0.6471848602310166,0.6472327315793979,0.6472788747301796,0.6487834217561271,4.7871348381245404e-05,9.401449916301985e-05
cat,n3000,3,384,0.001,margin_targeted,1861,2058,279,0.5,140,random,4,279,0.14991939817302524,0.6489177077244448,24,0.17142857142857143,0.08602150537634409,0.021509173255546188,255,0.6471848602310166,0.6481484848562196,0.6471676359852289,0.6487834217561271,0.0009636246252029412,-1.7224245787761383e-05
cat,n3000,3,384,0.001,margin_targeted,1861,2058,279,0.5,140,random,5,279,0.14991939817302524,0.6489177077244448,23,0.16428571428571428,0.08243727598566308,0.014366316112689043,256,0.6471848602310166,0.6463560932129556,0.6474269674691812,0.6487834217561271,-0.0008287670180610052,0.00024210723816453505
cat,n3000,3,384,0.001,margin_targeted,1861,2058,279,0.5,140,random,6,279,0.14991939817302524,0.6489177077244448,17,0.12142857142857143,0.06093189964157706,-0.028490826744453815,262,0.6471848602310166,0.6476708589746772,0.6470769136370202,0.6487834217561271,0.00048599874366062057,-0.00010794659399637752
cat,n3000,3,384,0.001,margin_targeted,1861,2058,279,0.5,140,random,7,279,0.14991939817302524,0.6489177077244448,23,0.16428571428571428,0.08243727598566308,0.014366316112689043,256,0.6471848602310166,0.647793005989405,0.6475662201764834,0.6487834217561271,0.000608145758388412,0.00038135994546673047
cat,n3000,3,384,0.001,margin_targeted,1861,2058,279,0.5,140,random,8,279,0.14991939817302524,0.6489177077244448,25,0.17857142857142858,0.08960573476702509,0.028652030398403333,254,0.6471848602310166,0.6477386817970427,0.6475612707972439,0.6487834217561271,0.0005538215660261248,0.000376410566227281
cat,n3000,3,384,0.001,margin_targeted,1861,2058,279,0.5,140,random,9,279,0.14991939817302524,0.6489177077244448,14,0.1,0.05017921146953405,-0.04991939817302524,265,0.6471848602310166,0.6481642647428075,0.6469682500860949,0.6487834217561271,0.0009794045117909045,-0.00021661014492169173
cat,n3000,3,384,0.001,margin_targeted,1861,2058,279,1.0,279,top,-1,279,0.14991939817302524,0.6489177077244448,0,0.0,0.0,-0.14991939817302524,279,0.6471848602310166,0.6446493446447851,0.6471848602310166,0.6487834217561271,-0.0025355155862315515,0.0
cat,n3000,3,384,0.001,margin_targeted,1861,2058,279,1.0,279,bottom_oracle_diagnostic,-1,279,0.14991939817302524,0.6489177077244448,0,0.0,0.0,-0.14991939817302524,279,0.6471848602310166,0.6821629137585288,0.6471848602310166,0.6487834217561271,0.034978053527512154,0.0
cat,n3000,3,384,0.001,margin_targeted,1861,2058,279,1.0,279,two_tailed,-1,279,0.14991939817302524,0.6489177077244448,0,0.0,0.0,-0.14991939817302524,279,0.6471848602310166,0.6415532473865312,0.6471848602310166,0.6487834217561271,-0.005631612844485434,0.0
cat,n3000,3,384,0.001,margin_targeted,1861,2058,279,1.0,279,random,0,279,0.14991939817302524,0.6489177077244448,41,0.14695340501792115,0.14695340501792115,-0.0029659931551040963,238,0.6471848602310166,0.6484282093577247,0.6473055531720873,0.6487834217561271,0.0012433491267080932,0.00012069294107064366
cat,n3000,3,384,0.001,margin_targeted,1861,2058,279,1.0,279,random,1,279,0.14991939817302524,0.6489177077244448,41,0.14695340501792115,0.14695340501792115,-0.0029659931551040963,238,0.6471848602310166,0.6475243879207119,0.6475916301480441,0.6487834217561271,0.0003395276896952515,0.000406769917027483
cat,n3000,3,384,0.001,margin_targeted,1861,2058,279,1.0,279,random,2,279,0.14991939817302524,0.6489177077244448,39,0.13978494623655913,0.13978494623655913,-0.010134451936466116,240,0.6471848602310166,0.6477037182094499,0.6473727126060436,0.6487834217561271,0.000518857978433318,0.0001878523750269423
cat,n3000,3,384,0.001,margin_targeted,1861,2058,279,1.0,279,random,3,279,0.14991939817302524,0.6489177077244448,43,0.15412186379928317,0.15412186379928317,0.004202465626257923,236,0.6471848602310166,0.6475013396051748,0.6470673446658132,0.6487834217561271,0.00031647937415812954,-0.00011751556520345208
cat,n3000,3,384,0.001,margin_targeted,1861,2058,279,1.0,279,random,4,279,0.14991939817302524,0.6489177077244448,39,0.13978494623655913,0.13978494623655913,-0.010134451936466116,240,0.6471848602310166,0.6470379403303576,0.6470738778279382,0.6487834217561271,-0.00014691990065907046,-0.0001109824030783857
cat,n3000,3,384,0.001,margin_targeted,1861,2058,279,1.0,279,random,5,279,0.14991939817302524,0.6489177077244448,41,0.14695340501792115,0.14695340501792115,-0.0029659931551040963,238,0.6471848602310166,0.6483317944562934,0.6478076825467887,0.6487834217561271,0.0011469342252767856,0.0006228223157720425
cat,n3000,3,384,0.001,margin_targeted,1861,2058,279,1.0,279,random,6,279,0.14991939817302524,0.6489177077244448,44,0.15770609318996415,0.15770609318996415,0.007786695016938905,235,0.6471848602310166,0.646973853571682,0.6477206747900768,0.6487834217561271,-0.0002110066593346005,0.0005358145590601548
cat,n3000,3,384,0.001,margin_targeted,1861,2058,279,1.0,279,random,7,279,0.14991939817302524,0.6489177077244448,42,0.15053763440860216,0.15053763440860216,0.0006182362355769133,237,0.6471848602310166,0.6458057515051966,0.6472644269377884,0.6487834217561271,-0.001379108725820033,7.956670677178312e-05
cat,n3000,3,384,0.001,margin_targeted,1861,2058,279,1.0,279,random,8,279,0.14991939817302524,0.6489177077244448,35,0.12544802867383512,0.12544802867383512,-0.024471369499190126,244,0.6471848602310166,0.6471950414696291,0.6472532811291831,0.6487834217561271,1.018123861251663e-05,6.84208981664991e-05
cat,n3000,3,384,0.001,margin_targeted,1861,2058,279,1.0,279,random,9,279,0.14991939817302524,0.6489177077244448,44,0.15770609318996415,0.15770609318996415,0.007786695016938905,235,0.6471848602310166,0.6470741049521745,0.6469638852781266,0.6487834217561271,-0.00011075527884207848,-0.00022097495288997404
cat,n3000,3,384,0.001,margin_targeted,1861,2058,279,2.0,558,top,-1,279,0.14991939817302524,0.6489177077244448,77,0.13799283154121864,0.27598566308243727,-0.011926566631806607,202,0.6471848602310166,0.6532666643231708,0.6468970678892075,0.6487834217561271,0.006081804092154197,-0.00028779234180908997
cat,n3000,3,384,0.001,margin_targeted,1861,2058,279,2.0,558,bottom_oracle_diagnostic,-1,279,0.14991939817302524,0.6489177077244448,4,0.007168458781362007,0.014336917562724014,-0.14275093939166322,275,0.6471848602310166,0.7513153670462424,0.6474633718605513,0.6487834217561271,0.10413050681522573,0.00027851162953462794
cat,n3000,3,384,0.001,margin_targeted,1861,2058,279,2.0,558,two_tailed,-1,279,0.14991939817302524,0.6489177077244448,0,0.0,0.0,-0.14991939817302524,279,0.6471848602310166,0.6419552276928732,0.6471848602310166,0.6487834217561271,-0.005229632538143458,0.0
cat,n3000,3,384,0.001,margin_targeted,1861,2058,279,2.0,558,random,0,279,0.14991939817302524,0.6489177077244448,93,0.16666666666666666,0.3333333333333333,0.016747268493641415,186,0.6471848602310166,0.6495243082943407,0.6485969740045553,0.6487834217561271,0.00233944806332409,0.0014121137735386702
cat,n3000,3,384,0.001,margin_targeted,1861,2058,279,2.0,558,random,1,279,0.14991939817302524,0.6489177077244448,84,0.15053763440860216,0.3010752688172043,0.0006182362355769133,195,0.6471848602310166,0.6483545802720408,0.6471294526158731,0.6487834217561271,0.0011697200410242248,-5.540761514355452e-05
cat,n3000,3,384,0.001,margin_targeted,1861,2058,279,2.0,558,random,2,279,0.14991939817302524,0.6489177077244448,84,0.15053763440860216,0.3010752688172043,0.0006182362355769133,195,0.6471848602310166,0.6477676422486237,0.6479451493245718,0.6487834217561271,0.0005827820176070864,0.0007602890935551887
cat,n3000,3,384,0.001,margin_targeted,1861,2058,279,2.0,558,random,3,279,0.14991939817302524,0.6489177077244448,87,0.15591397849462366,0.3118279569892473,0.005994580321598414,192,0.6471848602310166,0.6493107876944113,0.6478097219385562,0.6487834217561271,0.0021259274633946834,0.0006248617075396146
cat,n3000,3,384,0.001,margin_targeted,1861,2058,279,2.0,558,random,4,279,0.14991939817302524,0.6489177077244448,93,0.16666666666666666,0.3333333333333333,0.016747268493641415,186,0.6471848602310166,0.6474193022513244,0.6480598159734243,0.6487834217561271,0.00023444202030775685,0.0008749557424077015
cat,n3000,3,384,0.001,margin_targeted,1861,2058,279,2.0,558,random,5,279,0.14991939817302524,0.6489177077244448,93,0.16666666666666666,0.3333333333333333,0.016747268493641415,186,0.6471848602310166,0.6478439822560631,0.6478741929876203,0.6487834217561271,0.0006591220250464769,0.0006893327566036556
cat,n3000,3,384,0.001,margin_targeted,1861,2058,279,2.0,558,random,6,279,0.14991939817302524,0.6489177077244448,73,0.13082437275985664,0.2616487455197133,-0.019095025413168598,206,0.6471848602310166,0.647286757014027,0.64790933168544,0.6487834217561271,0.00010189678301042449,0.0007244714544233366
cat,n3000,3,384,0.001,margin_targeted,1861,2058,279,2.0,558,random,7,279,0.14991939817302524,0.6489177077244448,83,0.14874551971326164,0.2974910394265233,-0.0011738784597636054,196,0.6471848602310166,0.6485644766871852,0.6478689427379245,0.6487834217561271,0.0013796164561685753,0.0006840825069078793
cat,n3000,3,384,0.001,margin_targeted,1861,2058,279,2.0,558,random,8,279,0.14991939817302524,0.6489177077244448,90,0.16129032258064516,0.3225806451612903,0.011370924407619915,189,0.6471848602310166,0.6456892800095015,0.6477131967177747,0.6487834217561271,-0.0014955802215150804,0.0005283364867580964
cat,n3000,3,384,0.001,margin_targeted,1861,2058,279,2.0,558,random,9,279,0.14991939817302524,0.6489177077244448,90,0.16129032258064516,0.3225806451612903,0.011370924407619915,189,0.6471848602310166,0.6481470008631968,0.64760592307468,0.6487834217561271,0.0009621406321801418,0.000421062843663389
cat,n3000,4,384,0.0001,margin_targeted,1842,2058,276,0.5,138,top,-1,276,0.1498371335504886,0.6190006848427638,0,0.0,0.0,-0.1498371335504886,276,0.6549581948863584,0.6875469562224229,0.6549581948863584,0.6490752290242977,0.032588761336064476,0.0
cat,n3000,4,384,0.0001,margin_targeted,1842,2058,276,0.5,138,bottom_oracle_diagnostic,-1,276,0.1498371335504886,0.6190006848427638,0,0.0,0.0,-0.1498371335504886,276,0.6549581948863584,0.6549078201403571,0.6549581948863584,0.6490752290242977,-5.037474600133596e-05,0.0
cat,n3000,4,384,0.0001,margin_targeted,1842,2058,276,0.5,138,two_tailed,-1,276,0.1498371335504886,0.6190006848427638,0,0.0,0.0,-0.1498371335504886,276,0.6549581948863584,0.6668073227618226,0.6549581948863584,0.6490752290242977,0.011849127875464216,0.0
cat,n3000,4,384,0.0001,margin_targeted,1842,2058,276,0.5,138,random,0,276,0.1498371335504886,0.6190006848427638,20,0.14492753623188406,0.07246376811594203,-0.004909597318604547,256,0.6549581948863584,0.6594183272937978,0.6552118112885238,0.6490752290242977,0.0044601324074393656,0.0002536164021653686
cat,n3000,4,384,0.0001,margin_targeted,1842,2058,276,0.5,138,random,1,276,0.1498371335504886,0.6190006848427638,20,0.14492753623188406,0.07246376811594203,-0.004909597318604547,256,0.6549581948863584,0.65679177773205,0.653471937881019,0.6490752290242977,0.0018335828456915726,-0.001486257005339442
cat,n3000,4,384,0.0001,margin_targeted,1842,2058,276,0.5,138,random,2,276,0.1498371335504886,0.6190006848427638,22,0.15942028985507245,0.07971014492753623,0.00958315630458384,254,0.6549581948863584,0.657339015996576,0.6561388902893979,0.6490752290242977,0.0023808211102175347,0.0011806954030394445
cat,n3000,4,384,0.0001,margin_targeted,1842,2058,276,0.5,138,random,3,276,0.1498371335504886,0.6190006848427638,13,0.09420289855072464,0.04710144927536232,-0.05563423499976397,263,0.6549581948863584,0.6565157477049356,0.6539110513881408,0.6490752290242977,0.001557552818577168,-0.001047143498217662
cat,n3000,4,384,0.0001,margin_targeted,1842,2058,276,0.5,138,random,4,276,0.1498371335504886,0.6190006848427638,22,0.15942028985507245,0.07971014492753623,0.00958315630458384,254,0.6549581948863584,0.6575614882543659,0.6554278742959387,0.6490752290242977,0.0026032933680074644,0.00046967940958031473
cat,n3000,4,384,0.0001,margin_targeted,1842,2058,276,0.5,138,random,5,276,0.1498371335504886,0.6190006848427638,24,0.17391304347826086,0.08695652173913043,0.024075909927772254,252,0.6549581948863584,0.6567945283871991,0.6547956264960723,0.6490752290242977,0.00183633350084067,-0.00016256839028616632
cat,n3000,4,384,0.0001,margin_targeted,1842,2058,276,0.5,138,random,6,276,0.1498371335504886,0.6190006848427638,23,0.16666666666666666,0.08333333333333333,0.016829533116178047,253,0.6549581948863584,0.6591430862323223,0.6553043668651399,0.6490752290242977,0.0041848913459638926,0.0003461719787815065
cat,n3000,4,384,0.0001,margin_targeted,1842,2058,276,0.5,138,random,7,276,0.1498371335504886,0.6190006848427638,31,0.2246376811594203,0.11231884057971014,0.07480054760893168,245,0.6549581948863584,0.6579047991423159,0.6556153694392676,0.6490752290242977,0.0029466042559574968,0.0006571745529091455
cat,n3000,4,384,0.0001,margin_targeted,1842,2058,276,0.5,138,random,8,276,0.1498371335504886,0.6190006848427638,18,0.13043478260869565,0.06521739130434782,-0.019402350941792962,258,0.6549581948863584,0.66010234728026,0.6558811477802527,0.6490752290242977,0.0051441523939015354,0.0009229528938943243
cat,n3000,4,384,0.0001,margin_targeted,1842,2058,276,0.5,138,random,9,276,0.1498371335504886,0.6190006848427638,22,0.15942028985507245,0.07971014492753623,0.00958315630458384,254,0.6549581948863584,0.6589671757048658,0.6539815053265379,0.6490752290242977,0.004008980818507424,-0.0009766895598205538
cat,n3000,4,384,0.0001,margin_targeted,1842,2058,276,1.0,276,top,-1,276,0.1498371335504886,0.6190006848427638,1,0.0036231884057971015,0.0036231884057971015,-0.14621394514469152,275,0.6549581948863584,0.7285641430869231,0.6548137568772517,0.6490752290242977,0.07360594820056465,-0.00014443800910668436
cat,n3000,4,384,0.0001,margin_targeted,1842,2058,276,1.0,276,bottom_oracle_diagnostic,-1,276,0.1498371335504886,0.6190006848427638,1,0.0036231884057971015,0.0036231884057971015,-0.14621394514469152,275,0.6549581948863584,0.662200765426423,0.655007965718911,0.6490752290242977,0.007242570540064608,4.977083255253145e-05
cat,n3000,4,384,0.0001,margin_targeted,1842,2058,276,1.0,276,two_tailed,-1,276,0.1498371335504886,0.6190006848427638,0,0.0,0.0,-0.1498371335504886,276,0.6549581948863584,0.686335706256882,0.6549581948863584,0.6490752290242977,0.03137751137052358,0.0
cat,n3000,4,384,0.0001,margin_targeted,1842,2058,276,1.0,276,random,0,276,0.1498371335504886,0.6190006848427638,46,0.16666666666666666,0.16666666666666666,0.016829533116178047,230,0.6549581948863584,0.6575495872483567,0.6539512469028457,0.6490752290242977,0.002591392361998235,-0.0010069479835127515
cat,n3000,4,384,0.0001,margin_targeted,1842,2058,276,1.0,276,random,1,276,0.1498371335504886,0.6190006848427638,40,0.14492753623188406,0.14492753623188406,-0.004909597318604547,236,0.6549581948863584,0.6622837314800091,0.6520573487944895,0.6490752290242977,0.00732553659365065,-0.002900846091868914
cat,n3000,4,384,0.0001,margin_targeted,1842,2058,276,1.0,276,random,2,276,0.1498371335504886,0.6190006848427638,54,0.1956521739130435,0.1956521739130435,0.045815040362554876,222,0.6549581948863584,0.6561473597795318,0.6551138117064014,0.6490752290242977,0.0011891648931733334,0.00015561682004294752
cat,n3000,4,384,0.0001,margin_targeted,1842,2058,276,1.0,276,random,3,276,0.1498371335504886,0.6190006848427638,47,0.17028985507246377,0.17028985507246377,0.020452721521975165,229,0.6549581948863584,0.6564321025785248,0.653119165946838,0.6490752290242977,0.0014739076921663763,-0.0018390289395203707
cat,n3000,4,384,0.0001,margin_targeted,1842,2058,276,1.0,276,random,4,276,0.1498371335504886,0.6190006848427638,46,0.16666666666666666,0.16666666666666666,0.016829533116178047,230,0.6549581948863584,0.6542147754192916,0.656373668989603,0.6490752290242977,-0.0007434194670667971,0.0014154741032446072
cat,n3000,4,384,0.0001,margin_targeted,1842,2058,276,1.0,276,random,5,276,0.1498371335504886,0.6190006848427638,44,0.15942028985507245,0.15942028985507245,0.00958315630458384,232,0.6549581948863584,0.658243550883953,0.6531412693458665,0.6490752290242977,0.003285355997594608,-0.0018169255404919538
cat,n3000,4,384,0.0001,margin_targeted,1842,2058,276,1.0,276,random,6,276,0.1498371335504886,0.6190006848427638,34,0.12318840579710146,0.12318840579710146,-0.026648727753387155,242,0.6549581948863584,0.6620269131364176,0.653984647961327,0.6490752290242977,0.007068718250059169,-0.0009735469250313766
cat,n3000,4,384,0.0001,margin_targeted,1842,2058,276,1.0,276,random,7,276,0.1498371335504886,0.6190006848427638,46,0.16666666666666666,0.16666666666666666,0.016829533116178047,230,0.6549581948863584,0.6575868989284531,0.6533314569947785,0.6490752290242977,0.0026287040420946983,-0.0016267378915799657
cat,n3000,4,384,0.0001,margin_targeted,1842,2058,276,1.0,276,random,8,276,0.1498371335504886,0.6190006848427638,36,0.13043478260869565,0.13043478260869565,-0.019402350941792962,240,0.6549581948863584,0.6583257100472919,0.6538878680676246,0.6490752290242977,0.0033675151609334764,-0.0010703268187338688
cat,n3000,4,384,0.0001,margin_targeted,1842,2058,276,1.0,276,random,9,276,0.1498371335504886,0.6190006848427638,43,0.15579710144927536,0.15579710144927536,0.00595996789878675,233,0.6549581948863584,0.6596446470036827,0.652756373482221,0.6490752290242977,0.0046864521173243245,-0.002201821404137383
cat,n3000,4,384,0.0001,margin_targeted,1842,2058,276,2.0,552,top,-1,276,0.1498371335504886,0.6190006848427638,89,0.161231884057971,0.322463768115942,0.011394750507482398,187,0.6549581948863584,0.7775540438236219,0.6562925671693992,0.6490752290242977,0.1225958489372635,0.0013343722830407856
cat,n3000,4,384,0.0001,margin_targeted,1842,2058,276,2.0,552,bottom_oracle_diagnostic,-1,276,0.1498371335504886,0.6190006848427638,10,0.018115942028985508,0.036231884057971016,-0.1317211915215031,266,0.6549581948863584,0.7497604277440838,0.6541733698144926,0.6490752290242977,0.09480223285772538,-0.0007848250718658356
cat,n3000,4,384,0.0001,margin_targeted,1842,2058,276,2.0,552,two_tailed,-1,276,0.1498371335504886,0.6190006848427638,2,0.0036231884057971015,0.007246376811594203,-0.14621394514469152,274,0.6549581948863584,0.7287865172183479,0.6548645669598155,0.6490752290242977,0.07382832233198944,-9.362792654288299e-05
cat,n3000,4,384,0.0001,margin_targeted,1842,2058,276,2.0,552,random,0,276,0.1498371335504886,0.6190006848427638,81,0.14673913043478262,0.29347826086956524,-0.0030980031157059884,195,0.6549581948863584,0.6610427600449139,0.6538089827079042,0.6490752290242977,0.006084565158555488,-0.0011492121784542064
cat,n3000,4,384,0.0001,margin_targeted,1842,2058,276,2.0,552,random,1,276,0.1498371335504886,0.6190006848427638,78,0.14130434782608695,0.2826086956521739,-0.008532785724401665,198,0.6549581948863584,0.6618813492762933,0.6552116480228487,0.6490752290242977,0.006923154389934849,0.0002534531364902781
cat,n3000,4,384,0.0001,margin_targeted,1842,2058,276,2.0,552,random,2,276,0.1498371335504886,0.6190006848427638,82,0.14855072463768115,0.2971014492753623,-0.0012864089128074574,194,0.6549581948863584,0.6616042462016481,0.6497511510236794,0.6490752290242977,0.006646051315289725,-0.005207043862679006
cat,n3000,4,384,0.0001,margin_targeted,1842,2058,276,2.0,552,random,3,276,0.1498371335504886,0.6190006848427638,81,0.14673913043478262,0.29347826086956524,-0.0030980031157059884,195,0.6549581948863584,0.6643571987105316,0.653435333202057,0.6490752290242977,0.009399003824173136,-0.0015228616843013798
cat,n3000,4,384,0.0001,margin_targeted,1842,2058,276,2.0,552,random,4,276,0.1498371335504886,0.6190006848427638,79,0.1431159420289855,0.286231884057971,-0.006721191521503106,197,0.6549581948863584,0.6588577496056593,0.6557405102646306,0.6490752290242977,0.003899554719300924,0.0007823153782722247
cat,n3000,4,384,0.0001,margin_targeted,1842,2058,276,2.0,552,random,5,276,0.1498371335504886,0.6190006848427638,74,0.13405797101449277,0.26811594202898553,-0.015779162535995844,202,0.6549581948863584,0.6655205851756396,0.6530722270535702,0.6490752290242977,0.010562390289281187,-0.0018859678327882712
cat,n3000,4,384,0.0001,margin_targeted,1842,2058,276,2.0,552,random,6,276,0.1498371335504886,0.6190006848427638,79,0.1431159420289855,0.286231884057971,-0.006721191521503106,197,0.6549581948863584,0.6622344000292991,0.6521165036459078,0.6490752290242977,0.007276205142940695,-0.002841691240450639
cat,n3000,4,384,0.0001,margin_targeted,1842,2058,276,2.0,552,random,7,276,0.1498371335504886,0.6190006848427638,86,0.15579710144927536,0.3115942028985507,0.00595996789878675,190,0.6549581948863584,0.6666142172948999,0.6506843699862412,0.6490752290242977,0.011656022408541467,-0.004273824900117185
cat,n3000,4,384,0.0001,margin_targeted,1842,2058,276,2.0,552,random,8,276,0.1498371335504886,0.6190006848427638,90,0.16304347826086957,0.32608695652173914,0.013206344710380957,186,0.6549581948863584,0.6615612035446121,0.6505470138879352,0.6490752290242977,0.006603008658253695,-0.004411180998423192
cat,n3000,4,384,0.0001,margin_targeted,1842,2058,276,2.0,552,random,9,276,0.1498371335504886,0.6190006848427638,80,0.14492753623188406,0.2898550724637681,-0.004909597318604547,196,0.6549581948863584,0.6670372604141526,0.6529619787389581,0.6490752290242977,0.012079065527794142,-0.0019962161474003093
resp,n300,0,384,0.01,directional,210,2352,31,0.5,16,top,-1,31,0.14761904761904762,0.04757613984501712,0,0.0,0.0,-0.14761904761904762,31,0.7453047845394067,0.759616353722011,0.7453047845394067,0.6649361005627078,0.014311569182604233,0.0
resp,n300,0,384,0.01,directional,210,2352,31,0.5,16,bottom_oracle_diagnostic,-1,31,0.14761904761904762,0.04757613984501712,14,0.875,0.45161290322580644,0.7273809523809524,17,0.7453047845394067,0.7222985375280019,0.6916104472646694,0.6649361005627078,-0.023006247011404857,-0.05369433727473738
resp,n300,0,384,0.01,directional,210,2352,31,0.5,16,two_tailed,-1,31,0.14761904761904762,0.04757613984501712,7,0.4375,0.22580645161290322,0.28988095238095235,24,0.7453047845394067,0.7427071419249668,0.7109663178637687,0.6649361005627078,-0.0025976426144399545,-0.034338466675638
resp,n300,0,384,0.01,directional,210,2352,31,0.5,16,random,0,31,0.14761904761904762,0.04757613984501712,3,0.1875,0.0967741935483871,0.03988095238095238,28,0.7453047845394067,0.7482952193906115,0.7336703706576677,0.6649361005627078,0.0029904348512047596,-0.011634413881739025
resp,n300,0,384,0.01,directional,210,2352,31,0.5,16,random,1,31,0.14761904761904762,0.04757613984501712,3,0.1875,0.0967741935483871,0.03988095238095238,28,0.7453047845394067,0.7458069443666804,0.7341915062264363,0.6649361005627078,0.0005021598272736405,-0.011113278312970487
resp,n300,0,384,0.01,directional,210,2352,31,0.5,16,random,2,31,0.14761904761904762,0.04757613984501712,4,0.25,0.12903225806451613,0.10238095238095238,27,0.7453047845394067,0.7399449604087323,0.7297105110621689,0.6649361005627078,-0.005359824130674484,-0.015594273477237852
resp,n300,0,384,0.01,directional,210,2352,31,0.5,16,random,3,31,0.14761904761904762,0.04757613984501712,2,0.125,0.06451612903225806,-0.022619047619047622,29,0.7453047845394067,0.7449641334772888,0.7372661200639934,0.6649361005627078,-0.00034065106211789153,-0.008038664475413348
resp,n300,0,384,0.01,directional,210,2352,31,0.5,16,random,4,31,0.14761904761904762,0.04757613984501712,4,0.25,0.12903225806451613,0.10238095238095238,27,0.7453047845394067,0.7403785035217206,0.7308654771399147,0.6649361005627078,-0.004926281017686107,-0.014439307399492063
resp,n300,0,384,0.01,directional,210,2352,31,0.5,16,random,5,31,0.14761904761904762,0.04757613984501712,2,0.125,0.06451612903225806,-0.022619047619047622,29,0.7453047845394067,0.7448605026060955,0.7366763095224514,0.6649361005627078,-0.00044428193331125243,-0.008628475016955295
resp,n300,0,384,0.01,directional,210,2352,31,0.5,16,random,6,31,0.14761904761904762,0.04757613984501712,3,0.1875,0.0967741935483871,0.03988095238095238,28,0.7453047845394067,0.7466927415735393,0.7342653209497255,0.6649361005627078,0.0013879570341325254,-0.01103946358968122
resp,n300,0,384,0.01,directional,210,2352,31,0.5,16,random,7,31,0.14761904761904762,0.04757613984501712,3,0.1875,0.0967741935483871,0.03988095238095238,28,0.7453047845394067,0.7438186778853776,0.7356532038907994,0.6649361005627078,-0.0014861066540291512,-0.009651580648607383
resp,n300,0,384,0.01,directional,210,2352,31,0.5,16,random,8,31,0.14761904761904762,0.04757613984501712,2,0.125,0.06451612903225806,-0.022619047619047622,29,0.7453047845394067,0.7435443096209995,0.7393250402553185,0.6649361005627078,-0.001760474918407251,-0.0059797442840882065
resp,n300,0,384,0.01,directional,210,2352,31,0.5,16,random,9,31,0.14761904761904762,0.04757613984501712,0,0.0,0.0,-0.14761904761904762,31,0.7453047845394067,0.7467028493555146,0.7453047845394067,0.6649361005627078,0.0013980648161078246,0.0
resp,n300,0,384,0.01,directional,210,2352,31,1.0,31,top,-1,31,0.14761904761904762,0.04757613984501712,0,0.0,0.0,-0.14761904761904762,31,0.7453047845394067,0.7722647011776657,0.7453047845394067,0.6649361005627078,0.02695991663825892,0.0
resp,n300,0,384,0.01,directional,210,2352,31,1.0,31,bottom_oracle_diagnostic,-1,31,0.14761904761904762,0.04757613984501712,22,0.7096774193548387,0.7096774193548387,0.5620583717357911,9,0.7453047845394067,0.7032114211171704,0.6755037891145464,0.6649361005627078,-0.04209336342223635,-0.06980099542486029
resp,n300,0,384,0.01,directional,210,2352,31,1.0,31,two_tailed,-1,31,0.14761904761904762,0.04757613984501712,14,0.45161290322580644,0.45161290322580644,0.30399385560675884,17,0.7453047845394067,0.7368933821966509,0.6916104472646694,0.6649361005627078,-0.008411402342755836,-0.05369433727473738
resp,n300,0,384,0.01,directional,210,2352,31,1.0,31,random,0,31,0.14761904761904762,0.04757613984501712,4,0.12903225806451613,0.12903225806451613,-0.018586789554531497,27,0.7453047845394067,0.7483684284170696,0.7278067332240279,0.6649361005627078,0.0030636438776628916,-0.01749805131537885
resp,n300,0,384,0.01,directional,210,2352,31,1.0,31,random,1,31,0.14761904761904762,0.04757613984501712,2,0.06451612903225806,0.06451612903225806,-0.08310291858678956,29,0.7453047845394067,0.7497853327033556,0.7381044477031995,0.6649361005627078,0.004480548163948828,-0.007200336836207244
resp,n300,0,384,0.01,directional,210,2352,31,1.0,31,random,2,31,0.14761904761904762,0.04757613984501712,3,0.0967741935483871,0.0967741935483871,-0.05084485407066053,28,0.7453047845394067,0.7516315994458984,0.7360706929409728,0.6649361005627078,0.0063268149064916734,-0.009234091598433913
resp,n300,0,384,0.01,directional,210,2352,31,1.0,31,random,3,31,0.14761904761904762,0.04757613984501712,4,0.12903225806451613,0.12903225806451613,-0.018586789554531497,27,0.7453047845394067,0.745464864271253,0.730472663461894,0.6649361005627078,0.00016007973184628543,-0.01483212107751275
resp,n300,0,384,0.01,directional,210,2352,31,1.0,31,random,4,31,0.14761904761904762,0.04757613984501712,5,0.16129032258064516,0.16129032258064516,0.013671274961597535,26,0.7453047845394067,0.7424881669012161,0.7289484578202275,0.6649361005627078,-0.0028166176381906327,-0.016356326719179193
resp,n300,0,384,0.01,directional,210,2352,31,1.0,31,random,5,31,0.14761904761904762,0.04757613984501712,4,0.12903225806451613,0.12903225806451613,-0.018586789554531497,27,0.7453047845394067,0.7462965438511137,0.727367731437895,0.6649361005627078,0.000991759311706919,-0.017937053101511724
resp,n300,0,384,0.01,directional,210,2352,31,1.0,31,random,6,31,0.14761904761904762,0.04757613984501712,5,0.16129032258064516,0.16129032258064516,0.013671274961597535,26,0.7453047845394067,0.7419488540322544,0.7251871626659581,0.6649361005627078,-0.003355930507152327,-0.020117621873448677
resp,n300,0,384,0.01,directional,210,2352,31,1.0,31,random,7,31,0.14761904761904762,0.04757613984501712,3,0.0967741935483871,0.0967741935483871,-0.05084485407066053,28,0.7453047845394067,0.744134212408483,0.7341648419352498,0.6649361005627078,-0.0011705721309237527,-0.01113994260415696
resp,n300,0,384,0.01,directional,210,2352,31,1.0,31,random,8,31,0.14761904761904762,0.04757613984501712,7,0.22580645161290322,0.22580645161290322,0.0781874039938556,24,0.7453047845394067,0.7406634055789719,0.7239738859412106,0.6649361005627078,-0.004641378960434817,-0.021330898598196146
resp,n300,0,384,0.01,directional,210,2352,31,1.0,31,random,9,31,0.14761904761904762,0.04757613984501712,5,0.16129032258064516,0.16129032258064516,0.013671274961597535,26,0.7453047845394067,0.7478565207370395,0.728513259046229,0.6649361005627078,0.0025517361976327146,-0.01679152549317775
resp,n300,0,384,0.01,directional,210,2352,31,2.0,62,top,-1,31,0.14761904761904762,0.04757613984501712,0,0.0,0.0,-0.14761904761904762,31,0.7453047845394067,0.7897115733331252,0.7453047845394067,0.6649361005627078,0.04440678879371851,0.0
resp,n300,0,384,0.01,directional,210,2352,31,2.0,62,bottom_oracle_diagnostic,-1,31,0.14761904761904762,0.04757613984501712,30,0.4838709677419355,0.967741935483871,0.33625192012288785,1,0.7453047845394067,0.6759130928724671,0.6660908053852543,0.6649361005627078,-0.06939169166693959,-0.0792139791541524
resp,n300,0,384,0.01,directional,210,2352,31,2.0,62,two_tailed,-1,31,0.14761904761904762,0.04757613984501712,22,0.3548387096774194,0.7096774193548387,0.20721966205837175,9,0.7453047845394067,0.7324913553868532,0.6755037891145464,0.6649361005627078,-0.012813429152553568,-0.06980099542486029
resp,n300,0,384,0.01,directional,210,2352,31,2.0,62,random,0,31,0.14761904761904762,0.04757613984501712,6,0.0967741935483871,0.1935483870967742,-0.05084485407066053,25,0.7453047845394067,0.7530125353024734,0.7248370929964526,0.6649361005627078,0.007707750763066623,-0.020467691542954136
resp,n300,0,384,0.01,directional,210,2352,31,2.0,62,random,1,31,0.14761904761904762,0.04757613984501712,11,0.1774193548387097,0.3548387096774194,0.029800307219662064,20,0.7453047845394067,0.7354619185166459,0.7090075671609753,0.6649361005627078,-0.009842866022760854,-0.03629721737843139
resp,n300,0,384,0.01,directional,210,2352,31,2.0,62,random,2,31,0.14761904761904762,0.04757613984501712,14,0.22580645161290322,0.45161290322580644,0.0781874039938556,17,0.7453047845394067,0.7359681746034278,0.6959439389181536,0.6649361005627078,-0.009336609935978957,-0.04936084562125309
resp,n300,0,384,0.01,directional,210,2352,31,2.0,62,random,3,31,0.14761904761904762,0.04757613984501712,9,0.14516129032258066,0.2903225806451613,-0.002457757296466967,22,0.7453047845394067,0.7608024843325665,0.7187088721490099,0.6649361005627078,0.015497699793159736,-0.026595912390396825
resp,n300,0,384,0.01,directional,210,2352,31,2.0,62,random,4,31,0.14761904761904762,0.04757613984501712,12,0.1935483870967742,0.3870967741935484,0.045929339477726566,19,0.7453047845394067,0.7380635310007151,0.7084560569522806,0.6649361005627078,-0.00724125353869165,-0.036848727587126096
resp,n300,0,384,0.01,directional,210,2352,31,2.0,62,random,5,31,0.14761904761904762,0.04757613984501712,10,0.16129032258064516,0.3225806451612903,0.013671274961597535,21,0.7453047845394067,0.7393137951351624,0.7127440777292416,0.6649361005627078,-0.005990989404244362,-0.032560706810165096
resp,n300,0,384,0.01,directional,210,2352,31,2.0,62,random,6,31,0.14761904761904762,0.04757613984501712,7,0.11290322580645161,0.22580645161290322,-0.03471582181259601,24,0.7453047845394067,0.7525066891754875,0.7220141346732393,0.6649361005627078,0.007201904636080725,-0.023290649866167468
resp,n300,0,384,0.01,directional,210,2352,31,2.0,62,random,7,31,0.14761904761904762,0.04757613984501712,10,0.16129032258064516,0.3225806451612903,0.013671274961597535,21,0.7453047845394067,0.753737763365525,0.7127275792914106,0.6649361005627078,0.008432978826118265,-0.03257720524799612
resp,n300,0,384,0.01,directional,210,2352,31,2.0,62,random,8,31,0.14761904761904762,0.04757613984501712,7,0.11290322580645161,0.22580645161290322,-0.03471582181259601,24,0.7453047845394067,0.7444843801686022,0.7223796156317978,0.6649361005627078,-0.0008204043708045505,-0.022925168907608984
resp,n300,0,384,0.01,directional,210,2352,31,2.0,62,random,9,31,0.14761904761904762,0.04757613984501712,8,0.12903225806451613,0.25806451612903225,-0.018586789554531497,23,0.7453047845394067,0.7511440560494652,0.7208678530794194,0.6649361005627078,0.005839271510058475,-0.024436931459987377
resp,n300,1,384,0.1,directional,210,2352,31,0.5,16,top,-1,31,0.14761904761904762,0.06757974409803569,0,0.0,0.0,-0.14761904761904762,31,0.6965006236725685,0.6976165928694812,0.6965006236725685,0.6863168371208136,0.0011159691969127028,0.0
resp,n300,1,384,0.1,directional,210,2352,31,0.5,16,bottom_oracle_diagnostic,-1,31,0.14761904761904762,0.06757974409803569,11,0.6875,0.3548387096774194,0.5398809523809524,20,0.6965006236725685,0.6936602086621493,0.6915973362901449,0.6863168371208136,-0.002840415010419206,-0.004903287382423627
resp,n300,1,384,0.1,directional,210,2352,31,0.5,16,two_tailed,-1,31,0.14761904761904762,0.06757974409803569,5,0.3125,0.16129032258064516,0.16488095238095238,26,0.6965006236725685,0.6953380141117398,0.6937708807996098,0.6863168371208136,-0.001162609560828698,-0.002729742872958685
resp,n300,1,384,0.1,directional,210,2352,31,0.5,16,random,0,31,0.14761904761904762,0.06757974409803569,3,0.1875,0.0967741935483871,0.03988095238095238,28,0.6965006236725685,0.6967933653526573,0.6958414444262319,0.6863168371208136,0.00029274168008885937,-0.0006591792463366275
resp,n300,1,384,0.1,directional,210,2352,31,0.5,16,random,1,31,0.14761904761904762,0.06757974409803569,2,0.125,0.06451612903225806,-0.022619047619047622,29,0.6965006236725685,0.6967803736614351,0.695852373465442,0.6863168371208136,0.0002797499888665955,-0.000648250207126444
resp,n300,1,384,0.1,directional,210,2352,31,0.5,16,random,2,31,0.14761904761904762,0.06757974409803569,2,0.125,0.06451612903225806,-0.022619047619047622,29,0.6965006236725685,0.6967055328020799,0.69587957996253,0.6863168371208136,0.00020490912951143248,-0.0006210437100384603
resp,n300,1,384,0.1,directional,210,2352,31,0.5,16,random,3,31,0.14761904761904762,0.06757974409803569,2,0.125,0.06451612903225806,-0.022619047619047622,29,0.6965006236725685,0.6968523985152187,0.6957110768154627,0.6863168371208136,0.00035177484265025427,-0.0007895468571057496
resp,n300,1,384,0.1,directional,210,2352,31,0.5,16,random,4,31,0.14761904761904762,0.06757974409803569,4,0.25,0.12903225806451613,0.10238095238095238,27,0.6965006236725685,0.6961253042260828,0.6947106265112785,0.6863168371208136,-0.00037531944648572235,-0.0017899971612900245
resp,n300,1,384,0.1,directional,210,2352,31,0.5,16,random,5,31,0.14761904761904762,0.06757974409803569,1,0.0625,0.03225806451612903,-0.08511904761904762,30,0.6965006236725685,0.6965077074534416,0.6961676457567555,0.6863168371208136,7.083780873107237e-06,-0.0003329779158129931
resp,n300,1,384,0.1,directional,210,2352,31,0.5,16,random,6,31,0.14761904761904762,0.06757974409803569,1,0.0625,0.03225806451612903,-0.08511904761904762,30,0.6965006236725685,0.6967678050583421,0.6960745234987444,0.6863168371208136,0.0002671813857736405,-0.0004261001738240511
resp,n300,1,384,0.1,directional,210,2352,31,0.5,16,random,7,31,0.14761904761904762,0.06757974409803569,2,0.125,0.06451612903225806,-0.022619047619047622,29,0.6965006236725685,0.6971845074228885,0.6961134516633496,0.6863168371208136,0.0006838837503200246,-0.0003871720092188946
resp,n300,1,384,0.1,directional,210,2352,31,0.5,16,random,8,31,0.14761904761904762,0.06757974409803569,4,0.25,0.12903225806451613,0.10238095238095238,27,0.6965006236725685,0.6963460595561581,0.695553846124258,0.6863168371208136,-0.0001545641164103495,-0.0009467775483105179
resp,n300,1,384,0.1,directional,210,2352,31,0.5,16,random,9,31,0.14761904761904762,0.06757974409803569,3,0.1875,0.0967741935483871,0.03988095238095238,28,0.6965006236725685,0.6969852715377676,0.6959234716003129,0.6863168371208136,0.00048464786519908376,-0.0005771520722556156
resp,n300,1,384,0.1,directional,210,2352,31,1.0,31,top,-1,31,0.14761904761904762,0.06757974409803569,0,0.0,0.0,-0.14761904761904762,31,0.6965006236725685,0.6983612290327751,0.6965006236725685,0.6863168371208136,0.001860605360206602,0.0
resp,n300,1,384,0.1,directional,210,2352,31,1.0,31,bottom_oracle_diagnostic,-1,31,0.14761904761904762,0.06757974409803569,20,0.6451612903225806,0.6451612903225806,0.497542242703533,11,0.6965006236725685,0.6921744586628087,0.6894374408727061,0.6863168371208136,-0.004326165009759797,-0.0070631827998624
resp,n300,1,384,0.1,directional,210,2352,31,1.0,31,two_tailed,-1,31,0.14761904761904762,0.06757974409803569,11,0.3548387096774194,0.3548387096774194,0.20721966205837175,20,0.6965006236725685,0.6943272796793161,0.6915973362901449,0.6863168371208136,-0.002173343993252419,-0.004903287382423627
resp,n300,1,384,0.1,directional,210,2352,31,1.0,31,random,0,31,0.14761904761904762,0.06757974409803569,6,0.1935483870967742,0.1935483870967742,0.045929339477726566,25,0.6965006236725685,0.6960209695180777,0.6941023082747152,0.6863168371208136,-0.00047965415449080506,-0.00239831539785329
resp,n300,1,384,0.1,directional,210,2352,31,1.0,31,random,1,31,0.14761904761904762,0.06757974409803569,5,0.16129032258064516,0.16129032258064516,0.013671274961597535,26,0.6965006236725685,0.6960088851502263,0.6942525050630033,0.6863168371208136,-0.0004917385223421888,-0.0022481186095651973
resp,n300,1,384,0.1,directional,210,2352,31,1.0,31,random,2,31,0.14761904761904762,0.06757974409803569,4,0.12903225806451613,0.12903225806451613,-0.018586789554531497,27,0.6965006236725685,0.6963931454543584,0.6947334342389618,0.6863168371208136,-0.00010747821821011083,-0.001767189433606653
resp,n300,1,384,0.1,directional,210,2352,31,1.0,31,random,3,31,0.14761904761904762,0.06757974409803569,3,0.0967741935483871,0.0967741935483871,-0.05084485407066053,28,0.6965006236725685,0.6976988433251311,0.6957922169476746,0.6863168371208136,0.0011982196525626154,-0.0007084067248939174
resp,n300,1,384,0.1,directional,210,2352,31,1.0,31,random,4,31,0.14761904761904762,0.06757974409803569,1,0.03225806451612903,0.03225806451612903,-0.11536098310291859,30,0.6965006236725685,0.6968993301987451,0.6963688873010433,0.6863168371208136,0.0003987065261765732,-0.0001317363715251929
resp,n300,1,384,0.1,directional,210,2352,31,1.0,31,random,5,31,0.14761904761904762,0.06757974409803569,4,0.12903225806451613,0.12903225806451613,-0.018586789554531497,27,0.6965006236725685,0.6959097468315221,0.6942945123788473,0.6863168371208136,-0.0005908768410464171,-0.002206111293721169
resp,n300,1,384,0.1,directional,210,2352,31,1.0,31,random,6,31,0.14761904761904762,0.06757974409803569,4,0.12903225806451613,0.12903225806451613,-0.018586789554531497,27,0.6965006236725685,0.6955998065635822,0.6943817025019331,0.6863168371208136,-0.0009008171089862627,-0.0021189211706353905
resp,n300,1,384,0.1,directional,210,2352,31,1.0,31,random,7,31,0.14761904761904762,0.06757974409803569,3,0.0967741935483871,0.0967741935483871,-0.05084485407066053,28,0.6965006236725685,0.6966724269838853,0.6958578851974847,0.6863168371208136,0.00017180331131683158,-0.0006427384750837817
resp,n300,1,384,0.1,directional,210,2352,31,1.0,31,random,8,31,0.14761904761904762,0.06757974409803569,4,0.12903225806451613,0.12903225806451613,-0.018586789554531497,27,0.6965006236725685,0.6961318278227507,0.6956220093798616,0.6863168371208136,-0.00036879584981774904,-0.0008786142927068585
resp,n300,1,384,0.1,directional,210,2352,31,1.0,31,random,9,31,0.14761904761904762,0.06757974409803569,3,0.0967741935483871,0.0967741935483871,-0.05084485407066053,28,0.6965006236725685,0.6978074894935937,0.6958547784047556,0.6863168371208136,0.0013068658210252382,-0.0006458452678128612
resp,n300,1,384,0.1,directional,210,2352,31,2.0,62,top,-1,31,0.14761904761904762,0.06757974409803569,0,0.0,0.0,-0.14761904761904762,31,0.6965006236725685,0.7013215139758531,0.6965006236725685,0.6863168371208136,0.004820890303284586,0.0
resp,n300,1,384,0.1,directional,210,2352,31,2.0,62,bottom_oracle_diagnostic,-1,31,0.14761904761904762,0.06757974409803569,30,0.4838709677419355,0.967741935483871,0.33625192012288785,1,0.6965006236725685,0.6892945533216555,0.6866884176134462,0.6863168371208136,-0.00720607035091303,-0.009812206059122253
resp,n300,1,384,0.1,directional,210,2352,31,2.0,62,two_tailed,-1,31,0.14761904761904762,0.06757974409803569,20,0.3225806451612903,0.6451612903225806,0.1749615975422427,11,0.6965006236725685,0.6934565983378355,0.6894374408727061,0.6863168371208136,-0.003044025334733025,-0.0070631827998624
resp,n300,1,384,0.1,directional,210,2352,31,2.0,62,random,0,31,0.14761904761904762,0.06757974409803569,8,0.12903225806451613,0.25806451612903225,-0.018586789554531497,23,0.6965006236725685,0.6964234096893321,0.6932833513098534,0.6863168371208136,-7.72139832363461e-05,-0.0032172723627150734
resp,n300,1,384,0.1,directional,210,2352,31,2.0,62,random,1,31,0.14761904761904762,0.06757974409803569,10,0.16129032258064516,0.3225806451612903,0.013671274961597535,21,0.6965006236725685,0.6961110265465372,0.6928511638027591,0.6863168371208136,-0.0003895971260312603,-0.003649459869809357
resp,n300,1,384,0.1,directional,210,2352,31,2.0,62,random,2,31,0.14761904761904762,0.06757974409803569,14,0.22580645161290322,0.45161290322580644,0.0781874039938556,17,0.6965006236725685,0.6961126267293662,0.6926250731567224,0.6863168371208136,-0.0003879969432022401,-0.0038755505158460934
resp,n300,1,384,0.1,directional,210,2352,31,2.0,62,random,3,31,0.14761904761904762,0.06757974409803569,9,0.14516129032258066,0.2903225806451613,-0.002457757296466967,22,0.6965006236725685,0.6961743922454313,0.6938345012331322,0.6863168371208136,-0.00032623142713716913,-0.0026661224394363137
resp,n300,1,384,0.1,directional,210,2352,31,2.0,62,random,4,31,0.14761904761904762,0.06757974409803569,8,0.12903225806451613,0.25806451612903225,-0.018586789554531497,23,0.6965006236725685,0.6971775143463148,0.693919095662687,0.6863168371208136,0.0006768906737463221,-0.0025815280098815396
resp,n300,1,384,0.1,directional,210,2352,31,2.0,62,random,5,31,0.14761904761904762,0.06757974409803569,4,0.06451612903225806,0.12903225806451613,-0.08310291858678956,27,0.6965006236725685,0.6984095504854164,0.695518279595988,0.6863168371208136,0.001908926812847933,-0.000982344076580488
resp,n300,1,384,0.1,directional,210,2352,31,2.0,62,random,6,31,0.14761904761904762,0.06757974409803569,8,0.12903225806451613,0.25806451612903225,-0.018586789554531497,23,0.6965006236725685,0.6960547792164303,0.6932118066897847,0.6863168371208136,-0.0004458444561381558,-0.0032888169827838265
resp,n300,1,384,0.1,directional,210,2352,31,2.0,62,random,7,31,0.14761904761904762,0.06757974409803569,3,0.04838709677419355,0.0967741935483871,-0.09923195084485407,28,0.6965006236725685,0.6991551896716143,0.6956971453193189,0.6863168371208136,0.002654565999045788,-0.0008034783532495648
resp,n300,1,384,0.1,directional,210,2352,31,2.0,62,random,8,31,0.14761904761904762,0.06757974409803569,5,0.08064516129032258,0.16129032258064516,-0.06697388632872504,26,0.6965006236725685,0.6966367532698701,0.6945521918211887,0.6863168371208136,0.00013612959730158192,-0.0019484318513798282
resp,n300,1,384,0.1,directional,210,2352,31,2.0,62,random,9,31,0.14761904761904762,0.06757974409803569,9,0.14516129032258066,0.2903225806451613,-0.002457757296466967,22,0.6965006236725685,0.6958354603617035,0.6934349621517185,0.6863168371208136,-0.000665163310864969,-0.0030656615208499716
resp,n300,2,384,0.01,directional,210,2352,31,0.5,16,top,-1,31,0.14761904761904762,0.23067219318796178,0,0.0,0.0,-0.14761904761904762,31,0.6580948740944387,0.6590059261485297,0.6580948740944387,0.6773097090783439,0.0009110520540910327,0.0
resp,n300,2,384,0.01,directional,210,2352,31,0.5,16,bottom_oracle_diagnostic,-1,31,0.14761904761904762,0.23067219318796178,4,0.25,0.12903225806451613,0.10238095238095238,27,0.6580948740944387,0.6590531853984288,0.6612196021971608,0.6773097090783439,0.0009583113039901558,0.0031247281027221296
resp,n300,2,384,0.01,directional,210,2352,31,0.5,16,two_tailed,-1,31,0.14761904761904762,0.23067219318796178,1,0.0625,0.03225806451612903,-0.08511904761904762,30,0.6580948740944387,0.6594260941485659,0.6580192292229063,0.6773097090783439,0.0013312200541272246,-7.564487153233213e-05
resp,n300,2,384,0.01,directional,210,2352,31,0.5,16,random,0,31,0.14761904761904762,0.23067219318796178,3,0.1875,0.0967741935483871,0.03988095238095238,28,0.6580948740944387,0.6581490990018237,0.6607104422741508,0.6773097090783439,5.4224907385047594e-05,0.002615568179712091
resp,n300,2,384,0.01,directional,210,2352,31,0.5,16,random,1,31,0.14761904761904762,0.23067219318796178,2,0.125,0.06451612903225806,-0.022619047619047622,29,0.6580948740944387,0.658106233985156,0.6589041908335947,0.6773097090783439,1.1359890717321797e-05,0.000809316739156074
resp,n300,2,384,0.01,directional,210,2352,31,0.5,16,random,2,31,0.14761904761904762,0.23067219318796178,1,0.0625,0.03225806451612903,-0.08511904761904762,30,0.6580948740944387,0.6594100812659139,0.6591086812357065,0.6773097090783439,0.0013152071714752633,0.001013807141267864
resp,n300,2,384,0.01,directional,210,2352,31,0.5,16,random,3,31,0.14761904761904762,0.23067219318796178,0,0.0,0.0,-0.14761904761904762,31,0.6580948740944387,0.6575016106184676,0.6580948740944387,0.6773097090783439,-0.0005932634759711064,0.0
resp,n300,2,384,0.01,directional,210,2352,31,0.5,16,random,4,31,0.14761904761904762,0.23067219318796178,0,0.0,0.0,-0.14761904761904762,31,0.6580948740944387,0.6587016565678357,0.6580948740944387,0.6773097090783439,0.0006067824733970717,0.0
resp,n300,2,384,0.01,directional,210,2352,31,0.5,16,random,5,31,0.14761904761904762,0.23067219318796178,2,0.125,0.06451612903225806,-0.022619047619047622,29,0.6580948740944387,0.658292523788624,0.6581387465516348,0.6773097090783439,0.00019764969418534228,4.387245719617017e-05
resp,n300,2,384,0.01,directional,210,2352,31,0.5,16,random,6,31,0.14761904761904762,0.23067219318796178,3,0.1875,0.0967741935483871,0.03988095238095238,28,0.6580948740944387,0.6584307675409375,0.6577964512883346,0.6773097090783439,0.00033589344649886943,-0.00029842280610403726
resp,n300,2,384,0.01,directional,210,2352,31,0.5,16,random,7,31,0.14761904761904762,0.23067219318796178,2,0.125,0.06451612903225806,-0.022619047619047622,29,0.6580948740944387,0.6584391887886271,0.6577190172638977,0.6773097090783439,0.00034431469418838567,-0.00037585683054097707
resp,n300,2,384,0.01,directional,210,2352,31,0.5,16,random,8,31,0.14761904761904762,0.23067219318796178,0,0.0,0.0,-0.14761904761904762,31,0.6580948740944387,0.6575882247884851,0.6580948740944387,0.6773097090783439,-0.0005066493059535659,0.0
resp,n300,2,384,0.01,directional,210,2352,31,0.5,16,random,9,31,0.14761904761904762,0.23067219318796178,1,0.0625,0.03225806451612903,-0.08511904761904762,30,0.6580948740944387,0.6585527007263631,0.6584711612630083,0.6773097090783439,0.0004578266319243962,0.0003762871685696334
resp,n300,2,384,0.01,directional,210,2352,31,1.0,31,top,-1,31,0.14761904761904762,0.23067219318796178,0,0.0,0.0,-0.14761904761904762,31,0.6580948740944387,0.6602647710271995,0.6580948740944387,0.6773097090783439,0.0021698969327608175,0.0
resp,n300,2,384,0.01,directional,210,2352,31,1.0,31,bottom_oracle_diagnostic,-1,31,0.14761904761904762,0.23067219318796178,7,0.22580645161290322,0.22580645161290322,0.0781874039938556,24,0.6580948740944387,0.6617400759483274,0.6613678574754486,0.6773097090783439,0.0036452018538887243,0.0032729833810098974
resp,n300,2,384,0.01,directional,210,2352,31,1.0,31,two_tailed,-1,31,0.14761904761904762,0.23067219318796178,4,0.12903225806451613,0.12903225806451613,-0.018586789554531497,27,0.6580948740944387,0.6599069270131486,0.6612196021971608,0.6773097090783439,0.0018120529187098944,0.0031247281027221296
resp,n300,2,384,0.01,directional,210,2352,31,1.0,31,random,0,31,0.14761904761904762,0.23067219318796178,3,0.0967741935483871,0.0967741935483871,-0.05084485407066053,28,0.6580948740944387,0.6596490189908748,0.6608916440549352,0.6773097090783439,0.001554144896436127,0.0027967699604964924
resp,n300,2,384,0.01,directional,210,2352,31,1.0,31,random,1,31,0.14761904761904762,0.23067219318796178,2,0.06451612903225806,0.06451612903225806,-0.08310291858678956,29,0.6580948740944387,0.6595231332199524,0.6582364754756327,0.6773097090783439,0.0014282591255136978,0.000141601381194012
resp,n300,2,384,0.01,directional,210,2352,31,1.0,31,random,2,31,0.14761904761904762,0.23067219318796178,3,0.0967741935483871,0.0967741935483871,-0.05084485407066053,28,0.6580948740944387,0.6577969522084091,0.6590645872759682,0.6773097090783439,-0.00029792188602961733,0.0009697131815294968
resp,n300,2,384,0.01,directional,210,2352,31,1.0,31,random,3,31,0.14761904761904762,0.23067219318796178,5,0.16129032258064516,0.16129032258064516,0.013671274961597535,26,0.6580948740944387,0.6583084290113979,0.6598307019177663,0.6773097090783439,0.00021355491695917994,0.0017358278233275959
resp,n300,2,384,0.01,directional,210,2352,31,1.0,31,random,4,31,0.14761904761904762,0.23067219318796178,6,0.1935483870967742,0.1935483870967742,0.045929339477726566,25,0.6580948740944387,0.6596757409462288,0.6615611327400355,0.6773097090783439,0.0015808668517901525,0.003466258645596798
resp,n300,2,384,0.01,directional,210,2352,31,1.0,31,random,5,31,0.14761904761904762,0.23067219318796178,5,0.16129032258064516,0.16129032258064516,0.013671274961597535,26,0.6580948740944387,0.6585348683551746,0.658747573775613,0.6773097090783439,0.00043999426073593195,0.000652699681174318
resp,n300,2,384,0.01,directional,210,2352,31,1.0,31,random,6,31,0.14761904761904762,0.23067219318796178,5,0.16129032258064516,0.16129032258064516,0.013671274961597535,26,0.6580948740944387,0.6609186143919892,0.660103474615162,0.6773097090783439,0.0028237402975505033,0.0020086005207232693
resp,n300,2,384,0.01,directional,210,2352,31,1.0,31,random,7,31,0.14761904761904762,0.23067219318796178,3,0.0967741935483871,0.0967741935483871,-0.05084485407066053,28,0.6580948740944387,0.6578346105346907,0.6593450043778215,0.6773097090783439,-0.000260263559747953,0.0012501302833828332
resp,n300,2,384,0.01,directional,210,2352,31,1.0,31,random,8,31,0.14761904761904762,0.23067219318796178,7,0.22580645161290322,0.22580645161290322,0.0781874039938556,24,0.6580948740944387,0.6579422541348473,0.6602569301708884,0.6773097090783439,-0.0001526199595913713,0.002162056076449703
resp,n300,2,384,0.01,directional,210,2352,31,1.0,31,random,9,31,0.14761904761904762,0.23067219318796178,4,0.12903225806451613,0.12903225806451613,-0.018586789554531497,27,0.6580948740944387,0.6571940738745403,0.6578652419772607,0.6773097090783439,-0.0009008002198983567,-0.00022963211717796916
resp,n300,2,384,0.01,directional,210,2352,31,2.0,62,top,-1,31,0.14761904761904762,0.23067219318796178,0,0.0,0.0,-0.14761904761904762,31,0.6580948740944387,0.6604435757178613,0.6580948740944387,0.6773097090783439,0.0023487016234226,0.0
resp,n300,2,384,0.01,directional,210,2352,31,2.0,62,bottom_oracle_diagnostic,-1,31,0.14761904761904762,0.23067219318796178,18,0.2903225806451613,0.5806451612903226,0.1427035330261137,13,0.6580948740944387,0.6702507811299524,0.6673815592387234,0.6773097090783439,0.012155907035513724,0.009286685144284768
resp,n300,2,384,0.01,directional,210,2352,31,2.0,62,two_tailed,-1,31,0.14761904761904762,0.23067219318796178,7,0.11290322580645161,0.22580645161290322,-0.03471582181259601,24,0.6580948740944387,0.6622580818619748,0.6613678574754486,0.6773097090783439,0.004163207767536092,0.0032729833810098974
resp,n300,2,384,0.01,directional,210,2352,31,2.0,62,random,0,31,0.14761904761904762,0.23067219318796178,10,0.16129032258064516,0.3225806451612903,0.013671274961597535,21,0.6580948740944387,0.6639548054329233,0.6658431178200729,0.6773097090783439,0.005859931338484614,0.007748243725634207
resp,n300,2,384,0.01,directional,210,2352,31,2.0,62,random,1,31,0.14761904761904762,0.23067219318796178,11,0.1774193548387097,0.3548387096774194,0.029800307219662064,20,0.6580948740944387,0.6624292657853528,0.6616897987756415,0.6773097090783439,0.004334391690914097,0.0035949246812028157
resp,n300,2,384,0.01,directional,210,2352,31,2.0,62,random,2,31,0.14761904761904762,0.23067219318796178,9,0.14516129032258066,0.2903225806451613,-0.002457757296466967,22,0.6580948740944387,0.6628397792000997,0.6640640241656858,0.6773097090783439,0.004744905105661057,0.005969150071247098
resp,n300,2,384,0.01,directional,210,2352,31,2.0,62,random,3,31,0.14761904761904762,0.23067219318796178,8,0.12903225806451613,0.25806451612903225,-0.018586789554531497,23,0.6580948740944387,0.6598144570431371,0.6599696637297139,0.6773097090783439,0.0017195829486984504,0.0018747896352752091
resp,n300,2,384,0.01,directional,210,2352,31,2.0,62,random,4,31,0.14761904761904762,0.23067219318796178,9,0.14516129032258066,0.2903225806451613,-0.002457757296466967,22,0.6580948740944387,0.6598662468867673,0.6611459809424833,0.6773097090783439,0.0017713727923286404,0.00305110684804466
resp,n300,2,384,0.01,directional,210,2352,31,2.0,62,random,5,31,0.14761904761904762,0.23067219318796178,7,0.11290322580645161,0.22580645161290322,-0.03471582181259601,24,0.6580948740944387,0.6609420202484271,0.6633448927852502,0.6773097090783439,0.0028471461539884,0.005250018690811542
resp,n300,2,384,0.01,directional,210,2352,31,2.0,62,random,6,31,0.14761904761904762,0.23067219318796178,5,0.08064516129032258,0.16129032258064516,-0.06697388632872504,26,0.6580948740944387,0.6604684534695594,0.6614103542348856,0.6773097090783439,0.002373579375120727,0.0033154801404469136
resp,n300,2,384,0.01,directional,210,2352,31,2.0,62,random,7,31,0.14761904761904762,0.23067219318796178,10,0.16129032258064516,0.3225806451612903,0.013671274961597535,21,0.6580948740944387,0.6638370420684983,0.6629192625305961,0.6773097090783439,0.0057421679740595755,0.004824388436157401
resp,n300,2,384,0.01,directional,210,2352,31,2.0,62,random,8,31,0.14761904761904762,0.23067219318796178,4,0.06451612903225806,0.12903225806451613,-0.08310291858678956,27,0.6580948740944387,0.6610324128162465,0.6584018679659116,0.6773097090783439,0.0029375387218077975,0.000306993871472927
resp,n300,2,384,0.01,directional,210,2352,31,2.0,62,random,9,31,0.14761904761904762,0.23067219318796178,5,0.08064516129032258,0.16129032258064516,-0.06697388632872504,26,0.6580948740944387,0.6605266867760994,0.6575494613666609,0.6773097090783439,0.0024318126816607055,-0.0005454127277777499
resp,n300,3,384,0.1,directional,210,2352,31,0.5,16,top,-1,31,0.14761904761904762,0.28365471256082175,0,0.0,0.0,-0.14761904761904762,31,0.6800665858054502,0.6786038671506623,0.6800665858054502,0.6860089958228888,-0.0014627186547878646,0.0
resp,n300,3,384,0.1,directional,210,2352,31,0.5,16,bottom_oracle_diagnostic,-1,31,0.14761904761904762,0.28365471256082175,3,0.1875,0.0967741935483871,0.03988095238095238,28,0.6800665858054502,0.6824804393450942,0.6817761744252399,0.6860089958228888,0.002413853539643962,0.0017095886197896482
resp,n300,3,384,0.1,directional,210,2352,31,0.5,16,two_tailed,-1,31,0.14761904761904762,0.28365471256082175,2,0.125,0.06451612903225806,-0.022619047619047622,29,0.6800665858054502,0.6807416166196022,0.6813418411759732,0.6860089958228888,0.000675030814151989,0.0012752553705229763
resp,n300,3,384,0.1,directional,210,2352,31,0.5,16,random,0,31,0.14761904761904762,0.28365471256082175,0,0.0,0.0,-0.14761904761904762,31,0.6800665858054502,0.6798992486669163,0.6800665858054502,0.6860089958228888,-0.0001673371385338962,0.0
resp,n300,3,384,0.1,directional,210,2352,31,0.5,16,random,1,31,0.14761904761904762,0.28365471256082175,0,0.0,0.0,-0.14761904761904762,31,0.6800665858054502,0.6800941519696535,0.6800665858054502,0.6860089958228888,2.7566164203296495e-05,0.0
resp,n300,3,384,0.1,directional,210,2352,31,0.5,16,random,2,31,0.14761904761904762,0.28365471256082175,1,0.0625,0.03225806451612903,-0.08511904761904762,30,0.6800665858054502,0.6803300984421466,0.68049204615744,0.6860089958228888,0.0002635126366964391,0.0004254603519897593
resp,n300,3,384,0.1,directional,210,2352,31,0.5,16,random,3,31,0.14761904761904762,0.28365471256082175,1,0.0625,0.03225806451612903,-0.08511904761904762,30,0.6800665858054502,0.6798213621294058,0.6801889030593933,0.6860089958228888,-0.00024522367604440376,0.0001223172539430717
resp,n300,3,384,0.1,directional,210,2352,31,0.5,16,random,4,31,0.14761904761904762,0.28365471256082175,5,0.3125,0.16129032258064516,0.16488095238095238,26,0.6800665858054502,0.6807018278404515,0.6808323806943782,0.6860089958228888,0.0006352420350013155,0.0007657948889280286
resp,n300,3,384,0.1,directional,210,2352,31,0.5,16,random,5,31,0.14761904761904762,0.28365471256082175,1,0.0625,0.03225806451612903,-0.08511904761904762,30,0.6800665858054502,0.6808428611269557,0.6807586540245428,0.6860089958228888,0.0007762753215054818,0.0006920682190926231
resp,n300,3,384,0.1,directional,210,2352,31,0.5,16,random,6,31,0.14761904761904762,0.28365471256082175,2,0.125,0.06451612903225806,-0.022619047619047622,29,0.6800665858054502,0.6799599205199783,0.6804155766651858,0.6860089958228888,-0.00010666528547187415,0.0003489908597356095
resp,n300,3,384,0.1,directional,210,2352,31,0.5,16,random,7,31,0.14761904761904762,0.28365471256082175,4,0.25,0.12903225806451613,0.10238095238095238,27,0.6800665858054502,0.6803101579092383,0.6808902658216539,0.6860089958228888,0.00024357210378811445,0.0008236800162036984
resp,n300,3,384,0.1,directional,210,2352,31,0.5,16,random,8,31,0.14761904761904762,0.28365471256082175,7,0.4375,0.22580645161290322,0.28988095238095235,24,0.6800665858054502,0.6800069870821582,0.681253004867927,0.6860089958228888,-5.959872329197591e-05,0.0011864190624767401
resp,n300,3,384,0.1,directional,210,2352,31,0.5,16,random,9,31,0.14761904761904762,0.28365471256082175,2,0.125,0.06451612903225806,-0.022619047619047622,29,0.6800665858054502,0.6801165815737462,0.6813418411759732,0.6860089958228888,4.999576829600727e-05,0.0012752553705229763
resp,n300,3,384,0.1,directional,210,2352,31,1.0,31,top,-1,31,0.14761904761904762,0.28365471256082175,0,0.0,0.0,-0.14761904761904762,31,0.6800665858054502,0.6774535693317253,0.6800665858054502,0.6860089958228888,-0.002613016473724916,0.0
resp,n300,3,384,0.1,directional,210,2352,31,1.0,31,bottom_oracle_diagnostic,-1,31,0.14761904761904762,0.28365471256082175,5,0.16129032258064516,0.16129032258064516,0.013671274961597535,26,0.6800665858054502,0.6847341782440836,0.682347372614042,0.6860089958228888,0.00466759243863335,0.0022807868085917837
resp,n300,3,384,0.1,directional,210,2352,31,1.0,31,two_tailed,-1,31,0.14761904761904762,0.28365471256082175,3,0.0967741935483871,0.0967741935483871,-0.05084485407066053,28,0.6800665858054502,0.6811066743231156,0.6817761744252399,0.6860089958228888,0.0010400885176653496,0.0017095886197896482
resp,n300,3,384,0.1,directional,210,2352,31,1.0,31,random,0,31,0.14761904761904762,0.28365471256082175,4,0.12903225806451613,0.12903225806451613,-0.018586789554531497,27,0.6800665858054502,0.679583452404793,0.680710480897604,0.6860089958228888,-0.00048313340065719856,0.00064389509215379
resp,n300,3,384,0.1,directional,210,2352,31,1.0,31,random,1,31,0.14761904761904762,0.28365471256082175,4,0.12903225806451613,0.12903225806451613,-0.018586789554531497,27,0.6800665858054502,0.679527094307529,0.6804937485570343,0.6860089958228888,-0.0005394914979212073,0.0004271627515840537
resp,n300,3,384,0.1,directional,210,2352,31,1.0,31,random,2,31,0.14761904761904762,0.28365471256082175,7,0.22580645161290322,0.22580645161290322,0.0781874039938556,24,0.6800665858054502,0.6794772722657353,0.6810881249949041,0.6860089958228888,-0.0005893135397149196,0.0010215391894539128
resp,n300,3,384,0.1,directional,210,2352,31,1.0,31,random,3,31,0.14761904761904762,0.28365471256082175,5,0.16129032258064516,0.16129032258064516,0.013671274961597535,26,0.6800665858054502,0.6796952086602427,0.6807526684674068,0.6860089958228888,-0.00037137714520751874,0.0006860826619565774
resp,n300,3,384,0.1,directional,210,2352,31,1.0,31,random,4,31,0.14761904761904762,0.28365471256082175,4,0.12903225806451613,0.12903225806451613,-0.018586789554531497,27,0.6800665858054502,0.6798497309947552,0.6806548826453157,0.6860089958228888,-0.00021685481069499968,0.0005882968398654986
resp,n300,3,384,0.1,directional,210,2352,31,1.0,31,random,5,31,0.14761904761904762,0.28365471256082175,2,0.06451612903225806,0.06451612903225806,-0.08310291858678956,29,0.6800665858054502,0.6801359579668307,0.680179205044011,0.6860089958228888,6.937216138047653e-05,0.00011261923856076272
resp,n300,3,384,0.1,directional,210,2352,31,1.0,31,random,6,31,0.14761904761904762,0.28365471256082175,7,0.22580645161290322,0.22580645161290322,0.0781874039938556,24,0.6800665858054502,0.6805395513943144,0.6815645065890916,0.6860089958228888,0.000472965588864227,0.0014979207836414155
resp,n300,3,384,0.1,directional,210,2352,31,1.0,31,random,7,31,0.14761904761904762,0.28365471256082175,1,0.03225806451612903,0.03225806451612903,-0.11536098310291859,30,0.6800665858054502,0.6793380989327918,0.6803342469641832,0.6860089958228888,-0.0007284868726583626,0.00026766115873300134
resp,n300,3,384,0.1,directional,210,2352,31,1.0,31,random,8,31,0.14761904761904762,0.28365471256082175,6,0.1935483870967742,0.1935483870967742,0.045929339477726566,25,0.6800665858054502,0.6809885609490907,0.6814286118890073,0.6860089958228888,0.0009219751436404522,0.0013620260835570663
resp,n300,3,384,0.1,directional,210,2352,31,1.0,31,random,9,31,0.14761904761904762,0.28365471256082175,2,0.06451612903225806,0.06451612903225806,-0.08310291858678956,29,0.6800665858054502,0.6799245750030339,0.6802234050336066,0.6860089958228888,-0.0001420108024162703,0.0001568192281563574
resp,n300,3,384,0.1,directional,210,2352,31,2.0,62,top,-1,31,0.14761904761904762,0.28365471256082175,0,0.0,0.0,-0.14761904761904762,31,0.6800665858054502,0.6747898542717187,0.6800665858054502,0.6860089958228888,-0.005276731533731538,0.0
resp,n300,3,384,0.1,directional,210,2352,31,2.0,62,bottom_oracle_diagnostic,-1,31,0.14761904761904762,0.28365471256082175,12,0.1935483870967742,0.3870967741935484,0.045929339477726566,19,0.6800665858054502,0.6873344790366289,0.683211272888524,0.6860089958228888,0.0072678932311787126,0.003144687083073805
resp,n300,3,384,0.1,directional,210,2352,31,2.0,62,two_tailed,-1,31,0.14761904761904762,0.28365471256082175,5,0.08064516129032258,0.16129032258064516,-0.06697388632872504,26,0.6800665858054502,0.6820107394479116,0.682347372614042,0.6860089958228888,0.001944153642461366,0.0022807868085917837
resp,n300,3,384,0.1,directional,210,2352,31,2.0,62,random,0,31,0.14761904761904762,0.28365471256082175,8,0.12903225806451613,0.25806451612903225,-0.018586789554531497,23,0.6800665858054502,0.6804498098307906,0.682951122188754,0.6860089958228888,0.0003832240253404118,0.0028845363833037707
resp,n300,3,384,0.1,directional,210,2352,31,2.0,62,random,1,31,0.14761904761904762,0.28365471256082175,8,0.12903225806451613,0.25806451612903225,-0.018586789554531497,23,0.6800665858054502,0.6795819258106635,0.6811718120027561,0.6860089958228888,-0.00048465999478675137,0.0011052261973059085
resp,n300,3,384,0.1,directional,210,2352,31,2.0,62,random,2,31,0.14761904761904762,0.28365471256082175,8,0.12903225806451613,0.25806451612903225,-0.018586789554531497,23,0.6800665858054502,0.6794414649209058,0.6813047347211091,0.6860089958228888,-0.0006251208845443612,0.0012381489156588765
resp,n300,3,384,0.1,directional,210,2352,31,2.0,62,random,3,31,0.14761904761904762,0.28365471256082175,13,0.20967741935483872,0.41935483870967744,0.062058371735791096,18,0.6800665858054502,0.6803948921354636,0.682741072740598,0.6860089958228888,0.0003283063300133504,0.002674486935147824
resp,n300,3,384,0.1,directional,210,2352,31,2.0,62,random,4,31,0.14761904761904762,0.28365471256082175,9,0.14516129032258066,0.2903225806451613,-0.002457757296466967,22,0.6800665858054502,0.6797142376087003,0.6813236250208762,0.6860089958228888,-0.0003523481967498965,0.0012570392154259702
resp,n300,3,384,0.1,directional,210,2352,31,2.0,62,random,5,31,0.14761904761904762,0.28365471256082175,5,0.08064516129032258,0.16129032258064516,-0.06697388632872504,26,0.6800665858054502,0.6809290034265199,0.680494916445204,0.6860089958228888,0.0008624176210696444,0.00042833063975378227
resp,n300,3,384,0.1,directional,210,2352,31,2.0,62,random,6,31,0.14761904761904762,0.28365471256082175,11,0.1774193548387097,0.3548387096774194,0.029800307219662064,20,0.6800665858054502,0.6800026405261808,0.6822265418112891,0.6860089958228888,-6.39452792694506e-05,0.002159956005838848
resp,n300,3,384,0.1,directional,210,2352,31,2.0,62,random,7,31,0.14761904761904762,0.28365471256082175,10,0.16129032258064516,0.3225806451612903,0.013671274961597535,21,0.6800665858054502,0.6806727408306076,0.6821663193086076,0.6860089958228888,0.0006061550251573733,0.002099733503157397
resp,n300,3,384,0.1,directional,210,2352,31,2.0,62,random,8,31,0.14761904761904762,0.28365471256082175,10,0.16129032258064516,0.3225806451612903,0.013671274961597535,21,0.6800665858054502,0.6798250025653872,0.6813404562708609,0.6860089958228888,-0.00024158324006295917,0.0012738704654107202
resp,n300,3,384,0.1,directional,210,2352,31,2.0,62,random,9,31,0.14761904761904762,0.28365471256082175,9,0.14516129032258066,0.2903225806451613,-0.002457757296466967,22,0.6800665858054502,0.6794936746610335,0.6814427969176993,0.6860089958228888,-0.0005729111444167101,0.0013762111122490595
resp,n300,4,384,0.01,directional,210,2352,31,0.5,16,top,-1,31,0.14761904761904762,0.16147053523157326,0,0.0,0.0,-0.14761904761904762,31,0.6530699294825877,0.6522357185229674,0.6530699294825877,0.6752921031324347,-0.0008342109596203295,0.0
resp,n300,4,384,0.01,directional,210,2352,31,0.5,16,bottom_oracle_diagnostic,-1,31,0.14761904761904762,0.16147053523157326,5,0.3125,0.16129032258064516,0.16488095238095238,26,0.6530699294825877,0.6539754506353234,0.6542842538032265,0.6752921031324347,0.0009055211527356777,0.0012143243206388377
resp,n300,4,384,0.01,directional,210,2352,31,0.5,16,two_tailed,-1,31,0.14761904761904762,0.16147053523157326,0,0.0,0.0,-0.14761904761904762,31,0.6530699294825877,0.653471354558099,0.6530699294825877,0.6752921031324347,0.0004014250755113302,0.0
resp,n300,4,384,0.01,directional,210,2352,31,0.5,16,random,0,31,0.14761904761904762,0.16147053523157326,2,0.125,0.06451612903225806,-0.022619047619047622,29,0.6530699294825877,0.6536188950609334,0.6538897237904111,0.6752921031324347,0.000548965578345717,0.0008197943078234182
resp,n300,4,384,0.01,directional,210,2352,31,0.5,16,random,1,31,0.14761904761904762,0.16147053523157326,1,0.0625,0.03225806451612903,-0.08511904761904762,30,0.6530699294825877,0.6541232353702587,0.6535838322300189,0.6752921031324347,0.0010533058876710522,0.0005139027474312385
resp,n300,4,384,0.01,directional,210,2352,31,0.5,16,random,2,31,0.14761904761904762,0.16147053523157326,3,0.1875,0.0967741935483871,0.03988095238095238,28,0.6530699294825877,0.6546209361895071,0.6555424288184826,0.6752921031324347,0.0015510067069194333,0.0024724993358948844
resp,n300,4,384,0.01,directional,210,2352,31,0.5,16,random,3,31,0.14761904761904762,0.16147053523157326,2,0.125,0.06451612903225806,-0.022619047619047622,29,0.6530699294825877,0.6548041331348406,0.6541489650065817,0.6752921031324347,0.0017342036522529636,0.0010790355239940208
resp,n300,4,384,0.01,directional,210,2352,31,0.5,16,random,4,31,0.14761904761904762,0.16147053523157326,1,0.0625,0.03225806451612903,-0.08511904761904762,30,0.6530699294825877,0.6530572738038046,0.6536905085851066,0.6752921031324347,-1.2655678783057844e-05,0.0006205791025188923
resp,n300,4,384,0.01,directional,210,2352,31,0.5,16,random,5,31,0.14761904761904762,0.16147053523157326,5,0.3125,0.16129032258064516,0.16488095238095238,26,0.6530699294825877,0.6544174843123951,0.655583131304237,0.6752921031324347,0.001347554829807418,0.002513201821649269
resp,n300,4,384,0.01,directional,210,2352,31,0.5,16,random,6,31,0.14761904761904762,0.16147053523157326,1,0.0625,0.03225806451612903,-0.08511904761904762,30,0.6530699294825877,0.6540645763322516,0.6539730982465263,0.6752921031324347,0.0009946468496638827,0.0009031687639385888
resp,n300,4,384,0.01,directional,210,2352,31,0.5,16,random,7,31,0.14761904761904762,0.16147053523157326,4,0.25,0.12903225806451613,0.10238095238095238,27,0.6530699294825877,0.6525485428650231,0.6536783462004484,0.6752921031324347,-0.0005213866175646231,0.0006084167178607158
resp,n300,4,384,0.01,directional,210,2352,31,0.5,16,random,8,31,0.14761904761904762,0.16147053523157326,0,0.0,0.0,-0.14761904761904762,31,0.6530699294825877,0.6538135195395279,0.6530699294825877,0.6752921031324347,0.0007435900569402465,0.0
resp,n300,4,384,0.01,directional,210,2352,31,0.5,16,random,9,31,0.14761904761904762,0.16147053523157326,1,0.0625,0.03225806451612903,-0.08511904761904762,30,0.6530699294825877,0.6535131781433807,0.6531906043816942,0.6752921031324347,0.0004432486607930386,0.00012067489910649876
resp,n300,4,384,0.01,directional,210,2352,31,1.0,31,top,-1,31,0.14761904761904762,0.16147053523157326,0,0.0,0.0,-0.14761904761904762,31,0.6530699294825877,0.6512594629335191,0.6530699294825877,0.6752921031324347,-0.001810466549068579,0.0
resp,n300,4,384,0.01,directional,210,2352,31,1.0,31,bottom_oracle_diagnostic,-1,31,0.14761904761904762,0.16147053523157326,13,0.41935483870967744,0.41935483870967744,0.27173579109062984,18,0.6530699294825877,0.6554483297878891,0.6574497464405177,0.6752921031324347,0.0023784003053014535,0.004379816957929994
resp,n300,4,384,0.01,directional,210,2352,31,1.0,31,two_tailed,-1,31,0.14761904761904762,0.16147053523157326,5,0.16129032258064516,0.16129032258064516,0.013671274961597535,26,0.6530699294825877,0.6524237414369762,0.6542842538032265,0.6752921031324347,-0.000646188045611451,0.0012143243206388377
resp,n300,4,384,0.01,directional,210,2352,31,1.0,31,random,0,31,0.14761904761904762,0.16147053523157326,5,0.16129032258064516,0.16129032258064516,0.013671274961597535,26,0.6530699294825877,0.6537027893371988,0.6550515100988255,0.6752921031324347,0.0006328598546111452,0.001981580616237766
resp,n300,4,384,0.01,directional,210,2352,31,1.0,31,random,1,31,0.14761904761904762,0.16147053523157326,5,0.16129032258064516,0.16129032258064516,0.013671274961597535,26,0.6530699294825877,0.6528577094949156,0.6537853474973097,0.6752921031324347,-0.00021221998767206873,0.0007154180147219691
resp,n300,4,384,0.01,directional,210,2352,31,1.0,31,random,2,31,0.14761904761904762,0.16147053523157326,7,0.22580645161290322,0.22580645161290322,0.0781874039938556,24,0.6530699294825877,0.6548517361262906,0.6556369431551541,0.6752921031324347,0.0017818066437028657,0.0025670136725663983
resp,n300,4,384,0.01,directional,210,2352,31,1.0,31,random,3,31,0.14761904761904762,0.16147053523157326,8,0.25806451612903225,0.25806451612903225,0.11044546850998463,23,0.6530699294825877,0.6544320704356231,0.6555189126461679,0.6752921031324347,0.00136214095303544,0.0024489831635802206
resp,n300,4,384,0.01,directional,210,2352,31,1.0,31,random,4,31,0.14761904761904762,0.16147053523157326,6,0.1935483870967742,0.1935483870967742,0.045929339477726566,25,0.6530699294825877,0.654946561479686,0.6560743398117317,0.6752921031324347,0.0018766319970983103,0.0030044103291440027
resp,n300,4,384,0.01,directional,210,2352,31,1.0,31,random,5,31,0.14761904761904762,0.16147053523157326,5,0.16129032258064516,0.16129032258064516,0.013671274961597535,26,0.6530699294825877,0.6528446766064603,0.65563218913609,0.6752921031324347,-0.00022525287612740197,0.002562259653502319
resp,n300,4,384,0.01,directional,210,2352,31,1.0,31,random,6,31,0.14761904761904762,0.16147053523157326,2,0.06451612903225806,0.06451612903225806,-0.08310291858678956,29,0.6530699294825877,0.6550813770912205,0.6551401879870354,0.6752921031324347,0.0020114476086328104,0.002070258504447753
resp,n300,4,384,0.01,directional,210,2352,31,1.0,31,random,7,31,0.14761904761904762,0.16147053523157326,4,0.12903225806451613,0.12903225806451613,-0.018586789554531497,27,0.6530699294825877,0.6538119058612422,0.6542643408971172,0.6752921031324347,0.0007419763786544742,0.0011944114145294726
resp,n300,4,384,0.01,directional,210,2352,31,1.0,31,random,8,31,0.14761904761904762,0.16147053523157326,3,0.0967741935483871,0.0967741935483871,-0.05084485407066053,28,0.6530699294825877,0.6557810451096401,0.6538627599800231,0.6752921031324347,0.002711115627052396,0.0007928304974353928
resp,n300,4,384,0.01,directional,210,2352,31,1.0,31,random,9,31,0.14761904761904762,0.16147053523157326,3,0.0967741935483871,0.0967741935483871,-0.05084485407066053,28,0.6530699294825877,0.6526700950234158,0.6547521432301301,0.6752921031324347,-0.0003998344591719105,0.0016822137475424048
resp,n300,4,384,0.01,directional,210,2352,31,2.0,62,top,-1,31,0.14761904761904762,0.16147053523157326,0,0.0,0.0,-0.14761904761904762,31,0.6530699294825877,0.6533288699793373,0.6530699294825877,0.6752921031324347,0.0002589404967495712,0.0
resp,n300,4,384,0.01,directional,210,2352,31,2.0,62,bottom_oracle_diagnostic,-1,31,0.14761904761904762,0.16147053523157326,23,0.3709677419354839,0.7419354838709677,0.22334869431643625,8,0.6530699294825877,0.6677332018711234,0.6677159287604406,0.6752921031324347,0.014663272388535709,0.014645999277852928
resp,n300,4,384,0.01,directional,210,2352,31,2.0,62,two_tailed,-1,31,0.14761904761904762,0.16147053523157326,13,0.20967741935483872,0.41935483870967744,0.062058371735791096,18,0.6530699294825877,0.6504233721236132,0.6574497464405177,0.6752921031324347,-0.002646557358974455,0.004379816957929994
resp,n300,4,384,0.01,directional,210,2352,31,2.0,62,random,0,31,0.14761904761904762,0.16147053523157326,13,0.20967741935483872,0.41935483870967744,0.062058371735791096,18,0.6530699294825877,0.6529671625672261,0.6580502713419588,0.6752921031324347,-0.00010276691536159621,0.004980341859371129
resp,n300,4,384,0.01,directional,210,2352,31,2.0,62,random,1,31,0.14761904761904762,0.16147053523157326,8,0.12903225806451613,0.25806451612903225,-0.018586789554531497,23,0.6530699294825877,0.6527346513563786,0.6560523320802507,0.6752921031324347,-0.00033527812620903763,0.0029824025976630253
resp,n300,4,384,0.01,directional,210,2352,31,2.0,62,random,2,31,0.14761904761904762,0.16147053523157326,6,0.0967741935483871,0.1935483870967742,-0.05084485407066053,25,0.6530699294825877,0.6547796069592221,0.6550394564894442,0.6752921031324347,0.0017096774766344192,0.0019695270068564863
resp,n300,4,384,0.01,directional,210,2352,31,2.0,62,random,3,31,0.14761904761904762,0.16147053523157326,9,0.14516129032258066,0.2903225806451613,-0.002457757296466967,22,0.6530699294825877,0.6532791136085874,0.6560664202383318,0.6752921031324347,0.00020918412599968406,0.0029964907557441522
resp,n300,4,384,0.01,directional,210,2352,31,2.0,62,random,4,31,0.14761904761904762,0.16147053523157326,9,0.14516129032258066,0.2903225806451613,-0.002457757296466967,22,0.6530699294825877,0.6533028378141148,0.6567002459186191,0.6752921031324347,0.0002329083315271152,0.0036303164360314
resp,n300,4,384,0.01,directional,210,2352,31,2.0,62,random,5,31,0.14761904761904762,0.16147053523157326,8,0.12903225806451613,0.25806451612903225,-0.018586789554531497,23,0.6530699294825877,0.6517906036841306,0.655619570498281,0.6752921031324347,-0.0012793257984571316,0.002549641015693327
resp,n300,4,384,0.01,directional,210,2352,31,2.0,62,random,6,31,0.14761904761904762,0.16147053523157326,9,0.14516129032258066,0.2903225806451613,-0.002457757296466967,22,0.6530699294825877,0.6538527863748828,0.6561281450325802,0.6752921031324347,0.0007828568922950696,0.0030582155499925268
resp,n300,4,384,0.01,directional,210,2352,31,2.0,62,random,7,31,0.14761904761904762,0.16147053523157326,6,0.0967741935483871,0.1935483870967742,-0.05084485407066053,25,0.6530699294825877,0.6560697300748702,0.6563197790443659,0.6752921031324347,0.0029998005922825532,0.0032498495617782064
resp,n300,4,384,0.01,directional,210,2352,31,2.0,62,random,8,31,0.14761904761904762,0.16147053523157326,11,0.1774193548387097,0.3548387096774194,0.029800307219662064,20,0.6530699294825877,0.6534580899685727,0.6603833013015656,0.6752921031324347,0.00038816048598500075,0.007313371818977954
resp,n300,4,384,0.01,directional,210,2352,31,2.0,62,random,9,31,0.14761904761904762,0.16147053523157326,14,0.22580645161290322,0.45161290322580644,0.0781874039938556,17,0.6530699294825877,0.6567990280649613,0.6580067693009373,0.6752921031324347,0.00372909858237358,0.004936839818349581
resp,n300,0,384,0.01,margin_targeted,210,2352,31,0.5,16,top,-1,31,0.14761904761904762,0.46332672553613263,0,0.0,0.0,-0.14761904761904762,31,0.6590504983079155,0.6562607124644356,0.6590504983079155,0.6649361005627078,-0.002789785843479886,0.0
resp,n300,0,384,0.01,margin_targeted,210,2352,31,0.5,16,bottom_oracle_diagnostic,-1,31,0.14761904761904762,0.46332672553613263,1,0.0625,0.03225806451612903,-0.08511904761904762,30,0.6590504983079155,0.6650513761754318,0.6608281055437428,0.6649361005627078,0.006000877867516241,0.0017776072358273165
resp,n300,0,384,0.01,margin_targeted,210,2352,31,0.5,16,two_tailed,-1,31,0.14761904761904762,0.46332672553613263,0,0.0,0.0,-0.14761904761904762,31,0.6590504983079155,0.6581632615687495,0.6590504983079155,0.6649361005627078,-0.0008872367391660196,0.0
resp,n300,0,384,0.01,margin_targeted,210,2352,31,0.5,16,random,0,31,0.14761904761904762,0.46332672553613263,1,0.0625,0.03225806451612903,-0.08511904761904762,30,0.6590504983079155,0.6600261246151726,0.6586235364900488,0.6649361005627078,0.0009756263072571159,-0.00042696181786672227
resp,n300,0,384,0.01,margin_targeted,210,2352,31,0.5,16,random,1,31,0.14761904761904762,0.46332672553613263,2,0.125,0.06451612903225806,-0.022619047619047622,29,0.6590504983079155,0.6594244004252969,0.658645360941591,0.6649361005627078,0.00037390211738141943,-0.0004051373663245261
resp,n300,0,384,0.01,margin_targeted,210,2352,31,0.5,16,random,2,31,0.14761904761904762,0.46332672553613263,3,0.1875,0.0967741935483871,0.03988095238095238,28,0.6590504983079155,0.6609999867728947,0.6593554313410018,0.6649361005627078,0.001949488464979221,0.0003049330330863187
resp,n300,0,384,0.01,margin_targeted,210,2352,31,0.5,16,random,3,31,0.14761904761904762,0.46332672553613263,4,0.25,0.12903225806451613,0.10238095238095238,27,0.6590504983079155,0.6622933544807714,0.6613834967782809,0.6649361005627078,0.0032428561728559124,0.0023329984703653883
resp,n300,0,384,0.01,margin_targeted,210,2352,31,0.5,16,random,4,31,0.14761904761904762,0.46332672553613263,3,0.1875,0.0967741935483871,0.03988095238095238,28,0.6590504983079155,0.6599766773150113,0.6609321180163518,0.6649361005627078,0.0009261790070957954,0.0018816197084362551
resp,n300,0,384,0.01,margin_targeted,210,2352,31,0.5,16,random,5,31,0.14761904761904762,0.46332672553613263,2,0.125,0.06451612903225806,-0.022619047619047622,29,0.6590504983079155,0.6578691351762307,0.6584001457724868,0.6649361005627078,-0.0011813631316848205,-0.0006503525354286666
resp,n300,0,384,0.01,margin_targeted,210,2352,31,0.5,16,random,6,31,0.14761904761904762,0.46332672553613263,1,0.0625,0.03225806451612903,-0.08511904761904762,30,0.6590504983079155,0.6595488122112922,0.6587386864730534,0.6649361005627078,0.0004983139033767348,-0.00031181183486206354
resp,n300,0,384,0.01,margin_targeted,210,2352,31,0.5,16,random,7,31,0.14761904761904762,0.46332672553613263,0,0.0,0.0,-0.14761904761904762,31,0.6590504983079155,0.6578432362331212,0.6590504983079155,0.6649361005627078,-0.0012072620747942686,0.0
resp,n300,0,384,0.01,margin_targeted,210,2352,31,0.5,16,random,8,31,0.14761904761904762,0.46332672553613263,2,0.125,0.06451612903225806,-0.022619047619047622,29,0.6590504983079155,0.6586665627956467,0.6592097268558275,0.6649361005627078,-0.00038393551226878486,0.0001592285479119493
resp,n300,0,384,0.01,margin_targeted,210,2352,31,0.5,16,random,9,31,0.14761904761904762,0.46332672553613263,2,0.125,0.06451612903225806,-0.022619047619047622,29,0.6590504983079155,0.6575333870622856,0.6591383891710515,0.6649361005627078,-0.0015171112456299207,8.789086313598649e-05
resp,n300,0,384,0.01,margin_targeted,210,2352,31,1.0,31,top,-1,31,0.14761904761904762,0.46332672553613263,1,0.03225806451612903,0.03225806451612903,-0.11536098310291859,30,0.6590504983079155,0.6554686054651147,0.6592569116475188,0.6649361005627078,-0.00358189284280086,0.0002064133396032508
resp,n300,0,384,0.01,margin_targeted,210,2352,31,1.0,31,bottom_oracle_diagnostic,-1,31,0.14761904761904762,0.46332672553613263,2,0.06451612903225806,0.06451612903225806,-0.08310291858678956,29,0.6590504983079155,0.6744899059336473,0.6614632203784092,0.6649361005627078,0.015439407625731816,0.0024127220704937002
resp,n300,0,384,0.01,margin_targeted,210,2352,31,1.0,31,two_tailed,-1,31,0.14761904761904762,0.46332672553613263,1,0.03225806451612903,0.03225806451612903,-0.11536098310291859,30,0.6590504983079155,0.6597457471272059,0.6608281055437428,0.6649361005627078,0.000695248819290395,0.0017776072358273165
resp,n300,0,384,0.01,margin_targeted,210,2352,31,1.0,31,random,0,31,0.14761904761904762,0.46332672553613263,2,0.06451612903225806,0.06451612903225806,-0.08310291858678956,29,0.6590504983079155,0.6608636607731893,0.6581761123514887,0.6649361005627078,0.0018131624652737433,-0.0008743859564268597
resp,n300,0,384,0.01,margin_targeted,210,2352,31,1.0,31,random,1,31,0.14761904761904762,0.46332672553613263,9,0.2903225806451613,0.2903225806451613,0.1427035330261137,22,0.6590504983079155,0.6606952193772957,0.6605048509631221,0.6649361005627078,0.001644721069380184,0.0014543526552065478
resp,n300,0,384,0.01,margin_targeted,210,2352,31,1.0,31,random,2,31,0.14761904761904762,0.46332672553613263,4,0.12903225806451613,0.12903225806451613,-0.018586789554531497,27,0.6590504983079155,0.6599272118190973,0.6596167152604353,0.6649361005627078,0.0008767135111817925,0.0005662169525197935
resp,n300,0,384,0.01,margin_targeted,210,2352,31,1.0,31,random,3,31,0.14761904761904762,0.46332672553613263,5,0.16129032258064516,0.16129032258064516,0.013671274961597535,26,0.6590504983079155,0.6603208827783931,0.6608888013712636,0.6649361005627078,0.001270384470477559,0.0018383030633480901
resp,n300,0,384,0.01,margin_targeted,210,2352,31,1.0,31,random,4,31,0.14761904761904762,0.46332672553613263,4,0.12903225806451613,0.12903225806451613,-0.018586789554531497,27,0.6590504983079155,0.6606364973691847,0.6603480274389885,0.6649361005627078,0.0015859990612692165,0.0012975291310729498
resp,n300,0,384,0.01,margin_targeted,210,2352,31,1.0,31,random,5,31,0.14761904761904762,0.46332672553613263,3,0.0967741935483871,0.0967741935483871,-0.05084485407066053,28,0.6590504983079155,0.6592919695302366,0.6589537605868139,0.6649361005627078,0.00024147122232109908,-9.673772110163625e-05
resp,n300,0,384,0.01,margin_targeted,210,2352,31,1.0,31,random,6,31,0.14761904761904762,0.46332672553613263,3,0.0967741935483871,0.0967741935483871,-0.05084485407066053,28,0.6590504983079155,0.6604530080957398,0.6611463796911431,0.6649361005627078,0.001402509787824302,0.0020958813832275824
resp,n300,0,384,0.01,margin_targeted,210,2352,31,1.0,31,random,7,31,0.14761904761904762,0.46332672553613263,5,0.16129032258064516,0.16129032258064516,0.013671274961597535,26,0.6590504983079155,0.6571591686816446,0.659804690754738,0.6649361005627078,-0.0018913296262709212,0.0007541924468225103
resp,n300,0,384,0.01,margin_targeted,210,2352,31,1.0,31,random,8,31,0.14761904761904762,0.46332672553613263,7,0.22580645161290322,0.22580645161290322,0.0781874039938556,24,0.6590504983079155,0.6574697005202631,0.6590644654500389,0.6649361005627078,-0.0015807977876524104,1.3967142123427756e-05
resp,n300,0,384,0.01,margin_targeted,210,2352,31,1.0,31,random,9,31,0.14761904761904762,0.46332672553613263,4,0.12903225806451613,0.12903225806451613,-0.018586789554531497,27,0.6590504983079155,0.6589650549384657,0.6583137923786002,0.6649361005627078,-8.544336944982245e-05,-0.0007367059293152955
resp,n300,0,384,0.01,margin_targeted,210,2352,31,2.0,62,top,-1,31,0.14761904761904762,0.46332672553613263,5,0.08064516129032258,0.16129032258064516,-0.06697388632872504,26,0.6590504983079155,0.6535444519843111,0.6585009634559968,0.6649361005627078,-0.005506046323604408,-0.0005495348519186649
resp,n300,0,384,0.01,margin_targeted,210,2352,31,2.0,62,bottom_oracle_diagnostic,-1,31,0.14761904761904762,0.46332672553613263,8,0.12903225806451613,0.25806451612903225,-0.018586789554531497,23,0.6590504983079155,0.692799888235981,0.6636586002526287,0.6649361005627078,0.03374938992806553,0.004608101944713172
resp,n300,0,384,0.01,margin_targeted,210,2352,31,2.0,62,two_tailed,-1,31,0.14761904761904762,0.46332672553613263,3,0.04838709677419355,0.0967741935483871,-0.09923195084485407,28,0.6590504983079155,0.6628039452718316,0.6616400277943809,0.6649361005627078,0.003753446963916107,0.002589529486465403
resp,n300,0,384,0.01,margin_targeted,210,2352,31,2.0,62,random,0,31,0.14761904761904762,0.46332672553613263,13,0.20967741935483872,0.41935483870967744,0.062058371735791096,18,0.6590504983079155,0.6596913837415638,0.6607119758779844,0.6649361005627078,0.0006408854336482639,0.0016614775700688478
resp,n300,0,384,0.01,margin_targeted,210,2352,31,2.0,62,random,1,31,0.14761904761904762,0.46332672553613263,8,0.12903225806451613,0.25806451612903225,-0.018586789554531497,23,0.6590504983079155,0.6633554128646727,0.6627073374975243,0.6649361005627078,0.004304914556757189,0.003656839189608796
resp,n300,0,384,0.01,margin_targeted,210,2352,31,2.0,62,random,2,31,0.14761904761904762,0.46332672553613263,9,0.14516129032258066,0.2903225806451613,-0.002457757296466967,22,0.6590504983079155,0.6622602169280316,0.6589918036816668,0.6649361005627078,0.0032097186201160977,-5.869462624874533e-05
resp,n300,0,384,0.01,margin_targeted,210,2352,31,2.0,62,random,3,31,0.14761904761904762,0.46332672553613263,7,0.11290322580645161,0.22580645161290322,-0.03471582181259601,24,0.6590504983079155,0.6673429538927576,0.6633852193239623,0.6649361005627078,0.00829245558484204,0.004334721016046816
resp,n300,0,384,0.01,margin_targeted,210,2352,31,2.0,62,random,4,31,0.14761904761904762,0.46332672553613263,11,0.1774193548387097,0.3548387096774194,0.029800307219662064,20,0.6590504983079155,0.663980842084945,0.6642734716286477,0.6649361005627078,0.0049303437770295,0.005222973320732183
resp,n300,0,384,0.01,margin_targeted,210,2352,31,2.0,62,random,5,31,0.14761904761904762,0.46332672553613263,7,0.11290322580645161,0.22580645161290322,-0.03471582181259601,24,0.6590504983079155,0.6615532190452593,0.6622839196492071,0.6649361005627078,0.002502720737343811,0.0032334213412915647
resp,n300,0,384,0.01,margin_targeted,210,2352,31,2.0,62,random,6,31,0.14761904761904762,0.46332672553613263,8,0.12903225806451613,0.25806451612903225,-0.018586789554531497,23,0.6590504983079155,0.6624345548844633,0.6605425688507379,0.6649361005627078,0.0033840565765478337,0.0014920705428224101
resp,n300,0,384,0.01,margin_targeted,210,2352,31,2.0,62,random,7,31,0.14761904761904762,0.46332672553613263,5,0.08064516129032258,0.16129032258064516,-0.06697388632872504,26,0.6590504983079155,0.6640208800219938,0.6598602095006526,0.6649361005627078,0.004970381714078265,0.0008097111927370948
resp,n300,0,384,0.01,margin_targeted,210,2352,31,2.0,62,random,8,31,0.14761904761904762,0.46332672553613263,14,0.22580645161290322,0.45161290322580644,0.0781874039938556,17,0.6590504983079155,0.6609078757134899,0.6628212027323414,0.6649361005627078,0.0018573774055743453,0.0037707044244258414
resp,n300,0,384,0.01,margin_targeted,210,2352,31,2.0,62,random,9,31,0.14761904761904762,0.46332672553613263,11,0.1774193548387097,0.3548387096774194,0.029800307219662064,20,0.6590504983079155,0.6566827573278428,0.6578291974350315,0.6649361005627078,-0.0023677409800727522,-0.001221300872883968
resp,n300,1,384,0.1,margin_targeted,210,2352,31,0.5,16,top,-1,31,0.14761904761904762,0.5698324022346368,0,0.0,0.0,-0.14761904761904762,31,0.6843998675289433,0.6822573188220805,0.6843998675289433,0.6863168371208136,-0.0021425487068628124,0.0
resp,n300,1,384,0.1,margin_targeted,210,2352,31,0.5,16,bottom_oracle_diagnostic,-1,31,0.14761904761904762,0.5698324022346368,1,0.0625,0.03225806451612903,-0.08511904761904762,30,0.6843998675289433,0.6871646047263078,0.6847227521366469,0.6863168371208136,0.002764737197364475,0.0003228846077035774
resp,n300,1,384,0.1,margin_targeted,210,2352,31,0.5,16,two_tailed,-1,31,0.14761904761904762,0.5698324022346368,0,0.0,0.0,-0.14761904761904762,31,0.6843998675289433,0.6845137948928618,0.6843998675289433,0.6863168371208136,0.00011392736391846459,0.0
resp,n300,1,384,0.1,margin_targeted,210,2352,31,0.5,16,random,0,31,0.14761904761904762,0.5698324022346368,3,0.1875,0.0967741935483871,0.03988095238095238,28,0.6843998675289433,0.6844671913598992,0.6844881860908127,0.6863168371208136,6.732383095586769e-05,8.8318561869416e-05
resp,n300,1,384,0.1,margin_targeted,210,2352,31,0.5,16,random,1,31,0.14761904761904762,0.5698324022346368,3,0.1875,0.0967741935483871,0.03988095238095238,28,0.6843998675289433,0.6847113192713085,0.6847973095929542,0.6863168371208136,0.00031145174236513196,0.00039744206401082227
resp,n300,1,384,0.1,margin_targeted,210,2352,31,0.5,16,random,2,31,0.14761904761904762,0.5698324022346368,3,0.1875,0.0967741935483871,0.03988095238095238,28,0.6843998675289433,0.6844726318858445,0.6846534041481078,0.6863168371208136,7.276435690117822e-05,0.0002535366191644961
resp,n300,1,384,0.1,margin_targeted,210,2352,31,0.5,16,random,3,31,0.14761904761904762,0.5698324022346368,3,0.1875,0.0967741935483871,0.03988095238095238,28,0.6843998675289433,0.68434232730131,0.6842119388461615,0.6863168371208136,-5.754022763337918e-05,-0.00018792868278183494
resp,n300,1,384,0.1,margin_targeted,210,2352,31,0.5,16,random,4,31,0.14761904761904762,0.5698324022346368,0,0.0,0.0,-0.14761904761904762,31,0.6843998675289433,0.6847610495271482,0.6843998675289433,0.6863168371208136,0.0003611819982048958,0.0
resp,n300,1,384,0.1,margin_targeted,210,2352,31,0.5,16,random,5,31,0.14761904761904762,0.5698324022346368,0,0.0,0.0,-0.14761904761904762,31,0.6843998675289433,0.6838215670001362,0.6843998675289433,0.6863168371208136,-0.0005783005288071408,0.0
resp,n300,1,384,0.1,margin_targeted,210,2352,31,0.5,16,random,6,31,0.14761904761904762,0.5698324022346368,3,0.1875,0.0967741935483871,0.03988095238095238,28,0.6843998675289433,0.6840575154462523,0.6843017850067084,0.6863168371208136,-0.00034235208269106643,-9.808252223497682e-05
resp,n300,1,384,0.1,margin_targeted,210,2352,31,0.5,16,random,7,31,0.14761904761904762,0.5698324022346368,2,0.125,0.06451612903225806,-0.022619047619047622,29,0.6843998675289433,0.6845563361239476,0.6844760982214009,0.6863168371208136,0.00015646859500428878,7.623069245754621e-05
resp,n300,1,384,0.1,margin_targeted,210,2352,31,0.5,16,random,8,31,0.14761904761904762,0.5698324022346368,2,0.125,0.06451612903225806,-0.022619047619047622,29,0.6843998675289433,0.6844985910584086,0.6845919235063489,0.6863168371208136,9.872352946527219e-05,0.00019205597740556968
resp,n300,1,384,0.1,margin_targeted,210,2352,31,0.5,16,random,9,31,0.14761904761904762,0.5698324022346368,0,0.0,0.0,-0.14761904761904762,31,0.6843998675289433,0.684405915866849,0.6843998675289433,0.6863168371208136,6.048337905628642e-06,0.0
resp,n300,1,384,0.1,margin_targeted,210,2352,31,1.0,31,top,-1,31,0.14761904761904762,0.5698324022346368,1,0.03225806451612903,0.03225806451612903,-0.11536098310291859,30,0.6843998675289433,0.6806102892739787,0.6844386925153622,0.6863168371208136,-0.0037895782549646206,3.882498641882837e-05
resp,n300,1,384,0.1,margin_targeted,210,2352,31,1.0,31,bottom_oracle_diagnostic,-1,31,0.14761904761904762,0.5698324022346368,2,0.06451612903225806,0.06451612903225806,-0.08310291858678956,29,0.6843998675289433,0.688758309136614,0.6850701213347594,0.6863168371208136,0.004358441607670627,0.0006702538058160901
resp,n300,1,384,0.1,margin_targeted,210,2352,31,1.0,31,two_tailed,-1,31,0.14761904761904762,0.5698324022346368,1,0.03225806451612903,0.03225806451612903,-0.11536098310291859,30,0.6843998675289433,0.6850043386166287,0.6847227521366469,0.6863168371208136,0.0006044710876853543,0.0003228846077035774
resp,n300,1,384,0.1,margin_targeted,210,2352,31,1.0,31,random,0,31,0.14761904761904762,0.5698324022346368,5,0.16129032258064516,0.16129032258064516,0.013671274961597535,26,0.6843998675289433,0.6851424614288805,0.6850010395954198,0.6863168371208136,0.0007425938999371384,0.0006011720664764741
resp,n300,1,384,0.1,margin_targeted,210,2352,31,1.0,31,random,1,31,0.14761904761904762,0.5698324022346368,6,0.1935483870967742,0.1935483870967742,0.045929339477726566,25,0.6843998675289433,0.6846332584780556,0.6846510972475495,0.6863168371208136,0.00023339094911223324,0.0002512297186061385
resp,n300,1,384,0.1,margin_targeted,210,2352,31,1.0,31,random,2,31,0.14761904761904762,0.5698324022346368,6,0.1935483870967742,0.1935483870967742,0.045929339477726566,25,0.6843998675289433,0.684660595477785,0.6848366896504383,0.6863168371208136,0.00026072794884168804,0.0004368221214949841
resp,n300,1,384,0.1,margin_targeted,210,2352,31,1.0,31,random,3,31,0.14761904761904762,0.5698324022346368,5,0.16129032258064516,0.16129032258064516,0.013671274961597535,26,0.6843998675289433,0.6849238782259116,0.6849556536953075,0.6863168371208136,0.0005240106969682801,0.0005557861663642027
resp,n300,1,384,0.1,margin_targeted,210,2352,31,1.0,31,random,4,31,0.14761904761904762,0.5698324022346368,4,0.12903225806451613,0.12903225806451613,-0.018586789554531497,27,0.6843998675289433,0.6835178482814597,0.6847879173174067,0.6863168371208136,-0.0008820192474836563,0.0003880497884634071
resp,n300,1,384,0.1,margin_targeted,210,2352,31,1.0,31,random,5,31,0.14761904761904762,0.5698324022346368,2,0.06451612903225806,0.06451612903225806,-0.08310291858678956,29,0.6843998675289433,0.684262975383994,0.684450531227899,0.6863168371208136,-0.00013689214494927437,5.066369895567746e-05
resp,n300,1,384,0.1,margin_targeted,210,2352,31,1.0,31,random,6,31,0.14761904761904762,0.5698324022346368,5,0.16129032258064516,0.16129032258064516,0.013671274961597535,26,0.6843998675289433,0.6839077242276029,0.6845174688430079,0.6863168371208136,-0.0004921433013403975,0.00011760131406457486
resp,n300,1,384,0.1,margin_targeted,210,2352,31,1.0,31,random,7,31,0.14761904761904762,0.5698324022346368,6,0.1935483870967742,0.1935483870967742,0.045929339477726566,25,0.6843998675289433,0.6834104655457692,0.684433463836726,0.6863168371208136,-0.0009894019831740986,3.359630778265732e-05
resp,n300,1,384,0.1,margin_targeted,210,2352,31,1.0,31,random,8,31,0.14761904761904762,0.5698324022346368,7,0.22580645161290322,0.22580645161290322,0.0781874039938556,24,0.6843998675289433,0.6834976130491561,0.6847545868793481,0.6863168371208136,-0.0009022544797872012,0.0003547193504047641
resp,n300,1,384,0.1,margin_targeted,210,2352,31,1.0,31,random,9,31,0.14761904761904762,0.5698324022346368,3,0.0967741935483871,0.0967741935483871,-0.05084485407066053,28,0.6843998675289433,0.684397181394595,0.6845007426006887,0.6863168371208136,-2.6861343482842415e-06,0.00010087507174538768
resp,n300,1,384,0.1,margin_targeted,210,2352,31,2.0,62,top,-1,31,0.14761904761904762,0.5698324022346368,7,0.11290322580645161,0.22580645161290322,-0.03471582181259601,24,0.6843998675289433,0.6784622450705837,0.6845582511553734,0.6863168371208136,-0.005937622458359604,0.00015838362643005865
resp,n300,1,384,0.1,margin_targeted,210,2352,31,2.0,62,bottom_oracle_diagnostic,-1,31,0.14761904761904762,0.5698324022346368,3,0.04838709677419355,0.0967741935483871,-0.09923195084485407,28,0.6843998675289433,0.6926525009756409,0.6851631927376068,0.6863168371208136,0.008252633446697577,0.0007633252086635123
resp,n300,1,384,0.1,margin_targeted,210,2352,31,2.0,62,two_tailed,-1,31,0.14761904761904762,0.5698324022346368,3,0.04838709677419355,0.0967741935483871,-0.09923195084485407,28,0.6843998675289433,0.6845193994994035,0.6851080882453838,0.6863168371208136,0.00011953197046021824,0.0007082207164404997
resp,n300,1,384,0.1,margin_targeted,210,2352,31,2.0,62,random,0,31,0.14761904761904762,0.5698324022346368,7,0.11290322580645161,0.22580645161290322,-0.03471582181259601,24,0.6843998675289433,0.6847945855862982,0.6851638815041559,0.6863168371208136,0.0003947180573549147,0.0007640139752125297
resp,n300,1,384,0.1,margin_targeted,210,2352,31,2.0,62,random,1,31,0.14761904761904762,0.5698324022346368,10,0.16129032258064516,0.3225806451612903,0.013671274961597535,21,0.6843998675289433,0.6839391042684682,0.6843677579604831,0.6863168371208136,-0.00046076326047517213,-3.2109568460225724e-05
resp,n300,1,384,0.1,margin_targeted,210,2352,31,2.0,62,random,2,31,0.14761904761904762,0.5698324022346368,9,0.14516129032258066,0.2903225806451613,-0.002457757296466967,22,0.6843998675289433,0.6846004260846071,0.6847034986828731,0.6863168371208136,0.0002005585556638101,0.0003036311539297287
resp,n300,1,384,0.1,margin_targeted,210,2352,31,2.0,62,random,3,31,0.14761904761904762,0.5698324022346368,11,0.1774193548387097,0.3548387096774194,0.029800307219662064,20,0.6843998675289433,0.6839318856576133,0.685197109569767,0.6863168371208136,-0.00046798187133001434,0.0007972420408236536
resp,n300,1,384,0.1,margin_targeted,210,2352,31,2.0,62,random,4,31,0.14761904761904762,0.5698324022346368,13,0.20967741935483872,0.41935483870967744,0.062058371735791096,18,0.6843998675289433,0.6843726050846863,0.684937055828068,0.6863168371208136,-2.7262444256992424e-05,0.0005371882991246357
resp,n300,1,384,0.1,margin_targeted,210,2352,31,2.0,62,random,5,31,0.14761904761904762,0.5698324022346368,15,0.24193548387096775,0.4838709677419355,0.09431643625192013,16,0.6843998675289433,0.6838400838310313,0.685151999652346,0.6863168371208136,-0.0005597836979119863,0.0007521321234026379
resp,n300,1,384,0.1,margin_targeted,210,2352,31,2.0,62,random,6,31,0.14761904761904762,0.5698324022346368,10,0.16129032258064516,0.3225806451612903,0.013671274961597535,21,0.6843998675289433,0.68457916275013,0.685194820890125,0.6863168371208136,0.0001792952211866483,0.0007949533611816273
resp,n300,1,384,0.1,margin_targeted,210,2352,31,2.0,62,random,7,31,0.14761904761904762,0.5698324022346368,10,0.16129032258064516,0.3225806451612903,0.013671274961597535,21,0.6843998675289433,0.6840816758462199,0.6849505136214815,0.6863168371208136,-0.00031819168272340104,0.0005506460925381873
resp,n300,1,384,0.1,margin_targeted,210,2352,31,2.0,62,random,8,31,0.14761904761904762,0.5698324022346368,11,0.1774193548387097,0.3548387096774194,0.029800307219662064,20,0.6843998675289433,0.6832086492941424,0.6849163981402369,0.6863168371208136,-0.0011912182348009503,0.0005165306112935308
resp,n300,1,384,0.1,margin_targeted,210,2352,31,2.0,62,random,9,31,0.14761904761904762,0.5698324022346368,14,0.22580645161290322,0.45161290322580644,0.0781874039938556,17,0.6843998675289433,0.6841002325269523,0.6852092874191223,0.6863168371208136,-0.00029963500199103876,0.0008094198901790195
resp,n300,2,384,0.01,margin_targeted,210,2352,31,0.5,16,top,-1,31,0.14761904761904762,0.5527122003964678,0,0.0,0.0,-0.14761904761904762,31,0.6740475649673631,0.6695092322568624,0.6740475649673631,0.6773097090783439,-0.004538332710500637,0.0
resp,n300,2,384,0.01,margin_targeted,210,2352,31,0.5,16,bottom_oracle_diagnostic,-1,31,0.14761904761904762,0.5527122003964678,0,0.0,0.0,-0.14761904761904762,31,0.6740475649673631,0.6832858045849203,0.6740475649673631,0.6773097090783439,0.009238239617557209,0.0
resp,n300,2,384,0.01,margin_targeted,210,2352,31,0.5,16,two_tailed,-1,31,0.14761904761904762,0.5527122003964678,0,0.0,0.0,-0.14761904761904762,31,0.6740475649673631,0.6764309466201402,0.6740475649673631,0.6773097090783439,0.0023833816527771834,0.0
resp,n300,2,384,0.01,margin_targeted,210,2352,31,0.5,16,random,0,31,0.14761904761904762,0.5527122003964678,3,0.1875,0.0967741935483871,0.03988095238095238,28,0.6740475649673631,0.6730331728524447,0.6753662192158164,0.6773097090783439,-0.0010143921149183832,0.0013186542484533437
resp,n300,2,384,0.01,margin_targeted,210,2352,31,0.5,16,random,1,31,0.14761904761904762,0.5527122003964678,2,0.125,0.06451612903225806,-0.022619047619047622,29,0.6740475649673631,0.6733467212417259,0.6735700594738043,0.6773097090783439,-0.000700843725637168,-0.0004775054935587386
resp,n300,2,384,0.01,margin_targeted,210,2352,31,0.5,16,random,2,31,0.14761904761904762,0.5527122003964678,3,0.1875,0.0967741935483871,0.03988095238095238,28,0.6740475649673631,0.6734262611525959,0.6728757181052354,0.6773097090783439,-0.0006213038147672156,-0.001171846862127679
resp,n300,2,384,0.01,margin_targeted,210,2352,31,0.5,16,random,3,31,0.14761904761904762,0.5527122003964678,0,0.0,0.0,-0.14761904761904762,31,0.6740475649673631,0.6745361760711454,0.6740475649673631,0.6773097090783439,0.0004886111037822882,0.0
resp,n300,2,384,0.01,margin_targeted,210,2352,31,0.5,16,random,4,31,0.14761904761904762,0.5527122003964678,0,0.0,0.0,-0.14761904761904762,31,0.6740475649673631,0.6753588184863141,0.6740475649673631,0.6773097090783439,0.0013112535189510055,0.0
resp,n300,2,384,0.01,margin_targeted,210,2352,31,0.5,16,random,5,31,0.14761904761904762,0.5527122003964678,3,0.1875,0.0967741935483871,0.03988095238095238,28,0.6740475649673631,0.6742785064063823,0.6736097767412612,0.6773097090783439,0.0002309414390192499,-0.00043778822610185397
resp,n300,2,384,0.01,margin_targeted,210,2352,31,0.5,16,random,6,31,0.14761904761904762,0.5527122003964678,1,0.0625,0.03225806451612903,-0.08511904761904762,30,0.6740475649673631,0.6764375843697908,0.6749993947071984,0.6773097090783439,0.0023900194024277788,0.0009518297398353193
resp,n300,2,384,0.01,margin_targeted,210,2352,31,0.5,16,random,7,31,0.14761904761904762,0.5527122003964678,4,0.25,0.12903225806451613,0.10238095238095238,27,0.6740475649673631,0.6736309353490352,0.6730662678684634,0.6773097090783439,-0.0004166296183278906,-0.0009812970988997138
resp,n300,2,384,0.01,margin_targeted,210,2352,31,0.5,16,random,8,31,0.14761904761904762,0.5527122003964678,2,0.125,0.06451612903225806,-0.022619047619047622,29,0.6740475649673631,0.6740576419309079,0.6737981582169161,0.6773097090783439,1.0076963544825013e-05,-0.0002494067504469344
resp,n300,2,384,0.01,margin_targeted,210,2352,31,0.5,16,random,9,31,0.14761904761904762,0.5527122003964678,0,0.0,0.0,-0.14761904761904762,31,0.6740475649673631,0.6766301553739882,0.6740475649673631,0.6773097090783439,0.002582590406625118,0.0
resp,n300,2,384,0.01,margin_targeted,210,2352,31,1.0,31,top,-1,31,0.14761904761904762,0.5527122003964678,1,0.03225806451612903,0.03225806451612903,-0.11536098310291859,30,0.6740475649673631,0.6696143356453157,0.6741623432957256,0.6773097090783439,-0.004433229322047372,0.00011477832836248592
resp,n300,2,384,0.01,margin_targeted,210,2352,31,1.0,31,bottom_oracle_diagnostic,-1,31,0.14761904761904762,0.5527122003964678,2,0.06451612903225806,0.06451612903225806,-0.08310291858678956,29,0.6740475649673631,0.6889853350442495,0.6739832880190737,0.6773097090783439,0.014937770076886459,-6.42769482893657e-05
resp,n300,2,384,0.01,margin_targeted,210,2352,31,1.0,31,two_tailed,-1,31,0.14761904761904762,0.5527122003964678,0,0.0,0.0,-0.14761904761904762,31,0.6740475649673631,0.675786213762666,0.6740475649673631,0.6773097090783439,0.001738648795302944,0.0
resp,n300,2,384,0.01,margin_targeted,210,2352,31,1.0,31,random,0,31,0.14761904761904762,0.5527122003964678,5,0.16129032258064516,0.16129032258064516,0.013671274961597535,26,0.6740475649673631,0.6734401521899472,0.6730796321481166,0.6773097090783439,-0.0006074127774158278,-0.0009679328192464531
resp,n300,2,384,0.01,margin_targeted,210,2352,31,1.0,31,random,1,31,0.14761904761904762,0.5527122003964678,2,0.06451612903225806,0.06451612903225806,-0.08310291858678956,29,0.6740475649673631,0.6786879755787233,0.673016187973385,0.6773097090783439,0.004640410611360224,-0.0010313769939780393
resp,n300,2,384,0.01,margin_targeted,210,2352,31,1.0,31,random,2,31,0.14761904761904762,0.5527122003964678,7,0.22580645161290322,0.22580645161290322,0.0781874039938556,24,0.6740475649673631,0.6735935124527609,0.67430372361362,0.6773097090783439,-0.00045405251460217677,0.0002561586462569432
resp,n300,2,384,0.01,margin_targeted,210,2352,31,1.0,31,random,3,31,0.14761904761904762,0.5527122003964678,7,0.22580645161290322,0.22580645161290322,0.0781874039938556,24,0.6740475649673631,0.6769544481130289,0.6757905235119812,0.6773097090783439,0.002906883145665784,0.001742958544618145
resp,n300,2,384,0.01,margin_targeted,210,2352,31,1.0,31,random,4,31,0.14761904761904762,0.5527122003964678,4,0.12903225806451613,0.12903225806451613,-0.018586789554531497,27,0.6740475649673631,0.67587095861623,0.6755830545480268,0.6773097090783439,0.0018233936488669666,0.0015354895806637403
resp,n300,2,384,0.01,margin_targeted,210,2352,31,1.0,31,random,5,31,0.14761904761904762,0.5527122003964678,5,0.16129032258064516,0.16129032258064516,0.013671274961597535,26,0.6740475649673631,0.6765764681328232,0.6751338264857818,0.6773097090783439,0.0025289031654601724,0.0010862615184187296
resp,n300,2,384,0.01,margin_targeted,210,2352,31,1.0,31,random,6,31,0.14761904761904762,0.5527122003964678,6,0.1935483870967742,0.1935483870967742,0.045929339477726566,25,0.6740475649673631,0.6752323855339928,0.6741620325168615,0.6773097090783439,0.0011848205666297185,0.00011446754949839821
resp,n300,2,384,0.01,margin_targeted,210,2352,31,1.0,31,random,7,31,0.14761904761904762,0.5527122003964678,3,0.0967741935483871,0.0967741935483871,-0.05084485407066053,28,0.6740475649673631,0.6748611473771351,0.6735117248427973,0.6773097090783439,0.000813582409772029,-0.0005358401245657562
resp,n300,2,384,0.01,margin_targeted,210,2352,31,1.0,31,random,8,31,0.14761904761904762,0.5527122003964678,5,0.16129032258064516,0.16129032258064516,0.013671274961597535,26,0.6740475649673631,0.6726843780694342,0.6743098229391699,0.6773097090783439,-0.0013631868979289141,0.00026225797180678967
resp,n300,2,384,0.01,margin_targeted,210,2352,31,1.0,31,random,9,31,0.14761904761904762,0.5527122003964678,6,0.1935483870967742,0.1935483870967742,0.045929339477726566,25,0.6740475649673631,0.6749726618400671,0.6759874024897355,0.6773097090783439,0.0009250968727040343,0.0019398375223724784
resp,n300,2,384,0.01,margin_targeted,210,2352,31,2.0,62,top,-1,31,0.14761904761904762,0.5527122003964678,8,0.12903225806451613,0.25806451612903225,-0.018586789554531497,23,0.6740475649673631,0.6718641289341507,0.6749764763117578,0.6773097090783439,-0.0021834360332123603,0.0009289113443947672
resp,n300,2,384,0.01,margin_targeted,210,2352,31,2.0,62,bottom_oracle_diagnostic,-1,31,0.14761904761904762,0.5527122003964678,5,0.08064516129032258,0.16129032258064516,-0.06697388632872504,26,0.6740475649673631,0.7113945365295719,0.6731708375255074,0.6773097090783439,0.037346971562208786,-0.0008767274418556292
resp,n300,2,384,0.01,margin_targeted,210,2352,31,2.0,62,two_tailed,-1,31,0.14761904761904762,0.5527122003964678,3,0.04838709677419355,0.0967741935483871,-0.09923195084485407,28,0.6740475649673631,0.6777179787555464,0.6740987952087344,0.6773097090783439,0.0036704137881833354,5.1230241371325036e-05
resp,n300,2,384,0.01,margin_targeted,210,2352,31,2.0,62,random,0,31,0.14761904761904762,0.5527122003964678,7,0.11290322580645161,0.22580645161290322,-0.03471582181259601,24,0.6740475649673631,0.6734152377620736,0.6757515811508218,0.6773097090783439,-0.0006323272052894957,0.001704016183458723
resp,n300,2,384,0.01,margin_targeted,210,2352,31,2.0,62,random,1,31,0.14761904761904762,0.5527122003964678,10,0.16129032258064516,0.3225806451612903,0.013671274961597535,21,0.6740475649673631,0.681980122920876,0.6770408422898551,0.6773097090783439,0.007932557953512887,0.002993277322491994
resp,n300,2,384,0.01,margin_targeted,210,2352,31,2.0,62,random,2,31,0.14761904761904762,0.5527122003964678,9,0.14516129032258066,0.2903225806451613,-0.002457757296466967,22,0.6740475649673631,0.6805142958600032,0.6767524441473253,0.6773097090783439,0.00646673089264016,0.002704879179962205
resp,n300,2,384,0.01,margin_targeted,210,2352,31,2.0,62,random,3,31,0.14761904761904762,0.5527122003964678,8,0.12903225806451613,0.25806451612903225,-0.018586789554531497,23,0.6740475649673631,0.6766799156872961,0.6725198416419853,0.6773097090783439,0.002632350719933063,-0.0015277233253777611
resp,n300,2,384,0.01,margin_targeted,210,2352,31,2.0,62,random,4,31,0.14761904761904762,0.5527122003964678,9,0.14516129032258066,0.2903225806451613,-0.002457757296466967,22,0.6740475649673631,0.6766348284291583,0.6739417056086054,0.6773097090783439,0.002587263461795275,-0.00010585935875762065
resp,n300,2,384,0.01,margin_targeted,210,2352,31,2.0,62,random,5,31,0.14761904761904762,0.5527122003964678,7,0.11290322580645161,0.22580645161290322,-0.03471582181259601,24,0.6740475649673631,0.6779182465009015,0.6757740624792741,0.6773097090783439,0.0038706815335384226,0.001726497511911007
resp,n300,2,384,0.01,margin_targeted,210,2352,31,2.0,62,random,6,31,0.14761904761904762,0.5527122003964678,6,0.0967741935483871,0.1935483870967742,-0.05084485407066053,25,0.6740475649673631,0.6773987231880786,0.6756956878991484,0.6773097090783439,0.003351158220715522,0.0016481229317852897
resp,n300,2,384,0.01,margin_targeted,210,2352,31,2.0,62,random,7,31,0.14761904761904762,0.5527122003964678,6,0.0967741935483871,0.1935483870967742,-0.05084485407066053,25,0.6740475649673631,0.6804393744435937,0.6748699530332377,0.6773097090783439,0.0063918094762306366,0.0008223880658746463
resp,n300,2,384,0.01,margin_targeted,210,2352,31,2.0,62,random,8,31,0.14761904761904762,0.5527122003964678,10,0.16129032258064516,0.3225806451612903,0.013671274961597535,21,0.6740475649673631,0.6819373242098044,0.674280168313598,0.6773097090783439,0.007889759242441285,0.00023260334623498302
resp,n300,2,384,0.01,margin_targeted,210,2352,31,2.0,62,random,9,31,0.14761904761904762,0.5527122003964678,6,0.0967741935483871,0.1935483870967742,-0.05084485407066053,25,0.6740475649673631,0.6859194491275014,0.6752568878234837,0.6773097090783439,0.01187188416013829,0.0012093228561206315
resp,n300,3,384,0.1,margin_targeted,210,2352,31,0.5,16,top,-1,31,0.14761904761904762,0.5507298612362588,0,0.0,0.0,-0.14761904761904762,31,0.6843432038961772,0.6815285580745237,0.6843432038961772,0.6860089958228888,-0.002814645821653472,0.0
resp,n300,3,384,0.1,margin_targeted,210,2352,31,0.5,16,bottom_oracle_diagnostic,-1,31,0.14761904761904762,0.5507298612362588,0,0.0,0.0,-0.14761904761904762,31,0.6843432038961772,0.6871311326227255,0.6843432038961772,0.6860089958228888,0.0027879287265483166,0.0
resp,n300,3,384,0.1,margin_targeted,210,2352,31,0.5,16,two_tailed,-1,31,0.14761904761904762,0.5507298612362588,0,0.0,0.0,-0.14761904761904762,31,0.6843432038961772,0.6837957650289838,0.6843432038961772,0.6860089958228888,-0.0005474388671934394,0.0
resp,n300,3,384,0.1,margin_targeted,210,2352,31,0.5,16,random,0,31,0.14761904761904762,0.5507298612362588,2,0.125,0.06451612903225806,-0.022619047619047622,29,0.6843432038961772,0.6847190059702726,0.6845126845643432,0.6860089958228888,0.00037580207409537714,0.00016948066816602214
resp,n300,3,384,0.1,margin_targeted,210,2352,31,0.5,16,random,1,31,0.14761904761904762,0.5507298612362588,1,0.0625,0.03225806451612903,-0.08511904761904762,30,0.6843432038961772,0.6848759349912075,0.6844926204445262,0.6860089958228888,0.0005327310950302699,0.00014941654834899065
resp,n300,3,384,0.1,margin_targeted,210,2352,31,0.5,16,random,2,31,0.14761904761904762,0.5507298612362588,2,0.125,0.06451612903225806,-0.022619047619047622,29,0.6843432038961772,0.6843313739625483,0.684194133551283,0.6860089958228888,-1.1829933628915157e-05,-0.00014907034489419768
resp,n300,3,384,0.1,margin_targeted,210,2352,31,0.5,16,random,3,31,0.14761904761904762,0.5507298612362588,2,0.125,0.06451612903225806,-0.022619047619047622,29,0.6843432038961772,0.6844875681189259,0.6845169972600328,0.6860089958228888,0.0001443642227486608,0.00017379336385558997
resp,n300,3,384,0.1,margin_targeted,210,2352,31,0.5,16,random,4,31,0.14761904761904762,0.5507298612362588,3,0.1875,0.0967741935483871,0.03988095238095238,28,0.6843432038961772,0.6845826472352886,0.6844075547191247,0.6860089958228888,0.00023944333911141147,6.435082294753425e-05
resp,n300,3,384,0.1,margin_targeted,210,2352,31,0.5,16,random,5,31,0.14761904761904762,0.5507298612362588,3,0.1875,0.0967741935483871,0.03988095238095238,28,0.6843432038961772,0.6850460223190857,0.6846021303666722,0.6860089958228888,0.0007028184229085355,0.000258926470494969
resp,n300,3,384,0.1,margin_targeted,210,2352,31,0.5,16,random,6,31,0.14761904761904762,0.5507298612362588,3,0.1875,0.0967741935483871,0.03988095238095238,28,0.6843432038961772,0.6842839238709394,0.6844425341022691,0.6860089958228888,-5.928002523780673e-05,9.933020609187437e-05
resp,n300,3,384,0.1,margin_targeted,210,2352,31,0.5,16,random,7,31,0.14761904761904762,0.5507298612362588,2,0.125,0.06451612903225806,-0.022619047619047622,29,0.6843432038961772,0.6842354877999575,0.684542110457336,0.6860089958228888,-0.00010771609621973433,0.0001989065611588403
resp,n300,3,384,0.1,margin_targeted,210,2352,31,0.5,16,random,8,31,0.14761904761904762,0.5507298612362588,2,0.125,0.06451612903225806,-0.022619047619047622,29,0.6843432038961772,0.68329258068964,0.6843662026741716,0.6860089958228888,-0.001050623206537149,2.299877799438743e-05
resp,n300,3,384,0.1,margin_targeted,210,2352,31,0.5,16,random,9,31,0.14761904761904762,0.5507298612362588,1,0.0625,0.03225806451612903,-0.08511904761904762,30,0.6843432038961772,0.6834576040679335,0.6844444096257574,0.6860089958228888,-0.000885599828243655,0.00010120572958016716
resp,n300,3,384,0.1,margin_targeted,210,2352,31,1.0,31,top,-1,31,0.14761904761904762,0.5507298612362588,0,0.0,0.0,-0.14761904761904762,31,0.6843432038961772,0.6803076874333747,0.6843432038961772,0.6860089958228888,-0.004035516462802535,0.0
resp,n300,3,384,0.1,margin_targeted,210,2352,31,1.0,31,bottom_oracle_diagnostic,-1,31,0.14761904761904762,0.5507298612362588,0,0.0,0.0,-0.14761904761904762,31,0.6843432038961772,0.6895818200847397,0.6843432038961772,0.6860089958228888,0.005238616188562473,0.0
resp,n300,3,384,0.1,margin_targeted,210,2352,31,1.0,31,two_tailed,-1,31,0.14761904761904762,0.5507298612362588,0,0.0,0.0,-0.14761904761904762,31,0.6843432038961772,0.6841879910591122,0.6843432038961772,0.6860089958228888,-0.00015521283706498856,0.0
resp,n300,3,384,0.1,margin_targeted,210,2352,31,1.0,31,random,0,31,0.14761904761904762,0.5507298612362588,4,0.12903225806451613,0.12903225806451613,-0.018586789554531497,27,0.6843432038961772,0.6841435387475999,0.6846928016124438,0.6860089958228888,-0.00019966514857727713,0.0003495977162666364
resp,n300,3,384,0.1,margin_targeted,210,2352,31,1.0,31,random,1,31,0.14761904761904762,0.5507298612362588,3,0.0967741935483871,0.0967741935483871,-0.05084485407066053,28,0.6843432038961772,0.6844755484313274,0.684789903448265,0.6860089958228888,0.0001323445351502084,0.00044669955208775924
resp,n300,3,384,0.1,margin_targeted,210,2352,31,1.0,31,random,2,31,0.14761904761904762,0.5507298612362588,5,0.16129032258064516,0.16129032258064516,0.013671274961597535,26,0.6843432038961772,0.6833566159849784,0.6845050908466619,0.6860089958228888,-0.0009865879111987663,0.00016188695048469093
resp,n300,3,384,0.1,margin_targeted,210,2352,31,1.0,31,random,3,31,0.14761904761904762,0.5507298612362588,6,0.1935483870967742,0.1935483870967742,0.045929339477726566,25,0.6843432038961772,0.68411520923268,0.684563297376259,0.6860089958228888,-0.00022799466349721076,0.00022009348008178442
resp,n300,3,384,0.1,margin_targeted,210,2352,31,1.0,31,random,4,31,0.14761904761904762,0.5507298612362588,2,0.06451612903225806,0.06451612903225806,-0.08310291858678956,29,0.6843432038961772,0.6844333794995471,0.6846039695414013,0.6860089958228888,9.017560336987973e-05,0.000260765645224148
resp,n300,3,384,0.1,margin_targeted,210,2352,31,1.0,31,random,5,31,0.14761904761904762,0.5507298612362588,3,0.0967741935483871,0.0967741935483871,-0.05084485407066053,28,0.6843432038961772,0.6850442054520597,0.6843943211827747,0.6860089958228888,0.0007010015558824856,5.11172865974574e-05
resp,n300,3,384,0.1,margin_targeted,210,2352,31,1.0,31,random,6,31,0.14761904761904762,0.5507298612362588,1,0.03225806451612903,0.03225806451612903,-0.11536098310291859,30,0.6843432038961772,0.6838122523204037,0.6843869495938852,0.6860089958228888,-0.0005309515757735417,4.374569770804193e-05
resp,n300,3,384,0.1,margin_targeted,210,2352,31,1.0,31,random,7,31,0.14761904761904762,0.5507298612362588,6,0.1935483870967742,0.1935483870967742,0.045929339477726566,25,0.6843432038961772,0.6841220414977917,0.6844673175957569,0.6860089958228888,-0.00022116239838554375,0.00012411369957965324
resp,n300,3,384,0.1,margin_targeted,210,2352,31,1.0,31,random,8,31,0.14761904761904762,0.5507298612362588,4,0.12903225806451613,0.12903225806451613,-0.018586789554531497,27,0.6843432038961772,0.6848629231459701,0.6846811596306426,0.6860089958228888,0.0005197192497928826,0.0003379557344653783
resp,n300,3,384,0.1,margin_targeted,210,2352,31,1.0,31,random,9,31,0.14761904761904762,0.5507298612362588,4,0.12903225806451613,0.12903225806451613,-0.018586789554531497,27,0.6843432038961772,0.6848682652803398,0.6844221878192563,0.6860089958228888,0.0005250613841626395,7.898392307914559e-05
resp,n300,3,384,0.1,margin_targeted,210,2352,31,2.0,62,top,-1,31,0.14761904761904762,0.5507298612362588,6,0.0967741935483871,0.1935483870967742,-0.05084485407066053,25,0.6843432038961772,0.6781860150031687,0.6842793295651898,0.6860089958228888,-0.006157188893008536,-6.387433098742346e-05
resp,n300,3,384,0.1,margin_targeted,210,2352,31,2.0,62,bottom_oracle_diagnostic,-1,31,0.14761904761904762,0.5507298612362588,3,0.04838709677419355,0.0967741935483871,-0.09923195084485407,28,0.6843432038961772,0.6929907788246357,0.6846281640806645,0.6860089958228888,0.008647574928458468,0.0002849601844873151
resp,n300,3,384,0.1,margin_targeted,210,2352,31,2.0,62,two_tailed,-1,31,0.14761904761904762,0.5507298612362588,0,0.0,0.0,-0.14761904761904762,31,0.6843432038961772,0.6851596876183503,0.6843432038961772,0.6860089958228888,0.0008164837221731336,0.0
resp,n300,3,384,0.1,margin_targeted,210,2352,31,2.0,62,random,0,31,0.14761904761904762,0.5507298612362588,10,0.16129032258064516,0.3225806451612903,0.013671274961597535,21,0.6843432038961772,0.6831583373685614,0.684888775730222,0.6860089958228888,-0.0011848665276158465,0.0005455718340448001
resp,n300,3,384,0.1,margin_targeted,210,2352,31,2.0,62,random,1,31,0.14761904761904762,0.5507298612362588,7,0.11290322580645161,0.22580645161290322,-0.03471582181259601,24,0.6843432038961772,0.6844848766725737,0.6847064220709167,0.6860089958228888,0.00014167277639653975,0.00036321817473949913
resp,n300,3,384,0.1,margin_targeted,210,2352,31,2.0,62,random,2,31,0.14761904761904762,0.5507298612362588,11,0.1774193548387097,0.3548387096774194,0.029800307219662064,20,0.6843432038961772,0.6843747106802462,0.6849593312973786,0.6860089958228888,3.150678406904639e-05,0.0006161274012014273
resp,n300,3,384,0.1,margin_targeted,210,2352,31,2.0,62,random,3,31,0.14761904761904762,0.5507298612362588,10,0.16129032258064516,0.3225806451612903,0.013671274961597535,21,0.6843432038961772,0.6838125769243756,0.6852279133164346,0.6860089958228888,-0.0005306269718016177,0.0008847094202574235
resp,n300,3,384,0.1,margin_targeted,210,2352,31,2.0,62,random,4,31,0.14761904761904762,0.5507298612362588,10,0.16129032258064516,0.3225806451612903,0.013671274961597535,21,0.6843432038961772,0.6847628891130875,0.6849508110565946,0.6860089958228888,0.0004196852169102705,0.0006076071604174116
resp,n300,3,384,0.1,margin_targeted,210,2352,31,2.0,62,random,5,31,0.14761904761904762,0.5507298612362588,5,0.08064516129032258,0.16129032258064516,-0.06697388632872504,26,0.6843432038961772,0.6867250266297238,0.6845142113462016,0.6860089958228888,0.0023818227335465902,0.00017100745002440743
resp,n300,3,384,0.1,margin_targeted,210,2352,31,2.0,62,random,6,31,0.14761904761904762,0.5507298612362588,9,0.14516129032258066,0.2903225806451613,-0.002457757296466967,22,0.6843432038961772,0.683330779161677,0.6846679156700193,0.6860089958228888,-0.0010124247345002502,0.00032471177384207905
resp,n300,3,384,0.1,margin_targeted,210,2352,31,2.0,62,random,7,31,0.14761904761904762,0.5507298612362588,10,0.16129032258064516,0.3225806451612903,0.013671274961597535,21,0.6843432038961772,0.6842749787216574,0.6847719970044278,0.6860089958228888,-6.822517451976484e-05,0.00042879310825061356
resp,n300,3,384,0.1,margin_targeted,210,2352,31,2.0,62,random,8,31,0.14761904761904762,0.5507298612362588,8,0.12903225806451613,0.25806451612903225,-0.018586789554531497,23,0.6843432038961772,0.6845619158815337,0.6847824522331492,0.6860089958228888,0.00021871198535650116,0.00043924833697195353
resp,n300,3,384,0.1,margin_targeted,210,2352,31,2.0,62,random,9,31,0.14761904761904762,0.5507298612362588,10,0.16129032258064516,0.3225806451612903,0.013671274961597535,21,0.6843432038961772,0.6843059586973103,0.6850044949223111,0.6860089958228888,-3.7245198866942e-05,0.0006612910261338811
resp,n300,4,384,0.01,margin_targeted,210,2352,31,0.5,16,top,-1,31,0.14761904761904762,0.416651648945756,0,0.0,0.0,-0.14761904761904762,31,0.6654919890360739,0.6607461471476934,0.6654919890360739,0.6752921031324347,-0.004745841888380453,0.0
resp,n300,4,384,0.01,margin_targeted,210,2352,31,0.5,16,bottom_oracle_diagnostic,-1,31,0.14761904761904762,0.416651648945756,1,0.0625,0.03225806451612903,-0.08511904761904762,30,0.6654919890360739,0.6715465496858565,0.6666654783181837,0.6752921031324347,0.006054560649782603,0.0011734892821098075
resp,n300,4,384,0.01,margin_targeted,210,2352,31,0.5,16,two_tailed,-1,31,0.14761904761904762,0.416651648945756,0,0.0,0.0,-0.14761904761904762,31,0.6654919890360739,0.6642784373342275,0.6654919890360739,0.6752921031324347,-0.0012135517018463382,0.0
resp,n300,4,384,0.01,margin_targeted,210,2352,31,0.5,16,random,0,31,0.14761904761904762,0.416651648945756,2,0.125,0.06451612903225806,-0.022619047619047622,29,0.6654919890360739,0.6678905623300609,0.6658135011773377,0.6752921031324347,0.002398573293987072,0.00032151214126385774
resp,n300,4,384,0.01,margin_targeted,210,2352,31,0.5,16,random,1,31,0.14761904761904762,0.416651648945756,1,0.0625,0.03225806451612903,-0.08511904761904762,30,0.6654919890360739,0.6669233549525393,0.6656188988146173,0.6752921031324347,0.0014313659164654213,0.0001269097785434603
resp,n300,4,384,0.01,margin_targeted,210,2352,31,0.5,16,random,2,31,0.14761904761904762,0.416651648945756,3,0.1875,0.0967741935483871,0.03988095238095238,28,0.6654919890360739,0.6669619224791095,0.6670977643769075,0.6752921031324347,0.001469933443035587,0.001605775340833615
resp,n300,4,384,0.01,margin_targeted,210,2352,31,0.5,16,random,3,31,0.14761904761904762,0.416651648945756,4,0.25,0.12903225806451613,0.10238095238095238,27,0.6654919890360739,0.6671058173270257,0.6662217859806082,0.6752921031324347,0.001613828290951802,0.0007297969445343444
resp,n300,4,384,0.01,margin_targeted,210,2352,31,0.5,16,random,4,31,0.14761904761904762,0.416651648945756,3,0.1875,0.0967741935483871,0.03988095238095238,28,0.6654919890360739,0.6636465152115393,0.6643507622697419,0.6752921031324347,-0.0018454738245345936,-0.001141226766331993
resp,n300,4,384,0.01,margin_targeted,210,2352,31,0.5,16,random,5,31,0.14761904761904762,0.416651648945756,1,0.0625,0.03225806451612903,-0.08511904761904762,30,0.6654919890360739,0.6644267244253628,0.6666654783181837,0.6752921031324347,-0.001065264610711103,0.0011734892821098075
resp,n300,4,384,0.01,margin_targeted,210,2352,31,0.5,16,random,6,31,0.14761904761904762,0.416651648945756,0,0.0,0.0,-0.14761904761904762,31,0.6654919890360739,0.6676479721025484,0.6654919890360739,0.6752921031324347,0.002155983066474576,0.0
resp,n300,4,384,0.01,margin_targeted,210,2352,31,0.5,16,random,7,31,0.14761904761904762,0.416651648945756,2,0.125,0.06451612903225806,-0.022619047619047622,29,0.6654919890360739,0.6647451675188248,0.6659928328169696,0.6752921031324347,-0.00074682151724903,0.0005008437808957655
resp,n300,4,384,0.01,margin_targeted,210,2352,31,0.5,16,random,8,31,0.14761904761904762,0.416651648945756,1,0.0625,0.03225806451612903,-0.08511904761904762,30,0.6654919890360739,0.6668719095881392,0.665161651586095,0.6752921031324347,0.0013799205520653723,-0.00033033744997890135
resp,n300,4,384,0.01,margin_targeted,210,2352,31,0.5,16,random,9,31,0.14761904761904762,0.416651648945756,2,0.125,0.06451612903225806,-0.022619047619047622,29,0.6654919890360739,0.6693888138416834,0.6664463864227747,0.6752921031324347,0.003896824805609489,0.0009543973867007782
resp,n300,4,384,0.01,margin_targeted,210,2352,31,1.0,31,top,-1,31,0.14761904761904762,0.416651648945756,1,0.03225806451612903,0.03225806451612903,-0.11536098310291859,30,0.6654919890360739,0.6581132243136069,0.665443234122626,0.6752921031324347,-0.007378764722467013,-4.875491344791261e-05
resp,n300,4,384,0.01,margin_targeted,210,2352,31,1.0,31,bottom_oracle_diagnostic,-1,31,0.14761904761904762,0.416651648945756,2,0.06451612903225806,0.06451612903225806,-0.08310291858678956,29,0.6654919890360739,0.6808571927514365,0.6668276515187586,0.6752921031324347,0.015365203715362652,0.0013356624826846852
resp,n300,4,384,0.01,margin_targeted,210,2352,31,1.0,31,two_tailed,-1,31,0.14761904761904762,0.416651648945756,1,0.03225806451612903,0.03225806451612903,-0.11536098310291859,30,0.6654919890360739,0.6628986238639897,0.6666654783181837,0.6752921031324347,-0.0025933651720841944,0.0011734892821098075
resp,n300,4,384,0.01,margin_targeted,210,2352,31,1.0,31,random,0,31,0.14761904761904762,0.416651648945756,5,0.16129032258064516,0.16129032258064516,0.013671274961597535,26,0.6654919890360739,0.6644100014680332,0.6666020614364915,0.6752921031324347,-0.0010819875680406765,0.0011100724004176055
resp,n300,4,384,0.01,margin_targeted,210,2352,31,1.0,31,random,1,31,0.14761904761904762,0.416651648945756,5,0.16129032258064516,0.16129032258064516,0.013671274961597535,26,0.6654919890360739,0.663980233570438,0.6650786334087827,0.6752921031324347,-0.0015117554656358667,-0.0004133556272911676
resp,n300,4,384,0.01,margin_targeted,210,2352,31,1.0,31,random,2,31,0.14761904761904762,0.416651648945756,4,0.12903225806451613,0.12903225806451613,-0.018586789554531497,27,0.6654919890360739,0.6692758767779989,0.6700819931965243,0.6752921031324347,0.0037838877419250627,0.004590004160450412
resp,n300,4,384,0.01,margin_targeted,210,2352,31,1.0,31,random,3,31,0.14761904761904762,0.416651648945756,3,0.0967741935483871,0.0967741935483871,-0.05084485407066053,28,0.6654919890360739,0.6642428011169598,0.6658167496287776,0.6752921031324347,-0.001249187919114103,0.00032476059270369895
resp,n300,4,384,0.01,margin_targeted,210,2352,31,1.0,31,random,4,31,0.14761904761904762,0.416651648945756,7,0.22580645161290322,0.22580645161290322,0.0781874039938556,24,0.6654919890360739,0.6651636123549621,0.6672395607362874,0.6752921031324347,-0.0003283766811117417,0.0017475717002135571
resp,n300,4,384,0.01,margin_targeted,210,2352,31,1.0,31,random,5,31,0.14761904761904762,0.416651648945756,3,0.0967741935483871,0.0967741935483871,-0.05084485407066053,28,0.6654919890360739,0.6663279723246053,0.6680278989274693,0.6752921031324347,0.0008359832885314056,0.002535909891395405
resp,n300,4,384,0.01,margin_targeted,210,2352,31,1.0,31,random,6,31,0.14761904761904762,0.416651648945756,5,0.16129032258064516,0.16129032258064516,0.013671274961597535,26,0.6654919890360739,0.6647300603109022,0.6640303099313338,0.6752921031324347,-0.0007619287251716678,-0.0014616791047400435
resp,n300,4,384,0.01,margin_targeted,210,2352,31,1.0,31,random,7,31,0.14761904761904762,0.416651648945756,4,0.12903225806451613,0.12903225806451613,-0.018586789554531497,27,0.6654919890360739,0.66904828987304,0.6675961424960116,0.6752921031324347,0.0035563008369661198,0.002104153459937752
resp,n300,4,384,0.01,margin_targeted,210,2352,31,1.0,31,random,8,31,0.14761904761904762,0.416651648945756,5,0.16129032258064516,0.16129032258064516,0.013671274961597535,26,0.6654919890360739,0.6729913361745835,0.6662975956676526,0.6752921031324347,0.007499347138509638,0.0008056066315786925
resp,n300,4,384,0.01,margin_targeted,210,2352,31,1.0,31,random,9,31,0.14761904761904762,0.416651648945756,1,0.03225806451612903,0.03225806451612903,-0.11536098310291859,30,0.6654919890360739,0.6644085585534206,0.6657810313336072,0.6752921031324347,-0.001083430482653247,0.0002890422975333484
resp,n300,4,384,0.01,margin_targeted,210,2352,31,2.0,62,top,-1,31,0.14761904761904762,0.416651648945756,5,0.08064516129032258,0.16129032258064516,-0.06697388632872504,26,0.6654919890360739,0.6549618039729844,0.6649412737793596,0.6752921031324347,-0.010530185063089448,-0.0005507152567142404
resp,n300,4,384,0.01,margin_targeted,210,2352,31,2.0,62,bottom_oracle_diagnostic,-1,31,0.14761904761904762,0.416651648945756,11,0.1774193548387097,0.3548387096774194,0.029800307219662064,20,0.6654919890360739,0.7088576505035626,0.6749962411867657,0.6752921031324347,0.04336566146748877,0.009504252150691839
resp,n300,4,384,0.01,margin_targeted,210,2352,31,2.0,62,two_tailed,-1,31,0.14761904761904762,0.416651648945756,3,0.04838709677419355,0.0967741935483871,-0.09923195084485407,28,0.6654919890360739,0.662805186420967,0.6666919553050773,0.6752921031324347,-0.002686802615106898,0.0011999662690034274
resp,n300,4,384,0.01,margin_targeted,210,2352,31,2.0,62,random,0,31,0.14761904761904762,0.416651648945756,11,0.1774193548387097,0.3548387096774194,0.029800307219662064,20,0.6654919890360739,0.6614200077315745,0.6670541935694653,0.6752921031324347,-0.0040719813044993725,0.001562204533391398
resp,n300,4,384,0.01,margin_targeted,210,2352,31,2.0,62,random,1,31,0.14761904761904762,0.416651648945756,10,0.16129032258064516,0.3225806451612903,0.013671274961597535,21,0.6654919890360739,0.6630995820858885,0.666733830133277,0.6752921031324347,-0.0023924069501853884,0.0012418410972031557
resp,n300,4,384,0.01,margin_targeted,210,2352,31,2.0,62,random,2,31,0.14761904761904762,0.416651648945756,14,0.22580645161290322,0.45161290322580644,0.0781874039938556,17,0.6654919890360739,0.6710456194073644,0.6658975505628623,0.6752921031324347,0.00555363037129053,0.0004055615267883894
resp,n300,4,384,0.01,margin_targeted,210,2352,31,2.0,62,random,3,31,0.14761904761904762,0.416651648945756,10,0.16129032258064516,0.3225806451612903,0.013671274961597535,21,0.6654919890360739,0.6692235447333111,0.6679036282886434,0.6752921031324347,0.0037315556972372654,0.0024116392525694863
resp,n300,4,384,0.01,margin_targeted,210,2352,31,2.0,62,random,4,31,0.14761904761904762,0.416651648945756,10,0.16129032258064516,0.3225806451612903,0.013671274961597535,21,0.6654919890360739,0.666828485592135,0.6699464335778029,0.6752921031324347,0.001336496556061162,0.004454444541729052
resp,n300,4,384,0.01,margin_targeted,210,2352,31,2.0,62,random,5,31,0.14761904761904762,0.416651648945756,9,0.14516129032258066,0.2903225806451613,-0.002457757296466967,22,0.6654919890360739,0.6646021819189386,0.668339112852435,0.6752921031324347,-0.0008898071171352662,0.002847123816361097
resp,n300,4,384,0.01,margin_targeted,210,2352,31,2.0,62,random,6,31,0.14761904761904762,0.416651648945756,9,0.14516129032258066,0.2903225806451613,-0.002457757296466967,22,0.6654919890360739,0.6654201261430124,0.6665535982753346,0.6752921031324347,-7.186289306149174e-05,0.0010616092392606857
resp,n300,4,384,0.01,margin_targeted,210,2352,31,2.0,62,random,7,31,0.14761904761904762,0.416651648945756,11,0.1774193548387097,0.3548387096774194,0.029800307219662064,20,0.6654919890360739,0.6691052394539605,0.6671788081446534,0.6752921031324347,0.0036132504178866265,0.0016868191085794848
resp,n300,4,384,0.01,margin_targeted,210,2352,31,2.0,62,random,8,31,0.14761904761904762,0.416651648945756,7,0.11290322580645161,0.22580645161290322,-0.03471582181259601,24,0.6654919890360739,0.6629183564129201,0.6700636456124295,0.6752921031324347,-0.0025736326231537987,0.004571656576355609
resp,n300,4,384,0.01,margin_targeted,210,2352,31,2.0,62,random,9,31,0.14761904761904762,0.416651648945756,11,0.1774193548387097,0.3548387096774194,0.029800307219662064,20,0.6654919890360739,0.6719218348460665,0.6702245768661281,0.6752921031324347,0.006429845809992618,0.004732587830054258
resp,n1000,0,384,0.001,directional,699,2352,104,0.5,52,top,-1,104,0.14878397711015737,0.29116031027795736,0,0.0,0.0,-0.14878397711015737,104,0.7276086369932429,0.7618259463847578,0.7276086369932429,0.6694156965268407,0.034217309391514905,0.0
resp,n1000,0,384,0.001,directional,699,2352,104,0.5,52,bottom_oracle_diagnostic,-1,104,0.14878397711015737,0.29116031027795736,9,0.17307692307692307,0.08653846153846154,0.024292945966765706,95,0.7276086369932429,0.7303857384499596,0.7011325759887741,0.6694156965268407,0.002777101456716724,-0.026476061004468754
resp,n1000,0,384,0.001,directional,699,2352,104,0.5,52,two_tailed,-1,104,0.14878397711015737,0.29116031027795736,4,0.07692307692307693,0.038461538461538464,-0.07186090018708044,100,0.7276086369932429,0.7537087875374547,0.7122227163959197,0.6694156965268407,0.026100150544211886,-0.015385920597323133
resp,n1000,0,384,0.001,directional,699,2352,104,0.5,52,random,0,104,0.14878397711015737,0.29116031027795736,7,0.1346153846153846,0.0673076923076923,-0.014168592494772758,97,0.7276086369932429,0.7273272557467372,0.7188665361819238,0.6694156965268407,-0.0002813812465056742,-0.008742100811319098
resp,n1000,0,384,0.001,directional,699,2352,104,0.5,52,random,1,104,0.14878397711015737,0.29116031027795736,9,0.17307692307692307,0.08653846153846154,0.024292945966765706,95,0.7276086369932429,0.7281642897080745,0.7146019755428739,0.6694156965268407,0.0005556527148316004,-0.013006661450368995
resp,n1000,0,384,0.001,directional,699,2352,104,0.5,52,random,2,104,0.14878397711015737,0.29116031027795736,9,0.17307692307692307,0.08653846153846154,0.024292945966765706,95,0.7276086369932429,0.729630033690221,0.711625270915374,0.6694156965268407,0.002021396696978095,-0.015983366077868877
resp,n1000,0,384,0.001,directional,699,2352,104,0.5,52,random,3,104,0.14878397711015737,0.29116031027795736,6,0.11538461538461539,0.057692307692307696,-0.033399361725541976,98,0.7276086369932429,0.7320693857329152,0.718452233998716,0.6694156965268407,0.004460748739672393,-0.009156402994526802
resp,n1000,0,384,0.001,directional,699,2352,104,0.5,52,random,4,104,0.14878397711015737,0.29116031027795736,2,0.038461538461538464,0.019230769230769232,-0.1103224386486189,102,0.7276086369932429,0.7287328289752077,0.7254743738998107,0.6694156965268407,0.001124191981964895,-0.0021342630934321205
resp,n1000,0,384,0.001,directional,699,2352,104,0.5,52,random,5,104,0.14878397711015737,0.29116031027795736,7,0.1346153846153846,0.0673076923076923,-0.014168592494772758,97,0.7276086369932429,0.7286928588325245,0.7162711689473907,0.6694156965268407,0.001084221839281696,-0.011337468045852117
resp,n1000,0,384,0.001,directional,699,2352,104,0.5,52,random,6,104,0.14878397711015737,0.29116031027795736,6,0.11538461538461539,0.057692307692307696,-0.033399361725541976,98,0.7276086369932429,0.7295000738433045,0.719499476783552,0.6694156965268407,0.0018914368500616563,-0.00810916020969088
resp,n1000,0,384,0.001,directional,699,2352,104,0.5,52,random,7,104,0.14878397711015737,0.29116031027795736,10,0.19230769230769232,0.09615384615384616,0.04352371519753495,94,0.7276086369932429,0.730767198607568,0.7096269655512264,0.6694156965268407,0.0031585616143251505,-0.017981671442016456
resp,n1000,0,384,0.001,directional,699,2352,104,0.5,52,random,8,104,0.14878397711015737,0.29116031027795736,6,0.11538461538461539,0.057692307692307696,-0.033399361725541976,98,0.7276086369932429,0.7305660470859912,0.716753459093101,0.6694156965268407,0.0029574100927483027,-0.010855177900141899
resp,n1000,0,384,0.001,directional,699,2352,104,0.5,52,random,9,104,0.14878397711015737,0.29116031027795736,5,0.09615384615384616,0.04807692307692308,-0.05263013095631121,99,0.7276086369932429,0.7295342596476538,0.7235839684141279,0.6694156965268407,0.0019256226544109856,-0.004024668579114987
resp,n1000,0,384,0.001,directional,699,2352,104,1.0,104,top,-1,104,0.14878397711015737,0.29116031027795736,0,0.0,0.0,-0.14878397711015737,104,0.7276086369932429,0.7834311915637898,0.7276086369932429,0.6694156965268407,0.05582255457054697,0.0
resp,n1000,0,384,0.001,directional,699,2352,104,1.0,104,bottom_oracle_diagnostic,-1,104,0.14878397711015737,0.29116031027795736,20,0.19230769230769232,0.19230769230769232,0.04352371519753495,84,0.7276086369932429,0.7272797860027329,0.6828984668595484,0.6694156965268407,-0.0003288509905099435,-0.04471017013369449
resp,n1000,0,384,0.001,directional,699,2352,104,1.0,104,two_tailed,-1,104,0.14878397711015737,0.29116031027795736,9,0.08653846153846154,0.08653846153846154,-0.06224551557169583,95,0.7276086369932429,0.768314058531713,0.7011325759887741,0.6694156965268407,0.04070542153847012,-0.026476061004468754
resp,n1000,0,384,0.001,directional,699,2352,104,1.0,104,random,0,104,0.14878397711015737,0.29116031027795736,12,0.11538461538461539,0.11538461538461539,-0.033399361725541976,92,0.7276086369932429,0.7333780833804538,0.7088159943615587,0.6694156965268407,0.005769446387210997,-0.01879264263168412
resp,n1000,0,384,0.001,directional,699,2352,104,1.0,104,random,1,104,0.14878397711015737,0.29116031027795736,16,0.15384615384615385,0.15384615384615385,0.0050621767359964875,88,0.7276086369932429,0.7284717043480385,0.7101824503038892,0.6694156965268407,0.000863067354795688,-0.017426186689353695
resp,n1000,0,384,0.001,directional,699,2352,104,1.0,104,random,2,104,0.14878397711015737,0.29116031027795736,14,0.1346153846153846,0.1346153846153846,-0.014168592494772758,90,0.7276086369932429,0.7378386433127971,0.711213547175431,0.6694156965268407,0.010230006319554286,-0.016395089817811903
resp,n1000,0,384,0.001,directional,699,2352,104,1.0,104,random,3,104,0.14878397711015737,0.29116031027795736,17,0.16346153846153846,0.16346153846153846,0.014677561351381097,87,0.7276086369932429,0.7336119897763684,0.7013957448462735,0.6694156965268407,0.006003352783125582,-0.026212892146969313
resp,n1000,0,384,0.001,directional,699,2352,104,1.0,104,random,4,104,0.14878397711015737,0.29116031027795736,23,0.22115384615384615,0.22115384615384615,0.07236986904368878,81,0.7276086369932429,0.7313532775337385,0.6963926805047714,0.6694156965268407,0.003744640540495614,-0.03121595648847142
resp,n1000,0,384,0.001,directional,699,2352,104,1.0,104,random,5,104,0.14878397711015737,0.29116031027795736,12,0.11538461538461539,0.11538461538461539,-0.033399361725541976,92,0.7276086369932429,0.7329307856001142,0.7112669082614469,0.6694156965268407,0.005322148606871302,-0.016341728731795957
resp,n1000,0,384,0.001,directional,699,2352,104,1.0,104,random,6,104,0.14878397711015737,0.29116031027795736,16,0.15384615384615385,0.15384615384615385,0.0050621767359964875,88,0.7276086369932429,0.7265577009470732,0.7101839111941347,0.6694156965268407,-0.0010509360461696815,-0.017424725799108143
resp,n1000,0,384,0.001,directional,699,2352,104,1.0,104,random,7,104,0.14878397711015737,0.29116031027795736,21,0.20192307692307693,0.20192307692307693,0.05313909981291956,83,0.7276086369932429,0.7234595328761423,0.6955928872617979,0.6694156965268407,-0.004149104117100566,-0.03201574973144494
resp,n1000,0,384,0.001,directional,699,2352,104,1.0,104,random,8,104,0.14878397711015737,0.29116031027795736,14,0.1346153846153846,0.1346153846153846,-0.014168592494772758,90,0.7276086369932429,0.735347848795204,0.7080802694242689,0.6694156965268407,0.007739211801961132,-0.019528367568973914
resp,n1000,0,384,0.001,directional,699,2352,104,1.0,104,random,9,104,0.14878397711015737,0.29116031027795736,17,0.16346153846153846,0.16346153846153846,0.014677561351381097,87,0.7276086369932429,0.730716746266917,0.7087243707058792,0.6694156965268407,0.003108109273674109,-0.018884266287363616
resp,n1000,0,384,0.001,directional,699,2352,104,2.0,208,top,-1,104,0.14878397711015737,0.29116031027795736,4,0.019230769230769232,0.038461538461538464,-0.12955320787938812,100,0.7276086369932429,0.8036190127145099,0.7259815468728403,0.6694156965268407,0.07601037572126701,-0.001627090120402519
resp,n1000,0,384,0.001,directional,699,2352,104,2.0,208,bottom_oracle_diagnostic,-1,104,0.14878397711015737,0.29116031027795736,49,0.23557692307692307,0.47115384615384615,0.0867929459667657,55,0.7276086369932429,0.7055404701775758,0.6682679240708197,0.6694156965268407,-0.022068166815667034,-0.059340712922423156
resp,n1000,0,384,0.001,directional,699,2352,104,2.0,208,two_tailed,-1,104,0.14878397711015737,0.29116031027795736,20,0.09615384615384616,0.19230769230769232,-0.05263013095631121,84,0.7276086369932429,0.7972890360411202,0.6828984668595484,0.6694156965268407,0.06968039904787737,-0.04471017013369449
resp,n1000,0,384,0.001,directional,699,2352,104,2.0,208,random,0,104,0.14878397711015737,0.29116031027795736,34,0.16346153846153846,0.3269230769230769,0.014677561351381097,70,0.7276086369932429,0.7337649031029381,0.685657547518208,0.6694156965268407,0.006156266109695219,-0.0419510894750349
resp,n1000,0,384,0.001,directional,699,2352,104,2.0,208,random,1,104,0.14878397711015737,0.29116031027795736,37,0.1778846153846154,0.3557692307692308,0.029100638274458024,67,0.7276086369932429,0.7338086027783027,0.6895095406959781,0.6694156965268407,0.00619996578505988,-0.03809909629726471
resp,n1000,0,384,0.001,directional,699,2352,104,2.0,208,random,2,104,0.14878397711015737,0.29116031027795736,25,0.1201923076923077,0.2403846153846154,-0.02859166941784967,79,0.7276086369932429,0.7339589930120469,0.699360482506514,0.6694156965268407,0.006350356018804071,-0.028248154486728905
resp,n1000,0,384,0.001,directional,699,2352,104,2.0,208,random,3,104,0.14878397711015737,0.29116031027795736,36,0.17307692307692307,0.34615384615384615,0.024292945966765706,68,0.7276086369932429,0.7411305803534943,0.6854769773859233,0.6694156965268407,0.013521943360251476,-0.04213165960731957
resp,n1000,0,384,0.001,directional,699,2352,104,2.0,208,random,4,104,0.14878397711015737,0.29116031027795736,41,0.1971153846153846,0.3942307692307692,0.04833140750522724,63,0.7276086369932429,0.7356662041794149,0.681148931362705,0.6694156965268407,0.00805756718617201,-0.046459705630537806
resp,n1000,0,384,0.001,directional,699,2352,104,2.0,208,random,5,104,0.14878397711015737,0.29116031027795736,22,0.10576923076923077,0.21153846153846154,-0.0430147463409266,82,0.7276086369932429,0.7269329273506626,0.695933312963917,0.6694156965268407,-0.0006757096425802356,-0.031675324029325824
resp,n1000,0,384,0.001,directional,699,2352,104,2.0,208,random,6,104,0.14878397711015737,0.29116031027795736,36,0.17307692307692307,0.34615384615384615,0.024292945966765706,68,0.7276086369932429,0.7350356867358762,0.6848319685053438,0.6694156965268407,0.007427049742633307,-0.04277666848789907
resp,n1000,0,384,0.001,directional,699,2352,104,2.0,208,random,7,104,0.14878397711015737,0.29116031027795736,36,0.17307692307692307,0.34615384615384615,0.024292945966765706,68,0.7276086369932429,0.7294466009576822,0.6860970775495496,0.6694156965268407,0.0018379639644393597,-0.041511559443693224
resp,n1000,0,384,0.001,directional,699,2352,104,2.0,208,random,8,104,0.14878397711015737,0.29116031027795736,37,0.1778846153846154,0.3557692307692308,0.029100638274458024,67,0.7276086369932429,0.7342535283770415,0.686363179270274,0.6694156965268407,0.006644891383798646,-0.04124545772296884
resp,n1000,0,384,0.001,directional,699,2352,104,2.0,208,random,9,104,0.14878397711015737,0.29116031027795736,30,0.14423076923076922,0.28846153846153844,-0.004553207879388149,74,0.7276086369932429,0.734151832775709,0.6916319676280779,0.6694156965268407,0.006543195782466094,-0.03597666936516497
resp,n1000,1,384,0.01,directional,699,2352,104,0.5,52,top,-1,104,0.14878397711015737,0.04424692954104719,0,0.0,0.0,-0.14878397711015737,104,0.7338683531228024,0.7525332942092819,0.7338683531228024,0.662548936299345,0.018664941086479536,0.0
resp,n1000,1,384,0.01,directional,699,2352,104,0.5,52,bottom_oracle_diagnostic,-1,104,0.14878397711015737,0.04424692954104719,40,0.7692307692307693,0.38461538461538464,0.6204467921206119,64,0.7338683531228024,0.7128178740481854,0.6919944927488809,0.662548936299345,-0.02105047907461699,-0.04187386037392149
resp,n1000,1,384,0.01,directional,699,2352,104,0.5,52,two_tailed,-1,104,0.14878397711015737,0.04424692954104719,23,0.4423076923076923,0.22115384615384615,0.29352371519753495,81,0.7338683531228024,0.7340726295543712,0.7041807013062582,0.662548936299345,0.00020427643156883946,-0.029687651816544203
resp,n1000,1,384,0.01,directional,699,2352,104,0.5,52,random,0,104,0.14878397711015737,0.04424692954104719,10,0.19230769230769232,0.09615384615384616,0.04352371519753495,94,0.7338683531228024,0.7352643740125892,0.7251149972458069,0.662548936299345,0.001396020889786742,-0.00875335587699555
resp,n1000,1,384,0.01,directional,699,2352,104,0.5,52,random,1,104,0.14878397711015737,0.04424692954104719,9,0.17307692307692307,0.08653846153846154,0.024292945966765706,95,0.7338683531228024,0.7336075827423386,0.7248445611125885,0.662548936299345,-0.00026077038046379286,-0.00902379201021386
resp,n1000,1,384,0.01,directional,699,2352,104,0.5,52,random,2,104,0.14878397711015737,0.04424692954104719,3,0.057692307692307696,0.028846153846153848,-0.09109166941784967,101,0.7338683531228024,0.7358255370677401,0.7309998853633236,0.662548936299345,0.0019571839449377126,-0.002868467759478799
resp,n1000,1,384,0.01,directional,699,2352,104,0.5,52,random,3,104,0.14878397711015737,0.04424692954104719,9,0.17307692307692307,0.08653846153846154,0.024292945966765706,95,0.7338683531228024,0.7340827613422576,0.7225222727563857,0.662548936299345,0.00021440821945517552,-0.011346080366416711
resp,n1000,1,384,0.01,directional,699,2352,104,0.5,52,random,4,104,0.14878397711015737,0.04424692954104719,8,0.15384615384615385,0.07692307692307693,0.0050621767359964875,96,0.7338683531228024,0.7354269842768593,0.7254167861961826,0.662548936299345,0.0015586311540568554,-0.008451566926619858
resp,n1000,1,384,0.01,directional,699,2352,104,0.5,52,random,5,104,0.14878397711015737,0.04424692954104719,9,0.17307692307692307,0.08653846153846154,0.024292945966765706,95,0.7338683531228024,0.7319389961544711,0.7251599520050218,0.662548936299345,-0.0019293569683312972,-0.008708401117780595
resp,n1000,1,384,0.01,directional,699,2352,104,0.5,52,random,6,104,0.14878397711015737,0.04424692954104719,9,0.17307692307692307,0.08653846153846154,0.024292945966765706,95,0.7338683531228024,0.7349663784590142,0.7248776726363061,0.662548936299345,0.0010980253362118386,-0.008990680486496316
resp,n1000,1,384,0.01,directional,699,2352,104,0.5,52,random,7,104,0.14878397711015737,0.04424692954104719,12,0.23076923076923078,0.11538461538461539,0.08198525365907341,92,0.7338683531228024,0.7314570758105475,0.7204170558056525,0.662548936299345,-0.002411277312254878,-0.01345129731714989
resp,n1000,1,384,0.01,directional,699,2352,104,0.5,52,random,8,104,0.14878397711015737,0.04424692954104719,6,0.11538461538461539,0.057692307692307696,-0.033399361725541976,98,0.7338683531228024,0.7355188444209317,0.7264784989499441,0.662548936299345,0.0016504912981293307,-0.007389854172858312
resp,n1000,1,384,0.01,directional,699,2352,104,0.5,52,random,9,104,0.14878397711015737,0.04424692954104719,4,0.07692307692307693,0.038461538461538464,-0.07186090018708044,100,0.7338683531228024,0.736114649290097,0.7298832543330939,0.662548936299345,0.002246296167294548,-0.003985098789708541
resp,n1000,1,384,0.01,directional,699,2352,104,1.0,104,top,-1,104,0.14878397711015737,0.04424692954104719,0,0.0,0.0,-0.14878397711015737,104,0.7338683531228024,0.766792205770378,0.7338683531228024,0.662548936299345,0.03292385264757558,0.0
resp,n1000,1,384,0.01,directional,699,2352,104,1.0,104,bottom_oracle_diagnostic,-1,104,0.14878397711015737,0.04424692954104719,75,0.7211538461538461,0.7211538461538461,0.5723698690436888,29,0.7338683531228024,0.6907985293871155,0.6729986337178314,0.662548936299345,-0.04306982373568691,-0.06086971940497099
resp,n1000,1,384,0.01,directional,699,2352,104,1.0,104,two_tailed,-1,104,0.14878397711015737,0.04424692954104719,40,0.38461538461538464,0.38461538461538464,0.23583140750522727,64,0.7338683531228024,0.7322815041916193,0.6919944927488809,0.662548936299345,-0.0015868489311831047,-0.04187386037392149
resp,n1000,1,384,0.01,directional,699,2352,104,1.0,104,random,0,104,0.14878397711015737,0.04424692954104719,15,0.14423076923076922,0.14423076923076922,-0.004553207879388149,89,0.7338683531228024,0.7348900491116069,0.7166758040424195,0.662548936299345,0.0010216959888045274,-0.017192549080382924
resp,n1000,1,384,0.01,directional,699,2352,104,1.0,104,random,1,104,0.14878397711015737,0.04424692954104719,21,0.20192307692307693,0.20192307692307693,0.05313909981291956,83,0.7338683531228024,0.7368658062758947,0.7137236017494277,0.662548936299345,0.0029974531530923,-0.02014475137337468
resp,n1000,1,384,0.01,directional,699,2352,104,1.0,104,random,2,104,0.14878397711015737,0.04424692954104719,16,0.15384615384615385,0.15384615384615385,0.0050621767359964875,88,0.7338683531228024,0.7339309976309618,0.7179824921897491,0.662548936299345,6.264450815940403e-05,-0.01588586093305333
resp,n1000,1,384,0.01,directional,699,2352,104,1.0,104,random,3,104,0.14878397711015737,0.04424692954104719,13,0.125,0.125,-0.023783977110157367,91,0.7338683531228024,0.7323257123049604,0.7198728732050231,0.662548936299345,-0.0015426408178420559,-0.013995479917779274
resp,n1000,1,384,0.01,directional,699,2352,104,1.0,104,random,4,104,0.14878397711015737,0.04424692954104719,15,0.14423076923076922,0.14423076923076922,-0.004553207879388149,89,0.7338683531228024,0.7368105214603907,0.7191997132079789,0.662548936299345,0.0029421683375883134,-0.014668639914823478
resp,n1000,1,384,0.01,directional,699,2352,104,1.0,104,random,5,104,0.14878397711015737,0.04424692954104719,20,0.19230769230769232,0.19230769230769232,0.04352371519753495,84,0.7338683531228024,0.7348641419275449,0.7143872732787983,0.662548936299345,0.0009957888047424923,-0.019481079844004157
resp,n1000,1,384,0.01,directional,699,2352,104,1.0,104,random,6,104,0.14878397711015737,0.04424692954104719,13,0.125,0.125,-0.023783977110157367,91,0.7338683531228024,0.7367576834999611,0.7220826369612213,0.662548936299345,0.002889330377158661,-0.011785716161581083
resp,n1000,1,384,0.01,directional,699,2352,104,1.0,104,random,7,104,0.14878397711015737,0.04424692954104719,12,0.11538461538461539,0.11538461538461539,-0.033399361725541976,92,0.7338683531228024,0.7399709703795493,0.7242625924972315,0.662548936299345,0.006102617256746878,-0.009605760625570947
resp,n1000,1,384,0.01,directional,699,2352,104,1.0,104,random,8,104,0.14878397711015737,0.04424692954104719,25,0.2403846153846154,0.2403846153846154,0.09160063827445802,79,0.7338683531228024,0.728486957836719,0.7063785628900295,0.662548936299345,-0.00538139528608339,-0.02748979023277287
resp,n1000,1,384,0.01,directional,699,2352,104,1.0,104,random,9,104,0.14878397711015737,0.04424692954104719,17,0.16346153846153846,0.16346153846153846,0.014677561351381097,87,0.7338683531228024,0.7342513848478693,0.7151031298062771,0.662548936299345,0.00038303172506692906,-0.018765223316525304
resp,n1000,1,384,0.01,directional,699,2352,104,2.0,208,top,-1,104,0.14878397711015737,0.04424692954104719,0,0.0,0.0,-0.14878397711015737,104,0.7338683531228024,0.7931791693342669,0.7338683531228024,0.662548936299345,0.0593108162114645,0.0
resp,n1000,1,384,0.01,directional,699,2352,104,2.0,208,bottom_oracle_diagnostic,-1,104,0.14878397711015737,0.04424692954104719,101,0.4855769230769231,0.9711538461538461,0.3367929459667657,3,0.7338683531228024,0.6646075409085711,0.6631334501066221,0.662548936299345,-0.0692608122142313,-0.07073490301618035
resp,n1000,1,384,0.01,directional,699,2352,104,2.0,208,two_tailed,-1,104,0.14878397711015737,0.04424692954104719,75,0.3605769230769231,0.7211538461538461,0.2117929459667657,29,0.7338683531228024,0.7223939570060365,0.6729986337178314,0.662548936299345,-0.011474396116765928,-0.06086971940497099
resp,n1000,1,384,0.01,directional,699,2352,104,2.0,208,random,0,104,0.14878397711015737,0.04424692954104719,31,0.14903846153846154,0.2980769230769231,0.0002544844283041692,73,0.7338683531228024,0.7374838503625495,0.7055813629536493,0.662548936299345,0.0036154972397470786,-0.028286990169153148
resp,n1000,1,384,0.01,directional,699,2352,104,2.0,208,random,1,104,0.14878397711015737,0.04424692954104719,34,0.16346153846153846,0.3269230769230769,0.014677561351381097,70,0.7338683531228024,0.7320873403798844,0.6992528551502698,0.662548936299345,-0.0017810127429179756,-0.034615497972532605
resp,n1000,1,384,0.01,directional,699,2352,104,2.0,208,random,2,104,0.14878397711015737,0.04424692954104719,30,0.14423076923076922,0.28846153846153844,-0.004553207879388149,74,0.7338683531228024,0.7341360299901334,0.7058446073454633,0.662548936299345,0.0002676768673309793,-0.028023745777339126
resp,n1000,1,384,0.01,directional,699,2352,104,2.0,208,random,3,104,0.14878397711015737,0.04424692954104719,25,0.1201923076923077,0.2403846153846154,-0.02859166941784967,79,0.7338683531228024,0.7431165882531349,0.7100099732403827,0.662548936299345,0.00924823513033246,-0.023858379882419678
resp,n1000,1,384,0.01,directional,699,2352,104,2.0,208,random,4,104,0.14878397711015737,0.04424692954104719,37,0.1778846153846154,0.3557692307692308,0.029100638274458024,67,0.7338683531228024,0.7290965508394603,0.7002017195534322,0.662548936299345,-0.004771802283342064,-0.033666633569370163
resp,n1000,1,384,0.01,directional,699,2352,104,2.0,208,random,5,104,0.14878397711015737,0.04424692954104719,34,0.16346153846153846,0.3269230769230769,0.014677561351381097,70,0.7338683531228024,0.7279842723239772,0.7034474122782632,0.662548936299345,-0.005884080798825186,-0.030420940844539168
resp,n1000,1,384,0.01,directional,699,2352,104,2.0,208,random,6,104,0.14878397711015737,0.04424692954104719,29,0.13942307692307693,0.27884615384615385,-0.00936090018708044,75,0.7338683531228024,0.7347020801734898,0.7077178017585838,0.662548936299345,0.000833727050687405,-0.02615055136421862
resp,n1000,1,384,0.01,directional,699,2352,104,2.0,208,random,7,104,0.14878397711015737,0.04424692954104719,24,0.11538461538461539,0.23076923076923078,-0.033399361725541976,80,0.7338683531228024,0.7487282476054451,0.7114260325321923,0.662548936299345,0.014859894482642688,-0.022442320590610132
resp,n1000,1,384,0.01,directional,699,2352,104,2.0,208,random,8,104,0.14878397711015737,0.04424692954104719,28,0.1346153846153846,0.2692307692307692,-0.014168592494772758,76,0.7338683531228024,0.7350305451095236,0.7065322706898883,0.662548936299345,0.0011621919867211838,-0.027336082432914077
resp,n1000,1,384,0.01,directional,699,2352,104,2.0,208,random,9,104,0.14878397711015737,0.04424692954104719,31,0.14903846153846154,0.2980769230769231,0.0002544844283041692,73,0.7338683531228024,0.7299279239815676,0.7054449018419083,0.662548936299345,-0.003940429141234825,-0.028423451280894074
resp,n1000,2,384,0.01,directional,698,2352,104,0.5,52,top,-1,104,0.1489971346704871,0.05848549598549599,0,0.0,0.0,-0.1489971346704871,104,0.7470223591763174,0.7693263402834163,0.7470223591763174,0.666695295271757,0.022303981107098858,0.0
resp,n1000,2,384,0.01,directional,698,2352,104,0.5,52,bottom_oracle_diagnostic,-1,104,0.1489971346704871,0.05848549598549599,37,0.7115384615384616,0.3557692307692308,0.5625413268679744,67,0.7470223591763174,0.7244201820468182,0.7016332594638037,0.666695295271757,-0.02260217712949919,-0.0453890997125137
resp,n1000,2,384,0.01,directional,698,2352,104,0.5,52,two_tailed,-1,104,0.1489971346704871,0.05848549598549599,20,0.38461538461538464,0.19230769230769232,0.23561824994489752,84,0.7470223591763174,0.7483026873734188,0.7172272953413613,0.666695295271757,0.0012803281971013325,-0.029795063834956115
resp,n1000,2,384,0.01,directional,698,2352,104,0.5,52,random,0,104,0.1489971346704871,0.05848549598549599,10,0.19230769230769232,0.09615384615384616,0.043310557637205205,94,0.7470223591763174,0.7476138783032341,0.7357853412466682,0.666695295271757,0.0005915191269166842,-0.011237017929649262
resp,n1000,2,384,0.01,directional,698,2352,104,0.5,52,random,1,104,0.1489971346704871,0.05848549598549599,5,0.09615384615384616,0.04807692307692308,-0.052843288516640954,99,0.7470223591763174,0.7486695765018145,0.741573029597903,0.666695295271757,0.0016472173254971079,-0.005449329578414375
resp,n1000,2,384,0.01,directional,698,2352,104,0.5,52,random,2,104,0.1489971346704871,0.05848549598549599,4,0.07692307692307693,0.038461538461538464,-0.07207405774741019,100,0.7470223591763174,0.748021842509123,0.7433231683072868,0.666695295271757,0.0009994833328055286,-0.0036991908690305886
resp,n1000,2,384,0.01,directional,698,2352,104,0.5,52,random,3,104,0.1489971346704871,0.05848549598549599,8,0.15384615384615385,0.07692307692307693,0.004849019175666741,96,0.7470223591763174,0.7479626597229825,0.7383674696737875,0.666695295271757,0.0009403005466650516,-0.008654889502529906
resp,n1000,2,384,0.01,directional,698,2352,104,0.5,52,random,4,104,0.1489971346704871,0.05848549598549599,7,0.1346153846153846,0.0673076923076923,-0.014381750055102505,97,0.7470223591763174,0.7497094533435238,0.7383868379769511,0.666695295271757,0.002687094167206361,-0.00863552119936628
resp,n1000,2,384,0.01,directional,698,2352,104,0.5,52,random,5,104,0.1489971346704871,0.05848549598549599,12,0.23076923076923078,0.11538461538461539,0.08177209609874367,92,0.7470223591763174,0.7469802593248767,0.7364135068572599,0.666695295271757,-4.209985144076889e-05,-0.010608852319057505
resp,n1000,2,384,0.01,directional,698,2352,104,0.5,52,random,6,104,0.1489971346704871,0.05848549598549599,8,0.15384615384615385,0.07692307692307693,0.004849019175666741,96,0.7470223591763174,0.7458525854745058,0.7386372792514746,0.666695295271757,-0.001169773701811594,-0.008385079924842831
resp,n1000,2,384,0.01,directional,698,2352,104,0.5,52,random,7,104,0.1489971346704871,0.05848549598549599,6,0.11538461538461539,0.057692307692307696,-0.03361251928587172,98,0.7470223591763174,0.7470242008345616,0.7405889493630483,0.666695295271757,1.841658244128297e-06,-0.00643340981326912
resp,n1000,2,384,0.01,directional,698,2352,104,0.5,52,random,8,104,0.1489971346704871,0.05848549598549599,7,0.1346153846153846,0.0673076923076923,-0.014381750055102505,97,0.7470223591763174,0.7478838698311686,0.7392292751074021,0.666695295271757,0.0008615106548511831,-0.007793084068915324
resp,n1000,2,384,0.01,directional,698,2352,104,0.5,52,random,9,104,0.1489971346704871,0.05848549598549599,8,0.15384615384615385,0.07692307692307693,0.004849019175666741,96,0.7470223591763174,0.7504083258540255,0.7385409594977829,0.666695295271757,0.0033859666777080744,-0.008481399678534562
resp,n1000,2,384,0.01,directional,698,2352,104,1.0,104,top,-1,104,0.1489971346704871,0.05848549598549599,0,0.0,0.0,-0.1489971346704871,104,0.7470223591763174,0.7906681460506526,0.7470223591763174,0.666695295271757,0.04364578687433518,0.0
resp,n1000,2,384,0.01,directional,698,2352,104,1.0,104,bottom_oracle_diagnostic,-1,104,0.1489971346704871,0.05848549598549599,65,0.625,0.625,0.47600286532951286,39,0.7470223591763174,0.7016486813372999,0.6835732320137176,0.666695295271757,-0.04537367783901758,-0.06344912716259987
resp,n1000,2,384,0.01,directional,698,2352,104,1.0,104,two_tailed,-1,104,0.1489971346704871,0.05848549598549599,37,0.3557692307692308,0.3557692307692308,0.20677209609874367,67,0.7470223591763174,0.7480922437464117,0.7016332594638037,0.666695295271757,0.0010698845700942705,-0.0453890997125137
resp,n1000,2,384,0.01,directional,698,2352,104,1.0,104,random,0,104,0.1489971346704871,0.05848549598549599,23,0.22115384615384615,0.22115384615384615,0.07215671148335903,81,0.7470223591763174,0.7458675798297488,0.7253245532283397,0.666695295271757,-0.0011547793465686018,-0.021697805947977766
resp,n1000,2,384,0.01,directional,698,2352,104,1.0,104,random,1,104,0.1489971346704871,0.05848549598549599,14,0.1346153846153846,0.1346153846153846,-0.014381750055102505,90,0.7470223591763174,0.744385434873744,0.7326036319700164,0.666695295271757,-0.0026369243025734512,-0.014418727206300996
resp,n1000,2,384,0.01,directional,698,2352,104,1.0,104,random,2,104,0.1489971346704871,0.05848549598549599,11,0.10576923076923077,0.10576923076923077,-0.043227903901256345,93,0.7470223591763174,0.7477285035209236,0.7368140878282468,0.666695295271757,0.0007061443446061411,-0.010208271348070674
resp,n1000,2,384,0.01,directional,698,2352,104,1.0,104,random,3,104,0.1489971346704871,0.05848549598549599,16,0.15384615384615385,0.15384615384615385,0.004849019175666741,88,0.7470223591763174,0.7514026754804225,0.728445429238521,0.666695295271757,0.00438031630410507,-0.01857692993779647
resp,n1000,2,384,0.01,directional,698,2352,104,1.0,104,random,4,104,0.1489971346704871,0.05848549598549599,15,0.14423076923076922,0.14423076923076922,-0.004766365439717896,89,0.7470223591763174,0.7451897174161154,0.730155264459616,0.666695295271757,-0.0018326417602020362,-0.016867094716701447
resp,n1000,2,384,0.01,directional,698,2352,104,1.0,104,random,5,104,0.1489971346704871,0.05848549598549599,16,0.15384615384615385,0.15384615384615385,0.004849019175666741,88,0.7470223591763174,0.747150680684991,0.7296756610739277,0.666695295271757,0.00012832150867359005,-0.017346698102389757
resp,n1000,2,384,0.01,directional,698,2352,104,1.0,104,random,6,104,0.1489971346704871,0.05848549598549599,16,0.15384615384615385,0.15384615384615385,0.004849019175666741,88,0.7470223591763174,0.7432109991877304,0.7300350860286496,0.666695295271757,-0.0038113599885870597,-0.016987273147667792
resp,n1000,2,384,0.01,directional,698,2352,104,1.0,104,random,7,104,0.1489971346704871,0.05848549598549599,10,0.09615384615384616,0.09615384615384616,-0.052843288516640954,94,0.7470223591763174,0.7514265173381931,0.7346734388734583,0.666695295271757,0.004404158161875671,-0.012348920302859168
resp,n1000,2,384,0.01,directional,698,2352,104,1.0,104,random,8,104,0.1489971346704871,0.05848549598549599,15,0.14423076923076922,0.14423076923076922,-0.004766365439717896,89,0.7470223591763174,0.7503430611957373,0.7299082202108829,0.666695295271757,0.003320702019419919,-0.017114138965434567
resp,n1000,2,384,0.01,directional,698,2352,104,1.0,104,random,9,104,0.1489971346704871,0.05848549598549599,18,0.17307692307692307,0.17307692307692307,0.02407978840643596,86,0.7470223591763174,0.7464083099163441,0.7274023314884648,0.666695295271757,-0.000614049259973326,-0.019620027687852648
resp,n1000,2,384,0.01,directional,698,2352,104,2.0,208,top,-1,104,0.1489971346704871,0.05848549598549599,0,0.0,0.0,-0.1489971346704871,104,0.7470223591763174,0.8271772464656595,0.7470223591763174,0.666695295271757,0.08015488728934206,0.0
resp,n1000,2,384,0.01,directional,698,2352,104,2.0,208,bottom_oracle_diagnostic,-1,104,0.1489971346704871,0.05848549598549599,100,0.4807692307692308,0.9615384615384616,0.3317720960987437,4,0.7470223591763174,0.6648784267930287,0.667839741436243,0.666695295271757,-0.08214393238328876,-0.0791826177400744
resp,n1000,2,384,0.01,directional,698,2352,104,2.0,208,two_tailed,-1,104,0.1489971346704871,0.05848549598549599,65,0.3125,0.625,0.1635028653295129,39,0.7470223591763174,0.7470254174295919,0.6835732320137176,0.666695295271757,3.058253274512701e-06,-0.06344912716259987
resp,n1000,2,384,0.01,directional,698,2352,104,2.0,208,random,0,104,0.1489971346704871,0.05848549598549599,25,0.1201923076923077,0.2403846153846154,-0.028804826978179418,79,0.7470223591763174,0.7520057144454563,0.7196835881641078,0.666695295271757,0.004983355269138845,-0.027338771012209606
resp,n1000,2,384,0.01,directional,698,2352,104,2.0,208,random,1,104,0.1489971346704871,0.05848549598549599,30,0.14423076923076922,0.28846153846153844,-0.004766365439717896,74,0.7470223591763174,0.7516244339215906,0.7163469236503217,0.666695295271757,0.004602074745273188,-0.03067543552599572
resp,n1000,2,384,0.01,directional,698,2352,104,2.0,208,random,2,104,0.1489971346704871,0.05848549598549599,29,0.13942307692307693,0.27884615384615385,-0.009574057747410186,75,0.7470223591763174,0.7526131274875211,0.718113744729468,0.666695295271757,0.005590768311203642,-0.028908614446849445
resp,n1000,2,384,0.01,directional,698,2352,104,2.0,208,random,3,104,0.1489971346704871,0.05848549598549599,40,0.19230769230769232,0.38461538461538464,0.043310557637205205,64,0.7470223591763174,0.7447415778673274,0.7090624861047324,0.666695295271757,-0.0022807813089900097,-0.03795987307158499
resp,n1000,2,384,0.01,directional,698,2352,104,2.0,208,random,4,104,0.1489971346704871,0.05848549598549599,29,0.13942307692307693,0.27884615384615385,-0.009574057747410186,75,0.7470223591763174,0.7471850016743722,0.7161362627425486,0.666695295271757,0.00016264249805475472,-0.030886096433768828
resp,n1000,2,384,0.01,directional,698,2352,104,2.0,208,random,5,104,0.1489971346704871,0.05848549598549599,30,0.14423076923076922,0.28846153846153844,-0.004766365439717896,74,0.7470223591763174,0.7456333889016477,0.7163341848671344,0.666695295271757,-0.0013889702746697763,-0.030688174309183025
resp,n1000,2,384,0.01,directional,698,2352,104,2.0,208,random,6,104,0.1489971346704871,0.05848549598549599,31,0.14903846153846154,0.2980769230769231,4.1326867974422754e-05,73,0.7470223591763174,0.7414434401783982,0.716024007629283,0.666695295271757,-0.00557891899791918,-0.030998351547034453
resp,n1000,2,384,0.01,directional,698,2352,104,2.0,208,random,7,104,0.1489971346704871,0.05848549598549599,30,0.14423076923076922,0.28846153846153844,-0.004766365439717896,74,0.7470223591763174,0.7474247339598851,0.7167319467213169,0.666695295271757,0.00040237478356763834,-0.030290412455000526
resp,n1000,2,384,0.01,directional,698,2352,104,2.0,208,random,8,104,0.1489971346704871,0.05848549598549599,37,0.1778846153846154,0.3557692307692308,0.028887480714128277,67,0.7470223591763174,0.7466658511439953,0.7103057988958468,0.666695295271757,-0.0003565080323221226,-0.036716560280470656
resp,n1000,2,384,0.01,directional,698,2352,104,2.0,208,random,9,104,0.1489971346704871,0.05848549598549599,26,0.125,0.25,-0.023997134670487114,78,0.7470223591763174,0.7511001570423247,0.722112045646315,0.666695295271757,0.00407779786600726,-0.024910313530002393
resp,n1000,3,384,0.01,directional,700,2352,105,0.5,52,top,-1,105,0.15,0.04257703081232493,0,0.0,0.0,-0.15,105,0.7273588287784193,0.7408527497675708,0.7273588287784193,0.6565618425964391,0.013493920989151476,0.0
resp,n1000,3,384,0.01,directional,700,2352,105,0.5,52,bottom_oracle_diagnostic,-1,105,0.15,0.04257703081232493,44,0.8461538461538461,0.41904761904761906,0.6961538461538461,61,0.7273588287784193,0.7052760092318195,0.6837039231878989,0.6565618425964391,-0.02208281954659974,-0.04365490559052043
resp,n1000,3,384,0.01,directional,700,2352,105,0.5,52,two_tailed,-1,105,0.15,0.04257703081232493,24,0.46153846153846156,0.22857142857142856,0.31153846153846154,81,0.7273588287784193,0.7234925207352954,0.6990313973327851,0.6565618425964391,-0.003866308043123934,-0.02832743144563421
resp,n1000,3,384,0.01,directional,700,2352,105,0.5,52,random,0,105,0.15,0.04257703081232493,5,0.09615384615384616,0.047619047619047616,-0.053846153846153835,100,0.7273588287784193,0.7260953100073416,0.7218712646898079,0.6565618425964391,-0.0012635187710776652,-0.005487564088611396
resp,n1000,3,384,0.01,directional,700,2352,105,0.5,52,random,1,105,0.15,0.04257703081232493,7,0.1346153846153846,0.06666666666666667,-0.015384615384615385,98,0.7273588287784193,0.7261518469299558,0.7181200938729979,0.6565618425964391,-0.001206981848463462,-0.009238734905421375
resp,n1000,3,384,0.01,directional,700,2352,105,0.5,52,random,2,105,0.15,0.04257703081232493,8,0.15384615384615385,0.0761904761904762,0.0038461538461538602,97,0.7273588287784193,0.7249466535225998,0.7182267059679237,0.6565618425964391,-0.002412175255819493,-0.00913212281049558
resp,n1000,3,384,0.01,directional,700,2352,105,0.5,52,random,3,105,0.15,0.04257703081232493,10,0.19230769230769232,0.09523809523809523,0.042307692307692324,95,0.7273588287784193,0.7267904851667935,0.7182452608551996,0.6565618425964391,-0.0005683436116258322,-0.009113567923219712
resp,n1000,3,384,0.01,directional,700,2352,105,0.5,52,random,4,105,0.15,0.04257703081232493,8,0.15384615384615385,0.0761904761904762,0.0038461538461538602,97,0.7273588287784193,0.7262728801542893,0.7190621434183154,0.6565618425964391,-0.0010859486241300287,-0.008296685360103861
resp,n1000,3,384,0.01,directional,700,2352,105,0.5,52,random,5,105,0.15,0.04257703081232493,6,0.11538461538461539,0.05714285714285714,-0.0346153846153846,99,0.7273588287784193,0.7295400592465453,0.72278347699615,0.6565618425964391,0.0021812304681260164,-0.00457535178226931
resp,n1000,3,384,0.01,directional,700,2352,105,0.5,52,random,6,105,0.15,0.04257703081232493,9,0.17307692307692307,0.08571428571428572,0.023076923076923078,96,0.7273588287784193,0.7277271354160132,0.7188736115492302,0.6565618425964391,0.000368306637593907,-0.008485217229189046
resp,n1000,3,384,0.01,directional,700,2352,105,0.5,52,random,7,105,0.15,0.04257703081232493,5,0.09615384615384616,0.047619047619047616,-0.053846153846153835,100,0.7273588287784193,0.7282316378445165,0.7229696453317004,0.6565618425964391,0.0008728090660972132,-0.004389183446718903
resp,n1000,3,384,0.01,directional,700,2352,105,0.5,52,random,8,105,0.15,0.04257703081232493,7,0.1346153846153846,0.06666666666666667,-0.015384615384615385,98,0.7273588287784193,0.727314147611693,0.7201524097405717,0.6565618425964391,-4.46811667262903e-05,-0.007206419037847578
resp,n1000,3,384,0.01,directional,700,2352,105,0.5,52,random,9,105,0.15,0.04257703081232493,7,0.1346153846153846,0.06666666666666667,-0.015384615384615385,98,0.7273588287784193,0.7276864667212419,0.7200658935463417,0.6565618425964391,0.000327637942822645,-0.007292935232077635
resp,n1000,3,384,0.01,directional,700,2352,105,1.0,105,top,-1,105,0.15,0.04257703081232493,0,0.0,0.0,-0.15,105,0.7273588287784193,0.7544533742167706,0.7273588287784193,0.6565618425964391,0.027094545438351325,0.0
resp,n1000,3,384,0.01,directional,700,2352,105,1.0,105,bottom_oracle_diagnostic,-1,105,0.15,0.04257703081232493,77,0.7333333333333333,0.7333333333333333,0.5833333333333333,28,0.7273588287784193,0.6799577561759657,0.6644995103331747,0.6565618425964391,-0.04740107260245363,-0.06285931844524462
resp,n1000,3,384,0.01,directional,700,2352,105,1.0,105,two_tailed,-1,105,0.15,0.04257703081232493,45,0.42857142857142855,0.42857142857142855,0.2785714285714286,60,0.7273588287784193,0.7186041226843883,0.6828858330238746,0.6565618425964391,-0.00875470609403095,-0.044472995754544664
resp,n1000,3,384,0.01,directional,700,2352,105,1.0,105,random,0,105,0.15,0.04257703081232493,20,0.19047619047619047,0.19047619047619047,0.04047619047619047,85,0.7273588287784193,0.7263391789590168,0.7069439239157643,0.6565618425964391,-0.0010196498194025017,-0.02041490486265496
resp,n1000,3,384,0.01,directional,700,2352,105,1.0,105,random,1,105,0.15,0.04257703081232493,18,0.17142857142857143,0.17142857142857143,0.021428571428571436,87,0.7273588287784193,0.7262941091034653,0.7079650424446643,0.6565618425964391,-0.0010647196749540289,-0.019393786333754992
resp,n1000,3,384,0.01,directional,700,2352,105,1.0,105,random,2,105,0.15,0.04257703081232493,16,0.1523809523809524,0.1523809523809524,0.0023809523809524002,89,0.7273588287784193,0.7267022408250821,0.7099096395814743,0.6565618425964391,-0.0006565879533372287,-0.017449189196944936
resp,n1000,3,384,0.01,directional,700,2352,105,1.0,105,random,3,105,0.15,0.04257703081232493,16,0.1523809523809524,0.1523809523809524,0.0023809523809524002,89,0.7273588287784193,0.7260395096486554,0.7125210770633993,0.6565618425964391,-0.0013193191297639073,-0.014837751715019998
resp,n1000,3,384,0.01,directional,700,2352,105,1.0,105,random,4,105,0.15,0.04257703081232493,16,0.1523809523809524,0.1523809523809524,0.0023809523809524002,89,0.7273588287784193,0.7261299953055621,0.7114511969356986,0.6565618425964391,-0.0012288334728571826,-0.015907631842720704
resp,n1000,3,384,0.01,directional,700,2352,105,1.0,105,random,5,105,0.15,0.04257703081232493,20,0.19047619047619047,0.19047619047619047,0.04047619047619047,85,0.7273588287784193,0.7254523099027997,0.7069044450092072,0.6565618425964391,-0.001906518875619545,-0.020454383769212048
resp,n1000,3,384,0.01,directional,700,2352,105,1.0,105,random,6,105,0.15,0.04257703081232493,16,0.1523809523809524,0.1523809523809524,0.0023809523809524002,89,0.7273588287784193,0.7257962181144691,0.7133827031264199,0.6565618425964391,-0.001562610663950137,-0.01397612565199935
resp,n1000,3,384,0.01,directional,700,2352,105,1.0,105,random,7,105,0.15,0.04257703081232493,13,0.12380952380952381,0.12380952380952381,-0.02619047619047618,92,0.7273588287784193,0.728304831783215,0.7135137483326948,0.6565618425964391,0.000946003004795748,-0.013845080445724522
resp,n1000,3,384,0.01,directional,700,2352,105,1.0,105,random,8,105,0.15,0.04257703081232493,13,0.12380952380952381,0.12380952380952381,-0.02619047619047618,92,0.7273588287784193,0.7296275608570851,0.7146253790517793,0.6565618425964391,0.002268732078665847,-0.012733449726640034
resp,n1000,3,384,0.01,directional,700,2352,105,1.0,105,random,9,105,0.15,0.04257703081232493,19,0.18095238095238095,0.18095238095238095,0.030952380952380953,86,0.7273588287784193,0.7260719169384492,0.7091254328105959,0.6565618425964391,-0.0012869118399700952,-0.018233395967823363
resp,n1000,3,384,0.01,directional,700,2352,105,2.0,210,top,-1,105,0.15,0.04257703081232493,0,0.0,0.0,-0.15,105,0.7273588287784193,0.7861886366302189,0.7273588287784193,0.6565618425964391,0.05882980785179959,0.0
resp,n1000,3,384,0.01,directional,700,2352,105,2.0,210,bottom_oracle_diagnostic,-1,105,0.15,0.04257703081232493,101,0.48095238095238096,0.9619047619047619,0.330952380952381,4,0.7273588287784193,0.658429226333273,0.6578230412134303,0.6565618425964391,-0.06892960244514623,-0.06953578756498902
resp,n1000,3,384,0.01,directional,700,2352,105,2.0,210,two_tailed,-1,105,0.15,0.04257703081232493,77,0.36666666666666664,0.7333333333333333,0.21666666666666665,28,0.7273588287784193,0.7036276031983119,0.6644995103331747,0.6565618425964391,-0.02373122558010743,-0.06285931844524462
resp,n1000,3,384,0.01,directional,700,2352,105,2.0,210,random,0,105,0.15,0.04257703081232493,40,0.19047619047619047,0.38095238095238093,0.04047619047619047,65,0.7273588287784193,0.7256834268790927,0.692782139832585,0.6565618425964391,-0.0016754018993265785,-0.03457668894583432
resp,n1000,3,384,0.01,directional,700,2352,105,2.0,210,random,1,105,0.15,0.04257703081232493,35,0.16666666666666666,0.3333333333333333,0.016666666666666663,70,0.7273588287784193,0.7267140949474694,0.6941114960866633,0.6565618425964391,-0.0006447338309498729,-0.03324733269175595
resp,n1000,3,384,0.01,directional,700,2352,105,2.0,210,random,2,105,0.15,0.04257703081232493,32,0.1523809523809524,0.3047619047619048,0.0023809523809524002,73,0.7273588287784193,0.7320792811542286,0.6975927823275271,0.6565618425964391,0.004720452375809314,-0.029766046450892203
resp,n1000,3,384,0.01,directional,700,2352,105,2.0,210,random,3,105,0.15,0.04257703081232493,32,0.1523809523809524,0.3047619047619048,0.0023809523809524002,73,0.7273588287784193,0.723115577029127,0.6967469315105257,0.6565618425964391,-0.004243251749292298,-0.030611897267893595
resp,n1000,3,384,0.01,directional,700,2352,105,2.0,210,random,4,105,0.15,0.04257703081232493,28,0.13333333333333333,0.26666666666666666,-0.016666666666666663,77,0.7273588287784193,0.7280573269877207,0.7000193549100815,0.6565618425964391,0.0006984982093014569,-0.027339473868337794
resp,n1000,3,384,0.01,directional,700,2352,105,2.0,210,random,5,105,0.15,0.04257703081232493,35,0.16666666666666666,0.3333333333333333,0.016666666666666663,70,0.7273588287784193,0.7306217288823871,0.6933681765941961,0.6565618425964391,0.003262900103967792,-0.03399065218422315
resp,n1000,3,384,0.01,directional,700,2352,105,2.0,210,random,6,105,0.15,0.04257703081232493,31,0.14761904761904762,0.29523809523809524,-0.0023809523809523725,74,0.7273588287784193,0.7287391487859748,0.6974853177929392,0.6565618425964391,0.0013803200075555022,-0.02987351098548008
resp,n1000,3,384,0.01,directional,700,2352,105,2.0,210,random,7,105,0.15,0.04257703081232493,34,0.1619047619047619,0.3238095238095238,0.011904761904761918,71,0.7273588287784193,0.7256505240602017,0.6980444378835465,0.6565618425964391,-0.0017083047182175903,-0.029314390894872755
resp,n1000,3,384,0.01,directional,700,2352,105,2.0,210,random,8,105,0.15,0.04257703081232493,23,0.10952380952380952,0.21904761904761905,-0.04047619047619047,82,0.7273588287784193,0.733422494583134,0.7050824014486826,0.6565618425964391,0.006063665804714735,-0.02227642732973667
resp,n1000,3,384,0.01,directional,700,2352,105,2.0,210,random,9,105,0.15,0.04257703081232493,35,0.16666666666666666,0.3333333333333333,0.016666666666666663,70,0.7273588287784193,0.7294771767280356,0.6953452513197002,0.6565618425964391,0.002118347949616295,-0.032013577458719134
resp,n1000,4,384,0.01,directional,700,2352,105,0.5,52,top,-1,105,0.15,0.06773909563825531,0,0.0,0.0,-0.15,105,0.7448264289717368,0.7619663601693152,0.7448264289717368,0.6662459090112424,0.017139931197578395,0.0
resp,n1000,4,384,0.01,directional,700,2352,105,0.5,52,bottom_oracle_diagnostic,-1,105,0.15,0.06773909563825531,36,0.6923076923076923,0.34285714285714286,0.5423076923076923,69,0.7448264289717368,0.7212710812441279,0.6982766812094929,0.6662459090112424,-0.023555347727608922,-0.046549747762243854
resp,n1000,4,384,0.01,directional,700,2352,105,0.5,52,two_tailed,-1,105,0.15,0.06773909563825531,19,0.36538461538461536,0.18095238095238095,0.21538461538461537,86,0.7448264289717368,0.7429486541432961,0.7150540357976768,0.6662459090112424,-0.0018777748284406481,-0.029772393174059997
resp,n1000,4,384,0.01,directional,700,2352,105,0.5,52,random,0,105,0.15,0.06773909563825531,6,0.11538461538461539,0.05714285714285714,-0.0346153846153846,99,0.7448264289717368,0.7456728108636219,0.7366640606950428,0.6662459090112424,0.0008463818918851285,-0.008162368276694032
resp,n1000,4,384,0.01,directional,700,2352,105,0.5,52,random,1,105,0.15,0.06773909563825531,10,0.19230769230769232,0.09523809523809523,0.042307692307692324,95,0.7448264289717368,0.7425068953999443,0.7355571830442758,0.6662459090112424,-0.002319533571792487,-0.009269245927461034
resp,n1000,4,384,0.01,directional,700,2352,105,0.5,52,random,2,105,0.15,0.06773909563825531,13,0.25,0.12380952380952381,0.1,92,0.7448264289717368,0.7429909473544638,0.7299694247518692,0.6662459090112424,-0.0018354816172729826,-0.014857004219867576
resp,n1000,4,384,0.01,directional,700,2352,105,0.5,52,random,3,105,0.15,0.06773909563825531,15,0.28846153846153844,0.14285714285714285,0.13846153846153844,90,0.7448264289717368,0.7412183172084837,0.7265270808165335,0.6662459090112424,-0.0036081117632530413,-0.018299348155203288
resp,n1000,4,384,0.01,directional,700,2352,105,0.5,52,random,4,105,0.15,0.06773909563825531,6,0.11538461538461539,0.05714285714285714,-0.0346153846153846,99,0.7448264289717368,0.7442556984078523,0.7398645614634284,0.6662459090112424,-0.0005707305638844584,-0.004961867508308404
resp,n1000,4,384,0.01,directional,700,2352,105,0.5,52,random,5,105,0.15,0.06773909563825531,5,0.09615384615384616,0.047619047619047616,-0.053846153846153835,100,0.7448264289717368,0.745682045782953,0.7388156060497358,0.6662459090112424,0.0008556168112162643,-0.006010822922000947
resp,n1000,4,384,0.01,directional,700,2352,105,0.5,52,random,6,105,0.15,0.06773909563825531,7,0.1346153846153846,0.06666666666666667,-0.015384615384615385,98,0.7448264289717368,0.7440832485889273,0.7390908219626837,0.6662459090112424,-0.0007431803828095163,-0.0057356070090530675
resp,n1000,4,384,0.01,directional,700,2352,105,0.5,52,random,7,105,0.15,0.06773909563825531,7,0.1346153846153846,0.06666666666666667,-0.015384615384615385,98,0.7448264289717368,0.7457220728568599,0.7376148301917917,0.6662459090112424,0.0008956438851230875,-0.007211598779945039
resp,n1000,4,384,0.01,directional,700,2352,105,0.5,52,random,8,105,0.15,0.06773909563825531,8,0.15384615384615385,0.0761904761904762,0.0038461538461538602,97,0.7448264289717368,0.7452724426170387,0.735867060255615,0.6662459090112424,0.00044601364530194587,-0.008959368716121796
resp,n1000,4,384,0.01,directional,700,2352,105,0.5,52,random,9,105,0.15,0.06773909563825531,8,0.15384615384615385,0.0761904761904762,0.0038461538461538602,97,0.7448264289717368,0.743977426133162,0.737069015686636,0.6662459090112424,-0.0008490028385748083,-0.007757413285100823
resp,n1000,4,384,0.01,directional,700,2352,105,1.0,105,top,-1,105,0.15,0.06773909563825531,0,0.0,0.0,-0.15,105,0.7448264289717368,0.7818596749704864,0.7448264289717368,0.6662459090112424,0.037033245998749575,0.0
resp,n1000,4,384,0.01,directional,700,2352,105,1.0,105,bottom_oracle_diagnostic,-1,105,0.15,0.06773909563825531,67,0.638095238095238,0.638095238095238,0.488095238095238,38,0.7448264289717368,0.7014139604153674,0.6824834775003387,0.6662459090112424,-0.04341246855636938,-0.06234295147139812
resp,n1000,4,384,0.01,directional,700,2352,105,1.0,105,two_tailed,-1,105,0.15,0.06773909563825531,37,0.3523809523809524,0.3523809523809524,0.2023809523809524,68,0.7448264289717368,0.7392602515146142,0.6979784141944769,0.6662459090112424,-0.005566177457122623,-0.04684801477725986
resp,n1000,4,384,0.01,directional,700,2352,105,1.0,105,random,0,105,0.15,0.06773909563825531,19,0.18095238095238095,0.18095238095238095,0.030952380952380953,86,0.7448264289717368,0.7421972972340583,0.7239165674133982,0.6662459090112424,-0.002629131737678536,-0.020909861558338627
resp,n1000,4,384,0.01,directional,700,2352,105,1.0,105,random,1,105,0.15,0.06773909563825531,10,0.09523809523809523,0.09523809523809523,-0.05476190476190476,95,0.7448264289717368,0.7465408954641765,0.73382056907281,0.6662459090112424,0.0017144664924396702,-0.011005859898926773
resp,n1000,4,384,0.01,directional,700,2352,105,1.0,105,random,2,105,0.15,0.06773909563825531,21,0.2,0.2,0.05000000000000002,84,0.7448264289717368,0.7433082196403397,0.7207239869906632,0.6662459090112424,-0.0015182093313971246,-0.024102441981073586
resp,n1000,4,384,0.01,directional,700,2352,105,1.0,105,random,3,105,0.15,0.06773909563825531,14,0.13333333333333333,0.13333333333333333,-0.016666666666666663,91,0.7448264289717368,0.7472528376599887,0.7314364944092682,0.6662459090112424,0.0024264086882519464,-0.01338993456246862
resp,n1000,4,384,0.01,directional,700,2352,105,1.0,105,random,4,105,0.15,0.06773909563825531,16,0.1523809523809524,0.1523809523809524,0.0023809523809524002,89,0.7448264289717368,0.7461363409118089,0.7306443077367183,0.6662459090112424,0.0013099119400721282,-0.014182121235018497
resp,n1000,4,384,0.01,directional,700,2352,105,1.0,105,random,5,105,0.15,0.06773909563825531,17,0.1619047619047619,0.1619047619047619,0.011904761904761918,88,0.7448264289717368,0.7441415921169139,0.7253536531894138,0.6662459090112424,-0.0006848368548229011,-0.019472775782322982
resp,n1000,4,384,0.01,directional,700,2352,105,1.0,105,random,6,105,0.15,0.06773909563825531,18,0.17142857142857143,0.17142857142857143,0.021428571428571436,87,0.7448264289717368,0.7435154319996468,0.7255496825786194,0.6662459090112424,-0.0013109969720900283,-0.019276746393117383
resp,n1000,4,384,0.01,directional,700,2352,105,1.0,105,random,7,105,0.15,0.06773909563825531,12,0.11428571428571428,0.11428571428571428,-0.03571428571428571,93,0.7448264289717368,0.7479524081359636,0.7336835690585893,0.6662459090112424,0.0031259791642268553,-0.011142859913147452
resp,n1000,4,384,0.01,directional,700,2352,105,1.0,105,random,8,105,0.15,0.06773909563825531,13,0.12380952380952381,0.12380952380952381,-0.02619047619047618,92,0.7448264289717368,0.7454222743065285,0.7313979911112383,0.6662459090112424,0.0005958453347917336,-0.013428437860498521
resp,n1000,4,384,0.01,directional,700,2352,105,1.0,105,random,9,105,0.15,0.06773909563825531,15,0.14285714285714285,0.14285714285714285,-0.007142857142857145,90,0.7448264289717368,0.7477384567474842,0.7313763316374249,0.6662459090112424,0.0029120277757473945,-0.013450097334311906
resp,n1000,4,384,0.01,directional,700,2352,105,2.0,210,top,-1,105,0.15,0.06773909563825531,0,0.0,0.0,-0.15,105,0.7448264289717368,0.8185051849187609,0.7448264289717368,0.6662459090112424,0.07367875594702411,0.0
resp,n1000,4,384,0.01,directional,700,2352,105,2.0,210,bottom_oracle_diagnostic,-1,105,0.15,0.06773909563825531,99,0.4714285714285714,0.9428571428571428,0.3214285714285714,6,0.7448264289717368,0.6675950321511264,0.6690524503756093,0.6662459090112424,-0.07723139682061042,-0.07577397859612744
resp,n1000,4,384,0.01,directional,700,2352,105,2.0,210,two_tailed,-1,105,0.15,0.06773909563825531,67,0.319047619047619,0.638095238095238,0.16904761904761903,38,0.7448264289717368,0.7394262974110939,0.6824834775003387,0.6662459090112424,-0.005400131560642896,-0.06234295147139812
resp,n1000,4,384,0.01,directional,700,2352,105,2.0,210,random,0,105,0.15,0.06773909563825531,33,0.15714285714285714,0.3142857142857143,0.007142857142857145,72,0.7448264289717368,0.7467760737464522,0.7112042002039821,0.6662459090112424,0.0019496447747153756,-0.03362222876775467
resp,n1000,4,384,0.01,directional,700,2352,105,2.0,210,random,1,105,0.15,0.06773909563825531,29,0.1380952380952381,0.2761904761904762,-0.01190476190476189,76,0.7448264289717368,0.7523582756601961,0.7159930569929038,0.6662459090112424,0.007531846688459298,-0.028833371978832956
resp,n1000,4,384,0.01,directional,700,2352,105,2.0,210,random,2,105,0.15,0.06773909563825531,32,0.1523809523809524,0.3047619047619048,0.0023809523809524002,73,0.7448264289717368,0.7440991710217868,0.7116870186718315,0.6662459090112424,-0.0007272579499499887,-0.0331394102999053
resp,n1000,4,384,0.01,directional,700,2352,105,2.0,210,random,3,105,0.15,0.06773909563825531,32,0.1523809523809524,0.3047619047619048,0.0023809523809524002,73,0.7448264289717368,0.7420241255955691,0.7131237382988547,0.6662459090112424,-0.002802303376167714,-0.03170269067288212
resp,n1000,4,384,0.01,directional,700,2352,105,2.0,210,random,4,105,0.15,0.06773909563825531,35,0.16666666666666666,0.3333333333333333,0.016666666666666663,70,0.7448264289717368,0.7402433392213542,0.7098698044088594,0.6662459090112424,-0.004583089750382574,-0.0349566245628774
resp,n1000,4,384,0.01,directional,700,2352,105,2.0,210,random,5,105,0.15,0.06773909563825531,26,0.12380952380952381,0.24761904761904763,-0.02619047619047618,79,0.7448264289717368,0.7483173495028751,0.7172738811948535,0.6662459090112424,0.0034909205311383085,-0.027552547776883318
resp,n1000,4,384,0.01,directional,700,2352,105,2.0,210,random,6,105,0.15,0.06773909563825531,28,0.13333333333333333,0.26666666666666666,-0.016666666666666663,77,0.7448264289717368,0.744879206053914,0.719239926490204,0.6662459090112424,5.277708217721333e-05,-0.025586502481532825
resp,n1000,4,384,0.01,directional,700,2352,105,2.0,210,random,7,105,0.15,0.06773909563825531,36,0.17142857142857143,0.34285714285714286,0.021428571428571436,69,0.7448264289717368,0.7414635067492547,0.7117641824371073,0.6662459090112424,-0.0033629222224821342,-0.033062246534629525
resp,n1000,4,384,0.01,directional,700,2352,105,2.0,210,random,8,105,0.15,0.06773909563825531,30,0.14285714285714285,0.2857142857142857,-0.007142857142857145,75,0.7448264289717368,0.7444349746010185,0.7136448339289877,0.6662459090112424,-0.0003914543707183027,-0.03118159504274909
resp,n1000,4,384,0.01,directional,700,2352,105,2.0,210,random,9,105,0.15,0.06773909563825531,30,0.14285714285714285,0.2857142857142857,-0.007142857142857145,75,0.7448264289717368,0.74886322694273,0.7133180500172123,0.6662459090112424,0.004036797970993211,-0.03150837895452452
resp,n1000,0,384,0.001,margin_targeted,699,2352,104,0.5,52,top,-1,104,0.14878397711015737,0.621234647705236,0,0.0,0.0,-0.14878397711015737,104,0.6906027071562109,0.7223776605433513,0.6906027071562109,0.6694156965268407,0.031774953387140425,0.0
resp,n1000,0,384,0.001,margin_targeted,699,2352,104,0.5,52,bottom_oracle_diagnostic,-1,104,0.14878397711015737,0.621234647705236,0,0.0,0.0,-0.14878397711015737,104,0.6906027071562109,0.6906907208389765,0.6906027071562109,0.6694156965268407,8.801368276567523e-05,0.0
resp,n1000,0,384,0.001,margin_targeted,699,2352,104,0.5,52,two_tailed,-1,104,0.14878397711015737,0.621234647705236,0,0.0,0.0,-0.14878397711015737,104,0.6906027071562109,0.7123431254280493,0.6906027071562109,0.6694156965268407,0.02174041827183848,0.0
resp,n1000,0,384,0.001,margin_targeted,699,2352,104,0.5,52,random,0,104,0.14878397711015737,0.621234647705236,9,0.17307692307692307,0.08653846153846154,0.024292945966765706,95,0.6906027071562109,0.6881975978387179,0.6880296547483943,0.6694156965268407,-0.002405109317492937,-0.0025730524078165784
resp,n1000,0,384,0.001,margin_targeted,699,2352,104,0.5,52,random,1,104,0.14878397711015737,0.621234647705236,11,0.21153846153846154,0.10576923076923077,0.06275448442830417,93,0.6906027071562109,0.6969773829199427,0.6910832408884635,0.6694156965268407,0.006374675763731852,0.0004805337322526526
resp,n1000,0,384,0.001,margin_targeted,699,2352,104,0.5,52,random,2,104,0.14878397711015737,0.621234647705236,5,0.09615384615384616,0.04807692307692308,-0.05263013095631121,99,0.6906027071562109,0.6942254812860282,0.6908006493031851,0.6694156965268407,0.0036227741298173743,0.00019794214697421708
resp,n1000,0,384,0.001,margin_targeted,699,2352,104,0.5,52,random,3,104,0.14878397711015737,0.621234647705236,7,0.1346153846153846,0.0673076923076923,-0.014168592494772758,97,0.6906027071562109,0.693624847317061,0.6883344222863468,0.6694156965268407,0.0030221401608501175,-0.002268284869864079
resp,n1000,0,384,0.001,margin_targeted,699,2352,104,0.5,52,random,4,104,0.14878397711015737,0.621234647705236,5,0.09615384615384616,0.04807692307692308,-0.05263013095631121,99,0.6906027071562109,0.6909989456080097,0.68900088465052,0.6694156965268407,0.0003962384517988138,-0.001601822505690853
resp,n1000,0,384,0.001,margin_targeted,699,2352,104,0.5,52,random,5,104,0.14878397711015737,0.621234647705236,8,0.15384615384615385,0.07692307692307693,0.0050621767359964875,96,0.6906027071562109,0.6914635407960841,0.6887156685892273,0.6694156965268407,0.0008608336398732153,-0.0018870385669835787
resp,n1000,0,384,0.001,margin_targeted,699,2352,104,0.5,52,random,6,104,0.14878397711015737,0.621234647705236,9,0.17307692307692307,0.08653846153846154,0.024292945966765706,95,0.6906027071562109,0.6894852730924995,0.6859594474376097,0.6694156965268407,-0.0011174340637113422,-0.004643259718601134
resp,n1000,0,384,0.001,margin_targeted,699,2352,104,0.5,52,random,7,104,0.14878397711015737,0.621234647705236,8,0.15384615384615385,0.07692307692307693,0.0050621767359964875,96,0.6906027071562109,0.6966090573746669,0.6895810828203885,0.6694156965268407,0.00600635021845608,-0.0010216243358223132
resp,n1000,0,384,0.001,margin_targeted,699,2352,104,0.5,52,random,8,104,0.14878397711015737,0.621234647705236,8,0.15384615384615385,0.07692307692307693,0.0050621767359964875,96,0.6906027071562109,0.6967289599515742,0.691829181385945,0.6694156965268407,0.006126252795363385,0.001226474229734098
resp,n1000,0,384,0.001,margin_targeted,699,2352,104,0.5,52,random,9,104,0.14878397711015737,0.621234647705236,7,0.1346153846153846,0.0673076923076923,-0.014168592494772758,97,0.6906027071562109,0.6883741829381418,0.6870112745000501,0.6694156965268407,-0.0022285242180690723,-0.003591432656160798
resp,n1000,0,384,0.001,margin_targeted,699,2352,104,1.0,104,top,-1,104,0.14878397711015737,0.621234647705236,6,0.057692307692307696,0.057692307692307696,-0.09109166941784967,98,0.6906027071562109,0.7450398066231771,0.6913083460131683,0.6694156965268407,0.05443709946696629,0.0007056388569574024
resp,n1000,0,384,0.001,margin_targeted,699,2352,104,1.0,104,bottom_oracle_diagnostic,-1,104,0.14878397711015737,0.621234647705236,0,0.0,0.0,-0.14878397711015737,104,0.6906027071562109,0.6876231207393185,0.6906027071562109,0.6694156965268407,-0.0029795864168923325,0.0
resp,n1000,0,384,0.001,margin_targeted,699,2352,104,1.0,104,two_tailed,-1,104,0.14878397711015737,0.621234647705236,0,0.0,0.0,-0.14878397711015737,104,0.6906027071562109,0.724366142500986,0.6906027071562109,0.6694156965268407,0.033763435344775106,0.0
resp,n1000,0,384,0.001,margin_targeted,699,2352,104,1.0,104,random,0,104,0.14878397711015737,0.621234647705236,9,0.08653846153846154,0.08653846153846154,-0.06224551557169583,95,0.6906027071562109,0.6972051298419321,0.6889077964219245,0.6694156965268407,0.006602422685721199,-0.0016949107342864034
resp,n1000,0,384,0.001,margin_targeted,699,2352,104,1.0,104,random,1,104,0.14878397711015737,0.621234647705236,17,0.16346153846153846,0.16346153846153846,0.014677561351381097,87,0.6906027071562109,0.6913511106747376,0.6866731087171574,0.6694156965268407,0.0007484035185267857,-0.003929598439053494
resp,n1000,0,384,0.001,margin_targeted,699,2352,104,1.0,104,random,2,104,0.14878397711015737,0.621234647705236,18,0.17307692307692307,0.17307692307692307,0.024292945966765706,86,0.6906027071562109,0.6959515001842944,0.688787917535577,0.6694156965268407,0.005348793028083554,-0.001814789620633861
resp,n1000,0,384,0.001,margin_targeted,699,2352,104,1.0,104,random,3,104,0.14878397711015737,0.621234647705236,13,0.125,0.125,-0.023783977110157367,91,0.6906027071562109,0.6949905715228255,0.6916643623565554,0.6694156965268407,0.004387864366614647,0.0010616552003445134
resp,n1000,0,384,0.001,margin_targeted,699,2352,104,1.0,104,random,4,104,0.14878397711015737,0.621234647705236,15,0.14423076923076922,0.14423076923076922,-0.004553207879388149,89,0.6906027071562109,0.6975241623159832,0.6901563202219853,0.6694156965268407,0.006921455159772383,-0.0004463869342256066
resp,n1000,0,384,0.001,margin_targeted,699,2352,104,1.0,104,random,5,104,0.14878397711015737,0.621234647705236,17,0.16346153846153846,0.16346153846153846,0.014677561351381097,87,0.6906027071562109,0.6949604195658775,0.6863347957500766,0.6694156965268407,0.0043577124096666475,-0.0042679114061342505
resp,n1000,0,384,0.001,margin_targeted,699,2352,104,1.0,104,random,6,104,0.14878397711015737,0.621234647705236,15,0.14423076923076922,0.14423076923076922,-0.004553207879388149,89,0.6906027071562109,0.6947407189664235,0.68865071474522,0.6694156965268407,0.004138011810212672,-0.001951992410990866
resp,n1000,0,384,0.001,margin_targeted,699,2352,104,1.0,104,random,7,104,0.14878397711015737,0.621234647705236,16,0.15384615384615385,0.15384615384615385,0.0050621767359964875,88,0.6906027071562109,0.697619980940511,0.6884465988966354,0.6694156965268407,0.007017273784300171,-0.002156108259575462
resp,n1000,0,384,0.001,margin_targeted,699,2352,104,1.0,104,random,8,104,0.14878397711015737,0.621234647705236,19,0.18269230769230768,0.18269230769230768,0.033908330582150314,85,0.6906027071562109,0.6918910748716277,0.6833475275017875,0.6694156965268407,0.0012883677154168494,-0.007255179654423349
resp,n1000,0,384,0.001,margin_targeted,699,2352,104,1.0,104,random,9,104,0.14878397711015737,0.621234647705236,19,0.18269230769230768,0.18269230769230768,0.033908330582150314,85,0.6906027071562109,0.6936133891295492,0.6862973027976462,0.6694156965268407,0.003010681973338314,-0.004305404358564635
resp,n1000,0,384,0.001,margin_targeted,699,2352,104,2.0,208,top,-1,104,0.14878397711015737,0.621234647705236,39,0.1875,0.375,0.03871602288984263,65,0.6906027071562109,0.7573933767745011,0.6908587907874146,0.6694156965268407,0.06679066961829028,0.000256083631203774
resp,n1000,0,384,0.001,margin_targeted,699,2352,104,2.0,208,bottom_oracle_diagnostic,-1,104,0.14878397711015737,0.621234647705236,10,0.04807692307692308,0.09615384615384616,-0.1007070540332343,94,0.6906027071562109,0.6940960934221571,0.684099673429754,0.6694156965268407,0.0034933862659461967,-0.006503033726456886
resp,n1000,0,384,0.001,margin_targeted,699,2352,104,2.0,208,two_tailed,-1,104,0.14878397711015737,0.621234647705236,6,0.028846153846153848,0.057692307692307696,-0.11993782326400351,98,0.6906027071562109,0.7492625899402372,0.6913083460131683,0.6694156965268407,0.05865988278402634,0.0007056388569574024
resp,n1000,0,384,0.001,margin_targeted,699,2352,104,2.0,208,random,0,104,0.14878397711015737,0.621234647705236,36,0.17307692307692307,0.34615384615384615,0.024292945966765706,68,0.6906027071562109,0.7003425343398314,0.6844737337516198,0.6694156965268407,0.009739827183620542,-0.006128973404591065
resp,n1000,0,384,0.001,margin_targeted,699,2352,104,2.0,208,random,1,104,0.14878397711015737,0.621234647705236,24,0.11538461538461539,0.23076923076923078,-0.033399361725541976,80,0.6906027071562109,0.7020171863976131,0.6855646147749856,0.6694156965268407,0.011414479241402264,-0.005038092381225212
resp,n1000,0,384,0.001,margin_targeted,699,2352,104,2.0,208,random,2,104,0.14878397711015737,0.621234647705236,26,0.125,0.25,-0.023783977110157367,78,0.6906027071562109,0.6929686793972266,0.6842962150806455,0.6694156965268407,0.002365972241015757,-0.006306492075565329
resp,n1000,0,384,0.001,margin_targeted,699,2352,104,2.0,208,random,3,104,0.14878397711015737,0.621234647705236,38,0.18269230769230768,0.36538461538461536,0.033908330582150314,66,0.6906027071562109,0.7062420636255171,0.6897256031755468,0.6694156965268407,0.015639356469306254,-0.0008771039806640957
resp,n1000,0,384,0.001,margin_targeted,699,2352,104,2.0,208,random,4,104,0.14878397711015737,0.621234647705236,22,0.10576923076923077,0.21153846153846154,-0.0430147463409266,82,0.6906027071562109,0.7023149441383248,0.6872329560981829,0.6694156965268407,0.011712236982113988,-0.0033697510580279477
resp,n1000,0,384,0.001,margin_targeted,699,2352,104,2.0,208,random,5,104,0.14878397711015737,0.621234647705236,33,0.15865384615384615,0.3173076923076923,0.009869869043688778,71,0.6906027071562109,0.7023088276409927,0.6864698918742755,0.6694156965268407,0.011706120484781812,-0.00413281528193532
resp,n1000,0,384,0.001,margin_targeted,699,2352,104,2.0,208,random,6,104,0.14878397711015737,0.621234647705236,32,0.15384615384615385,0.3076923076923077,0.0050621767359964875,72,0.6906027071562109,0.7052347732516613,0.683973806076663,0.6694156965268407,0.014632066095450424,-0.006628901079547833
resp,n1000,0,384,0.001,margin_targeted,699,2352,104,2.0,208,random,7,104,0.14878397711015737,0.621234647705236,24,0.11538461538461539,0.23076923076923078,-0.033399361725541976,80,0.6906027071562109,0.6943489483630892,0.6850486548654169,0.6694156965268407,0.003746241206878387,-0.005554052290793976
resp,n1000,0,384,0.001,margin_targeted,699,2352,104,2.0,208,random,8,104,0.14878397711015737,0.621234647705236,27,0.12980769230769232,0.25961538461538464,-0.01897628480246505,77,0.6906027071562109,0.6934510053743991,0.6833364635506223,0.6694156965268407,0.0028482982181882166,-0.007266243605588585
resp,n1000,0,384,0.001,margin_targeted,699,2352,104,2.0,208,random,9,104,0.14878397711015737,0.621234647705236,32,0.15384615384615385,0.3076923076923077,0.0050621767359964875,72,0.6906027071562109,0.7045993501029921,0.679318048381662,0.6694156965268407,0.013996642946781268,-0.011284658774548872
resp,n1000,1,384,0.01,margin_targeted,699,2352,104,0.5,52,top,-1,104,0.14878397711015737,0.5984324499030381,0,0.0,0.0,-0.14878397711015737,104,0.6620600878644115,0.653803143775673,0.6620600878644115,0.662548936299345,-0.00825694408873856,0.0
resp,n1000,1,384,0.01,margin_targeted,699,2352,104,0.5,52,bottom_oracle_diagnostic,-1,104,0.14878397711015737,0.5984324499030381,0,0.0,0.0,-0.14878397711015737,104,0.6620600878644115,0.6701070412862359,0.6620600878644115,0.662548936299345,0.008046953421824377,0.0
resp,n1000,1,384,0.01,margin_targeted,699,2352,104,0.5,52,two_tailed,-1,104,0.14878397711015737,0.5984324499030381,0,0.0,0.0,-0.14878397711015737,104,0.6620600878644115,0.6592676999442992,0.6620600878644115,0.662548936299345,-0.0027923879201122714,0.0
resp,n1000,1,384,0.01,margin_targeted,699,2352,104,0.5,52,random,0,104,0.14878397711015737,0.5984324499030381,9,0.17307692307692307,0.08653846153846154,0.024292945966765706,95,0.6620600878644115,0.6632380923122018,0.6621414857383013,0.662548936299345,0.0011780044477902596,8.139787388983244e-05
resp,n1000,1,384,0.01,margin_targeted,699,2352,104,0.5,52,random,1,104,0.14878397711015737,0.5984324499030381,4,0.07692307692307693,0.038461538461538464,-0.07186090018708044,100,0.6620600878644115,0.662043123851342,0.6623194296712533,0.662548936299345,-1.696401306949813e-05,0.0002593418068418396
resp,n1000,1,384,0.01,margin_targeted,699,2352,104,0.5,52,random,2,104,0.14878397711015737,0.5984324499030381,14,0.2692307692307692,0.1346153846153846,0.12044679212061185,90,0.6620600878644115,0.6619910635937118,0.6622988452310521,0.662548936299345,-6.9024270699658e-05,0.0002387573666405851
resp,n1000,1,384,0.01,margin_targeted,699,2352,104,0.5,52,random,3,104,0.14878397711015737,0.5984324499030381,8,0.15384615384615385,0.07692307692307693,0.0050621767359964875,96,0.6620600878644115,0.6627959006905142,0.6619907671892756,0.662548936299345,0.0007358128261026886,-6.932067513587548e-05
resp,n1000,1,384,0.01,margin_targeted,699,2352,104,0.5,52,random,4,104,0.14878397711015737,0.5984324499030381,11,0.21153846153846154,0.10576923076923077,0.06275448442830417,93,0.6620600878644115,0.6632427255510486,0.6619978234230127,0.662548936299345,0.001182637686637067,-6.226444139878495e-05
resp,n1000,1,384,0.01,margin_targeted,699,2352,104,0.5,52,random,5,104,0.14878397711015737,0.5984324499030381,4,0.07692307692307693,0.038461538461538464,-0.07186090018708044,100,0.6620600878644115,0.6616885605425081,0.6623160497924206,0.662548936299345,-0.00037152732190337545,0.00025596192800914075
resp,n1000,1,384,0.01,margin_targeted,699,2352,104,0.5,52,random,6,104,0.14878397711015737,0.5984324499030381,3,0.057692307692307696,0.028846153846153848,-0.09109166941784967,101,0.6620600878644115,0.6631054889412318,0.6622331306645065,0.662548936299345,0.0010454010768202737,0.0001730428000950024
resp,n1000,1,384,0.01,margin_targeted,699,2352,104,0.5,52,random,7,104,0.14878397711015737,0.5984324499030381,8,0.15384615384615385,0.07692307692307693,0.0050621767359964875,96,0.6620600878644115,0.6636307062557313,0.6625904907531086,0.662548936299345,0.001570618391319778,0.0005304028886971013
resp,n1000,1,384,0.01,margin_targeted,699,2352,104,0.5,52,random,8,104,0.14878397711015737,0.5984324499030381,13,0.25,0.125,0.10121602288984263,91,0.6620600878644115,0.6633758688939916,0.6622796052754897,0.662548936299345,0.0013157810295800765,0.0002195174110781739
resp,n1000,1,384,0.01,margin_targeted,699,2352,104,0.5,52,random,9,104,0.14878397711015737,0.5984324499030381,6,0.11538461538461539,0.057692307692307696,-0.033399361725541976,98,0.6620600878644115,0.6612636702206452,0.6619500971662198,0.662548936299345,-0.0007964176437662562,-0.00010999069819173091
resp,n1000,1,384,0.01,margin_targeted,699,2352,104,1.0,104,top,-1,104,0.14878397711015737,0.5984324499030381,0,0.0,0.0,-0.14878397711015737,104,0.6620600878644115,0.6512190377249272,0.6620600878644115,0.662548936299345,-0.010841050139484332,0.0
resp,n1000,1,384,0.01,margin_targeted,699,2352,104,1.0,104,bottom_oracle_diagnostic,-1,104,0.14878397711015737,0.5984324499030381,0,0.0,0.0,-0.14878397711015737,104,0.6620600878644115,0.682086320580493,0.6620600878644115,0.662548936299345,0.020026232716081505,0.0
resp,n1000,1,384,0.01,margin_targeted,699,2352,104,1.0,104,two_tailed,-1,104,0.14878397711015737,0.5984324499030381,0,0.0,0.0,-0.14878397711015737,104,0.6620600878644115,0.6568240653832482,0.6620600878644115,0.662548936299345,-0.005236022481163283,0.0
resp,n1000,1,384,0.01,margin_targeted,699,2352,104,1.0,104,random,0,104,0.14878397711015737,0.5984324499030381,16,0.15384615384615385,0.15384615384615385,0.0050621767359964875,88,0.6620600878644115,0.663548012698206,0.6617831324818516,0.662548936299345,0.0014879248337944517,-0.0002769553825598958
resp,n1000,1,384,0.01,margin_targeted,699,2352,104,1.0,104,random,1,104,0.14878397711015737,0.5984324499030381,20,0.19230769230769232,0.19230769230769232,0.04352371519753495,84,0.6620600878644115,0.6658161439490643,0.6622882846058911,0.662548936299345,0.0037560560846527924,0.00022819674147955826
resp,n1000,1,384,0.01,margin_targeted,699,2352,104,1.0,104,random,2,104,0.14878397711015737,0.5984324499030381,8,0.07692307692307693,0.07692307692307693,-0.07186090018708044,96,0.6620600878644115,0.6629120753519135,0.6626200725738566,0.662548936299345,0.0008519874875020372,0.0005599847094450716
resp,n1000,1,384,0.01,margin_targeted,699,2352,104,1.0,104,random,3,104,0.14878397711015737,0.5984324499030381,14,0.1346153846153846,0.1346153846153846,-0.014168592494772758,90,0.6620600878644115,0.6611513475451015,0.6621271380744346,0.662548936299345,-0.0009087403193099863,6.705021002306744e-05
resp,n1000,1,384,0.01,margin_targeted,699,2352,104,1.0,104,random,4,104,0.14878397711015737,0.5984324499030381,13,0.125,0.125,-0.023783977110157367,91,0.6620600878644115,0.6651588514312328,0.6630215465836461,0.662548936299345,0.003098763566821261,0.0009614587192345869
resp,n1000,1,384,0.01,margin_targeted,699,2352,104,1.0,104,random,5,104,0.14878397711015737,0.5984324499030381,8,0.07692307692307693,0.07692307692307693,-0.07186090018708044,96,0.6620600878644115,0.6639068623771829,0.6620657861060535,0.662548936299345,0.0018467745127713764,5.6982416419826265e-06
resp,n1000,1,384,0.01,margin_targeted,699,2352,104,1.0,104,random,6,104,0.14878397711015737,0.5984324499030381,20,0.19230769230769232,0.19230769230769232,0.04352371519753495,84,0.6620600878644115,0.6613590042210011,0.6614489592470493,0.662548936299345,-0.0007010836434103718,-0.0006111286173622332
resp,n1000,1,384,0.01,margin_targeted,699,2352,104,1.0,104,random,7,104,0.14878397711015737,0.5984324499030381,19,0.18269230769230768,0.18269230769230768,0.033908330582150314,85,0.6620600878644115,0.6625252501485511,0.6612595513958645,0.662548936299345,0.0004651622841396197,-0.0008005364685470528
resp,n1000,1,384,0.01,margin_targeted,699,2352,104,1.0,104,random,8,104,0.14878397711015737,0.5984324499030381,13,0.125,0.125,-0.023783977110157367,91,0.6620600878644115,0.6650350514413859,0.6626251236401096,0.662548936299345,0.0029749635769743543,0.0005650357756981084
resp,n1000,1,384,0.01,margin_targeted,699,2352,104,1.0,104,random,9,104,0.14878397711015737,0.5984324499030381,11,0.10576923076923077,0.10576923076923077,-0.0430147463409266,93,0.6620600878644115,0.6635303100802282,0.6620155744617451,0.662548936299345,0.0014702222158167189,-4.451340266642401e-05
resp,n1000,1,384,0.01,margin_targeted,699,2352,104,2.0,208,top,-1,104,0.14878397711015737,0.5984324499030381,24,0.11538461538461539,0.23076923076923078,-0.033399361725541976,80,0.6620600878644115,0.6506834833544176,0.6619981797724732,0.662548936299345,-0.011376604509993893,-6.190809193828972e-05
resp,n1000,1,384,0.01,margin_targeted,699,2352,104,2.0,208,bottom_oracle_diagnostic,-1,104,0.14878397711015737,0.5984324499030381,3,0.014423076923076924,0.028846153846153848,-0.13436090018708044,101,0.6620600878644115,0.7132207799087891,0.6618903456727722,0.662548936299345,0.051160692044377565,-0.0001697421916393438
resp,n1000,1,384,0.01,margin_targeted,699,2352,104,2.0,208,two_tailed,-1,104,0.14878397711015737,0.5984324499030381,0,0.0,0.0,-0.14878397711015737,104,0.6620600878644115,0.6554040939898955,0.6620600878644115,0.662548936299345,-0.006655993874515986,0.0
resp,n1000,1,384,0.01,margin_targeted,699,2352,104,2.0,208,random,0,104,0.14878397711015737,0.5984324499030381,25,0.1201923076923077,0.2403846153846154,-0.02859166941784967,79,0.6620600878644115,0.6632568940855713,0.6624448639470104,0.662548936299345,0.0011968062211598074,0.0003847760825989033
resp,n1000,1,384,0.01,margin_targeted,699,2352,104,2.0,208,random,1,104,0.14878397711015737,0.5984324499030381,33,0.15865384615384615,0.3173076923076923,0.009869869043688778,71,0.6620600878644115,0.664550018013903,0.6616287062868893,0.662548936299345,0.002489930149491504,-0.0004313815775222052
resp,n1000,1,384,0.01,margin_targeted,699,2352,104,2.0,208,random,2,104,0.14878397711015737,0.5984324499030381,22,0.10576923076923077,0.21153846153846154,-0.0430147463409266,82,0.6620600878644115,0.6613548770810392,0.662247510484678,0.662548936299345,-0.0007052107833722676,0.00018742262026649747
resp,n1000,1,384,0.01,margin_targeted,699,2352,104,2.0,208,random,3,104,0.14878397711015737,0.5984324499030381,28,0.1346153846153846,0.2692307692307692,-0.014168592494772758,76,0.6620600878644115,0.6652188846711848,0.6634489922552457,0.662548936299345,0.003158796806773334,0.001388904390834167
resp,n1000,1,384,0.01,margin_targeted,699,2352,104,2.0,208,random,4,104,0.14878397711015737,0.5984324499030381,33,0.15865384615384615,0.3173076923076923,0.009869869043688778,71,0.6620600878644115,0.6634674668213179,0.6627060878270871,0.662548936299345,0.0014073789569063466,0.0006459999626755586
resp,n1000,1,384,0.01,margin_targeted,699,2352,104,2.0,208,random,5,104,0.14878397711015737,0.5984324499030381,34,0.16346153846153846,0.3269230769230769,0.014677561351381097,70,0.6620600878644115,0.6592779936268125,0.6615436697045206,0.662548936299345,-0.0027820942375990088,-0.0005164181598908968
resp,n1000,1,384,0.01,margin_targeted,699,2352,104,2.0,208,random,6,104,0.14878397711015737,0.5984324499030381,29,0.13942307692307693,0.27884615384615385,-0.00936090018708044,75,0.6620600878644115,0.6608231236200317,0.6610210654118183,0.662548936299345,-0.0012369642443798012,-0.0010390224525932412
resp,n1000,1,384,0.01,margin_targeted,699,2352,104,2.0,208,random,7,104,0.14878397711015737,0.5984324499030381,25,0.1201923076923077,0.2403846153846154,-0.02859166941784967,79,0.6620600878644115,0.6655535493537449,0.661890160134786,0.662548936299345,0.0034934614893333826,-0.0001699277296255408
resp,n1000,1,384,0.01,margin_targeted,699,2352,104,2.0,208,random,8,104,0.14878397711015737,0.5984324499030381,32,0.15384615384615385,0.3076923076923077,0.0050621767359964875,72,0.6620600878644115,0.6638109452509392,0.6623292473670798,0.662548936299345,0.0017508573865276933,0.00026915950266825917
resp,n1000,1,384,0.01,margin_targeted,699,2352,104,2.0,208,random,9,104,0.14878397711015737,0.5984324499030381,35,0.16826923076923078,0.33653846153846156,0.019485253659073415,69,0.6620600878644115,0.6599450525246626,0.6619414451238108,0.662548936299345,-0.002115035339748883,-0.00011864274060069402
resp,n1000,2,384,0.01,margin_targeted,698,2352,104,0.5,52,top,-1,104,0.1489971346704871,0.555474617974618,0,0.0,0.0,-0.1489971346704871,104,0.6599330416151941,0.6508345304525418,0.6599330416151941,0.666695295271757,-0.009098511162652256,0.0
resp,n1000,2,384,0.01,margin_targeted,698,2352,104,0.5,52,bottom_oracle_diagnostic,-1,104,0.1489971346704871,0.555474617974618,0,0.0,0.0,-0.1489971346704871,104,0.6599330416151941,0.6688633793502794,0.6599330416151941,0.666695295271757,0.008930337735085336,0.0
resp,n1000,2,384,0.01,margin_targeted,698,2352,104,0.5,52,two_tailed,-1,104,0.1489971346704871,0.555474617974618,0,0.0,0.0,-0.1489971346704871,104,0.6599330416151941,0.6567957644111696,0.6599330416151941,0.666695295271757,-0.003137277204024458,0.0
resp,n1000,2,384,0.01,margin_targeted,698,2352,104,0.5,52,random,0,104,0.1489971346704871,0.555474617974618,9,0.17307692307692307,0.08653846153846154,0.02407978840643596,95,0.6599330416151941,0.6603082287813146,0.6600566244687881,0.666695295271757,0.0003751871661205053,0.00012358285359403975
resp,n1000,2,384,0.01,margin_targeted,698,2352,104,0.5,52,random,1,104,0.1489971346704871,0.555474617974618,6,0.11538461538461539,0.057692307692307696,-0.03361251928587172,98,0.6599330416151941,0.6602495324711738,0.6609655646093073,0.666695295271757,0.00031649085597973414,0.0010325229941132719
resp,n1000,2,384,0.01,margin_targeted,698,2352,104,0.5,52,random,2,104,0.1489971346704871,0.555474617974618,7,0.1346153846153846,0.0673076923076923,-0.014381750055102505,97,0.6599330416151941,0.6594665776212886,0.6604167858380458,0.666695295271757,-0.000466463993905486,0.0004837442228516897
resp,n1000,2,384,0.01,margin_targeted,698,2352,104,0.5,52,random,3,104,0.1489971346704871,0.555474617974618,13,0.25,0.125,0.10100286532951289,91,0.6599330416151941,0.6604438117393925,0.6603170933895561,0.666695295271757,0.000510770124198423,0.00038405177436207083
resp,n1000,2,384,0.01,margin_targeted,698,2352,104,0.5,52,random,4,104,0.1489971346704871,0.555474617974618,7,0.1346153846153846,0.0673076923076923,-0.014381750055102505,97,0.6599330416151941,0.6603939744686215,0.6603414847123716,0.666695295271757,0.0004609328534274093,0.00040844309717757987
resp,n1000,2,384,0.01,margin_targeted,698,2352,104,0.5,52,random,5,104,0.1489971346704871,0.555474617974618,8,0.15384615384615385,0.07692307692307693,0.004849019175666741,96,0.6599330416151941,0.6605340953002017,0.6609781942551363,0.666695295271757,0.0006010536850076242,0.001045152639942204
resp,n1000,2,384,0.01,margin_targeted,698,2352,104,0.5,52,random,6,104,0.1489971346704871,0.555474617974618,7,0.1346153846153846,0.0673076923076923,-0.014381750055102505,97,0.6599330416151941,0.6593112743748819,0.6600289228645506,0.666695295271757,-0.0006217672403121544,9.588124935655529e-05
resp,n1000,2,384,0.01,margin_targeted,698,2352,104,0.5,52,random,7,104,0.1489971346704871,0.555474617974618,7,0.1346153846153846,0.0673076923076923,-0.014381750055102505,97,0.6599330416151941,0.6595384815247456,0.6608771152275531,0.666695295271757,-0.0003945600904484703,0.0009440736123590421
resp,n1000,2,384,0.01,margin_targeted,698,2352,104,0.5,52,random,8,104,0.1489971346704871,0.555474617974618,9,0.17307692307692307,0.08653846153846154,0.02407978840643596,95,0.6599330416151941,0.6603526377221796,0.6609859264717216,0.666695295271757,0.0004195961069854981,0.0010528848565275473
resp,n1000,2,384,0.01,margin_targeted,698,2352,104,0.5,52,random,9,104,0.1489971346704871,0.555474617974618,6,0.11538461538461539,0.057692307692307696,-0.03361251928587172,98,0.6599330416151941,0.6619274527806691,0.6607342305364563,0.666695295271757,0.001994411165475052,0.0008011889212622414
resp,n1000,2,384,0.01,margin_targeted,698,2352,104,1.0,104,top,-1,104,0.1489971346704871,0.555474617974618,0,0.0,0.0,-0.1489971346704871,104,0.6599330416151941,0.6486837319380405,0.6599330416151941,0.666695295271757,-0.01124930967715354,0.0
resp,n1000,2,384,0.01,margin_targeted,698,2352,104,1.0,104,bottom_oracle_diagnostic,-1,104,0.1489971346704871,0.555474617974618,0,0.0,0.0,-0.1489971346704871,104,0.6599330416151941,0.6821928104822881,0.6599330416151941,0.666695295271757,0.02225976886709402,0.0
resp,n1000,2,384,0.01,margin_targeted,698,2352,104,1.0,104,two_tailed,-1,104,0.1489971346704871,0.555474617974618,0,0.0,0.0,-0.1489971346704871,104,0.6599330416151941,0.654386396723406,0.6599330416151941,0.666695295271757,-0.005546644891788022,0.0
resp,n1000,2,384,0.01,margin_targeted,698,2352,104,1.0,104,random,0,104,0.1489971346704871,0.555474617974618,17,0.16346153846153846,0.16346153846153846,0.01446440379105135,87,0.6599330416151941,0.6623485199160191,0.6609133548170245,0.666695295271757,0.0024154783008250025,0.0009803132018304517
resp,n1000,2,384,0.01,margin_targeted,698,2352,104,1.0,104,random,1,104,0.1489971346704871,0.555474617974618,16,0.15384615384615385,0.15384615384615385,0.004849019175666741,88,0.6599330416151941,0.6589960517600083,0.6619000092413595,0.666695295271757,-0.0009369898551857547,0.001966967626165439
resp,n1000,2,384,0.01,margin_targeted,698,2352,104,1.0,104,random,2,104,0.1489971346704871,0.555474617974618,19,0.18269230769230768,0.18269230769230768,0.03369517302182057,85,0.6599330416151941,0.6596908422630744,0.6622681827150297,0.666695295271757,-0.00024219935211966526,0.0023351410998356803
resp,n1000,2,384,0.01,margin_targeted,698,2352,104,1.0,104,random,3,104,0.1489971346704871,0.555474617974618,12,0.11538461538461539,0.11538461538461539,-0.03361251928587172,92,0.6599330416151941,0.6621250737911606,0.6602858829580511,0.666695295271757,0.0021920321759665296,0.0003528413428570687
resp,n1000,2,384,0.01,margin_targeted,698,2352,104,1.0,104,random,4,104,0.1489971346704871,0.555474617974618,14,0.1346153846153846,0.1346153846153846,-0.014381750055102505,90,0.6599330416151941,0.659806162390731,0.6609789139439769,0.666695295271757,-0.00012687922446308342,0.0010458723287828375
resp,n1000,2,384,0.01,margin_targeted,698,2352,104,1.0,104,random,5,104,0.1489971346704871,0.555474617974618,11,0.10576923076923077,0.10576923076923077,-0.043227903901256345,93,0.6599330416151941,0.661101967276586,0.6609700241767552,0.666695295271757,0.0011689256613919285,0.0010369825615611505
resp,n1000,2,384,0.01,margin_targeted,698,2352,104,1.0,104,random,6,104,0.1489971346704871,0.555474617974618,16,0.15384615384615385,0.15384615384615385,0.004849019175666741,88,0.6599330416151941,0.658761188817618,0.6611771970280304,0.666695295271757,-0.001171852797576034,0.0012441554128362897
resp,n1000,2,384,0.01,margin_targeted,698,2352,104,1.0,104,random,7,104,0.1489971346704871,0.555474617974618,17,0.16346153846153846,0.16346153846153846,0.01446440379105135,87,0.6599330416151941,0.6606762912722438,0.661311844663018,0.666695295271757,0.0007432496570497493,0.0013788030478238955
resp,n1000,2,384,0.01,margin_targeted,698,2352,104,1.0,104,random,8,104,0.1489971346704871,0.555474617974618,20,0.19230769230769232,0.19230769230769232,0.043310557637205205,84,0.6599330416151941,0.6608189985445776,0.6597064689626007,0.666695295271757,0.0008859569293835357,-0.0002265726525934042
resp,n1000,2,384,0.01,margin_targeted,698,2352,104,1.0,104,random,9,104,0.1489971346704871,0.555474617974618,18,0.17307692307692307,0.17307692307692307,0.02407978840643596,86,0.6599330416151941,0.660086486275946,0.6602181528193685,0.666695295271757,0.00015344466075195573,0.00028511120417440416
resp,n1000,2,384,0.01,margin_targeted,698,2352,104,2.0,208,top,-1,104,0.1489971346704871,0.555474617974618,18,0.08653846153846154,0.17307692307692307,-0.06245867313202558,86,0.6599330416151941,0.6482919108631665,0.6599268423614386,0.666695295271757,-0.011641130752027551,-6.199253755445611e-06
resp,n1000,2,384,0.01,margin_targeted,698,2352,104,2.0,208,bottom_oracle_diagnostic,-1,104,0.1489971346704871,0.555474617974618,4,0.019230769230769232,0.038461538461538464,-0.12976636543971787,100,0.6599330416151941,0.719265608532534,0.6616704001173513,0.666695295271757,0.0593325669173399,0.0017373585021572824
resp,n1000,2,384,0.01,margin_targeted,698,2352,104,2.0,208,two_tailed,-1,104,0.1489971346704871,0.555474617974618,0,0.0,0.0,-0.1489971346704871,104,0.6599330416151941,0.6533767914304058,0.6599330416151941,0.666695295271757,-0.006556250184788226,0.0
resp,n1000,2,384,0.01,margin_targeted,698,2352,104,2.0,208,random,0,104,0.1489971346704871,0.555474617974618,27,0.12980769230769232,0.25961538461538464,-0.019189442362794795,77,0.6599330416151941,0.6627330058353677,0.6630495411836355,0.666695295271757,0.0027999642201735897,0.0031164995684414
resp,n1000,2,384,0.01,margin_targeted,698,2352,104,2.0,208,random,1,104,0.1489971346704871,0.555474617974618,32,0.15384615384615385,0.3076923076923077,0.004849019175666741,72,0.6599330416151941,0.6622764603397462,0.6619976237532679,0.666695295271757,0.0023434187245521265,0.0020645821380738116
resp,n1000,2,384,0.01,margin_targeted,698,2352,104,2.0,208,random,2,104,0.1489971346704871,0.555474617974618,34,0.16346153846153846,0.3269230769230769,0.01446440379105135,70,0.6599330416151941,0.6611042891045961,0.6619099958308388,0.666695295271757,0.0011712474894020053,0.0019769542156446995
resp,n1000,2,384,0.01,margin_targeted,698,2352,104,2.0,208,random,3,104,0.1489971346704871,0.555474617974618,35,0.16826923076923078,0.33653846153846156,0.01927209609874367,69,0.6599330416151941,0.662373108610216,0.6611178134337067,0.666695295271757,0.0024400669950219722,0.00118477181851262
resp,n1000,2,384,0.01,margin_targeted,698,2352,104,2.0,208,random,4,104,0.1489971346704871,0.555474617974618,24,0.11538461538461539,0.23076923076923078,-0.03361251928587172,80,0.6599330416151941,0.6585644454759758,0.6608897911470505,0.666695295271757,-0.0013685961392182477,0.0009567495318564267
resp,n1000,2,384,0.01,margin_targeted,698,2352,104,2.0,208,random,5,104,0.1489971346704871,0.555474617974618,30,0.14423076923076922,0.28846153846153844,-0.004766365439717896,74,0.6599330416151941,0.6600199237997152,0.6619669301136183,0.666695295271757,8.688218452113095e-05,0.00203388849842423
resp,n1000,2,384,0.01,margin_targeted,698,2352,104,2.0,208,random,6,104,0.1489971346704871,0.555474617974618,30,0.14423076923076922,0.28846153846153844,-0.004766365439717896,74,0.6599330416151941,0.6600232850677339,0.6626661402677143,0.666695295271757,9.02434525398288e-05,0.0027330986525202494
resp,n1000,2,384,0.01,margin_targeted,698,2352,104,2.0,208,random,7,104,0.1489971346704871,0.555474617974618,29,0.13942307692307693,0.27884615384615385,-0.009574057747410186,75,0.6599330416151941,0.6607115605132571,0.6622403554235058,0.666695295271757,0.0007785188980630187,0.0023073138083117284
resp,n1000,2,384,0.01,margin_targeted,698,2352,104,2.0,208,random,8,104,0.1489971346704871,0.555474617974618,29,0.13942307692307693,0.27884615384615385,-0.009574057747410186,75,0.6599330416151941,0.6608786784559023,0.6603251220996289,0.666695295271757,0.0009456368407082527,0.00039208048443484245
resp,n1000,2,384,0.01,margin_targeted,698,2352,104,2.0,208,random,9,104,0.1489971346704871,0.555474617974618,35,0.16826923076923078,0.33653846153846156,0.01927209609874367,69,0.6599330416151941,0.6600912573447499,0.6622037557792565,0.666695295271757,0.00015821572955587726,0.0022707141640624373
resp,n1000,3,384,0.01,margin_targeted,700,2352,105,0.5,52,top,-1,105,0.15,0.6318847539015606,0,0.0,0.0,-0.15,105,0.6575838955488741,0.6524764860915354,0.6575838955488741,0.6565618425964391,-0.005107409457338674,0.0
resp,n1000,3,384,0.01,margin_targeted,700,2352,105,0.5,52,bottom_oracle_diagnostic,-1,105,0.15,0.6318847539015606,0,0.0,0.0,-0.15,105,0.6575838955488741,0.6636099149443927,0.6575838955488741,0.6565618425964391,0.006026019395518611,0.0
resp,n1000,3,384,0.01,margin_targeted,700,2352,105,0.5,52,two_tailed,-1,105,0.15,0.6318847539015606,0,0.0,0.0,-0.15,105,0.6575838955488741,0.6560179098887886,0.6575838955488741,0.6565618425964391,-0.0015659856600854782,0.0
resp,n1000,3,384,0.01,margin_targeted,700,2352,105,0.5,52,random,0,105,0.15,0.6318847539015606,13,0.25,0.12380952380952381,0.1,92,0.6575838955488741,0.6567514241561827,0.6575650795129332,0.6565618425964391,-0.0008324713926913807,-1.8816035940893983e-05
resp,n1000,3,384,0.01,margin_targeted,700,2352,105,0.5,52,random,1,105,0.15,0.6318847539015606,6,0.11538461538461539,0.05714285714285714,-0.0346153846153846,99,0.6575838955488741,0.657204311201144,0.6575533628206501,0.6565618425964391,-0.00037958434773011085,-3.053272822395314e-05
resp,n1000,3,384,0.01,margin_targeted,700,2352,105,0.5,52,random,2,105,0.15,0.6318847539015606,7,0.1346153846153846,0.06666666666666667,-0.015384615384615385,98,0.6575838955488741,0.6575079057425502,0.6578203580689862,0.6565618425964391,-7.598980632383956e-05,0.00023646252011211288
resp,n1000,3,384,0.01,margin_targeted,700,2352,105,0.5,52,random,3,105,0.15,0.6318847539015606,4,0.07692307692307693,0.0380952380952381,-0.07307692307692307,101,0.6575838955488741,0.6579007255840861,0.6576431917536278,0.6565618425964391,0.00031683003521199016,5.9296204753755966e-05
resp,n1000,3,384,0.01,margin_targeted,700,2352,105,0.5,52,random,4,105,0.15,0.6318847539015606,6,0.11538461538461539,0.05714285714285714,-0.0346153846153846,99,0.6575838955488741,0.6573159454190849,0.6576924303266338,0.6565618425964391,-0.0002679501297891962,0.00010853477775973897
resp,n1000,3,384,0.01,margin_targeted,700,2352,105,0.5,52,random,5,105,0.15,0.6318847539015606,12,0.23076923076923078,0.11428571428571428,0.08076923076923079,93,0.6575838955488741,0.6580053433922864,0.6578296789766087,0.6565618425964391,0.0004214478434123592,0.0002457834277346249
resp,n1000,3,384,0.01,margin_targeted,700,2352,105,0.5,52,random,6,105,0.15,0.6318847539015606,6,0.11538461538461539,0.05714285714285714,-0.0346153846153846,99,0.6575838955488741,0.6577081599927943,0.6574604211054089,0.6565618425964391,0.00012426444392021896,-0.00012347444346516578
resp,n1000,3,384,0.01,margin_targeted,700,2352,105,0.5,52,random,7,105,0.15,0.6318847539015606,15,0.28846153846153844,0.14285714285714285,0.13846153846153844,90,0.6575838955488741,0.6571764789909735,0.6577549095983746,0.6565618425964391,-0.00040741655790055287,0.00017101404950048416
resp,n1000,3,384,0.01,margin_targeted,700,2352,105,0.5,52,random,8,105,0.15,0.6318847539015606,10,0.19230769230769232,0.09523809523809523,0.042307692307692324,95,0.6575838955488741,0.6579608053759464,0.6574544103142788,0.6565618425964391,0.0003769098270722804,-0.0001294852345953279
resp,n1000,3,384,0.01,margin_targeted,700,2352,105,0.5,52,random,9,105,0.15,0.6318847539015606,8,0.15384615384615385,0.0761904761904762,0.0038461538461538602,97,0.6575838955488741,0.6574327342547011,0.6574191944446498,0.6565618425964391,-0.00015116129417303004,-0.0001647011042242852
resp,n1000,3,384,0.01,margin_targeted,700,2352,105,1.0,105,top,-1,105,0.15,0.6318847539015606,1,0.009523809523809525,0.009523809523809525,-0.14047619047619048,104,0.6575838955488741,0.6511037740687027,0.6575135172942594,0.6565618425964391,-0.006480121480171408,-7.037825461464475e-05
resp,n1000,3,384,0.01,margin_targeted,700,2352,105,1.0,105,bottom_oracle_diagnostic,-1,105,0.15,0.6318847539015606,0,0.0,0.0,-0.15,105,0.6575838955488741,0.6729770604312383,0.6575838955488741,0.6565618425964391,0.015393164882364196,0.0
resp,n1000,3,384,0.01,margin_targeted,700,2352,105,1.0,105,two_tailed,-1,105,0.15,0.6318847539015606,0,0.0,0.0,-0.15,105,0.6575838955488741,0.6543809861321569,0.6575838955488741,0.6565618425964391,-0.0032029094167171923,0.0
resp,n1000,3,384,0.01,margin_targeted,700,2352,105,1.0,105,random,0,105,0.15,0.6318847539015606,17,0.1619047619047619,0.1619047619047619,0.011904761904761918,88,0.6575838955488741,0.6597732666420837,0.6573854318770014,0.6565618425964391,0.002189371093209602,-0.0001984636718727062
resp,n1000,3,384,0.01,margin_targeted,700,2352,105,1.0,105,random,1,105,0.15,0.6318847539015606,21,0.2,0.2,0.05000000000000002,84,0.6575838955488741,0.6589094271476352,0.6568831088825505,0.6565618425964391,0.0013255315987611427,-0.0007007866663235607
resp,n1000,3,384,0.01,margin_targeted,700,2352,105,1.0,105,random,2,105,0.15,0.6318847539015606,17,0.1619047619047619,0.1619047619047619,0.011904761904761918,88,0.6575838955488741,0.6583260255368526,0.6577383300867876,0.6565618425964391,0.0007421299879785126,0.00015443453791352812
resp,n1000,3,384,0.01,margin_targeted,700,2352,105,1.0,105,random,3,105,0.15,0.6318847539015606,17,0.1619047619047619,0.1619047619047619,0.011904761904761918,88,0.6575838955488741,0.6576659728237275,0.6575677505014772,0.6565618425964391,8.207727485343153e-05,-1.6145047396887158e-05
resp,n1000,3,384,0.01,margin_targeted,700,2352,105,1.0,105,random,4,105,0.15,0.6318847539015606,16,0.1523809523809524,0.1523809523809524,0.0023809523809524002,89,0.6575838955488741,0.6566903947757446,0.6569914074501898,0.6565618425964391,-0.0008935007731294409,-0.0005924880986842851
resp,n1000,3,384,0.01,margin_targeted,700,2352,105,1.0,105,random,5,105,0.15,0.6318847539015606,11,0.10476190476190476,0.10476190476190476,-0.04523809523809523,94,0.6575838955488741,0.6589590293589355,0.6577718510060034,0.6565618425964391,0.0013751338100613797,0.0001879554571293518
resp,n1000,3,384,0.01,margin_targeted,700,2352,105,1.0,105,random,6,105,0.15,0.6318847539015606,17,0.1619047619047619,0.1619047619047619,0.011904761904761918,88,0.6575838955488741,0.6564386273911748,0.6573719100560712,0.6565618425964391,-0.0011452681576993307,-0.0002119854928028797
resp,n1000,3,384,0.01,margin_targeted,700,2352,105,1.0,105,random,7,105,0.15,0.6318847539015606,16,0.1523809523809524,0.1523809523809524,0.0023809523809524002,89,0.6575838955488741,0.6577265446792449,0.65746098339001,0.6565618425964391,0.00014264913037076443,-0.0001229121588640636
resp,n1000,3,384,0.01,margin_targeted,700,2352,105,1.0,105,random,8,105,0.15,0.6318847539015606,10,0.09523809523809523,0.09523809523809523,-0.05476190476190476,95,0.6575838955488741,0.6581094796981612,0.6572511188039667,0.6565618425964391,0.0005255841492871616,-0.0003327767449073926
resp,n1000,3,384,0.01,margin_targeted,700,2352,105,1.0,105,random,9,105,0.15,0.6318847539015606,10,0.09523809523809523,0.09523809523809523,-0.05476190476190476,95,0.6575838955488741,0.6579289468424722,0.6573888681177094,0.6565618425964391,0.0003450512935980754,-0.00019502743116472931
resp,n1000,3,384,0.01,margin_targeted,700,2352,105,2.0,210,top,-1,105,0.15,0.6318847539015606,33,0.15714285714285714,0.3142857142857143,0.007142857142857145,72,0.6575838955488741,0.65223754287494,0.6570905527604538,0.6565618425964391,-0.005346352673934129,-0.0004933427884202812
resp,n1000,3,384,0.01,margin_targeted,700,2352,105,2.0,210,bottom_oracle_diagnostic,-1,105,0.15,0.6318847539015606,2,0.009523809523809525,0.01904761904761905,-0.14047619047619048,103,0.6575838955488741,0.6969174689338973,0.6575398029843571,0.6565618425964391,0.03933357338502319,-4.409256451698429e-05
resp,n1000,3,384,0.01,margin_targeted,700,2352,105,2.0,210,two_tailed,-1,105,0.15,0.6318847539015606,1,0.004761904761904762,0.009523809523809525,-0.14523809523809522,104,0.6575838955488741,0.6530729358902068,0.6575135172942594,0.6565618425964391,-0.004510959658667324,-7.037825461464475e-05
resp,n1000,3,384,0.01,margin_targeted,700,2352,105,2.0,210,random,0,105,0.15,0.6318847539015606,36,0.17142857142857143,0.34285714285714286,0.021428571428571436,69,0.6575838955488741,0.661044298596057,0.6573444959153305,0.6565618425964391,0.0034604030471828695,-0.00023939963354357996
resp,n1000,3,384,0.01,margin_targeted,700,2352,105,2.0,210,random,1,105,0.15,0.6318847539015606,35,0.16666666666666666,0.3333333333333333,0.016666666666666663,70,0.6575838955488741,0.6593401855477982,0.6565231041198425,0.6565618425964391,0.0017562899989240766,-0.0010607914290315934
resp,n1000,3,384,0.01,margin_targeted,700,2352,105,2.0,210,random,2,105,0.15,0.6318847539015606,34,0.1619047619047619,0.3238095238095238,0.011904761904761918,71,0.6575838955488741,0.6586503338760399,0.6566678492996421,0.6565618425964391,0.0010664383271657973,-0.0009160462492320276
resp,n1000,3,384,0.01,margin_targeted,700,2352,105,2.0,210,random,3,105,0.15,0.6318847539015606,30,0.14285714285714285,0.2857142857142857,-0.007142857142857145,75,0.6575838955488741,0.6579870461089199,0.6574778764378448,0.6565618425964391,0.0004031505600458063,-0.0001060191110292541
resp,n1000,3,384,0.01,margin_targeted,700,2352,105,2.0,210,random,4,105,0.15,0.6318847539015606,30,0.14285714285714285,0.2857142857142857,-0.007142857142857145,75,0.6575838955488741,0.6565261039614425,0.6569427051950598,0.6565618425964391,-0.001057791587431578,-0.0006411903538142694
resp,n1000,3,384,0.01,margin_targeted,700,2352,105,2.0,210,random,5,105,0.15,0.6318847539015606,27,0.12857142857142856,0.2571428571428571,-0.021428571428571436,78,0.6575838955488741,0.6633148540681204,0.6579396276924201,0.6565618425964391,0.005730958519246321,0.0003557321435460059
resp,n1000,3,384,0.01,margin_targeted,700,2352,105,2.0,210,random,6,105,0.15,0.6318847539015606,36,0.17142857142857143,0.34285714285714286,0.021428571428571436,69,0.6575838955488741,0.6589535519020158,0.65707825170698,0.6565618425964391,0.0013696563531416794,-0.00050564384189411
resp,n1000,3,384,0.01,margin_targeted,700,2352,105,2.0,210,random,7,105,0.15,0.6318847539015606,39,0.18571428571428572,0.37142857142857144,0.035714285714285726,66,0.6575838955488741,0.6581150285875373,0.657488259829106,0.6565618425964391,0.0005311330386632562,-9.56357197681168e-05
resp,n1000,3,384,0.01,margin_targeted,700,2352,105,2.0,210,random,8,105,0.15,0.6318847539015606,33,0.15714285714285714,0.3142857142857143,0.007142857142857145,72,0.6575838955488741,0.6577927695558579,0.6562339115236614,0.6565618425964391,0.00020887400698377245,-0.0013499840252126916
resp,n1000,3,384,0.01,margin_targeted,700,2352,105,2.0,210,random,9,105,0.15,0.6318847539015606,34,0.1619047619047619,0.3238095238095238,0.011904761904761918,71,0.6575838955488741,0.6591463664349894,0.656354869709779,0.6565618425964391,0.0015624708861152747,-0.0012290258390951214
resp,n1000,4,384,0.01,margin_targeted,700,2352,105,0.5,52,top,-1,105,0.15,0.5906042416966787,0,0.0,0.0,-0.15,105,0.6650127462507565,0.6563789042241632,0.6650127462507565,0.6662459090112424,-0.00863384202659323,0.0
resp,n1000,4,384,0.01,margin_targeted,700,2352,105,0.5,52,bottom_oracle_diagnostic,-1,105,0.15,0.5906042416966787,0,0.0,0.0,-0.15,105,0.6650127462507565,0.6760405206083085,0.6650127462507565,0.6662459090112424,0.01102777435755209,0.0
resp,n1000,4,384,0.01,margin_targeted,700,2352,105,0.5,52,two_tailed,-1,105,0.15,0.5906042416966787,0,0.0,0.0,-0.15,105,0.6650127462507565,0.6619411935914363,0.6650127462507565,0.6662459090112424,-0.0030715526593201314,0.0
resp,n1000,4,384,0.01,margin_targeted,700,2352,105,0.5,52,random,0,105,0.15,0.5906042416966787,8,0.15384615384615385,0.0761904761904762,0.0038461538461538602,97,0.6650127462507565,0.6648321219787422,0.6656385349621922,0.6662459090112424,-0.00018062427201426257,0.0006257887114357041
resp,n1000,4,384,0.01,margin_targeted,700,2352,105,0.5,52,random,1,105,0.15,0.5906042416966787,10,0.19230769230769232,0.09523809523809523,0.042307692307692324,95,0.6650127462507565,0.6645951707619855,0.665256666884,0.6662459090112424,-0.0004175754887709715,0.00024392063324352176
resp,n1000,4,384,0.01,margin_targeted,700,2352,105,0.5,52,random,2,105,0.15,0.5906042416966787,9,0.17307692307692307,0.08571428571428572,0.023076923076923078,96,0.6650127462507565,0.6672186813628014,0.6655431502217716,0.6662459090112424,0.002205935112044921,0.0005304039710151143
resp,n1000,4,384,0.01,margin_targeted,700,2352,105,0.5,52,random,3,105,0.15,0.5906042416966787,4,0.07692307692307693,0.0380952380952381,-0.07307692307692307,101,0.6650127462507565,0.6662795318068471,0.6646501790999269,0.6662459090112424,0.0012667855560906105,-0.0003625671508296069
resp,n1000,4,384,0.01,margin_targeted,700,2352,105,0.5,52,random,4,105,0.15,0.5906042416966787,9,0.17307692307692307,0.08571428571428572,0.023076923076923078,96,0.6650127462507565,0.6637772480050961,0.6651627938923913,0.6662459090112424,-0.0012354982456603825,0.00015004764163484285
resp,n1000,4,384,0.01,margin_targeted,700,2352,105,0.5,52,random,5,105,0.15,0.5906042416966787,11,0.21153846153846154,0.10476190476190476,0.06153846153846154,94,0.6650127462507565,0.6647112235199499,0.6649072894725849,0.6662459090112424,-0.0003015227308065249,-0.00010545677817153098
resp,n1000,4,384,0.01,margin_targeted,700,2352,105,0.5,52,random,6,105,0.15,0.5906042416966787,13,0.25,0.12380952380952381,0.1,92,0.6650127462507565,0.6637599413422514,0.6651991515045889,0.6662459090112424,-0.0012528049085051007,0.00018640525383240014
resp,n1000,4,384,0.01,margin_targeted,700,2352,105,0.5,52,random,7,105,0.15,0.5906042416966787,7,0.1346153846153846,0.06666666666666667,-0.015384615384615385,98,0.6650127462507565,0.6654375051848422,0.6653694683900706,0.6662459090112424,0.00042475893408577825,0.0003567221393141473
resp,n1000,4,384,0.01,margin_targeted,700,2352,105,0.5,52,random,8,105,0.15,0.5906042416966787,6,0.11538461538461539,0.05714285714285714,-0.0346153846153846,99,0.6650127462507565,0.6653595658867592,0.6649213428375688,0.6662459090112424,0.00034681963600269317,-9.140341318769618e-05
resp,n1000,4,384,0.01,margin_targeted,700,2352,105,0.5,52,random,9,105,0.15,0.5906042416966787,8,0.15384615384615385,0.0761904761904762,0.0038461538461538602,97,0.6650127462507565,0.6641822529616395,0.6649388924213954,0.6662459090112424,-0.0008304932891169958,-7.385382936109242e-05
resp,n1000,4,384,0.01,margin_targeted,700,2352,105,1.0,105,top,-1,105,0.15,0.5906042416966787,0,0.0,0.0,-0.15,105,0.6650127462507565,0.6536070394178125,0.6650127462507565,0.6662459090112424,-0.011405706832943951,0.0
resp,n1000,4,384,0.01,margin_targeted,700,2352,105,1.0,105,bottom_oracle_diagnostic,-1,105,0.15,0.5906042416966787,0,0.0,0.0,-0.15,105,0.6650127462507565,0.6867011813293046,0.6650127462507565,0.6662459090112424,0.02168843507854812,0.0
resp,n1000,4,384,0.01,margin_targeted,700,2352,105,1.0,105,two_tailed,-1,105,0.15,0.5906042416966787,0,0.0,0.0,-0.15,105,0.6650127462507565,0.662202581196149,0.6650127462507565,0.6662459090112424,-0.0028101650546074053,0.0
resp,n1000,4,384,0.01,margin_targeted,700,2352,105,1.0,105,random,0,105,0.15,0.5906042416966787,17,0.1619047619047619,0.1619047619047619,0.011904761904761918,88,0.6650127462507565,0.6650079500016147,0.6648165711039663,0.6662459090112424,-4.796249141736375e-06,-0.00019617514679015624
resp,n1000,4,384,0.01,margin_targeted,700,2352,105,1.0,105,random,1,105,0.15,0.5906042416966787,18,0.17142857142857143,0.17142857142857143,0.021428571428571436,87,0.6650127462507565,0.6632863711665188,0.6654787719184736,0.6662459090112424,-0.0017263750842376746,0.0004660256677171404
resp,n1000,4,384,0.01,margin_targeted,700,2352,105,1.0,105,random,2,105,0.15,0.5906042416966787,18,0.17142857142857143,0.17142857142857143,0.021428571428571436,87,0.6650127462507565,0.6678677892327106,0.6652482533645978,0.6662459090112424,0.002855042981954159,0.00023550711384134893
resp,n1000,4,384,0.01,margin_targeted,700,2352,105,1.0,105,random,3,105,0.15,0.5906042416966787,12,0.11428571428571428,0.11428571428571428,-0.03571428571428571,93,0.6650127462507565,0.6638675053702757,0.6632199491271098,0.6662459090112424,-0.0011452408804807357,-0.001792797123646661
resp,n1000,4,384,0.01,margin_targeted,700,2352,105,1.0,105,random,4,105,0.15,0.5906042416966787,14,0.13333333333333333,0.13333333333333333,-0.016666666666666663,91,0.6650127462507565,0.6652179767707133,0.6653662165477756,0.6662459090112424,0.00020523051995680053,0.0003534702970191539
resp,n1000,4,384,0.01,margin_targeted,700,2352,105,1.0,105,random,5,105,0.15,0.5906042416966787,13,0.12380952380952381,0.12380952380952381,-0.02619047619047618,92,0.6650127462507565,0.6657580604804224,0.6646463950424236,0.6662459090112424,0.0007453142296659498,-0.00036635120833283796
resp,n1000,4,384,0.01,margin_targeted,700,2352,105,1.0,105,random,6,105,0.15,0.5906042416966787,18,0.17142857142857143,0.17142857142857143,0.021428571428571436,87,0.6650127462507565,0.6659956324734612,0.6646041944699403,0.6662459090112424,0.0009828862227047042,-0.0004085517808161132
resp,n1000,4,384,0.01,margin_targeted,700,2352,105,1.0,105,random,7,105,0.15,0.5906042416966787,19,0.18095238095238095,0.18095238095238095,0.030952380952380953,86,0.6650127462507565,0.6647398551100012,0.6649276986337211,0.6662459090112424,-0.0002728911407552381,-8.504761703531649e-05
resp,n1000,4,384,0.01,margin_targeted,700,2352,105,1.0,105,random,8,105,0.15,0.5906042416966787,22,0.20952380952380953,0.20952380952380953,0.059523809523809534,83,0.6650127462507565,0.6638831019805238,0.665064652309238,0.6662459090112424,-0.0011296442702326548,5.190605848148788e-05
resp,n1000,4,384,0.01,margin_targeted,700,2352,105,1.0,105,random,9,105,0.15,0.5906042416966787,12,0.11428571428571428,0.11428571428571428,-0.03571428571428571,93,0.6650127462507565,0.6656574273832556,0.6648546158064412,0.6662459090112424,0.0006446811324991586,-0.00015813044431522982
resp,n1000,4,384,0.01,margin_targeted,700,2352,105,2.0,210,top,-1,105,0.15,0.5906042416966787,30,0.14285714285714285,0.2857142857142857,-0.007142857142857145,75,0.6650127462507565,0.6520935335656947,0.6637128680877007,0.6662459090112424,-0.012919212685061798,-0.0012998781630557676
resp,n1000,4,384,0.01,margin_targeted,700,2352,105,2.0,210,bottom_oracle_diagnostic,-1,105,0.15,0.5906042416966787,5,0.023809523809523808,0.047619047619047616,-0.1261904761904762,100,0.6650127462507565,0.7165885853244723,0.6653222006057203,0.6662459090112424,0.05157583907371588,0.0003094543549638784
resp,n1000,4,384,0.01,margin_targeted,700,2352,105,2.0,210,two_tailed,-1,105,0.15,0.5906042416966787,0,0.0,0.0,-0.15,105,0.6650127462507565,0.6601930454376832,0.6650127462507565,0.6662459090112424,-0.004819700813073258,0.0
resp,n1000,4,384,0.01,margin_targeted,700,2352,105,2.0,210,random,0,105,0.15,0.5906042416966787,29,0.1380952380952381,0.2761904761904762,-0.01190476190476189,76,0.6650127462507565,0.6649662879041055,0.6634634913967535,0.6662459090112424,-4.645834665095716e-05,-0.0015492548540029238
resp,n1000,4,384,0.01,margin_targeted,700,2352,105,2.0,210,random,1,105,0.15,0.5906042416966787,25,0.11904761904761904,0.23809523809523808,-0.030952380952380953,80,0.6650127462507565,0.6699211040241454,0.6667347377815235,0.6662459090112424,0.004908357773388938,0.0017219915307670197
resp,n1000,4,384,0.01,margin_targeted,700,2352,105,2.0,210,random,2,105,0.15,0.5906042416966787,31,0.14761904761904762,0.29523809523809524,-0.0023809523809523725,74,0.6650127462507565,0.6707507864832355,0.6675894356255998,0.6662459090112424,0.005738040232479036,0.002576689374843344
resp,n1000,4,384,0.01,margin_targeted,700,2352,105,2.0,210,random,3,105,0.15,0.5906042416966787,29,0.1380952380952381,0.2761904761904762,-0.01190476190476189,76,0.6650127462507565,0.6653175632851983,0.6658135440562105,0.6662459090112424,0.00030481703444185104,0.0008007978054540565
resp,n1000,4,384,0.01,margin_targeted,700,2352,105,2.0,210,random,4,105,0.15,0.5906042416966787,35,0.16666666666666666,0.3333333333333333,0.016666666666666663,70,0.6650127462507565,0.6652881951177646,0.665065609684897,0.6662459090112424,0.0002754488670081434,5.286343414057093e-05
resp,n1000,4,384,0.01,margin_targeted,700,2352,105,2.0,210,random,5,105,0.15,0.5906042416966787,35,0.16666666666666666,0.3333333333333333,0.016666666666666663,70,0.6650127462507565,0.6629421436309357,0.6641841029192522,0.6662459090112424,-0.0020706026198207272,-0.0008286433315042308
resp,n1000,4,384,0.01,margin_targeted,700,2352,105,2.0,210,random,6,105,0.15,0.5906042416966787,30,0.14285714285714285,0.2857142857142857,-0.007142857142857145,75,0.6650127462507565,0.6638405133489592,0.6665478519344625,0.6662459090112424,-0.0011722329017972433,0.0015351056837060728
resp,n1000,4,384,0.01,margin_targeted,700,2352,105,2.0,210,random,7,105,0.15,0.5906042416966787,28,0.13333333333333333,0.26666666666666666,-0.016666666666666663,77,0.6650127462507565,0.6644669111106919,0.6649987199025221,0.6662459090112424,-0.0005458351400645656,-1.4026348234330577e-05
resp,n1000,4,384,0.01,margin_targeted,700,2352,105,2.0,210,random,8,105,0.15,0.5906042416966787,29,0.1380952380952381,0.2761904761904762,-0.01190476190476189,76,0.6650127462507565,0.6657248163617041,0.6652778294797754,0.6662459090112424,0.000712070110947649,0.00026508322901896975
resp,n1000,4,384,0.01,margin_targeted,700,2352,105,2.0,210,random,9,105,0.15,0.5906042416966787,28,0.13333333333333333,0.26666666666666666,-0.016666666666666663,77,0.6650127462507565,0.6660841645757573,0.6648510853094957,0.6662459090112424,0.0010714183250007947,-0.00016166094126079944
resp,n3000,0,384,0.001,directional,2098,2352,314,0.5,157,top,-1,314,0.14966634890371783,0.2273410499557282,0,0.0,0.0,-0.14966634890371783,314,0.7204959932629748,0.765256264392211,0.7204959932629748,0.6526373070649787,0.044760271129236195,0.0
resp,n3000,0,384,0.001,directional,2098,2352,314,0.5,157,bottom_oracle_diagnostic,-1,314,0.14966634890371783,0.2273410499557282,30,0.1910828025477707,0.09554140127388536,0.041416453644052886,284,0.7204959932629748,0.7211609942042242,0.6871376055873942,0.6526373070649787,0.0006650009412494384,-0.033358387675580525
resp,n3000,0,384,0.001,directional,2098,2352,314,0.5,157,two_tailed,-1,314,0.14966634890371783,0.2273410499557282,10,0.06369426751592357,0.03184713375796178,-0.08597208138779426,304,0.7204959932629748,0.746587685841452,0.7041276564353098,0.6526373070649787,0.02609169257847721,-0.01636833682766492
resp,n3000,0,384,0.001,directional,2098,2352,314,0.5,157,random,0,314,0.14966634890371783,0.2273410499557282,26,0.16560509554140126,0.08280254777070063,0.015938746637683437,288,0.7204959932629748,0.7190200169557457,0.7044497695537214,0.6526373070649787,-0.0014759763072290655,-0.01604622370925335
resp,n3000,0,384,0.001,directional,2098,2352,314,0.5,157,random,1,314,0.14966634890371783,0.2273410499557282,31,0.19745222929936307,0.09872611464968153,0.04778588039564524,283,0.7204959932629748,0.7221153955759234,0.70112820211063,0.6526373070649787,0.001619402312948659,-0.01936779115234477
resp,n3000,0,384,0.001,directional,2098,2352,314,0.5,157,random,2,314,0.14966634890371783,0.2273410499557282,33,0.21019108280254778,0.10509554140127389,0.06052473389882995,281,0.7204959932629748,0.719638279675846,0.70018888175684,0.6526373070649787,-0.0008577135871287167,-0.020307111506134734
resp,n3000,0,384,0.001,directional,2098,2352,314,0.5,157,random,3,314,0.14966634890371783,0.2273410499557282,20,0.12738853503184713,0.06369426751592357,-0.022277813871870694,294,0.7204959932629748,0.7230549886141217,0.7080617323653712,0.6526373070649787,0.0025589953511468977,-0.012434260897603577
resp,n3000,0,384,0.001,directional,2098,2352,314,0.5,157,random,4,314,0.14966634890371783,0.2273410499557282,29,0.18471337579617833,0.09235668789808917,0.0350470268924605,285,0.7204959932629748,0.7236865258539968,0.6997548823445952,0.6526373070649787,0.0031905325910220883,-0.0207411109183796
resp,n3000,0,384,0.001,directional,2098,2352,314,0.5,157,random,5,314,0.14966634890371783,0.2273410499557282,24,0.15286624203821655,0.07643312101910828,0.003199893134498727,290,0.7204959932629748,0.7224700934098829,0.7059198753196833,0.6526373070649787,0.001974100146908131,-0.0145761179432915
resp,n3000,0,384,0.001,directional,2098,2352,314,0.5,157,random,6,314,0.14966634890371783,0.2273410499557282,29,0.18471337579617833,0.09235668789808917,0.0350470268924605,285,0.7204959932629748,0.7190751418985816,0.698759236126783,0.6526373070649787,-0.001420851364393183,-0.02173675713619172
resp,n3000,0,384,0.001,directional,2098,2352,314,0.5,157,random,7,314,0.14966634890371783,0.2273410499557282,21,0.1337579617834395,0.06687898089171974,-0.01590838712027834,293,0.7204959932629748,0.7193136541925604,0.7078571712107458,0.6526373070649787,-0.0011823390704143177,-0.012638822052228993
resp,n3000,0,384,0.001,directional,2098,2352,314,0.5,157,random,8,314,0.14966634890371783,0.2273410499557282,23,0.1464968152866242,0.0732484076433121,-0.0031695336170936284,291,0.7204959932629748,0.7208232439613356,0.7089896862946468,0.6526373070649787,0.0003272506983608148,-0.011506306968327995
resp,n3000,0,384,0.001,directional,2098,2352,314,0.5,157,random,9,314,0.14966634890371783,0.2273410499557282,32,0.20382165605095542,0.10191082802547771,0.0541553071472376,282,0.7204959932629748,0.7211103568000483,0.7022045278434093,0.6526373070649787,0.000614363537073559,-0.0182914654195655
resp,n3000,0,384,0.001,directional,2098,2352,314,1.0,314,top,-1,314,0.14966634890371783,0.2273410499557282,0,0.0,0.0,-0.14966634890371783,314,0.7204959932629748,0.7956874855187911,0.7204959932629748,0.6526373070649787,0.07519149225581634,0.0
resp,n3000,0,384,0.001,directional,2098,2352,314,1.0,314,bottom_oracle_diagnostic,-1,314,0.14966634890371783,0.2273410499557282,77,0.24522292993630573,0.24522292993630573,0.0955565810325879,237,0.7204959932629748,0.7153576221012987,0.6659009426341926,0.6526373070649787,-0.005138371161676036,-0.054595050628782116
resp,n3000,0,384,0.001,directional,2098,2352,314,1.0,314,two_tailed,-1,314,0.14966634890371783,0.2273410499557282,30,0.09554140127388536,0.09554140127388536,-0.05412494762983247,284,0.7204959932629748,0.7711659640388957,0.6871376055873942,0.6526373070649787,0.05066997077592095,-0.033358387675580525
resp,n3000,0,384,0.001,directional,2098,2352,314,1.0,314,random,0,314,0.14966634890371783,0.2273410499557282,40,0.12738853503184713,0.12738853503184713,-0.022277813871870694,274,0.7204959932629748,0.7193150905878684,0.7014089709265895,0.6526373070649787,-0.001180902675106399,-0.019087022336385262
resp,n3000,0,384,0.001,directional,2098,2352,314,1.0,314,random,1,314,0.14966634890371783,0.2273410499557282,50,0.1592356687898089,0.1592356687898089,0.009569319886091082,264,0.7204959932629748,0.7183856695612152,0.691315939439547,0.6526373070649787,-0.0021103237017595644,-0.02918005382342781
resp,n3000,0,384,0.001,directional,2098,2352,314,1.0,314,random,2,314,0.14966634890371783,0.2273410499557282,50,0.1592356687898089,0.1592356687898089,0.009569319886091082,264,0.7204959932629748,0.7248044863395002,0.6939456669160091,0.6526373070649787,0.004308493076525477,-0.026550326346965636
resp,n3000,0,384,0.001,directional,2098,2352,314,1.0,314,random,3,314,0.14966634890371783,0.2273410499557282,43,0.13694267515923567,0.13694267515923567,-0.012723673744482161,271,0.7204959932629748,0.7236220075625801,0.6978973551691978,0.6526373070649787,0.003126014299605351,-0.022598638093776935
resp,n3000,0,384,0.001,directional,2098,2352,314,1.0,314,random,4,314,0.14966634890371783,0.2273410499557282,45,0.14331210191082802,0.14331210191082802,-0.006354246992889806,269,0.7204959932629748,0.7226455587630819,0.6953909088778496,0.6526373070649787,0.0021495655001071423,-0.025105084385125154
resp,n3000,0,384,0.001,directional,2098,2352,314,1.0,314,random,5,314,0.14966634890371783,0.2273410499557282,47,0.14968152866242038,0.14968152866242038,1.5179758702549284e-05,267,0.7204959932629748,0.7227187016977639,0.6939185623991037,0.6526373070649787,0.0022227084347891113,-0.0265774308638711
resp,n3000,0,384,0.001,directional,2098,2352,314,1.0,314,random,6,314,0.14966634890371783,0.2273410499557282,38,0.12101910828025478,0.12101910828025478,-0.02864724062346305,276,0.7204959932629748,0.7206014238074266,0.698962470744643,0.6526373070649787,0.00010543054445188993,-0.021533522518331738
resp,n3000,0,384,0.001,directional,2098,2352,314,1.0,314,random,7,314,0.14966634890371783,0.2273410499557282,51,0.1624203821656051,0.1624203821656051,0.01275403326188726,263,0.7204959932629748,0.7200371668134136,0.690474138484051,0.6526373070649787,-0.00045882644956118934,-0.030021854778923718
resp,n3000,0,384,0.001,directional,2098,2352,314,1.0,314,random,8,314,0.14966634890371783,0.2273410499557282,51,0.1624203821656051,0.1624203821656051,0.01275403326188726,263,0.7204959932629748,0.7218829568086521,0.6910345979819572,0.6526373070649787,0.0013869635456773555,-0.029461395281017544
resp,n3000,0,384,0.001,directional,2098,2352,314,1.0,314,random,9,314,0.14966634890371783,0.2273410499557282,47,0.14968152866242038,0.14968152866242038,1.5179758702549284e-05,267,0.7204959932629748,0.7184501917237808,0.6932207522192969,0.6526373070649787,-0.002045801539193981,-0.027275241043677845
resp,n3000,0,384,0.001,directional,2098,2352,314,2.0,628,top,-1,314,0.14966634890371783,0.2273410499557282,1,0.0015923566878980893,0.0031847133757961785,-0.14807399221581974,313,0.7204959932629748,0.8274043893468292,0.7205806170320906,0.6526373070649787,0.1069083960838545,8.462376911588798e-05
resp,n3000,0,384,0.001,directional,2098,2352,314,2.0,628,bottom_oracle_diagnostic,-1,314,0.14966634890371783,0.2273410499557282,188,0.29936305732484075,0.5987261146496815,0.14969670842112293,126,0.7204959932629748,0.6848952189295716,0.6510306610718021,0.6526373070649787,-0.03560077433340314,-0.06946533219117268
resp,n3000,0,384,0.001,directional,2098,2352,314,2.0,628,two_tailed,-1,314,0.14966634890371783,0.2273410499557282,77,0.12261146496815287,0.24522292993630573,-0.02705488393556496,237,0.7204959932629748,0.8115487386452128,0.6659009426341926,0.6526373070649787,0.09105274538223807,-0.054595050628782116
resp,n3000,0,384,0.001,directional,2098,2352,314,2.0,628,random,0,314,0.14966634890371783,0.2273410499557282,91,0.1449044585987261,0.2898089171974522,-0.004761890304991717,223,0.7204959932629748,0.7204920415454185,0.6782247897919649,0.6526373070649787,-3.951717556294199e-06,-0.04227120347100988
resp,n3000,0,384,0.001,directional,2098,2352,314,2.0,628,random,1,314,0.14966634890371783,0.2273410499557282,82,0.1305732484076433,0.2611464968152866,-0.019093100496074517,232,0.7204959932629748,0.7209836084278057,0.6793123825173674,0.6526373070649787,0.000487615164830979,-0.04118361074560739
resp,n3000,0,384,0.001,directional,2098,2352,314,2.0,628,random,2,314,0.14966634890371783,0.2273410499557282,94,0.14968152866242038,0.29936305732484075,1.5179758702549284e-05,220,0.7204959932629748,0.7268089899000076,0.6768621944576968,0.6526373070649787,0.006312996637032886,-0.04363379880527796
resp,n3000,0,384,0.001,directional,2098,2352,314,2.0,628,random,3,314,0.14966634890371783,0.2273410499557282,101,0.160828025477707,0.321656050955414,0.011161676573989171,213,0.7204959932629748,0.7226500814299601,0.6769976075926505,0.6526373070649787,0.0021540881669853684,-0.04349838567032427
resp,n3000,0,384,0.001,directional,2098,2352,314,2.0,628,random,4,314,0.14966634890371783,0.2273410499557282,107,0.17038216560509553,0.34076433121019106,0.020715816701377704,207,0.7204959932629748,0.7220781595272113,0.6718093517948862,0.6526373070649787,0.001582166264236573,-0.04868664146808854
resp,n3000,0,384,0.001,directional,2098,2352,314,2.0,628,random,5,314,0.14966634890371783,0.2273410499557282,88,0.14012738853503184,0.2802547770700637,-0.009538960368685984,226,0.7204959932629748,0.7259741240971687,0.6760223863167287,0.6526373070649787,0.005478130834193906,-0.044473606946246025
resp,n3000,0,384,0.001,directional,2098,2352,314,2.0,628,random,6,314,0.14966634890371783,0.2273410499557282,95,0.15127388535031847,0.30254777070063693,0.001607536446600638,219,0.7204959932629748,0.7235570649467208,0.6765315236130243,0.6526373070649787,0.0030610716837460306,-0.04396446964995049
resp,n3000,0,384,0.001,directional,2098,2352,314,2.0,628,random,7,314,0.14966634890371783,0.2273410499557282,77,0.12261146496815287,0.24522292993630573,-0.02705488393556496,237,0.7204959932629748,0.7214673364544516,0.6806183941247801,0.6526373070649787,0.0009713431914768478,-0.039877599138194664
resp,n3000,0,384,0.001,directional,2098,2352,314,2.0,628,random,8,314,0.14966634890371783,0.2273410499557282,105,0.16719745222929935,0.3343949044585987,0.017531103325581526,209,0.7204959932629748,0.7187737621952768,0.6724637969733265,0.6526373070649787,-0.0017222310676979768,-0.04803219628964828
resp,n3000,0,384,0.001,directional,2098,2352,314,2.0,628,random,9,314,0.14966634890371783,0.2273410499557282,93,0.1480891719745223,0.2961783439490446,-0.0015771769291955395,221,0.7204959932629748,0.7251467977925488,0.6722703533425429,0.6526373070649787,0.004650804529574004,-0.04822563992043183
resp,n3000,1,384,0.001,directional,2097,2352,314,0.5,157,top,-1,314,0.1497377205531712,0.08227205990047548,0,0.0,0.0,-0.1497377205531712,314,0.8191565216453005,0.900359438366528,0.8191565216453005,0.6515755530563156,0.08120291672122748,0.0
resp,n3000,1,384,0.001,directional,2097,2352,314,0.5,157,bottom_oracle_diagnostic,-1,314,0.1497377205531712,0.08227205990047548,110,0.7006369426751592,0.3503184713375796,0.5508992221219879,204,0.8191565216453005,0.7786009244207106,0.7080965059710386,0.6515755530563156,-0.0405555972245899,-0.11106001567426194
resp,n3000,1,384,0.001,directional,2097,2352,314,0.5,157,two_tailed,-1,314,0.1497377205531712,0.08227205990047548,59,0.37579617834394907,0.18789808917197454,0.22605845779077788,255,0.8191565216453005,0.85053049160512,0.7414454367233286,0.6515755530563156,0.03137396995981945,-0.07771108492197187
resp,n3000,1,384,0.001,directional,2097,2352,314,0.5,157,random,0,314,0.1497377205531712,0.08227205990047548,29,0.18471337579617833,0.09235668789808917,0.03497565524300714,285,0.8191565216453005,0.8164725792122492,0.7911213017879312,0.6515755530563156,-0.0026839424330512562,-0.028035219857369342
resp,n3000,1,384,0.001,directional,2097,2352,314,0.5,157,random,1,314,0.1497377205531712,0.08227205990047548,19,0.12101910828025478,0.06050955414012739,-0.028718612272916416,295,0.8191565216453005,0.8216297394616566,0.8007329023665206,0.6515755530563156,0.0024732178163561214,-0.01842361927877989
resp,n3000,1,384,0.001,directional,2097,2352,314,0.5,157,random,2,314,0.1497377205531712,0.08227205990047548,29,0.18471337579617833,0.09235668789808917,0.03497565524300714,285,0.8191565216453005,0.8166912343563325,0.7876196007451534,0.6515755530563156,-0.002465287288967999,-0.03153692090014715
resp,n3000,1,384,0.001,directional,2097,2352,314,0.5,157,random,3,314,0.1497377205531712,0.08227205990047548,16,0.10191082802547771,0.050955414012738856,-0.04782689252769348,298,0.8191565216453005,0.8228461798420947,0.798205695641779,0.6515755530563156,0.003689658196794232,-0.020950826003521494
resp,n3000,1,384,0.001,directional,2097,2352,314,0.5,157,random,4,314,0.1497377205531712,0.08227205990047548,24,0.15286624203821655,0.07643312101910828,0.00312852148504536,290,0.8191565216453005,0.8228940737920643,0.7929123677915724,0.6515755530563156,0.003737552146763745,-0.026244153853728136
resp,n3000,1,384,0.001,directional,2097,2352,314,0.5,157,random,5,314,0.1497377205531712,0.08227205990047548,19,0.12101910828025478,0.06050955414012739,-0.028718612272916416,295,0.8191565216453005,0.8223080226960708,0.7944006260356481,0.6515755530563156,0.0031515010507703334,-0.024755895609652412
resp,n3000,1,384,0.001,directional,2097,2352,314,0.5,157,random,6,314,0.1497377205531712,0.08227205990047548,20,0.12738853503184713,0.06369426751592357,-0.02234918552132406,294,0.8191565216453005,0.8186538504696356,0.7942360950942595,0.6515755530563156,-0.0005026711756649371,-0.024920426551040986
resp,n3000,1,384,0.001,directional,2097,2352,314,0.5,157,random,7,314,0.1497377205531712,0.08227205990047548,16,0.10191082802547771,0.050955414012738856,-0.04782689252769348,298,0.8191565216453005,0.8233456030176654,0.8008211073586676,0.6515755530563156,0.004189081372364845,-0.01833541428663288
resp,n3000,1,384,0.001,directional,2097,2352,314,0.5,157,random,8,314,0.1497377205531712,0.08227205990047548,28,0.17834394904458598,0.08917197452229299,0.02860622849141478,286,0.8191565216453005,0.8147844121248451,0.785016191127599,0.6515755530563156,-0.004372109520455414,-0.03414033051770149
resp,n3000,1,384,0.001,directional,2097,2352,314,0.5,157,random,9,314,0.1497377205531712,0.08227205990047548,26,0.16560509554140126,0.08280254777070063,0.01586737498823007,288,0.8191565216453005,0.818583190660051,0.7920690446806594,0.6515755530563156,-0.0005733309852494761,-0.02708747696464109
resp,n3000,1,384,0.001,directional,2097,2352,314,1.0,314,top,-1,314,0.1497377205531712,0.08227205990047548,1,0.0031847133757961785,0.0031847133757961785,-0.14655300717737502,313,0.8191565216453005,0.971744520304416,0.8183578323161653,0.6515755530563156,0.15258799865911554,-0.0007986893291351826
resp,n3000,1,384,0.001,directional,2097,2352,314,1.0,314,bottom_oracle_diagnostic,-1,314,0.1497377205531712,0.08227205990047548,202,0.643312101910828,0.643312101910828,0.4935743813576568,112,0.8191565216453005,0.7124191735029487,0.6728879398730193,0.6515755530563156,-0.1067373481423518,-0.1462685817722812
resp,n3000,1,384,0.001,directional,2097,2352,314,1.0,314,two_tailed,-1,314,0.1497377205531712,0.08227205990047548,110,0.3503184713375796,0.3503184713375796,0.2005807507844084,204,0.8191565216453005,0.8736385855000269,0.7080965059710386,0.6515755530563156,0.054482063854726426,-0.11106001567426194
resp,n3000,1,384,0.001,directional,2097,2352,314,1.0,314,random,0,314,0.1497377205531712,0.08227205990047548,52,0.16560509554140126,0.16560509554140126,0.01586737498823007,262,0.8191565216453005,0.8205915655554455,0.7643137758113974,0.6515755530563156,0.0014350439101450396,-0.05484274583390314
resp,n3000,1,384,0.001,directional,2097,2352,314,1.0,314,random,1,314,0.1497377205531712,0.08227205990047548,53,0.16878980891719744,0.16878980891719744,0.01905208836402625,261,0.8191565216453005,0.822127148018568,0.7660071011859012,0.6515755530563156,0.0029706263732675042,-0.0531494204593993
resp,n3000,1,384,0.001,directional,2097,2352,314,1.0,314,random,2,314,0.1497377205531712,0.08227205990047548,59,0.18789808917197454,0.18789808917197454,0.03816036861880334,255,0.8191565216453005,0.8187596811123015,0.7568378757516931,0.6515755530563156,-0.0003968405329990432,-0.06231864589360736
resp,n3000,1,384,0.001,directional,2097,2352,314,1.0,314,random,3,314,0.1497377205531712,0.08227205990047548,43,0.13694267515923567,0.13694267515923567,-0.012795045393935528,271,0.8191565216453005,0.8194261804810308,0.7720058916241069,0.6515755530563156,0.0002696588357302687,-0.047150630021193574
resp,n3000,1,384,0.001,directional,2097,2352,314,1.0,314,random,4,314,0.1497377205531712,0.08227205990047548,42,0.1337579617834395,0.1337579617834395,-0.015979758769731706,272,0.8191565216453005,0.8309108235140886,0.7758318378928435,0.6515755530563156,0.01175430186878812,-0.043324683752457016
resp,n3000,1,384,0.001,directional,2097,2352,314,1.0,314,random,5,314,0.1497377205531712,0.08227205990047548,44,0.14012738853503184,0.14012738853503184,-0.00961033201813935,270,0.8191565216453005,0.8209810849087126,0.7712079620520056,0.6515755530563156,0.0018245632634120712,-0.047948559593294915
resp,n3000,1,384,0.001,directional,2097,2352,314,1.0,314,random,6,314,0.1497377205531712,0.08227205990047548,50,0.1592356687898089,0.1592356687898089,0.009497948236637715,264,0.8191565216453005,0.8196411426690704,0.7691238712057258,0.6515755530563156,0.00048462102376989336,-0.05003265043957472
resp,n3000,1,384,0.001,directional,2097,2352,314,1.0,314,random,7,314,0.1497377205531712,0.08227205990047548,54,0.17197452229299362,0.17197452229299362,0.022236801739822426,260,0.8191565216453005,0.8223039474630853,0.762332203420751,0.6515755530563156,0.0031474258177848213,-0.056824318224549475
resp,n3000,1,384,0.001,directional,2097,2352,314,1.0,314,random,8,314,0.1497377205531712,0.08227205990047548,40,0.12738853503184713,0.12738853503184713,-0.02234918552132406,274,0.8191565216453005,0.8232510785824283,0.7775233832315287,0.6515755530563156,0.004094556937127791,-0.04163313841377181
resp,n3000,1,384,0.001,directional,2097,2352,314,1.0,314,random,9,314,0.1497377205531712,0.08227205990047548,53,0.16878980891719744,0.16878980891719744,0.01905208836402625,261,0.8191565216453005,0.8124386817582717,0.7631018859242629,0.6515755530563156,-0.006717839887028787,-0.05605463572103764
resp,n3000,1,384,0.001,directional,2097,2352,314,2.0,628,top,-1,314,0.1497377205531712,0.08227205990047548,2,0.0031847133757961785,0.006369426751592357,-0.14655300717737502,312,0.8191565216453005,1.0997657330620882,0.8179976532410197,0.6515755530563156,0.28060921141678774,-0.0011588684042808106
resp,n3000,1,384,0.001,directional,2097,2352,314,2.0,628,bottom_oracle_diagnostic,-1,314,0.1497377205531712,0.08227205990047548,283,0.45063694267515925,0.9012738853503185,0.30089922212198805,31,0.8191565216453005,0.6612212494367373,0.6542999417983839,0.6515755530563156,-0.15793527220856318,-0.1648565798469166
resp,n3000,1,384,0.001,directional,2097,2352,314,2.0,628,two_tailed,-1,314,0.1497377205531712,0.08227205990047548,203,0.3232484076433121,0.6464968152866242,0.1735106870901409,111,0.8191565216453005,0.9024079939752753,0.6722549105361955,0.6515755530563156,0.08325147232997476,-0.14690161110910505
resp,n3000,1,384,0.001,directional,2097,2352,314,2.0,628,random,0,314,0.1497377205531712,0.08227205990047548,95,0.15127388535031847,0.30254777070063693,0.0015361647971472714,219,0.8191565216453005,0.8245996716272158,0.7329981694436073,0.6515755530563156,0.005443149981915307,-0.08615835220169321
resp,n3000,1,384,0.001,directional,2097,2352,314,2.0,628,random,1,314,0.1497377205531712,0.08227205990047548,98,0.15605095541401273,0.31210191082802546,0.006313234860841538,216,0.8191565216453005,0.8172711321361361,0.7287784262385415,0.6515755530563156,-0.0018853895091643924,-0.09037809540675901
resp,n3000,1,384,0.001,directional,2097,2352,314,2.0,628,random,2,314,0.1497377205531712,0.08227205990047548,102,0.1624203821656051,0.3248407643312102,0.012682661612433893,212,0.8191565216453005,0.8220388239565036,0.7262071205080843,0.6515755530563156,0.002882302311203122,-0.09294940113721617
resp,n3000,1,384,0.001,directional,2097,2352,314,2.0,628,random,3,314,0.1497377205531712,0.08227205990047548,75,0.11942675159235669,0.23885350318471338,-0.030310968960814505,239,0.8191565216453005,0.8284128348641339,0.7486901981861687,0.6515755530563156,0.009256313218833356,-0.07046632345913184
resp,n3000,1,384,0.001,directional,2097,2352,314,2.0,628,random,4,314,0.1497377205531712,0.08227205990047548,100,0.1592356687898089,0.3184713375796178,0.009497948236637715,214,0.8191565216453005,0.8235123873736491,0.7295716511548616,0.6515755530563156,0.0043558657283485624,-0.08958487049043895
resp,n3000,1,384,0.001,directional,2097,2352,314,2.0,628,random,5,314,0.1497377205531712,0.08227205990047548,91,0.1449044585987261,0.2898089171974522,-0.004833261954445084,223,0.8191565216453005,0.8231413849268371,0.7394329821688527,0.6515755530563156,0.003984863281536577,-0.07972353947644784
resp,n3000,1,384,0.001,directional,2097,2352,314,2.0,628,random,6,314,0.1497377205531712,0.08227205990047548,105,0.16719745222929935,0.3343949044585987,0.01745973167612816,209,0.8191565216453005,0.824027155457976,0.7290824704100085,0.6515755530563156,0.0048706338126754956,-0.090074051235292
resp,n3000,1,384,0.001,directional,2097,2352,314,2.0,628,random,7,314,0.1497377205531712,0.08227205990047548,103,0.16401273885350318,0.32802547770700635,0.014275018300331982,211,0.8191565216453005,0.8269510072761849,0.7315304754383207,0.6515755530563156,0.007794485630884362,-0.08762604620697978
resp,n3000,1,384,0.001,directional,2097,2352,314,2.0,628,random,8,314,0.1497377205531712,0.08227205990047548,85,0.13535031847133758,0.27070063694267515,-0.014387402081833617,229,0.8191565216453005,0.8235670058592224,0.7383685654861893,0.6515755530563156,0.0044104842139218725,-0.08078795615911116
resp,n3000,1,384,0.001,directional,2097,2352,314,2.0,628,random,9,314,0.1497377205531712,0.08227205990047548,89,0.14171974522292993,0.28343949044585987,-0.008017975330241262,225,0.8191565216453005,0.8217697020732255,0.741225765472653,0.6515755530563156,0.0026131804279250215,-0.07793075617264755
resp,n3000,2,384,0.001,directional,2099,2352,314,0.5,157,top,-1,314,0.14959504525964745,0.09525772092276401,0,0.0,0.0,-0.14959504525964745,314,0.8146085154540099,0.8959267721750224,0.8146085154540099,0.6503840806591553,0.08131825672101245,0.0
resp,n3000,2,384,0.001,directional,2099,2352,314,0.5,157,bottom_oracle_diagnostic,-1,314,0.14959504525964745,0.09525772092276401,109,0.6942675159235668,0.3471337579617834,0.5446724706639194,205,0.8146085154540099,0.7773745217135574,0.7084992401005864,0.6503840806591553,-0.03723399374045255,-0.10610927535342352
resp,n3000,2,384,0.001,directional,2099,2352,314,0.5,157,two_tailed,-1,314,0.14959504525964745,0.09525772092276401,61,0.3885350318471338,0.1942675159235669,0.23893998658748633,253,0.8146085154540099,0.8471672388580886,0.7387198510860877,0.6503840806591553,0.03255872340407873,-0.07588866436792219
resp,n3000,2,384,0.001,directional,2099,2352,314,0.5,157,random,0,314,0.14959504525964745,0.09525772092276401,21,0.1337579617834395,0.06687898089171974,-0.015837083476207964,293,0.8146085154540099,0.8195980781941564,0.7894405763515666,0.6503840806591553,0.004989562740146503,-0.025167939102443304
resp,n3000,2,384,0.001,directional,2099,2352,314,0.5,157,random,1,314,0.14959504525964745,0.09525772092276401,20,0.12738853503184713,0.06369426751592357,-0.02220651022780032,294,0.8146085154540099,0.8215013075420318,0.7915727253054061,0.6503840806591553,0.0068927920880218485,-0.023035790148603796
resp,n3000,2,384,0.001,directional,2099,2352,314,0.5,157,random,2,314,0.14959504525964745,0.09525772092276401,22,0.14012738853503184,0.07006369426751592,-0.009467656724615608,292,0.8146085154540099,0.8192978998660395,0.7912662571435237,0.6503840806591553,0.004689384412029596,-0.023342258310486197
resp,n3000,2,384,0.001,directional,2099,2352,314,0.5,157,random,3,314,0.14959504525964745,0.09525772092276401,24,0.15286624203821655,0.07643312101910828,0.003271196778569102,290,0.8146085154540099,0.8159992132775159,0.7892054391143221,0.6503840806591553,0.001390697823505982,-0.025403076339687858
resp,n3000,2,384,0.001,directional,2099,2352,314,0.5,157,random,4,314,0.14959504525964745,0.09525772092276401,21,0.1337579617834395,0.06687898089171974,-0.015837083476207964,293,0.8146085154540099,0.8165389638253207,0.789277647056092,0.6503840806591553,0.0019304483713107334,-0.02533086839791787
resp,n3000,2,384,0.001,directional,2099,2352,314,0.5,157,random,5,314,0.14959504525964745,0.09525772092276401,29,0.18471337579617833,0.09235668789808917,0.03511833053653088,285,0.8146085154540099,0.8158729536134111,0.7867444474262947,0.6503840806591553,0.0012644381594011378,-0.02786406802771524
resp,n3000,2,384,0.001,directional,2099,2352,314,0.5,157,random,6,314,0.14959504525964745,0.09525772092276401,21,0.1337579617834395,0.06687898089171974,-0.015837083476207964,293,0.8146085154540099,0.8135111309124642,0.7924486095261841,0.6503840806591553,-0.0010973845415457317,-0.022159905927825796
resp,n3000,2,384,0.001,directional,2099,2352,314,0.5,157,random,7,314,0.14959504525964745,0.09525772092276401,26,0.16560509554140126,0.08280254777070063,0.016010050281753813,288,0.8146085154540099,0.8137653237404558,0.7868882731995293,0.6503840806591553,-0.0008431917135540701,-0.027720242254480665
resp,n3000,2,384,0.001,directional,2099,2352,314,0.5,157,random,8,314,0.14959504525964745,0.09525772092276401,23,0.1464968152866242,0.0732484076433121,-0.003098229973023253,291,0.8146085154540099,0.8171504543697073,0.7885201290797162,0.6503840806591553,0.002541938915697428,-0.02608838637429367
resp,n3000,2,384,0.001,directional,2099,2352,314,0.5,157,random,9,314,0.14959504525964745,0.09525772092276401,23,0.1464968152866242,0.0732484076433121,-0.003098229973023253,291,0.8146085154540099,0.8117446255613622,0.7906737499834094,0.6503840806591553,-0.002863889892647742,-0.023934765470600472
resp,n3000,2,384,0.001,directional,2099,2352,314,1.0,314,top,-1,314,0.14959504525964745,0.09525772092276401,0,0.0,0.0,-0.14959504525964745,314,0.8146085154540099,0.9716304239335416,0.8146085154540099,0.6503840806591553,0.15702190847953168,0.0
resp,n3000,2,384,0.001,directional,2099,2352,314,1.0,314,bottom_oracle_diagnostic,-1,314,0.14959504525964745,0.09525772092276401,195,0.6210191082802548,0.6210191082802548,0.4714240630206073,119,0.8146085154540099,0.7166995707085869,0.6728765816721434,0.6503840806591553,-0.097908944745423,-0.14173193378186655
resp,n3000,2,384,0.001,directional,2099,2352,314,1.0,314,two_tailed,-1,314,0.14959504525964745,0.09525772092276401,109,0.3471337579617834,0.3471337579617834,0.19753871270213597,205,0.8146085154540099,0.8713775140681479,0.7084992401005864,0.6503840806591553,0.05676899861413798,-0.10610927535342352
resp,n3000,2,384,0.001,directional,2099,2352,314,1.0,314,random,0,314,0.14959504525964745,0.09525772092276401,49,0.15605095541401273,0.15605095541401273,0.00645591015436528,265,0.8146085154540099,0.8122709335749045,0.7640272045457642,0.6503840806591553,-0.002337581879105377,-0.05058131090824569
resp,n3000,2,384,0.001,directional,2099,2352,314,1.0,314,random,1,314,0.14959504525964745,0.09525772092276401,53,0.16878980891719744,0.16878980891719744,0.01919476365754999,261,0.8146085154540099,0.8203060124488937,0.7596430662055432,0.6503840806591553,0.005697496994883755,-0.05496544924846669
resp,n3000,2,384,0.001,directional,2099,2352,314,1.0,314,random,2,314,0.14959504525964745,0.09525772092276401,50,0.1592356687898089,0.1592356687898089,0.009640623530161457,264,0.8146085154540099,0.811821750768027,0.7672932316060382,0.6503840806591553,-0.0027867646859829343,-0.04731528384797168
resp,n3000,2,384,0.001,directional,2099,2352,314,1.0,314,random,3,314,0.14959504525964745,0.09525772092276401,48,0.15286624203821655,0.15286624203821655,0.003271196778569102,266,0.8146085154540099,0.8152133119426992,0.7616555816574905,0.6503840806591553,0.0006047964886892743,-0.05295293379651944
resp,n3000,2,384,0.001,directional,2099,2352,314,1.0,314,random,4,314,0.14959504525964745,0.09525772092276401,42,0.1337579617834395,0.1337579617834395,-0.015837083476207964,272,0.8146085154540099,0.824154262158865,0.7693723754806175,0.6503840806591553,0.009545746704855085,-0.045236139973392375
resp,n3000,2,384,0.001,directional,2099,2352,314,1.0,314,random,5,314,0.14959504525964745,0.09525772092276401,48,0.15286624203821655,0.15286624203821655,0.003271196778569102,266,0.8146085154540099,0.8129156457993245,0.7647941886509477,0.6503840806591553,-0.0016928696546854027,-0.04981432680306219
resp,n3000,2,384,0.001,directional,2099,2352,314,1.0,314,random,6,314,0.14959504525964745,0.09525772092276401,50,0.1592356687898089,0.1592356687898089,0.009640623530161457,264,0.8146085154540099,0.81554960790963,0.7642679367139888,0.6503840806591553,0.0009410924556201294,-0.05034057874002107
resp,n3000,2,384,0.001,directional,2099,2352,314,1.0,314,random,7,314,0.14959504525964745,0.09525772092276401,48,0.15286624203821655,0.15286624203821655,0.003271196778569102,266,0.8146085154540099,0.8151011994251893,0.7691194198255993,0.6503840806591553,0.0004926839711794084,-0.045489095628410636
resp,n3000,2,384,0.001,directional,2099,2352,314,1.0,314,random,8,314,0.14959504525964745,0.09525772092276401,49,0.15605095541401273,0.15605095541401273,0.00645591015436528,265,0.8146085154540099,0.8145430536549164,0.7634101003369614,0.6503840806591553,-6.546179909350247e-05,-0.05119841511704848
resp,n3000,2,384,0.001,directional,2099,2352,314,1.0,314,random,9,314,0.14959504525964745,0.09525772092276401,44,0.14012738853503184,0.14012738853503184,-0.009467656724615608,270,0.8146085154540099,0.8267899514268622,0.7691366645423727,0.6503840806591553,0.012181435972852261,-0.04547185091163719
resp,n3000,2,384,0.001,directional,2099,2352,314,2.0,628,top,-1,314,0.14959504525964745,0.09525772092276401,4,0.006369426751592357,0.012738853503184714,-0.1432256185080551,310,0.8146085154540099,1.1190197954084988,0.8122784852989275,0.6503840806591553,0.3044112799544889,-0.0023300301550823743
resp,n3000,2,384,0.001,directional,2099,2352,314,2.0,628,bottom_oracle_diagnostic,-1,314,0.14959504525964745,0.09525772092276401,273,0.43471337579617836,0.8694267515923567,0.2851183305365309,41,0.8146085154540099,0.6577053297274467,0.6547238022507629,0.6503840806591553,-0.15690318572656325,-0.15988471320324704
resp,n3000,2,384,0.001,directional,2099,2352,314,2.0,628,two_tailed,-1,314,0.14959504525964745,0.09525772092276401,195,0.3105095541401274,0.6210191082802548,0.16091450888047992,119,0.8146085154540099,0.9102866491809369,0.6728765816721434,0.6503840806591553,0.09567813372692702,-0.14173193378186655
resp,n3000,2,384,0.001,directional,2099,2352,314,2.0,628,random,0,314,0.14959504525964745,0.09525772092276401,87,0.13853503184713375,0.2770700636942675,-0.011060013412513697,227,0.8146085154540099,0.8183674970463809,0.7332568111937442,0.6503840806591553,0.00375898159237098,-0.08135170426026572
resp,n3000,2,384,0.001,directional,2099,2352,314,2.0,628,random,1,314,0.14959504525964745,0.09525772092276401,103,0.16401273885350318,0.32802547770700635,0.014417693593855724,211,0.8146085154540099,0.806134196885349,0.7264334147279952,0.6503840806591553,-0.008474318568660877,-0.08817510072601475
resp,n3000,2,384,0.001,directional,2099,2352,314,2.0,628,random,2,314,0.14959504525964745,0.09525772092276401,95,0.15127388535031847,0.30254777070063693,0.0016788400906710133,219,0.8146085154540099,0.8184224877994449,0.7300734633036206,0.6503840806591553,0.0038139723454350127,-0.08453505215038937
resp,n3000,2,384,0.001,directional,2099,2352,314,2.0,628,random,3,314,0.14959504525964745,0.09525772092276401,89,0.14171974522292993,0.28343949044585987,-0.00787530003671752,225,0.8146085154540099,0.8311753737450618,0.7308718444404185,0.6503840806591553,0.016566858291051867,-0.08373667101359139
resp,n3000,2,384,0.001,directional,2099,2352,314,2.0,628,random,4,314,0.14959504525964745,0.09525772092276401,101,0.160828025477707,0.321656050955414,0.011232980218059546,213,0.8146085154540099,0.8138991749216244,0.7205998412955154,0.6503840806591553,-0.0007093405323854718,-0.09400867415849457
resp,n3000,2,384,0.001,directional,2099,2352,314,2.0,628,random,5,314,0.14959504525964745,0.09525772092276401,90,0.14331210191082802,0.28662420382165604,-0.006282943348819431,224,0.8146085154540099,0.8172168362651087,0.7382059806859957,0.6503840806591553,0.002608320811098741,-0.07640253476801417
resp,n3000,2,384,0.001,directional,2099,2352,314,2.0,628,random,6,314,0.14959504525964745,0.09525772092276401,102,0.1624203821656051,0.3248407643312102,0.012825336905957635,212,0.8146085154540099,0.8144341717228301,0.724548738945417,0.6503840806591553,-0.00017434373117986013,-0.09005977650859287
resp,n3000,2,384,0.001,directional,2099,2352,314,2.0,628,random,7,314,0.14959504525964745,0.09525772092276401,77,0.12261146496815287,0.24522292993630573,-0.026983580291494585,237,0.8146085154540099,0.8250676518773891,0.743070695533358,0.6503840806591553,0.010459136423379145,-0.07153781992065189
resp,n3000,2,384,0.001,directional,2099,2352,314,2.0,628,random,8,314,0.14959504525964745,0.09525772092276401,106,0.16878980891719744,0.3375796178343949,0.01919476365754999,208,0.8146085154540099,0.8134546752984377,0.7203162421239159,0.6503840806591553,-0.0011538401555721833,-0.09429227333009405
resp,n3000,2,384,0.001,directional,2099,2352,314,2.0,628,random,9,314,0.14959504525964745,0.09525772092276401,91,0.1449044585987261,0.2898089171974522,-0.004690586660921342,223,0.8146085154540099,0.8248937664805194,0.7304073468050285,0.6503840806591553,0.010285251026509457,-0.08420116864898142
resp,n3000,3,384,0.001,directional,2098,2352,314,0.5,157,top,-1,314,0.14966634890371783,0.07614214104138699,0,0.0,0.0,-0.14966634890371783,314,0.8480037605234112,0.9491271392814264,0.8480037605234112,0.6564116862220956,0.10112337875801525,0.0
resp,n3000,3,384,0.001,directional,2098,2352,314,0.5,157,bottom_oracle_diagnostic,-1,314,0.14966634890371783,0.07614214104138699,109,0.6942675159235668,0.3471337579617834,0.544601167019849,205,0.8480037605234112,0.8057544889517085,0.7230549704763122,0.6564116862220956,-0.04224927157170266,-0.12494879004709902
resp,n3000,3,384,0.001,directional,2098,2352,314,0.5,157,two_tailed,-1,314,0.14966634890371783,0.07614214104138699,57,0.3630573248407643,0.18152866242038215,0.21339097593704648,257,0.8480037605234112,0.8884348871255169,0.759722668351645,0.6564116862220956,0.04043112660210568,-0.08828109217176616
resp,n3000,3,384,0.001,directional,2098,2352,314,0.5,157,random,0,314,0.14966634890371783,0.07614214104138699,23,0.1464968152866242,0.0732484076433121,-0.0031695336170936284,291,0.8480037605234112,0.8488571236402814,0.8177224214416922,0.6564116862220956,0.0008533631168702316,-0.03028133908171904
resp,n3000,3,384,0.001,directional,2098,2352,314,0.5,157,random,1,314,0.14966634890371783,0.07614214104138699,28,0.17834394904458598,0.08917197452229299,0.028677600140868148,286,0.8480037605234112,0.8447612853789509,0.8140594000148588,0.6564116862220956,-0.0032424751444602995,-0.03394436050855243
resp,n3000,3,384,0.001,directional,2098,2352,314,0.5,157,random,2,314,0.14966634890371783,0.07614214104138699,23,0.1464968152866242,0.0732484076433121,-0.0031695336170936284,291,0.8480037605234112,0.852630603062459,0.8218207596042216,0.6564116862220956,0.004626842539047771,-0.02618300091918957
resp,n3000,3,384,0.001,directional,2098,2352,314,0.5,157,random,3,314,0.14966634890371783,0.07614214104138699,22,0.14012738853503184,0.07006369426751592,-0.009538960368685984,292,0.8480037605234112,0.8449405293024432,0.8184691202802541,0.6564116862220956,-0.0030632312209679657,-0.029534640243157106
resp,n3000,3,384,0.001,directional,2098,2352,314,0.5,157,random,4,314,0.14966634890371783,0.07614214104138699,23,0.1464968152866242,0.0732484076433121,-0.0031695336170936284,291,0.8480037605234112,0.8510590078217695,0.8215007078150651,0.6564116862220956,0.0030552472983582657,-0.026503052708346075
resp,n3000,3,384,0.001,directional,2098,2352,314,0.5,157,random,5,314,0.14966634890371783,0.07614214104138699,26,0.16560509554140126,0.08280254777070063,0.015938746637683437,288,0.8480037605234112,0.8533292125354186,0.8143832186722183,0.6564116862220956,0.005325452012007403,-0.0336205418511929
resp,n3000,3,384,0.001,directional,2098,2352,314,0.5,157,random,6,314,0.14966634890371783,0.07614214104138699,26,0.16560509554140126,0.08280254777070063,0.015938746637683437,288,0.8480037605234112,0.8457796493819776,0.8192231623394491,0.6564116862220956,-0.0022241111414336157,-0.02878059818396206
resp,n3000,3,384,0.001,directional,2098,2352,314,0.5,157,random,7,314,0.14966634890371783,0.07614214104138699,24,0.15286624203821655,0.07643312101910828,0.003199893134498727,290,0.8480037605234112,0.843178229921931,0.8175366413426864,0.6564116862220956,-0.004825530601480166,-0.030467119180724755
resp,n3000,3,384,0.001,directional,2098,2352,314,0.5,157,random,8,314,0.14966634890371783,0.07614214104138699,29,0.18471337579617833,0.09235668789808917,0.0350470268924605,285,0.8480037605234112,0.8457508618329166,0.8094542114726597,0.6564116862220956,-0.002252898690494609,-0.038549549050751475
resp,n3000,3,384,0.001,directional,2098,2352,314,0.5,157,random,9,314,0.14966634890371783,0.07614214104138699,18,0.11464968152866242,0.05732484076433121,-0.035016667375055405,296,0.8480037605234112,0.8489320051729043,0.8245432250842939,0.6564116862220956,0.0009282446494931484,-0.023460535439117303
resp,n3000,3,384,0.001,directional,2098,2352,314,1.0,314,top,-1,314,0.14966634890371783,0.07614214104138699,0,0.0,0.0,-0.14966634890371783,314,0.8480037605234112,1.0382582143860335,0.8480037605234112,0.6564116862220956,0.1902544538626223,0.0
resp,n3000,3,384,0.001,directional,2098,2352,314,1.0,314,bottom_oracle_diagnostic,-1,314,0.14966634890371783,0.07614214104138699,194,0.6178343949044586,0.6178343949044586,0.46816804600074075,120,0.8480037605234112,0.7395292797025522,0.683315304428122,0.6564116862220956,-0.10847448082085898,-0.16468845609528915
resp,n3000,3,384,0.001,directional,2098,2352,314,1.0,314,two_tailed,-1,314,0.14966634890371783,0.07614214104138699,109,0.3471337579617834,0.3471337579617834,0.1974674090580656,205,0.8480037605234112,0.9227432510873051,0.7230549704763122,0.6564116862220956,0.07473949056389395,-0.12494879004709902
resp,n3000,3,384,0.001,directional,2098,2352,314,1.0,314,random,0,314,0.14966634890371783,0.07614214104138699,52,0.16560509554140126,0.16560509554140126,0.015938746637683437,262,0.8480037605234112,0.851201815936305,0.7903802094808737,0.6564116862220956,0.003198055412893752,-0.05762355104253747
resp,n3000,3,384,0.001,directional,2098,2352,314,1.0,314,random,1,314,0.14966634890371783,0.07614214104138699,38,0.12101910828025478,0.12101910828025478,-0.02864724062346305,276,0.8480037605234112,0.8553144867243839,0.8039013123307845,0.6564116862220956,0.007310726200972728,-0.04410244819262665
resp,n3000,3,384,0.001,directional,2098,2352,314,1.0,314,random,2,314,0.14966634890371783,0.07614214104138699,49,0.15605095541401273,0.15605095541401273,0.0063846065102949046,265,0.8480037605234112,0.8578714987390519,0.789052622659324,0.6564116862220956,0.009867738215640687,-0.05895113786408723
resp,n3000,3,384,0.001,directional,2098,2352,314,1.0,314,random,3,314,0.14966634890371783,0.07614214104138699,40,0.12738853503184713,0.12738853503184713,-0.022277813871870694,274,0.8480037605234112,0.8513324353762698,0.79842254884332,0.6564116862220956,0.003328674852858593,-0.04958121168009122
resp,n3000,3,384,0.001,directional,2098,2352,314,1.0,314,random,4,314,0.14966634890371783,0.07614214104138699,41,0.1305732484076433,0.1305732484076433,-0.019093100496074517,273,0.8480037605234112,0.8547881131908415,0.7992882324407232,0.6564116862220956,0.006784352667430271,-0.048715528082687976
resp,n3000,3,384,0.001,directional,2098,2352,314,1.0,314,random,5,314,0.14966634890371783,0.07614214104138699,44,0.14012738853503184,0.14012738853503184,-0.009538960368685984,270,0.8480037605234112,0.851377437484409,0.8037245675526722,0.6564116862220956,0.0033736769609977735,-0.04427919297073901
resp,n3000,3,384,0.001,directional,2098,2352,314,1.0,314,random,6,314,0.14966634890371783,0.07614214104138699,59,0.18789808917197454,0.18789808917197454,0.03823174026825671,255,0.8480037605234112,0.8454540482724862,0.7830870772876938,0.6564116862220956,-0.0025497122509250403,-0.06491668323571742
resp,n3000,3,384,0.001,directional,2098,2352,314,1.0,314,random,7,314,0.14966634890371783,0.07614214104138699,41,0.1305732484076433,0.1305732484076433,-0.019093100496074517,273,0.8480037605234112,0.8540861522066162,0.8017672573484051,0.6564116862220956,0.006082391683205013,-0.04623650317500605
resp,n3000,3,384,0.001,directional,2098,2352,314,1.0,314,random,8,314,0.14966634890371783,0.07614214104138699,45,0.14331210191082802,0.14331210191082802,-0.006354246992889806,269,0.8480037605234112,0.8468391537085613,0.794412396164579,0.6564116862220956,-0.0011646068148498667,-0.05359136435883216
resp,n3000,3,384,0.001,directional,2098,2352,314,1.0,314,random,9,314,0.14966634890371783,0.07614214104138699,44,0.14012738853503184,0.14012738853503184,-0.009538960368685984,270,0.8480037605234112,0.8530166646599401,0.7918993424680284,0.6564116862220956,0.005012904136528884,-0.0561044180553828
resp,n3000,3,384,0.001,directional,2098,2352,314,2.0,628,top,-1,314,0.14966634890371783,0.07614214104138699,0,0.0,0.0,-0.14966634890371783,314,0.8480037605234112,1.1961414418559637,0.8480037605234112,0.6564116862220956,0.3481376813325525,0.0
resp,n3000,3,384,0.001,directional,2098,2352,314,2.0,628,bottom_oracle_diagnostic,-1,314,0.14966634890371783,0.07614214104138699,286,0.4554140127388535,0.910828025477707,0.3057476638351357,28,0.8480037605234112,0.6538453986740854,0.6599091811612285,0.6564116862220956,-0.19415836184932578,-0.18809457936218266
resp,n3000,3,384,0.001,directional,2098,2352,314,2.0,628,two_tailed,-1,314,0.14966634890371783,0.07614214104138699,194,0.3089171974522293,0.6178343949044586,0.15925084854851146,120,0.8480037605234112,0.975659348781274,0.683315304428122,0.6564116862220956,0.12765558825786283,-0.16468845609528915
resp,n3000,3,384,0.001,directional,2098,2352,314,2.0,628,random,0,314,0.14966634890371783,0.07614214104138699,98,0.15605095541401273,0.31210191082802546,0.0063846065102949046,216,0.8480037605234112,0.8441299757121946,0.7472195923199478,0.6564116862220956,-0.003873784811216585,-0.10078416820346336
resp,n3000,3,384,0.001,directional,2098,2352,314,2.0,628,random,1,314,0.14966634890371783,0.07614214104138699,99,0.15764331210191082,0.31528662420382164,0.007976963198192993,215,0.8480037605234112,0.8656219660915381,0.7486152781265216,0.6564116862220956,0.017618205568126877,-0.09938848239688958
resp,n3000,3,384,0.001,directional,2098,2352,314,2.0,628,random,2,314,0.14966634890371783,0.07614214104138699,84,0.1337579617834395,0.267515923566879,-0.01590838712027834,230,0.8480037605234112,0.8454306954028595,0.7609458160088086,0.6564116862220956,-0.0025730651205516653,-0.08705794451460258
resp,n3000,3,384,0.001,directional,2098,2352,314,2.0,628,random,3,314,0.14966634890371783,0.07614214104138699,78,0.12420382165605096,0.2484076433121019,-0.025462527247666872,236,0.8480037605234112,0.8647319475288283,0.7671493323231855,0.6564116862220956,0.016728187005417117,-0.0808544282002257
resp,n3000,3,384,0.001,directional,2098,2352,314,2.0,628,random,4,314,0.14966634890371783,0.07614214104138699,93,0.1480891719745223,0.2961783439490446,-0.0015771769291955395,221,0.8480037605234112,0.847588473370574,0.7530095034448061,0.6564116862220956,-0.0004152871528372293,-0.0949942570786051
resp,n3000,3,384,0.001,directional,2098,2352,314,2.0,628,random,5,314,0.14966634890371783,0.07614214104138699,96,0.15286624203821655,0.3057324840764331,0.003199893134498727,218,0.8480037605234112,0.8590617092573575,0.7468330729496854,0.6564116862220956,0.011057948733946277,-0.10117068757372583
resp,n3000,3,384,0.001,directional,2098,2352,314,2.0,628,random,6,314,0.14966634890371783,0.07614214104138699,96,0.15286624203821655,0.3057324840764331,0.003199893134498727,218,0.8480037605234112,0.8569843407420707,0.7501499696473215,0.6564116862220956,0.00898058021865955,-0.0978537908760897
resp,n3000,3,384,0.001,directional,2098,2352,314,2.0,628,random,7,314,0.14966634890371783,0.07614214104138699,98,0.15605095541401273,0.31210191082802546,0.0063846065102949046,216,0.8480037605234112,0.8565252168283559,0.7463129945136897,0.6564116862220956,0.008521456304944719,-0.10169076600972149
resp,n3000,3,384,0.001,directional,2098,2352,314,2.0,628,random,8,314,0.14966634890371783,0.07614214104138699,93,0.1480891719745223,0.2961783439490446,-0.0015771769291955395,221,0.8480037605234112,0.863219217243805,0.7503470585440689,0.6564116862220956,0.015215456720393816,-0.09765670197934229
resp,n3000,3,384,0.001,directional,2098,2352,314,2.0,628,random,9,314,0.14966634890371783,0.07614214104138699,91,0.1449044585987261,0.2898089171974522,-0.004761890304991717,223,0.8480037605234112,0.856186813224921,0.7516271128101026,0.6564116862220956,0.008183052701509763,-0.09637664771330856
resp,n3000,4,384,0.001,directional,2099,2352,314,0.5,157,top,-1,314,0.14959504525964745,0.24397402273011115,0,0.0,0.0,-0.14959504525964745,314,0.729035120025714,0.7721313471970134,0.729035120025714,0.6498238928423653,0.04309622717129935,0.0
resp,n3000,4,384,0.001,directional,2099,2352,314,0.5,157,bottom_oracle_diagnostic,-1,314,0.14959504525964745,0.24397402273011115,34,0.21656050955414013,0.10828025477707007,0.06696546429449268,280,0.729035120025714,0.7301122297889221,0.6861994166909154,0.6498238928423653,0.0010771097632080728,-0.04283570333479858
resp,n3000,4,384,0.001,directional,2099,2352,314,0.5,157,two_tailed,-1,314,0.14959504525964745,0.24397402273011115,15,0.09554140127388536,0.04777070063694268,-0.054053643985762095,299,0.729035120025714,0.7541463331335228,0.7023224424155425,0.6498238928423653,0.025111213107808728,-0.026712677610171487
resp,n3000,4,384,0.001,directional,2099,2352,314,0.5,157,random,0,314,0.14959504525964745,0.24397402273011115,29,0.18471337579617833,0.09235668789808917,0.03511833053653088,285,0.729035120025714,0.7301632607198326,0.709606526531156,0.6498238928423653,0.0011281406941185956,-0.019428593494558055
resp,n3000,4,384,0.001,directional,2099,2352,314,0.5,157,random,1,314,0.14959504525964745,0.24397402273011115,24,0.15286624203821655,0.07643312101910828,0.003271196778569102,290,0.729035120025714,0.7281740128820756,0.7135688663262968,0.6498238928423653,-0.0008611071436384066,-0.015466253699417232
resp,n3000,4,384,0.001,directional,2099,2352,314,0.5,157,random,2,314,0.14959504525964745,0.24397402273011115,15,0.09554140127388536,0.04777070063694268,-0.054053643985762095,299,0.729035120025714,0.7328711097996602,0.7190241012735077,0.6498238928423653,0.003835989773946169,-0.010011018752206335
resp,n3000,4,384,0.001,directional,2099,2352,314,0.5,157,random,3,314,0.14959504525964745,0.24397402273011115,25,0.1592356687898089,0.07961783439490445,0.009640623530161457,289,0.729035120025714,0.7283801446053901,0.714919650032429,0.6498238928423653,-0.0006549754203238889,-0.014115469993285057
resp,n3000,4,384,0.001,directional,2099,2352,314,0.5,157,random,4,314,0.14959504525964745,0.24397402273011115,16,0.10191082802547771,0.050955414012738856,-0.04768421723416974,298,0.729035120025714,0.7297073495823017,0.7201350280827721,0.6498238928423653,0.0006722295565876335,-0.008900091942941946
resp,n3000,4,384,0.001,directional,2099,2352,314,0.5,157,random,5,314,0.14959504525964745,0.24397402273011115,22,0.14012738853503184,0.07006369426751592,-0.009467656724615608,292,0.729035120025714,0.7299957539502221,0.7107595184492337,0.6498238928423653,0.0009606339245080697,-0.018275601576480338
resp,n3000,4,384,0.001,directional,2099,2352,314,0.5,157,random,6,314,0.14959504525964745,0.24397402273011115,21,0.1337579617834395,0.06687898089171974,-0.015837083476207964,293,0.729035120025714,0.7272036333913665,0.712258499458466,0.6498238928423653,-0.0018314866343475122,-0.016776620567248046
resp,n3000,4,384,0.001,directional,2099,2352,314,0.5,157,random,7,314,0.14959504525964745,0.24397402273011115,21,0.1337579617834395,0.06687898089171974,-0.015837083476207964,293,0.729035120025714,0.7288232158253589,0.7149740492770589,0.6498238928423653,-0.00021190420035510638,-0.014061070748655147
resp,n3000,4,384,0.001,directional,2099,2352,314,0.5,157,random,8,314,0.14959504525964745,0.24397402273011115,28,0.17834394904458598,0.08917197452229299,0.028748903784938523,286,0.729035120025714,0.7291111371937331,0.7080318829940432,0.6498238928423653,7.601716801908243e-05,-0.02100323703167084
resp,n3000,4,384,0.001,directional,2099,2352,314,0.5,157,random,9,314,0.14959504525964745,0.24397402273011115,21,0.1337579617834395,0.06687898089171974,-0.015837083476207964,293,0.729035120025714,0.7313283652808082,0.714264782575311,0.6498238928423653,0.002293245255094223,-0.014770337450403015
resp,n3000,4,384,0.001,directional,2099,2352,314,1.0,314,top,-1,314,0.14959504525964745,0.24397402273011115,0,0.0,0.0,-0.14959504525964745,314,0.729035120025714,0.7982778161908076,0.729035120025714,0.6498238928423653,0.0692426961650936,0.0
resp,n3000,4,384,0.001,directional,2099,2352,314,1.0,314,bottom_oracle_diagnostic,-1,314,0.14959504525964745,0.24397402273011115,76,0.24203821656050956,0.24203821656050956,0.0924431713008621,238,0.729035120025714,0.7252374164892096,0.6651056596139296,0.6498238928423653,-0.0037977035365044376,-0.06392946041178438
resp,n3000,4,384,0.001,directional,2099,2352,314,1.0,314,two_tailed,-1,314,0.14959504525964745,0.24397402273011115,34,0.10828025477707007,0.10828025477707007,-0.041314790482577385,280,0.729035120025714,0.7784072713809721,0.6861994166909154,0.6498238928423653,0.049372151355258076,-0.04283570333479858
resp,n3000,4,384,0.001,directional,2099,2352,314,1.0,314,random,0,314,0.14959504525964745,0.24397402273011115,47,0.14968152866242038,0.14968152866242038,8.648340277292443e-05,267,0.729035120025714,0.7293357514274812,0.7012115212855619,0.6498238928423653,0.00030063140176717074,-0.027823598740152167
resp,n3000,4,384,0.001,directional,2099,2352,314,1.0,314,random,1,314,0.14959504525964745,0.24397402273011115,52,0.16560509554140126,0.16560509554140126,0.016010050281753813,262,0.729035120025714,0.7295366087743735,0.6968899777456483,0.6498238928423653,0.0005014887486595176,-0.03214514228006571
resp,n3000,4,384,0.001,directional,2099,2352,314,1.0,314,random,2,314,0.14959504525964745,0.24397402273011115,44,0.14012738853503184,0.14012738853503184,-0.009467656724615608,270,0.729035120025714,0.7339593196822225,0.7024043625804403,0.6498238928423653,0.004924199656508477,-0.026630757445273767
resp,n3000,4,384,0.001,directional,2099,2352,314,1.0,314,random,3,314,0.14959504525964745,0.24397402273011115,49,0.15605095541401273,0.15605095541401273,0.00645591015436528,265,0.729035120025714,0.7316027392465863,0.6971943089158007,0.6498238928423653,0.0025676192208722304,-0.031840811109913325
resp,n3000,4,384,0.001,directional,2099,2352,314,1.0,314,random,4,314,0.14959504525964745,0.24397402273011115,43,0.13694267515923567,0.13694267515923567,-0.012652370100411786,271,0.729035120025714,0.7278313166881433,0.7017330292094108,0.6498238928423653,-0.0012038033375707524,-0.027302090816303193
resp,n3000,4,384,0.001,directional,2099,2352,314,1.0,314,random,5,314,0.14959504525964745,0.24397402273011115,53,0.16878980891719744,0.16878980891719744,0.01919476365754999,261,0.729035120025714,0.7295420738334732,0.7022880124211838,0.6498238928423653,0.000506953807759225,-0.02674710760453025
resp,n3000,4,384,0.001,directional,2099,2352,314,1.0,314,random,6,314,0.14959504525964745,0.24397402273011115,42,0.1337579617834395,0.1337579617834395,-0.015837083476207964,272,0.729035120025714,0.7270087537471235,0.7026379378584336,0.6498238928423653,-0.002026366278590541,-0.026397182167280375
resp,n3000,4,384,0.001,directional,2099,2352,314,1.0,314,random,7,314,0.14959504525964745,0.24397402273011115,46,0.1464968152866242,0.1464968152866242,-0.003098229973023253,268,0.729035120025714,0.7276063970102659,0.7004627475231633,0.6498238928423653,-0.0014287230154481634,-0.028572372502550736
resp,n3000,4,384,0.001,directional,2099,2352,314,1.0,314,random,8,314,0.14959504525964745,0.24397402273011115,41,0.1305732484076433,0.1305732484076433,-0.01902179685200414,273,0.729035120025714,0.7297773151132413,0.698873112854301,0.6498238928423653,0.0007421950875272643,-0.03016200717141304
resp,n3000,4,384,0.001,directional,2099,2352,314,1.0,314,random,9,314,0.14959504525964745,0.24397402273011115,46,0.1464968152866242,0.1464968152866242,-0.003098229973023253,268,0.729035120025714,0.7303037924046589,0.7031127926986771,0.6498238928423653,0.0012686723789449017,-0.02592232732703692
resp,n3000,4,384,0.001,directional,2099,2352,314,2.0,628,top,-1,314,0.14959504525964745,0.24397402273011115,0,0.0,0.0,-0.14959504525964745,314,0.729035120025714,0.825920835043472,0.729035120025714,0.6498238928423653,0.096885715017758,0.0
resp,n3000,4,384,0.001,directional,2099,2352,314,2.0,628,bottom_oracle_diagnostic,-1,314,0.14959504525964745,0.24397402273011115,168,0.267515923566879,0.535031847133758,0.11792087830723152,146,0.729035120025714,0.6961564796152472,0.6504819867161428,0.6498238928423653,-0.03287864041046684,-0.07855313330957125
resp,n3000,4,384,0.001,directional,2099,2352,314,2.0,628,two_tailed,-1,314,0.14959504525964745,0.24397402273011115,76,0.12101910828025478,0.24203821656050956,-0.028575936979392674,238,0.729035120025714,0.8141902468441486,0.6651056596139296,0.6498238928423653,0.08515512681843462,-0.06392946041178438
resp,n3000,4,384,0.001,directional,2099,2352,314,2.0,628,random,0,314,0.14959504525964745,0.24397402273011115,107,0.17038216560509553,0.34076433121019106,0.02078712034544808,207,0.729035120025714,0.7344014009981098,0.6777905284645873,0.6498238928423653,0.005366280972395776,-0.05124459156112671
resp,n3000,4,384,0.001,directional,2099,2352,314,2.0,628,random,1,314,0.14959504525964745,0.24397402273011115,109,0.1735668789808917,0.3471337579617834,0.023971833721244257,205,0.729035120025714,0.725893451610429,0.6772420832300005,0.6498238928423653,-0.0031416684152850705,-0.051793036795713565
resp,n3000,4,384,0.001,directional,2099,2352,314,2.0,628,random,2,314,0.14959504525964745,0.24397402273011115,83,0.1321656050955414,0.2643312101910828,-0.017429440164106053,231,0.729035120025714,0.7345122056071579,0.6856835103339264,0.6498238928423653,0.005477085581443886,-0.04335160969178764
resp,n3000,4,384,0.001,directional,2099,2352,314,2.0,628,random,3,314,0.14959504525964745,0.24397402273011115,90,0.14331210191082802,0.28662420382165604,-0.006282943348819431,224,0.729035120025714,0.7378930825249129,0.6847742630007274,0.6498238928423653,0.008857962499198901,-0.04426085702498661
resp,n3000,4,384,0.001,directional,2099,2352,314,2.0,628,random,4,314,0.14959504525964745,0.24397402273011115,96,0.15286624203821655,0.3057324840764331,0.003271196778569102,218,0.729035120025714,0.7297611761412123,0.6802739048901588,0.6498238928423653,0.0007260561154982526,-0.0487612151355552
resp,n3000,4,384,0.001,directional,2099,2352,314,2.0,628,random,5,314,0.14959504525964745,0.24397402273011115,89,0.14171974522292993,0.28343949044585987,-0.00787530003671752,225,0.729035120025714,0.7343211716906489,0.6790951899026159,0.6498238928423653,0.005286051664934899,-0.049939930123098164
resp,n3000,4,384,0.001,directional,2099,2352,314,2.0,628,random,6,314,0.14959504525964745,0.24397402273011115,89,0.14171974522292993,0.28343949044585987,-0.00787530003671752,225,0.729035120025714,0.7268838908190662,0.6802562706465491,0.6498238928423653,-0.0021512292066477867,-0.04877884937916488
resp,n3000,4,384,0.001,directional,2099,2352,314,2.0,628,random,7,314,0.14959504525964745,0.24397402273011115,88,0.14012738853503184,0.2802547770700637,-0.009467656724615608,226,0.729035120025714,0.7335369287467547,0.6831071177264325,0.6498238928423653,0.004501808721040668,-0.04592800229928151
resp,n3000,4,384,0.001,directional,2099,2352,314,2.0,628,random,8,314,0.14959504525964745,0.24397402273011115,83,0.1321656050955414,0.2643312101910828,-0.017429440164106053,231,0.729035120025714,0.7349020431947622,0.6854756150925885,0.6498238928423653,0.005866923169048133,-0.04355950493312555
resp,n3000,4,384,0.001,directional,2099,2352,314,2.0,628,random,9,314,0.14959504525964745,0.24397402273011115,96,0.15286624203821655,0.3057324840764331,0.003271196778569102,218,0.729035120025714,0.7276413264535728,0.6834696836526224,0.6498238928423653,-0.0013937935721411998,-0.04556543637309163
resp,n3000,0,384,0.001,margin_targeted,2098,2352,314,0.5,157,top,-1,314,0.14966634890371783,0.5933224557996059,0,0.0,0.0,-0.14966634890371783,314,0.6565391960565354,0.6767357037252313,0.6565391960565354,0.6526373070649787,0.02019650766869585,0.0
resp,n3000,0,384,0.001,margin_targeted,2098,2352,314,0.5,157,bottom_oracle_diagnostic,-1,314,0.14966634890371783,0.5933224557996059,0,0.0,0.0,-0.14966634890371783,314,0.6565391960565354,0.6592991675940556,0.6565391960565354,0.6526373070649787,0.0027599715375201672,0.0
resp,n3000,0,384,0.001,margin_targeted,2098,2352,314,0.5,157,two_tailed,-1,314,0.14966634890371783,0.5933224557996059,0,0.0,0.0,-0.14966634890371783,314,0.6565391960565354,0.663506770320235,0.6565391960565354,0.6526373070649787,0.006967574263699539,0.0
resp,n3000,0,384,0.001,margin_targeted,2098,2352,314,0.5,157,random,0,314,0.14966634890371783,0.5933224557996059,19,0.12101910828025478,0.06050955414012739,-0.02864724062346305,295,0.6565391960565354,0.6573746683230929,0.656611259995416,0.6526373070649787,0.0008354722665574466,7.206393888059548e-05
resp,n3000,0,384,0.001,margin_targeted,2098,2352,314,0.5,157,random,1,314,0.14966634890371783,0.5933224557996059,32,0.20382165605095542,0.10191082802547771,0.0541553071472376,282,0.6565391960565354,0.6556102377194094,0.6564318917768656,0.6526373070649787,-0.000928958337126029,-0.0001073042796698731
resp,n3000,0,384,0.001,margin_targeted,2098,2352,314,0.5,157,random,2,314,0.14966634890371783,0.5933224557996059,22,0.14012738853503184,0.07006369426751592,-0.009538960368685984,292,0.6565391960565354,0.6579035495456357,0.6573072412065211,0.6526373070649787,0.0013643534891002451,0.00076804514998563
resp,n3000,0,384,0.001,margin_targeted,2098,2352,314,0.5,157,random,3,314,0.14966634890371783,0.5933224557996059,16,0.10191082802547771,0.050955414012738856,-0.047755520878240115,298,0.6565391960565354,0.6583937010789326,0.6564824437839515,0.6526373070649787,0.001854505022397146,-5.675227258394866e-05
resp,n3000,0,384,0.001,margin_targeted,2098,2352,314,0.5,157,random,4,314,0.14966634890371783,0.5933224557996059,26,0.16560509554140126,0.08280254777070063,0.015938746637683437,288,0.6565391960565354,0.6595301234901914,0.6557535336672917,0.6526373070649787,0.002990927433655921,-0.0007856623892437131
resp,n3000,0,384,0.001,margin_targeted,2098,2352,314,0.5,157,random,5,314,0.14966634890371783,0.5933224557996059,21,0.1337579617834395,0.06687898089171974,-0.01590838712027834,293,0.6565391960565354,0.6591081872193069,0.656072606865483,0.6526373070649787,0.002568991162771428,-0.0004665891910524689
resp,n3000,0,384,0.001,margin_targeted,2098,2352,314,0.5,157,random,6,314,0.14966634890371783,0.5933224557996059,16,0.10191082802547771,0.050955414012738856,-0.047755520878240115,298,0.6565391960565354,0.6588515673034622,0.6562249161570133,0.6526373070649787,0.0023123712469267366,-0.00031427989952215185
resp,n3000,0,384,0.001,margin_targeted,2098,2352,314,0.5,157,random,7,314,0.14966634890371783,0.5933224557996059,21,0.1337579617834395,0.06687898089171974,-0.01590838712027834,293,0.6565391960565354,0.6556699996901917,0.6560215139951581,0.6526373070649787,-0.0008691963663437496,-0.0005176820613773669
resp,n3000,0,384,0.001,margin_targeted,2098,2352,314,0.5,157,random,8,314,0.14966634890371783,0.5933224557996059,17,0.10828025477707007,0.054140127388535034,-0.04138609412664776,297,0.6565391960565354,0.6560655669782455,0.6558279697031562,0.6526373070649787,-0.00047362907828996104,-0.0007112263533792795
resp,n3000,0,384,0.001,margin_targeted,2098,2352,314,0.5,157,random,9,314,0.14966634890371783,0.5933224557996059,31,0.19745222929936307,0.09872611464968153,0.04778588039564524,283,0.6565391960565354,0.6580083510805189,0.6556756354835966,0.6526373070649787,0.0014691550239834816,-0.000863560572938793
resp,n3000,0,384,0.001,margin_targeted,2098,2352,314,1.0,314,top,-1,314,0.14966634890371783,0.5933224557996059,5,0.01592356687898089,0.01592356687898089,-0.13374278202473694,309,0.6565391960565354,0.7059842974707422,0.6569136823098433,0.6526373070649787,0.04944510141420677,0.00037448625330782637
resp,n3000,0,384,0.001,margin_targeted,2098,2352,314,1.0,314,bottom_oracle_diagnostic,-1,314,0.14966634890371783,0.5933224557996059,0,0.0,0.0,-0.14966634890371783,314,0.6565391960565354,0.6708229607719142,0.6565391960565354,0.6526373070649787,0.014283764715378733,0.0
resp,n3000,0,384,0.001,margin_targeted,2098,2352,314,1.0,314,two_tailed,-1,314,0.14966634890371783,0.5933224557996059,0,0.0,0.0,-0.14966634890371783,314,0.6565391960565354,0.6734666844319838,0.6565391960565354,0.6526373070649787,0.01692748837544833,0.0
resp,n3000,0,384,0.001,margin_targeted,2098,2352,314,1.0,314,random,0,314,0.14966634890371783,0.5933224557996059,34,0.10828025477707007,0.10828025477707007,-0.04138609412664776,280,0.6565391960565354,0.65510062376137,0.6558688128839508,0.6526373070649787,-0.001438572295165419,-0.0006703831725846099
resp,n3000,0,384,0.001,margin_targeted,2098,2352,314,1.0,314,random,1,314,0.14966634890371783,0.5933224557996059,32,0.10191082802547771,0.10191082802547771,-0.047755520878240115,282,0.6565391960565354,0.6579209982172927,0.657186987030557,0.6526373070649787,0.0013818021607572284,0.000647790974021567
resp,n3000,0,384,0.001,margin_targeted,2098,2352,314,1.0,314,random,2,314,0.14966634890371783,0.5933224557996059,37,0.1178343949044586,0.1178343949044586,-0.03183195399925923,277,0.6565391960565354,0.6587507058079127,0.6558154672488454,0.6526373070649787,0.002211509751377294,-0.000723728807690005
resp,n3000,0,384,0.001,margin_targeted,2098,2352,314,1.0,314,random,3,314,0.14966634890371783,0.5933224557996059,54,0.17197452229299362,0.17197452229299362,0.022308173389275793,260,0.6565391960565354,0.6595692700265614,0.6580043601904155,0.6526373070649787,0.0030300739700259705,0.0014651641338800925
resp,n3000,0,384,0.001,margin_targeted,2098,2352,314,1.0,314,random,4,314,0.14966634890371783,0.5933224557996059,45,0.14331210191082802,0.14331210191082802,-0.006354246992889806,269,0.6565391960565354,0.6551050858828928,0.652610320119117,0.6526373070649787,-0.0014341101736425887,-0.003928875937418419
resp,n3000,0,384,0.001,margin_targeted,2098,2352,314,1.0,314,random,5,314,0.14966634890371783,0.5933224557996059,53,0.16878980891719744,0.16878980891719744,0.019123460013479615,261,0.6565391960565354,0.6592730478935876,0.6555086286126094,0.6526373070649787,0.0027338518370522147,-0.0010305674439260448
resp,n3000,0,384,0.001,margin_targeted,2098,2352,314,1.0,314,random,6,314,0.14966634890371783,0.5933224557996059,40,0.12738853503184713,0.12738853503184713,-0.022277813871870694,274,0.6565391960565354,0.657716828898437,0.6549170812587429,0.6526373070649787,0.0011776328419015325,-0.0016221147977925066
resp,n3000,0,384,0.001,margin_targeted,2098,2352,314,1.0,314,random,7,314,0.14966634890371783,0.5933224557996059,51,0.1624203821656051,0.1624203821656051,0.01275403326188726,263,0.6565391960565354,0.6622481512770351,0.6556661606022637,0.6526373070649787,0.005708955220499634,-0.0008730354542717533
resp,n3000,0,384,0.001,margin_targeted,2098,2352,314,1.0,314,random,8,314,0.14966634890371783,0.5933224557996059,46,0.1464968152866242,0.1464968152866242,-0.0031695336170936284,268,0.6565391960565354,0.658820696718052,0.6550135545708656,0.6526373070649787,0.0022815006615165556,-0.0015256414856698042
resp,n3000,0,384,0.001,margin_targeted,2098,2352,314,1.0,314,random,9,314,0.14966634890371783,0.5933224557996059,41,0.1305732484076433,0.1305732484076433,-0.019093100496074517,273,0.6565391960565354,0.6539848929954538,0.655295175103885,0.6526373070649787,-0.0025543030610816198,-0.0012440209526504153
resp,n3000,0,384,0.001,margin_targeted,2098,2352,314,2.0,628,top,-1,314,0.14966634890371783,0.5933224557996059,79,0.12579617834394904,0.2515923566878981,-0.023870170559768783,235,0.6565391960565354,0.748004380211651,0.6583371443589472,0.6526373070649787,0.09146518415511562,0.001797948302411756
resp,n3000,0,384,0.001,margin_targeted,2098,2352,314,2.0,628,bottom_oracle_diagnostic,-1,314,0.14966634890371783,0.5933224557996059,11,0.01751592356687898,0.03503184713375796,-0.13215042533683885,303,0.6565391960565354,0.7498951397893546,0.656443001583715,0.6526373070649787,0.09335594373281919,-9.619447282038784e-05
resp,n3000,0,384,0.001,margin_targeted,2098,2352,314,2.0,628,two_tailed,-1,314,0.14966634890371783,0.5933224557996059,5,0.007961783439490446,0.01592356687898089,-0.14170456546422738,309,0.6565391960565354,0.6993770187476027,0.6569136823098433,0.6526373070649787,0.042837822691067284,0.00037448625330782637
resp,n3000,0,384,0.001,margin_targeted,2098,2352,314,2.0,628,random,0,314,0.14966634890371783,0.5933224557996059,86,0.13694267515923567,0.27388535031847133,-0.012723673744482161,228,0.6565391960565354,0.6600362265322802,0.6565308922508386,0.6526373070649787,0.003497030475744789,-8.303805696829869e-06
resp,n3000,0,384,0.001,margin_targeted,2098,2352,314,2.0,628,random,1,314,0.14966634890371783,0.5933224557996059,85,0.13535031847133758,0.27070063694267515,-0.01431603043238025,229,0.6565391960565354,0.6612659606671477,0.6571715682191226,0.6526373070649787,0.004726764610612277,0.0006323721625871581
resp,n3000,0,384,0.001,margin_targeted,2098,2352,314,2.0,628,random,2,314,0.14966634890371783,0.5933224557996059,105,0.16719745222929935,0.3343949044585987,0.017531103325581526,209,0.6565391960565354,0.6617252830799465,0.6561023345733978,0.6526373070649787,0.005186087023411057,-0.0004368614831375961
resp,n3000,0,384,0.001,margin_targeted,2098,2352,314,2.0,628,random,3,314,0.14966634890371783,0.5933224557996059,111,0.1767515923566879,0.3535031847133758,0.02708524345297006,203,0.6565391960565354,0.6606525726140385,0.6574302972643862,0.6526373070649787,0.004113376557503101,0.0008911012078507419
resp,n3000,0,384,0.001,margin_targeted,2098,2352,314,2.0,628,random,4,314,0.14966634890371783,0.5933224557996059,88,0.14012738853503184,0.2802547770700637,-0.009538960368685984,226,0.6565391960565354,0.6564569552305936,0.6557522978610008,0.6526373070649787,-8.224082594188165e-05,-0.0007868981955346799
resp,n3000,0,384,0.001,margin_targeted,2098,2352,314,2.0,628,random,5,314,0.14966634890371783,0.5933224557996059,92,0.1464968152866242,0.2929936305732484,-0.0031695336170936284,222,0.6565391960565354,0.6631227743919775,0.6540052450848775,0.6526373070649787,0.006583578335442097,-0.0025339509716579833
resp,n3000,0,384,0.001,margin_targeted,2098,2352,314,2.0,628,random,6,314,0.14966634890371783,0.5933224557996059,105,0.16719745222929935,0.3343949044585987,0.017531103325581526,209,0.6565391960565354,0.6563953843879227,0.6531265036342172,0.6526373070649787,-0.00014381166861276995,-0.003412692422318231
resp,n3000,0,384,0.001,margin_targeted,2098,2352,314,2.0,628,random,7,314,0.14966634890371783,0.5933224557996059,84,0.1337579617834395,0.267515923566879,-0.01590838712027834,230,0.6565391960565354,0.6590725600911789,0.6564419387910464,0.6526373070649787,0.002533364034643437,-9.72572654890369e-05
resp,n3000,0,384,0.001,margin_targeted,2098,2352,314,2.0,628,random,8,314,0.14966634890371783,0.5933224557996059,91,0.1449044585987261,0.2898089171974522,-0.004761890304991717,223,0.6565391960565354,0.661588638384913,0.6563246493748616,0.6526373070649787,0.0050494423283775625,-0.00021454668167386615
resp,n3000,0,384,0.001,margin_targeted,2098,2352,314,2.0,628,random,9,314,0.14966634890371783,0.5933224557996059,105,0.16719745222929935,0.3343949044585987,0.017531103325581526,209,0.6565391960565354,0.6644713768271476,0.6571418860792422,0.6526373070649787,0.007932180770612196,0.0006026900227067422
resp,n3000,1,384,0.001,margin_targeted,2097,2352,314,0.5,157,top,-1,314,0.1497377205531712,0.5935337636774777,0,0.0,0.0,-0.1497377205531712,314,0.6559021201990575,0.6788123099159785,0.6559021201990575,0.6515755530563156,0.022910189716921048,0.0
resp,n3000,1,384,0.001,margin_targeted,2097,2352,314,0.5,157,bottom_oracle_diagnostic,-1,314,0.1497377205531712,0.5935337636774777,0,0.0,0.0,-0.1497377205531712,314,0.6559021201990575,0.6575977843950295,0.6559021201990575,0.6515755530563156,0.001695664195972002,0.0
resp,n3000,1,384,0.001,margin_targeted,2097,2352,314,0.5,157,two_tailed,-1,314,0.1497377205531712,0.5935337636774777,0,0.0,0.0,-0.1497377205531712,314,0.6559021201990575,0.6632546480969101,0.6559021201990575,0.6515755530563156,0.007352527897852679,0.0
resp,n3000,1,384,0.001,margin_targeted,2097,2352,314,0.5,157,random,0,314,0.1497377205531712,0.5935337636774777,24,0.15286624203821655,0.07643312101910828,0.00312852148504536,290,0.6559021201990575,0.6562568135832817,0.654328075602075,0.6515755530563156,0.00035469338422422503,-0.0015740445969825156
resp,n3000,1,384,0.001,margin_targeted,2097,2352,314,0.5,157,random,1,314,0.1497377205531712,0.5935337636774777,29,0.18471337579617833,0.09235668789808917,0.03497565524300714,285,0.6559021201990575,0.657947572508325,0.6553962892777401,0.6515755530563156,0.002045452309267559,-0.0005058309213173962
resp,n3000,1,384,0.001,margin_targeted,2097,2352,314,0.5,157,random,2,314,0.1497377205531712,0.5935337636774777,19,0.12101910828025478,0.06050955414012739,-0.028718612272916416,295,0.6559021201990575,0.6589129337536127,0.6559169108503418,0.6515755530563156,0.003010813554555236,1.4790651284291023e-05
resp,n3000,1,384,0.001,margin_targeted,2097,2352,314,0.5,157,random,3,314,0.1497377205531712,0.5935337636774777,25,0.1592356687898089,0.07961783439490445,0.009497948236637715,289,0.6559021201990575,0.6565566851193234,0.6545357554389177,0.6515755530563156,0.0006545649202659432,-0.0013663647601397377
resp,n3000,1,384,0.001,margin_targeted,2097,2352,314,0.5,157,random,4,314,0.1497377205531712,0.5935337636774777,37,0.2356687898089172,0.1178343949044586,0.085931069255746,277,0.6559021201990575,0.6572418010279749,0.6545802573575146,0.6515755530563156,0.0013396808289174444,-0.001321862841542898
resp,n3000,1,384,0.001,margin_targeted,2097,2352,314,0.5,157,random,5,314,0.1497377205531712,0.5935337636774777,27,0.17197452229299362,0.08598726114649681,0.022236801739822426,287,0.6559021201990575,0.6553838711008788,0.6544286278050413,0.6515755530563156,-0.000518249098178658,-0.0014734923940161737
resp,n3000,1,384,0.001,margin_targeted,2097,2352,314,0.5,157,random,6,314,0.1497377205531712,0.5935337636774777,24,0.15286624203821655,0.07643312101910828,0.00312852148504536,290,0.6559021201990575,0.6558710583982716,0.6556800985242205,0.6515755530563156,-3.106180078582543e-05,-0.00022202167483698076
resp,n3000,1,384,0.001,margin_targeted,2097,2352,314,0.5,157,random,7,314,0.1497377205531712,0.5935337636774777,22,0.14012738853503184,0.07006369426751592,-0.00961033201813935,292,0.6559021201990575,0.6557512906956352,0.6550872095012829,0.6515755530563156,-0.0001508295034222673,-0.0008149106977746179
resp,n3000,1,384,0.001,margin_targeted,2097,2352,314,0.5,157,random,8,314,0.1497377205531712,0.5935337636774777,24,0.15286624203821655,0.07643312101910828,0.00312852148504536,290,0.6559021201990575,0.6556577479723117,0.6547765647493965,0.6515755530563156,-0.0002443722267457815,-0.0011255554496609754
resp,n3000,1,384,0.001,margin_targeted,2097,2352,314,0.5,157,random,9,314,0.1497377205531712,0.5935337636774777,27,0.17197452229299362,0.08598726114649681,0.022236801739822426,287,0.6559021201990575,0.6561594242133076,0.6555772072250968,0.6515755530563156,0.00025730401425017035,-0.0003249129739606449
resp,n3000,1,384,0.001,margin_targeted,2097,2352,314,1.0,314,top,-1,314,0.1497377205531712,0.5935337636774777,2,0.006369426751592357,0.006369426751592357,-0.14336829380157884,312,0.6559021201990575,0.7067996471814239,0.6557750995956064,0.6515755530563156,0.05089752698236638,-0.0001270206034510446
resp,n3000,1,384,0.001,margin_targeted,2097,2352,314,1.0,314,bottom_oracle_diagnostic,-1,314,0.1497377205531712,0.5935337636774777,1,0.0031847133757961785,0.0031847133757961785,-0.14655300717737502,313,0.6559021201990575,0.6662164296952947,0.6554061131011901,0.6515755530563156,0.01031430949623724,-0.0004960070978673459
resp,n3000,1,384,0.001,margin_targeted,2097,2352,314,1.0,314,two_tailed,-1,314,0.1497377205531712,0.5935337636774777,0,0.0,0.0,-0.1497377205531712,314,0.6559021201990575,0.6755169961766297,0.6559021201990575,0.6515755530563156,0.019614875977572277,0.0
resp,n3000,1,384,0.001,margin_targeted,2097,2352,314,1.0,314,random,0,314,0.1497377205531712,0.5935337636774777,43,0.13694267515923567,0.13694267515923567,-0.012795045393935528,271,0.6559021201990575,0.6577488106202888,0.6555241548105154,0.6515755530563156,0.0018466904212313118,-0.0003779653885420675
resp,n3000,1,384,0.001,margin_targeted,2097,2352,314,1.0,314,random,1,314,0.1497377205531712,0.5935337636774777,43,0.13694267515923567,0.13694267515923567,-0.012795045393935528,271,0.6559021201990575,0.6608012069147425,0.6554523948584323,0.6515755530563156,0.004899086715685064,-0.0004497253406251511
resp,n3000,1,384,0.001,margin_targeted,2097,2352,314,1.0,314,random,2,314,0.1497377205531712,0.5935337636774777,31,0.09872611464968153,0.09872611464968153,-0.05101160590348966,283,0.6559021201990575,0.6567789414842186,0.6546641602157903,0.6515755530563156,0.000876821285161089,-0.001237959983267145
resp,n3000,1,384,0.001,margin_targeted,2097,2352,314,1.0,314,random,3,314,0.1497377205531712,0.5935337636774777,50,0.1592356687898089,0.1592356687898089,0.009497948236637715,264,0.6559021201990575,0.6573605872636643,0.6544034297411727,0.6515755530563156,0.0014584670646068387,-0.0014986904578847549
resp,n3000,1,384,0.001,margin_targeted,2097,2352,314,1.0,314,random,4,314,0.1497377205531712,0.5935337636774777,40,0.12738853503184713,0.12738853503184713,-0.02234918552132406,274,0.6559021201990575,0.6568404939126997,0.6533723458976691,0.6515755530563156,0.0009383737136422488,-0.0025297743013883434
resp,n3000,1,384,0.001,margin_targeted,2097,2352,314,1.0,314,random,5,314,0.1497377205531712,0.5935337636774777,40,0.12738853503184713,0.12738853503184713,-0.02234918552132406,274,0.6559021201990575,0.6553464744933304,0.6551688231509528,0.6515755530563156,-0.0005556457057270814,-0.000733297048104653
resp,n3000,1,384,0.001,margin_targeted,2097,2352,314,1.0,314,random,6,314,0.1497377205531712,0.5935337636774777,43,0.13694267515923567,0.13694267515923567,-0.012795045393935528,271,0.6559021201990575,0.6590793976466857,0.65532462035213,0.6515755530563156,0.0031772774476281906,-0.0005774998469274539
resp,n3000,1,384,0.001,margin_targeted,2097,2352,314,1.0,314,random,7,314,0.1497377205531712,0.5935337636774777,49,0.15605095541401273,0.15605095541401273,0.006313234860841538,265,0.6559021201990575,0.6578634949853024,0.6552879498733528,0.6515755530563156,0.0019613747862449182,-0.0006141703257046549
resp,n3000,1,384,0.001,margin_targeted,2097,2352,314,1.0,314,random,8,314,0.1497377205531712,0.5935337636774777,42,0.1337579617834395,0.1337579617834395,-0.015979758769731706,272,0.6559021201990575,0.6572651351397425,0.6561937039580863,0.6515755530563156,0.0013630149406850256,0.00029158375902882394
resp,n3000,1,384,0.001,margin_targeted,2097,2352,314,1.0,314,random,9,314,0.1497377205531712,0.5935337636774777,42,0.1337579617834395,0.1337579617834395,-0.015979758769731706,272,0.6559021201990575,0.656890375282222,0.6554565291746598,0.6515755530563156,0.0009882550831645798,-0.0004455910243976735
resp,n3000,1,384,0.001,margin_targeted,2097,2352,314,2.0,628,top,-1,314,0.1497377205531712,0.5935337636774777,77,0.12261146496815287,0.24522292993630573,-0.027126255585018327,237,0.6559021201990575,0.7516382816917422,0.6568691861036098,0.6515755530563156,0.09573616149268471,0.0009670659045523111
resp,n3000,1,384,0.001,margin_targeted,2097,2352,314,2.0,628,bottom_oracle_diagnostic,-1,314,0.1497377205531712,0.5935337636774777,14,0.022292993630573247,0.044585987261146494,-0.12744472692259795,300,0.6559021201990575,0.7325999605111942,0.6554664647437307,0.6515755530563156,0.07669784031213678,-0.00043565545532675554
resp,n3000,1,384,0.001,margin_targeted,2097,2352,314,2.0,628,two_tailed,-1,314,0.1497377205531712,0.5935337636774777,3,0.004777070063694267,0.009554140127388535,-0.14496065048947693,311,0.6559021201990575,0.7011753925718086,0.6552866953013216,0.6515755530563156,0.04527327237275114,-0.0006154248977359167
resp,n3000,1,384,0.001,margin_targeted,2097,2352,314,2.0,628,random,0,314,0.1497377205531712,0.5935337636774777,92,0.1464968152866242,0.2929936305732484,-0.003240905266546995,222,0.6559021201990575,0.6601471045937917,0.6524826252939737,0.6515755530563156,0.004244984394734197,-0.003419494905083753
resp,n3000,1,384,0.001,margin_targeted,2097,2352,314,2.0,628,random,1,314,0.1497377205531712,0.5935337636774777,98,0.15605095541401273,0.31210191082802546,0.006313234860841538,216,0.6559021201990575,0.6607609423787278,0.6537037725621407,0.6515755530563156,0.0048588221796703746,-0.002198347636916731
resp,n3000,1,384,0.001,margin_targeted,2097,2352,314,2.0,628,random,2,314,0.1497377205531712,0.5935337636774777,92,0.1464968152866242,0.2929936305732484,-0.003240905266546995,222,0.6559021201990575,0.6619241418948931,0.6524366046468136,0.6515755530563156,0.006022021695835655,-0.0034655155522438363
resp,n3000,1,384,0.001,margin_targeted,2097,2352,314,2.0,628,random,3,314,0.1497377205531712,0.5935337636774777,87,0.13853503184713375,0.2770700636942675,-0.01120268870603744,227,0.6559021201990575,0.6646885206284234,0.6563127058190075,0.6515755530563156,0.00878640042936596,0.0004105856199499991
resp,n3000,1,384,0.001,margin_targeted,2097,2352,314,2.0,628,random,4,314,0.1497377205531712,0.5935337636774777,94,0.14968152866242038,0.29936305732484075,-5.619189075081743e-05,220,0.6559021201990575,0.6625561445608514,0.6531015720510788,0.6515755530563156,0.006654024361793964,-0.0028005481479786987
resp,n3000,1,384,0.001,margin_targeted,2097,2352,314,2.0,628,random,5,314,0.1497377205531712,0.5935337636774777,91,0.1449044585987261,0.2898089171974522,-0.004833261954445084,223,0.6559021201990575,0.6605356899496646,0.6568861217283877,0.6515755530563156,0.004633569750607136,0.000984001529330203
resp,n3000,1,384,0.001,margin_targeted,2097,2352,314,2.0,628,random,6,314,0.1497377205531712,0.5935337636774777,96,0.15286624203821655,0.3057324840764331,0.00312852148504536,218,0.6559021201990575,0.660720649686679,0.656158438555633,0.6515755530563156,0.0048185294876215146,0.00025631835657558
resp,n3000,1,384,0.001,margin_targeted,2097,2352,314,2.0,628,random,7,314,0.1497377205531712,0.5935337636774777,98,0.15605095541401273,0.31210191082802546,0.006313234860841538,216,0.6559021201990575,0.6653180695619281,0.6556205300975786,0.6515755530563156,0.009415949362870601,-0.0002815901014788791
resp,n3000,1,384,0.001,margin_targeted,2097,2352,314,2.0,628,random,8,314,0.1497377205531712,0.5935337636774777,99,0.15764331210191082,0.31528662420382164,0.007905591548739627,215,0.6559021201990575,0.6593086856502041,0.6543354723173173,0.6515755530563156,0.0034065654511465926,-0.001566647881740213
resp,n3000,1,384,0.001,margin_targeted,2097,2352,314,2.0,628,random,9,314,0.1497377205531712,0.5935337636774777,84,0.1337579617834395,0.267515923566879,-0.015979758769731706,230,0.6559021201990575,0.6596683377019554,0.6572151031261968,0.6515755530563156,0.0037662175028979616,0.0013129829271393278
resp,n3000,2,384,0.001,margin_targeted,2099,2352,314,0.5,157,top,-1,314,0.14959504525964745,0.6348641367374975,0,0.0,0.0,-0.14959504525964745,314,0.6585486740663146,0.6793529019824646,0.6585486740663146,0.6503840806591553,0.020804227916149998,0.0
resp,n3000,2,384,0.001,margin_targeted,2099,2352,314,0.5,157,bottom_oracle_diagnostic,-1,314,0.14959504525964745,0.6348641367374975,0,0.0,0.0,-0.14959504525964745,314,0.6585486740663146,0.6585014019154968,0.6585486740663146,0.6503840806591553,-4.727215081778979e-05,0.0
resp,n3000,2,384,0.001,margin_targeted,2099,2352,314,0.5,157,two_tailed,-1,314,0.14959504525964745,0.6348641367374975,0,0.0,0.0,-0.14959504525964745,314,0.6585486740663146,0.6646204480539648,0.6585486740663146,0.6503840806591553,0.006071773987650242,0.0
resp,n3000,2,384,0.001,margin_targeted,2099,2352,314,0.5,157,random,0,314,0.14959504525964745,0.6348641367374975,21,0.1337579617834395,0.06687898089171974,-0.015837083476207964,293,0.6585486740663146,0.6603502440435349,0.6573154647119837,0.6503840806591553,0.001801569977220363,-0.0012332093543309108
resp,n3000,2,384,0.001,margin_targeted,2099,2352,314,0.5,157,random,1,314,0.14959504525964745,0.6348641367374975,34,0.21656050955414013,0.10828025477707007,0.06696546429449268,280,0.6585486740663146,0.6614206475290216,0.6572216735776717,0.6503840806591553,0.002871973462707067,-0.001327000488642871
resp,n3000,2,384,0.001,margin_targeted,2099,2352,314,0.5,157,random,2,314,0.14959504525964745,0.6348641367374975,23,0.1464968152866242,0.0732484076433121,-0.003098229973023253,291,0.6585486740663146,0.6589360853265794,0.6563836260177759,0.6503840806591553,0.0003874112602648694,-0.002165048048538676
resp,n3000,2,384,0.001,margin_targeted,2099,2352,314,0.5,157,random,3,314,0.14959504525964745,0.6348641367374975,24,0.15286624203821655,0.07643312101910828,0.003271196778569102,290,0.6585486740663146,0.6579568771244757,0.6575890837425249,0.6503840806591553,-0.0005917969418388624,-0.0009595903237896719
resp,n3000,2,384,0.001,margin_targeted,2099,2352,314,0.5,157,random,4,314,0.14959504525964745,0.6348641367374975,20,0.12738853503184713,0.06369426751592357,-0.02220651022780032,294,0.6585486740663146,0.6571079742831394,0.6575067905134656,0.6503840806591553,-0.001440699783175181,-0.0010418835528489545
resp,n3000,2,384,0.001,margin_targeted,2099,2352,314,0.5,157,random,5,314,0.14959504525964745,0.6348641367374975,21,0.1337579617834395,0.06687898089171974,-0.015837083476207964,293,0.6585486740663146,0.6600322209413886,0.6577262975966737,0.6503840806591553,0.0014835468750740155,-0.0008223764696408953
resp,n3000,2,384,0.001,margin_targeted,2099,2352,314,0.5,157,random,6,314,0.14959504525964745,0.6348641367374975,26,0.16560509554140126,0.08280254777070063,0.016010050281753813,288,0.6585486740663146,0.6607729462439929,0.658333295850163,0.6503840806591553,0.002224272177678288,-0.00021537821615158492
resp,n3000,2,384,0.001,margin_targeted,2099,2352,314,0.5,157,random,7,314,0.14959504525964745,0.6348641367374975,17,0.10828025477707007,0.054140127388535034,-0.041314790482577385,297,0.6585486740663146,0.6595857618280216,0.6582607479301836,0.6503840806591553,0.0010370877617070784,-0.00028792613613093376
resp,n3000,2,384,0.001,margin_targeted,2099,2352,314,0.5,157,random,8,314,0.14959504525964745,0.6348641367374975,22,0.14012738853503184,0.07006369426751592,-0.009467656724615608,292,0.6585486740663146,0.6620081259379652,0.6592599506603201,0.6503840806591553,0.003459451871650643,0.0007112765940054944
resp,n3000,2,384,0.001,margin_targeted,2099,2352,314,0.5,157,random,9,314,0.14959504525964745,0.6348641367374975,19,0.12101910828025478,0.06050955414012739,-0.028575936979392674,295,0.6585486740663146,0.6595949719820255,0.6592882916225415,0.6503840806591553,0.0010462979157109809,0.0007396175562269791
resp,n3000,2,384,0.001,margin_targeted,2099,2352,314,1.0,314,top,-1,314,0.14959504525964745,0.6348641367374975,3,0.009554140127388535,0.009554140127388535,-0.14004090513225892,311,0.6585486740663146,0.7078807720847374,0.6586432088861586,0.6503840806591553,0.049332098018422865,9.453481984400547e-05
resp,n3000,2,384,0.001,margin_targeted,2099,2352,314,1.0,314,bottom_oracle_diagnostic,-1,314,0.14959504525964745,0.6348641367374975,0,0.0,0.0,-0.14959504525964745,314,0.6585486740663146,0.6651523063015469,0.6585486740663146,0.6503840806591553,0.006603632235232304,0.0
resp,n3000,2,384,0.001,margin_targeted,2099,2352,314,1.0,314,two_tailed,-1,314,0.14959504525964745,0.6348641367374975,0,0.0,0.0,-0.14959504525964745,314,0.6585486740663146,0.6766424297962231,0.6585486740663146,0.6503840806591553,0.018093755729908567,0.0
resp,n3000,2,384,0.001,margin_targeted,2099,2352,314,1.0,314,random,0,314,0.14959504525964745,0.6348641367374975,45,0.14331210191082802,0.14331210191082802,-0.006282943348819431,269,0.6585486740663146,0.6611886088832686,0.6581363534074776,0.6503840806591553,0.002639934816954015,-0.0004123206588370065
resp,n3000,2,384,0.001,margin_targeted,2099,2352,314,1.0,314,random,1,314,0.14959504525964745,0.6348641367374975,38,0.12101910828025478,0.12101910828025478,-0.028575936979392674,276,0.6585486740663146,0.6601878472761297,0.6565968980037918,0.6503840806591553,0.0016391732098151035,-0.0019517760625227254
resp,n3000,2,384,0.001,margin_targeted,2099,2352,314,1.0,314,random,2,314,0.14959504525964745,0.6348641367374975,49,0.15605095541401273,0.15605095541401273,0.00645591015436528,265,0.6585486740663146,0.6572582707779583,0.655742576861785,0.6503840806591553,-0.0012904032883562788,-0.002806097204529512
resp,n3000,2,384,0.001,margin_targeted,2099,2352,314,1.0,314,random,3,314,0.14959504525964745,0.6348641367374975,40,0.12738853503184713,0.12738853503184713,-0.02220651022780032,274,0.6585486740663146,0.6628137458725312,0.6598983646876354,0.6503840806591553,0.004265071806216603,0.0013496906213208426
resp,n3000,2,384,0.001,margin_targeted,2099,2352,314,1.0,314,random,4,314,0.14959504525964745,0.6348641367374975,51,0.1624203821656051,0.1624203821656051,0.012825336905957635,263,0.6585486740663146,0.6601659374377722,0.6567193467695897,0.6503840806591553,0.0016172633714576223,-0.0018293272967249141
resp,n3000,2,384,0.001,margin_targeted,2099,2352,314,1.0,314,random,5,314,0.14959504525964745,0.6348641367374975,54,0.17197452229299362,0.17197452229299362,0.022379477033346168,260,0.6585486740663146,0.6592494072773012,0.6579020127016536,0.6503840806591553,0.000700733210986626,-0.0006466613646609609
resp,n3000,2,384,0.001,margin_targeted,2099,2352,314,1.0,314,random,6,314,0.14959504525964745,0.6348641367374975,43,0.13694267515923567,0.13694267515923567,-0.012652370100411786,271,0.6585486740663146,0.660586263012301,0.6575798371770516,0.6503840806591553,0.0020375889459863794,-0.0009688368892629695
resp,n3000,2,384,0.001,margin_targeted,2099,2352,314,1.0,314,random,7,314,0.14959504525964745,0.6348641367374975,44,0.14012738853503184,0.14012738853503184,-0.009467656724615608,270,0.6585486740663146,0.6610759792474414,0.6581489821473685,0.6503840806591553,0.002527305181126871,-0.0003996919189460657
resp,n3000,2,384,0.001,margin_targeted,2099,2352,314,1.0,314,random,8,314,0.14959504525964745,0.6348641367374975,49,0.15605095541401273,0.15605095541401273,0.00645591015436528,265,0.6585486740663146,0.6581721007163701,0.65676595781102,0.6503840806591553,-0.00037657334994445346,-0.0017827162552945808
resp,n3000,2,384,0.001,margin_targeted,2099,2352,314,1.0,314,random,9,314,0.14959504525964745,0.6348641367374975,52,0.16560509554140126,0.16560509554140126,0.016010050281753813,262,0.6585486740663146,0.661986651673486,0.6554738944845625,0.6503840806591553,0.0034379776071714607,-0.003074779581752063
resp,n3000,2,384,0.001,margin_targeted,2099,2352,314,2.0,628,top,-1,314,0.14959504525964745,0.6348641367374975,103,0.16401273885350318,0.32802547770700635,0.014417693593855724,211,0.6585486740663146,0.7539176408508032,0.662766785924251,0.6503840806591553,0.09536896678448858,0.004218111857936413
resp,n3000,2,384,0.001,margin_targeted,2099,2352,314,2.0,628,bottom_oracle_diagnostic,-1,314,0.14959504525964745,0.6348641367374975,6,0.009554140127388535,0.01910828025477707,-0.14004090513225892,308,0.6585486740663146,0.724741446497905,0.6571661801598637,0.6503840806591553,0.06619277243159039,-0.0013824939064508435
resp,n3000,2,384,0.001,margin_targeted,2099,2352,314,2.0,628,two_tailed,-1,314,0.14959504525964745,0.6348641367374975,3,0.004777070063694267,0.009554140127388535,-0.14481797519595319,311,0.6585486740663146,0.7035823955876471,0.6586432088861586,0.6503840806591553,0.04503372152133256,9.453481984400547e-05
resp,n3000,2,384,0.001,margin_targeted,2099,2352,314,2.0,628,random,0,314,0.14959504525964745,0.6348641367374975,96,0.15286624203821655,0.3057324840764331,0.003271196778569102,218,0.6585486740663146,0.6584656427810754,0.6566584916828471,0.6503840806591553,-8.303128523912129e-05,-0.001890182383467498
resp,n3000,2,384,0.001,margin_targeted,2099,2352,314,2.0,628,random,1,314,0.14959504525964745,0.6348641367374975,87,0.13853503184713375,0.2770700636942675,-0.011060013412513697,227,0.6585486740663146,0.6612248444157707,0.6556505407668416,0.6503840806591553,0.0026761703494561084,-0.0028981332994729714
resp,n3000,2,384,0.001,margin_targeted,2099,2352,314,2.0,628,random,2,314,0.14959504525964745,0.6348641367374975,100,0.1592356687898089,0.3184713375796178,0.009640623530161457,214,0.6585486740663146,0.6615195748714405,0.6563552685816254,0.6503840806591553,0.0029709008051259644,-0.0021934054846891593
resp,n3000,2,384,0.001,margin_targeted,2099,2352,314,2.0,628,random,3,314,0.14959504525964745,0.6348641367374975,96,0.15286624203821655,0.3057324840764331,0.003271196778569102,218,0.6585486740663146,0.6620939395647146,0.6539690500075128,0.6503840806591553,0.003545265498400063,-0.004579624058801746
resp,n3000,2,384,0.001,margin_targeted,2099,2352,314,2.0,628,random,4,314,0.14959504525964745,0.6348641367374975,89,0.14171974522292993,0.28343949044585987,-0.00787530003671752,225,0.6585486740663146,0.6637746400126717,0.656778144180614,0.6503840806591553,0.005225965946357158,-0.0017705298857005891
resp,n3000,2,384,0.001,margin_targeted,2099,2352,314,2.0,628,random,5,314,0.14959504525964745,0.6348641367374975,104,0.16560509554140126,0.33121019108280253,0.016010050281753813,210,0.6585486740663146,0.6613258585237646,0.6556048235766071,0.6503840806591553,0.0027771844574500104,-0.002943850489707467
resp,n3000,2,384,0.001,margin_targeted,2099,2352,314,2.0,628,random,6,314,0.14959504525964745,0.6348641367374975,95,0.15127388535031847,0.30254777070063693,0.0016788400906710133,219,0.6585486740663146,0.6656089918692298,0.6576057453218399,0.6503840806591553,0.0070603178029152724,-0.0009429287444746581
resp,n3000,2,384,0.001,margin_targeted,2099,2352,314,2.0,628,random,7,314,0.14959504525964745,0.6348641367374975,95,0.15127388535031847,0.30254777070063693,0.0016788400906710133,219,0.6585486740663146,0.6667956677103835,0.6561872946195907,0.6503840806591553,0.00824699364406889,-0.002361379446723877
resp,n3000,2,384,0.001,margin_targeted,2099,2352,314,2.0,628,random,8,314,0.14959504525964745,0.6348641367374975,92,0.1464968152866242,0.2929936305732484,-0.003098229973023253,222,0.6585486740663146,0.6625496928704135,0.656520672889392,0.6503840806591553,0.004001018804098977,-0.002028001176922589
resp,n3000,2,384,0.001,margin_targeted,2099,2352,314,2.0,628,random,9,314,0.14959504525964745,0.6348641367374975,108,0.17197452229299362,0.34394904458598724,0.022379477033346168,206,0.6585486740663146,0.6616191182910857,0.6544214236323089,0.6503840806591553,0.003070444224771096,-0.004127250434005636
resp,n3000,3,384,0.001,margin_targeted,2098,2352,314,0.5,157,top,-1,314,0.14966634890371783,0.5867013224415184,1,0.006369426751592357,0.0031847133757961785,-0.14329692215212547,313,0.6572404199250146,0.6727822988352216,0.657371016315594,0.6564116862220956,0.015541878910206974,0.0001305963905794405
resp,n3000,3,384,0.001,margin_targeted,2098,2352,314,0.5,157,bottom_oracle_diagnostic,-1,314,0.14966634890371783,0.5867013224415184,0,0.0,0.0,-0.14966634890371783,314,0.6572404199250146,0.6608460110509704,0.6572404199250146,0.6564116862220956,0.0036055911259558204,0.0
resp,n3000,3,384,0.001,margin_targeted,2098,2352,314,0.5,157,two_tailed,-1,314,0.14966634890371783,0.5867013224415184,0,0.0,0.0,-0.14966634890371783,314,0.6572404199250146,0.6621930803985685,0.6572404199250146,0.6564116862220956,0.004952660473553916,0.0
resp,n3000,3,384,0.001,margin_targeted,2098,2352,314,0.5,157,random,0,314,0.14966634890371783,0.5867013224415184,24,0.15286624203821655,0.07643312101910828,0.003199893134498727,290,0.6572404199250146,0.6576032344212087,0.6564427984116994,0.6564116862220956,0.0003628144961941304,-0.0007976215133151943
resp,n3000,3,384,0.001,margin_targeted,2098,2352,314,0.5,157,random,1,314,0.14966634890371783,0.5867013224415184,18,0.11464968152866242,0.05732484076433121,-0.035016667375055405,296,0.6572404199250146,0.65789045556457,0.6574780700249648,0.6564116862220956,0.0006500356395554574,0.00023765009995024844
resp,n3000,3,384,0.001,margin_targeted,2098,2352,314,0.5,157,random,2,314,0.14966634890371783,0.5867013224415184,28,0.17834394904458598,0.08917197452229299,0.028677600140868148,286,0.6572404199250146,0.6572042178737054,0.6569434307561876,0.6564116862220956,-3.620205130916432e-05,-0.0002969891688270332
resp,n3000,3,384,0.001,margin_targeted,2098,2352,314,0.5,157,random,3,314,0.14966634890371783,0.5867013224415184,17,0.10828025477707007,0.054140127388535034,-0.04138609412664776,297,0.6572404199250146,0.6582831288212777,0.6574035089517537,0.6564116862220956,0.0010427088962631226,0.00016308902673911607
resp,n3000,3,384,0.001,margin_targeted,2098,2352,314,0.5,157,random,4,314,0.14966634890371783,0.5867013224415184,21,0.1337579617834395,0.06687898089171974,-0.01590838712027834,293,0.6572404199250146,0.659346946144887,0.6575382356638894,0.6564116862220956,0.0021065262198723955,0.00029781573887477375
resp,n3000,3,384,0.001,margin_targeted,2098,2352,314,0.5,157,random,5,314,0.14966634890371783,0.5867013224415184,24,0.15286624203821655,0.07643312101910828,0.003199893134498727,290,0.6572404199250146,0.6598215493404582,0.6575244577021144,0.6564116862220956,0.0025811294154436393,0.0002840377770998437
resp,n3000,3,384,0.001,margin_targeted,2098,2352,314,0.5,157,random,6,314,0.14966634890371783,0.5867013224415184,18,0.11464968152866242,0.05732484076433121,-0.035016667375055405,296,0.6572404199250146,0.6568925609985911,0.6577111983984453,0.6564116862220956,-0.00034785892642352767,0.00047077847343068857
resp,n3000,3,384,0.001,margin_targeted,2098,2352,314,0.5,157,random,7,314,0.14966634890371783,0.5867013224415184,17,0.10828025477707007,0.054140127388535034,-0.04138609412664776,297,0.6572404199250146,0.6568598965924194,0.6557246857147894,0.6564116862220956,-0.0003805233325951951,-0.001515734210225217
resp,n3000,3,384,0.001,margin_targeted,2098,2352,314,0.5,157,random,8,314,0.14966634890371783,0.5867013224415184,17,0.10828025477707007,0.054140127388535034,-0.04138609412664776,297,0.6572404199250146,0.6596610627045142,0.657453643627959,0.6564116862220956,0.0024206427794996044,0.0002132237029444095
resp,n3000,3,384,0.001,margin_targeted,2098,2352,314,0.5,157,random,9,314,0.14966634890371783,0.5867013224415184,29,0.18471337579617833,0.09235668789808917,0.0350470268924605,285,0.6572404199250146,0.6581098271554486,0.6568568161716528,0.6564116862220956,0.0008694072304340494,-0.000383603753361772
resp,n3000,3,384,0.001,margin_targeted,2098,2352,314,1.0,314,top,-1,314,0.14966634890371783,0.5867013224415184,4,0.012738853503184714,0.012738853503184714,-0.13692749540053312,310,0.6572404199250146,0.6953164407999912,0.6575677539373334,0.6564116862220956,0.038076020874976635,0.0003273340123187696
resp,n3000,3,384,0.001,margin_targeted,2098,2352,314,1.0,314,bottom_oracle_diagnostic,-1,314,0.14966634890371783,0.5867013224415184,2,0.006369426751592357,0.006369426751592357,-0.14329692215212547,312,0.6572404199250146,0.6735583603326527,0.65724717635128,0.6564116862220956,0.01631794040763812,6.756426265464022e-06
resp,n3000,3,384,0.001,margin_targeted,2098,2352,314,1.0,314,two_tailed,-1,314,0.14966634890371783,0.5867013224415184,1,0.0031847133757961785,0.0031847133757961785,-0.14648163552792165,313,0.6572404199250146,0.6698323535426844,0.657371016315594,0.6564116862220956,0.01259193361766986,0.0001305963905794405
resp,n3000,3,384,0.001,margin_targeted,2098,2352,314,1.0,314,random,0,314,0.14966634890371783,0.5867013224415184,55,0.1751592356687898,0.1751592356687898,0.02549288676507197,259,0.6572404199250146,0.6616492734771564,0.6585965136557308,0.6564116862220956,0.004408853552141823,0.0013560937307162124
resp,n3000,3,384,0.001,margin_targeted,2098,2352,314,1.0,314,random,1,314,0.14966634890371783,0.5867013224415184,52,0.16560509554140126,0.16560509554140126,0.015938746637683437,262,0.6572404199250146,0.6621823917216653,0.6592954890757758,0.6564116862220956,0.004941971796650679,0.0020550691507612573
resp,n3000,3,384,0.001,margin_targeted,2098,2352,314,1.0,314,random,2,314,0.14966634890371783,0.5867013224415184,48,0.15286624203821655,0.15286624203821655,0.003199893134498727,266,0.6572404199250146,0.6605071434006898,0.6555043276457392,0.6564116862220956,0.0032667234756752483,-0.001736092279275403
resp,n3000,3,384,0.001,margin_targeted,2098,2352,314,1.0,314,random,3,314,0.14966634890371783,0.5867013224415184,49,0.15605095541401273,0.15605095541401273,0.0063846065102949046,265,0.6572404199250146,0.6604742686230743,0.6589366132609575,0.6564116862220956,0.0032338486980597603,0.0016961933359429526
resp,n3000,3,384,0.001,margin_targeted,2098,2352,314,1.0,314,random,4,314,0.14966634890371783,0.5867013224415184,44,0.14012738853503184,0.14012738853503184,-0.009538960368685984,270,0.6572404199250146,0.6614541949704904,0.6562770466996292,0.6564116862220956,0.0042137750454758205,-0.0009633732253854221
resp,n3000,3,384,0.001,margin_targeted,2098,2352,314,1.0,314,random,5,314,0.14966634890371783,0.5867013224415184,41,0.1305732484076433,0.1305732484076433,-0.019093100496074517,273,0.6572404199250146,0.6600724826732923,0.6575294074576065,0.6564116862220956,0.0028320627482777416,0.0002889875325918778
resp,n3000,3,384,0.001,margin_targeted,2098,2352,314,1.0,314,random,6,314,0.14966634890371783,0.5867013224415184,47,0.14968152866242038,0.14968152866242038,1.5179758702549284e-05,267,0.6572404199250146,0.6616202419965794,0.6585211964194665,0.6564116862220956,0.004379822071564843,0.0012807764944519073
resp,n3000,3,384,0.001,margin_targeted,2098,2352,314,1.0,314,random,7,314,0.14966634890371783,0.5867013224415184,50,0.1592356687898089,0.1592356687898089,0.009569319886091082,264,0.6572404199250146,0.6575904419197647,0.6555151021672975,0.6564116862220956,0.00035002199475009377,-0.0017253177577171153
resp,n3000,3,384,0.001,margin_targeted,2098,2352,314,1.0,314,random,8,314,0.14966634890371783,0.5867013224415184,53,0.16878980891719744,0.16878980891719744,0.019123460013479615,261,0.6572404199250146,0.6611739011879825,0.6603814566627398,0.6564116862220956,0.003933481262967886,0.0031410367377252557
resp,n3000,3,384,0.001,margin_targeted,2098,2352,314,1.0,314,random,9,314,0.14966634890371783,0.5867013224415184,41,0.1305732484076433,0.1305732484076433,-0.019093100496074517,273,0.6572404199250146,0.6615265613952704,0.6575006984364932,0.6564116862220956,0.004286141470255855,0.0002602785114785844
resp,n3000,3,384,0.001,margin_targeted,2098,2352,314,2.0,628,top,-1,314,0.14966634890371783,0.5867013224415184,73,0.11624203821656051,0.23248407643312102,-0.033424310687157316,241,0.6572404199250146,0.7329416329841771,0.6609756466834587,0.6564116862220956,0.07570121305916255,0.0037352267584440657
resp,n3000,3,384,0.001,margin_targeted,2098,2352,314,2.0,628,bottom_oracle_diagnostic,-1,314,0.14966634890371783,0.5867013224415184,25,0.03980891719745223,0.07961783439490445,-0.10985743170626561,289,0.6572404199250146,0.7371877251175734,0.6537838830474777,0.6564116862220956,0.07994730519255877,-0.0034565368775368865
resp,n3000,3,384,0.001,margin_targeted,2098,2352,314,2.0,628,two_tailed,-1,314,0.14966634890371783,0.5867013224415184,6,0.009554140127388535,0.01910828025477707,-0.1401122087763293,308,0.6572404199250146,0.6887044859042281,0.6575337701210677,0.6564116862220956,0.031464065979213474,0.0002933501960531437
resp,n3000,3,384,0.001,margin_targeted,2098,2352,314,2.0,628,random,0,314,0.14966634890371783,0.5867013224415184,92,0.1464968152866242,0.2929936305732484,-0.0031695336170936284,222,0.6572404199250146,0.6612533409804333,0.6572065467742955,0.6564116862220956,0.004012921055418728,-3.387315071912145e-05
resp,n3000,3,384,0.001,margin_targeted,2098,2352,314,2.0,628,random,1,314,0.14966634890371783,0.5867013224415184,80,0.12738853503184713,0.25477707006369427,-0.022277813871870694,234,0.6572404199250146,0.660945722247302,0.6568318425512621,0.6564116862220956,0.003705302322287385,-0.00040857737375243897
resp,n3000,3,384,0.001,margin_targeted,2098,2352,314,2.0,628,random,2,314,0.14966634890371783,0.5867013224415184,93,0.1480891719745223,0.2961783439490446,-0.0015771769291955395,221,0.6572404199250146,0.6588026552086458,0.6568945438738717,0.6564116862220956,0.001562235283631197,-0.00034587605114289044
resp,n3000,3,384,0.001,margin_targeted,2098,2352,314,2.0,628,random,3,314,0.14966634890371783,0.5867013224415184,93,0.1480891719745223,0.2961783439490446,-0.0015771769291955395,221,0.6572404199250146,0.6646150551622872,0.6582031562760933,0.6564116862220956,0.007374635237272664,0.0009627363510786857
resp,n3000,3,384,0.001,margin_targeted,2098,2352,314,2.0,628,random,4,314,0.14966634890371783,0.5867013224415184,81,0.12898089171974522,0.25796178343949044,-0.020685457183972605,233,0.6572404199250146,0.6593664698038736,0.6550820462418545,0.6564116862220956,0.0021260498788590043,-0.0021583736831600753
resp,n3000,3,384,0.001,margin_targeted,2098,2352,314,2.0,628,random,5,314,0.14966634890371783,0.5867013224415184,101,0.160828025477707,0.321656050955414,0.011161676573989171,213,0.6572404199250146,0.6625063052896651,0.65789657552148,0.6564116862220956,0.005265885364650558,0.0006561555964653687
resp,n3000,3,384,0.001,margin_targeted,2098,2352,314,2.0,628,random,6,314,0.14966634890371783,0.5867013224415184,100,0.1592356687898089,0.3184713375796178,0.009569319886091082,214,0.6572404199250146,0.6610801761212458,0.6571692878996095,0.6564116862220956,0.0038397561962312254,-7.113202540509622e-05
resp,n3000,3,384,0.001,margin_targeted,2098,2352,314,2.0,628,random,7,314,0.14966634890371783,0.5867013224415184,85,0.13535031847133758,0.27070063694267515,-0.01431603043238025,229,0.6572404199250146,0.6663122441443621,0.6553736935615162,0.6564116862220956,0.00907182421934749,-0.0018667263634983833
resp,n3000,3,384,0.001,margin_targeted,2098,2352,314,2.0,628,random,8,314,0.14966634890371783,0.5867013224415184,97,0.15445859872611464,0.3089171974522293,0.004792249822396816,217,0.6572404199250146,0.6631256384874981,0.6575414074036405,0.6564116862220956,0.005885218562483474,0.000300987478625947
resp,n3000,3,384,0.001,margin_targeted,2098,2352,314,2.0,628,random,9,314,0.14966634890371783,0.5867013224415184,80,0.12738853503184713,0.25477707006369427,-0.022277813871870694,234,0.6572404199250146,0.6613073502017981,0.6562331904408304,0.6564116862220956,0.004066930276783509,-0.0010072294841841911
resp,n3000,4,384,0.001,margin_targeted,2099,2352,314,0.5,157,top,-1,314,0.14959504525964745,0.6137700940248711,0,0.0,0.0,-0.14959504525964745,314,0.655183796908626,0.6806573508743431,0.655183796908626,0.6498238928423653,0.025473553965717044,0.0
resp,n3000,4,384,0.001,margin_targeted,2099,2352,314,0.5,157,bottom_oracle_diagnostic,-1,314,0.14959504525964745,0.6137700940248711,0,0.0,0.0,-0.14959504525964745,314,0.655183796908626,0.6561378203580228,0.655183796908626,0.6498238928423653,0.0009540234493967681,0.0
resp,n3000,4,384,0.001,margin_targeted,2099,2352,314,0.5,157,two_tailed,-1,314,0.14959504525964745,0.6137700940248711,0,0.0,0.0,-0.14959504525964745,314,0.655183796908626,0.666178154645138,0.655183796908626,0.6498238928423653,0.010994357736511917,0.0
resp,n3000,4,384,0.001,margin_targeted,2099,2352,314,0.5,157,random,0,314,0.14959504525964745,0.6137700940248711,20,0.12738853503184713,0.06369426751592357,-0.02220651022780032,294,0.655183796908626,0.6565361461386118,0.6553494421620255,0.6498238928423653,0.0013523492299857276,0.00016564525339946012
resp,n3000,4,384,0.001,margin_targeted,2099,2352,314,0.5,157,random,1,314,0.14959504525964745,0.6137700940248711,22,0.14012738853503184,0.07006369426751592,-0.009467656724615608,292,0.655183796908626,0.6566265637155186,0.6547105718996499,0.6498238928423653,0.0014427668068925925,-0.0004732250089761747
resp,n3000,4,384,0.001,margin_targeted,2099,2352,314,0.5,157,random,2,314,0.14959504525964745,0.6137700940248711,26,0.16560509554140126,0.08280254777070063,0.016010050281753813,288,0.655183796908626,0.657158372776088,0.654182064881528,0.6498238928423653,0.0019745758674619696,-0.001001732027098079
resp,n3000,4,384,0.001,margin_targeted,2099,2352,314,0.5,157,random,3,314,0.14959504525964745,0.6137700940248711,23,0.1464968152866242,0.0732484076433121,-0.003098229973023253,291,0.655183796908626,0.6553130446188116,0.6550898663531872,0.6498238928423653,0.0001292477101855205,-9.393055543882589e-05
resp,n3000,4,384,0.001,margin_targeted,2099,2352,314,0.5,157,random,4,314,0.14959504525964745,0.6137700940248711,26,0.16560509554140126,0.08280254777070063,0.016010050281753813,288,0.655183796908626,0.6549695742134797,0.6538582941317818,0.6498238928423653,-0.00021422269514637104,-0.0013255027768442895
resp,n3000,4,384,0.001,margin_targeted,2099,2352,314,0.5,157,random,5,314,0.14959504525964745,0.6137700940248711,16,0.10191082802547771,0.050955414012738856,-0.04768421723416974,298,0.655183796908626,0.6570965961845984,0.655531080701871,0.6498238928423653,0.0019127992759723211,0.00034728379324500125
resp,n3000,4,384,0.001,margin_targeted,2099,2352,314,0.5,157,random,6,314,0.14959504525964745,0.6137700940248711,22,0.14012738853503184,0.07006369426751592,-0.009467656724615608,292,0.655183796908626,0.6565740519089415,0.6550176499891657,0.6498238928423653,0.0013902550003154213,-0.00016614691946037485
resp,n3000,4,384,0.001,margin_targeted,2099,2352,314,0.5,157,random,7,314,0.14959504525964745,0.6137700940248711,24,0.15286624203821655,0.07643312101910828,0.003271196778569102,290,0.655183796908626,0.6559184705184258,0.6538393273315535,0.6498238928423653,0.0007346736097997297,-0.0013444695770725712
resp,n3000,4,384,0.001,margin_targeted,2099,2352,314,0.5,157,random,8,314,0.14959504525964745,0.6137700940248711,23,0.1464968152866242,0.0732484076433121,-0.003098229973023253,291,0.655183796908626,0.6562793700472901,0.654765542959847,0.6498238928423653,0.001095573138664041,-0.0004182539487790349
resp,n3000,4,384,0.001,margin_targeted,2099,2352,314,0.5,157,random,9,314,0.14959504525964745,0.6137700940248711,24,0.15286624203821655,0.07643312101910828,0.003271196778569102,290,0.655183796908626,0.6568557630810993,0.65514172884623,0.6498238928423653,0.001671966172473227,-4.2068062396038997e-05
resp,n3000,4,384,0.001,margin_targeted,2099,2352,314,1.0,314,top,-1,314,0.14959504525964745,0.6137700940248711,4,0.012738853503184714,0.012738853503184714,-0.13685619175646274,310,0.655183796908626,0.7099200110317316,0.6557737369930856,0.6498238928423653,0.05473621412310559,0.0005899400844595615
resp,n3000,4,384,0.001,margin_targeted,2099,2352,314,1.0,314,bottom_oracle_diagnostic,-1,314,0.14959504525964745,0.6137700940248711,1,0.0031847133757961785,0.0031847133757961785,-0.14641033188385127,313,0.655183796908626,0.6653475066549523,0.655376917819211,0.6498238928423653,0.0101637097463263,0.00019312091058498737
resp,n3000,4,384,0.001,margin_targeted,2099,2352,314,1.0,314,two_tailed,-1,314,0.14959504525964745,0.6137700940248711,0,0.0,0.0,-0.14959504525964745,314,0.655183796908626,0.6774143610112279,0.655183796908626,0.6498238928423653,0.022230564102601824,0.0
resp,n3000,4,384,0.001,margin_targeted,2099,2352,314,1.0,314,random,0,314,0.14959504525964745,0.6137700940248711,55,0.1751592356687898,0.1751592356687898,0.025564190409142346,259,0.655183796908626,0.6568501149117186,0.6542089427293611,0.6498238928423653,0.0016663180030925817,-0.0009748541792649057
resp,n3000,4,384,0.001,margin_targeted,2099,2352,314,1.0,314,random,1,314,0.14959504525964745,0.6137700940248711,44,0.14012738853503184,0.14012738853503184,-0.009467656724615608,270,0.655183796908626,0.6576474400299673,0.6544375183094895,0.6498238928423653,0.0024636431213412857,-0.0007462785991365628
resp,n3000,4,384,0.001,margin_targeted,2099,2352,314,1.0,314,random,2,314,0.14959504525964745,0.6137700940248711,42,0.1337579617834395,0.1337579617834395,-0.015837083476207964,272,0.655183796908626,0.6571553082662708,0.6551074799319093,0.6498238928423653,0.0019715113576447285,-7.631697671672821e-05
resp,n3000,4,384,0.001,margin_targeted,2099,2352,314,1.0,314,random,3,314,0.14959504525964745,0.6137700940248711,43,0.13694267515923567,0.13694267515923567,-0.012652370100411786,271,0.655183796908626,0.6586318585079395,0.653661110931151,0.6498238928423653,0.0034480615993134345,-0.001522685977475069
resp,n3000,4,384,0.001,margin_targeted,2099,2352,314,1.0,314,random,4,314,0.14959504525964745,0.6137700940248711,47,0.14968152866242038,0.14968152866242038,8.648340277292443e-05,267,0.655183796908626,0.6587113127127459,0.6555608555875733,0.6498238928423653,0.0035275158041198074,0.00037705867894721745
resp,n3000,4,384,0.001,margin_targeted,2099,2352,314,1.0,314,random,5,314,0.14959504525964745,0.6137700940248711,49,0.15605095541401273,0.15605095541401273,0.00645591015436528,265,0.655183796908626,0.6573915966822652,0.6541156105574145,0.6498238928423653,0.002207799773639163,-0.0010681863512115308
resp,n3000,4,384,0.001,margin_targeted,2099,2352,314,1.0,314,random,6,314,0.14959504525964745,0.6137700940248711,50,0.1592356687898089,0.1592356687898089,0.009640623530161457,264,0.655183796908626,0.6559678911545922,0.6538141789494123,0.6498238928423653,0.0007840942459661493,-0.0013696179592137536
resp,n3000,4,384,0.001,margin_targeted,2099,2352,314,1.0,314,random,7,314,0.14959504525964745,0.6137700940248711,46,0.1464968152866242,0.1464968152866242,-0.003098229973023253,268,0.655183796908626,0.6543126784081507,0.6538855342917805,0.6498238928423653,-0.0008711185004753874,-0.0012982626168455136
resp,n3000,4,384,0.001,margin_targeted,2099,2352,314,1.0,314,random,8,314,0.14959504525964745,0.6137700940248711,52,0.16560509554140126,0.16560509554140126,0.016010050281753813,262,0.655183796908626,0.6602209533167134,0.654863450775291,0.6498238928423653,0.005037156408087329,-0.0003203461333350921
resp,n3000,4,384,0.001,margin_targeted,2099,2352,314,1.0,314,random,9,314,0.14959504525964745,0.6137700940248711,51,0.1624203821656051,0.1624203821656051,0.012825336905957635,263,0.655183796908626,0.6593588958096753,0.6533132383164479,0.6498238928423653,0.004175098901049279,-0.0018705585921781065
resp,n3000,4,384,0.001,margin_targeted,2099,2352,314,2.0,628,top,-1,314,0.14959504525964745,0.6137700940248711,86,0.13694267515923567,0.27388535031847133,-0.012652370100411786,228,0.655183796908626,0.753838468579299,0.6577855875819871,0.6498238928423653,0.09865467167067299,0.002601790673361082
resp,n3000,4,384,0.001,margin_targeted,2099,2352,314,2.0,628,bottom_oracle_diagnostic,-1,314,0.14959504525964745,0.6137700940248711,14,0.022292993630573247,0.044585987261146494,-0.1273020516290742,300,0.655183796908626,0.7304541097069154,0.6544021122005108,0.6498238928423653,0.07527031279828933,-0.0007816847081152378
resp,n3000,4,384,0.001,margin_targeted,2099,2352,314,2.0,628,two_tailed,-1,314,0.14959504525964745,0.6137700940248711,5,0.007961783439490446,0.01592356687898089,-0.141633261820157,309,0.655183796908626,0.7035968585781022,0.6559731927397059,0.6498238928423653,0.04841306166947612,0.0007893958310798421
resp,n3000,4,384,0.001,margin_targeted,2099,2352,314,2.0,628,random,0,314,0.14959504525964745,0.6137700940248711,87,0.13853503184713375,0.2770700636942675,-0.011060013412513697,227,0.655183796908626,0.6625770210578995,0.6527262841496493,0.6498238928423653,0.0073932241492734585,-0.0024575127589767654
resp,n3000,4,384,0.001,margin_targeted,2099,2352,314,2.0,628,random,1,314,0.14959504525964745,0.6137700940248711,102,0.1624203821656051,0.3248407643312102,0.012825336905957635,212,0.655183796908626,0.6595763561837906,0.6556942143035801,0.6498238928423653,0.004392559275164576,0.0005104173949540547
resp,n3000,4,384,0.001,margin_targeted,2099,2352,314,2.0,628,random,2,314,0.14959504525964745,0.6137700940248711,102,0.1624203821656051,0.3248407643312102,0.012825336905957635,212,0.655183796908626,0.6634064643732686,0.654092049164674,0.6498238928423653,0.008222667464642508,-0.0010917477439520429
resp,n3000,4,384,0.001,margin_targeted,2099,2352,314,2.0,628,random,3,314,0.14959504525964745,0.6137700940248711,95,0.15127388535031847,0.30254777070063693,0.0016788400906710133,219,0.655183796908626,0.6625920249539364,0.6524184536813342,0.6498238928423653,0.007408228045310383,-0.0027653432272918277
resp,n3000,4,384,0.001,margin_targeted,2099,2352,314,2.0,628,random,4,314,0.14959504525964745,0.6137700940248711,98,0.15605095541401273,0.31210191082802546,0.00645591015436528,216,0.655183796908626,0.6601332906169497,0.6520523168688823,0.6498238928423653,0.004949493708323649,-0.003131480039743728
resp,n3000,4,384,0.001,margin_targeted,2099,2352,314,2.0,628,random,5,314,0.14959504525964745,0.6137700940248711,89,0.14171974522292993,0.28343949044585987,-0.00787530003671752,225,0.655183796908626,0.6626949800600133,0.65405346730918,0.6498238928423653,0.007511183151387213,-0.0011303295994460338
resp,n3000,4,384,0.001,margin_targeted,2099,2352,314,2.0,628,random,6,314,0.14959504525964745,0.6137700940248711,89,0.14171974522292993,0.28343949044585987,-0.00787530003671752,225,0.655183796908626,0.6599827055104802,0.653992067153348,0.6498238928423653,0.004798908601854168,-0.001191729755278037
resp,n3000,4,384,0.001,margin_targeted,2099,2352,314,2.0,628,random,7,314,0.14959504525964745,0.6137700940248711,85,0.13535031847133758,0.27070063694267515,-0.014244726788309875,229,0.655183796908626,0.6619386826937634,0.6571658862600173,0.6498238928423653,0.006754885785137388,0.001982089351391214
resp,n3000,4,384,0.001,margin_targeted,2099,2352,314,2.0,628,random,8,314,0.14959504525964745,0.6137700940248711,84,0.1337579617834395,0.267515923566879,-0.015837083476207964,230,0.655183796908626,0.66272764340561,0.6528178665229846,0.6498238928423653,0.007543846496983919,-0.0023659303856414793
resp,n3000,4,384,0.001,margin_targeted,2099,2352,314,2.0,628,random,9,314,0.14959504525964745,0.6137700940248711,97,0.15445859872611464,0.3089171974522293,0.004863553466467191,217,0.655183796908626,0.6569902152298494,0.6534974108660326,0.6498238928423653,0.001806418321223302,-0.001686386042593413
