source_row_id,filtered_local_index,selected_rank,flip_flag,gradient_flip_objective,z_norm,s_clean,s_attacked,s_changed,z_changed,effective_invariant_abs_err,clean_margin,clean_head_margin_after_relabel,poisoned_head_margin,clean_oof_margin_after_relabel,poisoned_oof_margin,clean_oof_margin_pre_attack,stage0_self_influence,stage0_cross_fit,stage0_training_dynamics,stage0_ensemble,stage1_self_influence,stage1_cross_fit,stage1_training_dynamics,stage1_ensemble,stage2_self_influence,stage2_cross_fit,stage2_training_dynamics,stage2_ensemble,stage0_si_disagreement,stage0_si_leverage,stage0_si_product,stage1_si_disagreement,stage1_si_leverage,stage1_si_product,stage2_si_disagreement,stage2_si_leverage,stage2_si_product
61,0,-1,False,-0.08872683930111035,0.3750336057674905,1.0,1.0,False,False,0.0,1.5560407189217145,1.5560407189217145,2.163920842994324,0.8368531571767897,1.8592953614714889,0.8368531571767897,15.205141224089033,0.30219795909870006,-1.5560407189217145,67.33333333333333,15.205141224089033,0.30219795909870006,-1.5560407189217145,66.0,6.71552621451544,0.13478520445094866,-2.163920842994324,63.666666666666664,0.030351044752670288,500.97587572339773,15.205141224089033,0.030351044752670288,500.97587572339773,15.205141224089033,0.010616730454036568,632.5418398431827,6.71552621451544
117,1,-1,False,0.001890220157344725,0.0297990999299663,1.0,1.0,False,False,0.0,0.11605771721282263,0.11605771721282263,0.1109959744213876,0.09097405276328992,0.07300936677720513,0.09097405276328992,1.2934161552321852,0.47727215980824056,-0.11605771721282263,91.33333333333333,1.2934161552321852,0.47727215980824056,-0.11605771721282263,86.66666666666667,1.396567703810018,0.4817557616273137,-0.1109959744213876,111.33333333333333,0.22185804498976916,5.829926768226188,1.2934161552321852,0.22185804498976916,5.829926768226188,1.2934161552321852,0.22304788885929572,6.261290841855977,1.396567703810018
265,2,-1,False,-0.013923678532879142,0.34164723010619197,1.0,1.0,False,False,0.0,1.0195315588831517,1.0195315588831517,1.118646100548106,-0.8656347000121796,-0.36936080072167743,-0.8656347000121796,32.17187104410724,0.7038365587490725,-1.0195315588831517,137.0,32.17187104410724,0.7038365587490725,-1.0195315588831517,130.33333333333334,29.23368098174185,0.5913045163273232,-1.118646100548106,143.33333333333334,0.07028790241005789,457.7156230444514,32.17187104410724,0.07028790241005789,457.7156230444514,32.17187104410724,0.060645221047575616,482.0442646059167,29.23368098174185
173,3,-1,False,0.0037759537023144816,0.0364061933415869,1.0,1.0,False,False,0.0,0.11854514716061919,0.11854514716061919,0.012233418421847471,0.14688144378879936,0.014094677171575254,0.14688144378879936,2.0003087659921084,0.4633455145097223,-0.11854514716061919,90.0,2.0003087659921084,0.4633455145097223,-0.11854514716061919,85.0,2.376467997066373,0.49647638904027036,-0.012233418421847471,115.33333333333333,0.22127462739154188,9.039937337472471,2.0003087659921084,0.22127462739154188,9.039937337472471,2.0003087659921084,0.24695103683545597,9.623235551142143,2.376467997066373
212,4,-1,False,0.013702095967647585,0.5041835412477769,1.0,1.0,False,False,0.0,0.4539888670313055,0.4539888670313055,0.7373027531758635,-2.5310915102326894,-2.782855732631258,-2.5310915102326894,77.24679991753345,0.9262929102384238,-0.4539888670313055,165.0,77.24679991753345,0.9262929102384238,-0.4539888670313055,151.66666666666666,58.505682134741484,0.9417423183744651,-0.7373027531758635,163.66666666666666,0.1508645007132118,512.0276775009977,77.24679991753345,0.1508645007132118,512.0276775009977,77.24679991753345,0.1047132313410339,558.7229176817018,58.505682134741484
126,5,-1,False,-0.009790598362654016,0.11051335756840884,1.0,1.0,False,False,0.0,-0.35032212885286973,-0.35032212885286973,-0.014033323534301853,-0.5149890713156804,-0.10412595089110883,-0.5149890713156804,24.818192207239456,0.6259752990348184,0.35032212885286973,143.0,24.818192207239456,0.6259752990348184,0.35032212885286973,135.33333333333334,19.425688022221767,0.5260079932829977,0.014033323534301853,147.66666666666666,0.3442118351812896,72.10150747480313,24.818192207239456,0.3442118351812896,72.10150747480313,24.818192207239456,0.25352058129046656,76.62371206054131,19.425688022221767
160,6,16,True,0.0750286919274757,0.43343461597542515,1.0,-1.0,True,False,0.0,1.2962564423436667,-1.2962564423436667,2.1078285168074715,1.182229970142927,2.243460001253686,-1.182229970142927,26.9875007890023,0.765348521409703,-1.2962564423436667,125.33333333333333,360.64233656264156,0.234651478590297,1.2962564423436667,124.66666666666667,9.365354147974662,0.09591508660076586,-2.1078285168074715,71.0,0.046137203790882673,584.9401041147489,26.9875007890023,0.6165457523355137,584.9401041147489,360.64233656264156,0.011737177722799287,797.9221554925086,9.365354147974662
13,7,-1,False,-0.15376311004070248,0.36170243735393365,1.0,1.0,False,False,0.0,2.6541533761087317,2.6541533761087317,4.326839759394599,1.999469774067531,3.656179283309151,1.999469774067531,2.434541831245582,0.11925860358511686,-2.6541533761087317,19.333333333333332,2.434541831245582,0.11925860358511686,-2.6541533761087317,20.666666666666668,0.1322984611897736,0.02518057749070124,-4.326839759394599,17.0,0.004320890312160179,563.4352310203545,2.434541831245582,0.004320890312160179,563.4352310203545,2.434541831245582,0.0001699638129680406,778.3919346093426,0.1322984611897736
219,8,-1,False,0.013984096019670537,0.5805207345976164,1.0,1.0,False,False,0.0,3.1431171227956094,3.1431171227956094,2.5113781428942676,2.719093013862287,2.009002076620728,2.719093013862287,2.771416191787599,0.06185607767059975,-3.1431171227956094,13.666666666666666,2.771416191787599,0.06185607767059975,-3.1431171227956094,14.0,7.331027849941262,0.11826099696817127,-2.5113781428942676,59.666666666666664,0.001710925978548481,1619.8340702844544,2.771416191787599,0.001710925978548481,1619.8340702844544,2.771416191787599,0.005634659548693864,1301.0595913715183,7.331027849941262
295,9,-1,False,0.0057403935621788416,0.21134152040070797,1.0,1.0,False,False,0.0,0.6270764973400154,0.6270764973400154,0.6990257973056171,-0.594836723233848,-0.23164836019403579,-0.594836723233848,26.770910918518073,0.6444741434370329,-0.6270764973400154,135.33333333333334,26.770910918518073,0.6444741434370329,-0.6270764973400154,129.0,25.883141495527976,0.5576545039828368,-0.6990257973056171,147.66666666666666,0.1212249451059181,220.83665119524267,26.770910918518073,0.1212249451059181,220.83665119524267,26.770910918518073,0.1102427631073677,234.78313465637513,25.883141495527976
226,10,-1,False,0.0285439523508587,0.40924913549033454,1.0,1.0,False,False,0.0,1.0395435299200015,1.0395435299200015,0.7571170944294734,-0.28238188197448366,-0.7739125712262976,-0.28238188197448366,34.44822685112706,0.5701300770466327,-1.0395435299200015,126.66666666666667,34.44822685112706,0.5701300770466327,-1.0395435299200015,120.33333333333333,49.44965662847295,0.6843666530963446,-0.7571170944294734,158.66666666666666,0.06824533429991984,504.7704316274046,34.44822685112706,0.06824533429991984,504.7704316274046,34.44822685112706,0.10193493129433834,485.11002068257125,49.44965662847295
216,11,-1,False,0.0016161747108523528,0.07807311140179427,1.0,1.0,False,False,0.0,0.2988972375829031,0.2988972375829031,0.2105452167340608,0.09993141536627062,0.08485390501861106,0.09993141536627062,7.815631729564053,0.4750379159147322,-0.2988972375829031,98.0,7.815631729564053,0.4750379159147322,-0.2988972375829031,93.66666666666667,9.138082700334683,0.4787992430004685,-0.2105452167340608,126.66666666666667,0.18132870609130228,43.102010145204154,7.815631729564053,0.18132870609130228,43.102010145204154,7.815631729564053,0.20030752055228396,45.62026765215475,9.138082700334683
232,12,-1,False,-0.0440409584864339,0.4175639071081164,1.0,1.0,False,False,0.0,2.1135958840063513,2.1135958840063513,2.4551463468677004,1.0277927222256786,1.3105421963911825,1.0277927222256786,8.911411550687689,0.26351225472607265,-2.1135958840063513,40.333333333333336,8.911411550687689,0.26351225472607265,-2.1135958840063513,41.666666666666664,5.503305775848911,0.21239612919045658,-2.4551463468677004,64.33333333333333,0.011617041296414039,767.0982071345887,8.911411550687689,0.011617041296414039,767.0982071345887,8.911411550687689,0.006250961194232451,880.3935274668836,5.503305775848911
45,13,-1,False,-0.02883944830446894,0.3032283326765394,1.0,1.0,False,False,0.0,1.3383852235075302,1.3383852235075302,1.3823663287339767,0.2725229057372797,0.6039284589626039,0.2725229057372797,17.51011283037262,0.4322878305049844,-1.3383852235075302,91.0,17.51011283037262,0.4322878305049844,-1.3383852235075302,87.66666666666667,16.999926595883203,0.3534454394149694,-1.3823663287339767,110.66666666666667,0.043170755383724474,405.601261194841,17.51011283037262,0.043170755383724474,405.601261194841,17.51011283037262,0.04025208626860567,422.3365338740758,16.999926595883203
264,14,0,True,0.4749839174203375,0.8337256948496042,1.0,-1.0,True,False,0.0,2.1263558026501483,-2.1263558026501483,7.194547572506461,2.070835441913992,7.511083919862123,-2.070835441913992,14.811430124544867,0.8880360547110213,-2.1263558026501483,93.33333333333333,1041.1808635319283,0.1119639452889788,2.1263558026501483,125.0,0.002677703674180585,0.0005466888440815998,-7.194547572506461,2.0,0.011355341429870776,1304.3579725029388,14.811430124544867,0.7982324526556167,1304.3579725029388,1041.1808635319283,5.626568388808082e-07,4759.03515099338,0.002677703674180585
292,15,-1,False,-0.002345238281104129,0.321343277037142,1.0,1.0,False,False,0.0,0.12843797824423814,0.12843797824423814,0.8071543408073869,-0.51491972061904,-0.019769006115663623,-0.51491972061904,72.37357669149849,0.6259590617988274,-0.12843797824423814,157.66666666666666,72.37357669149849,0.6259590617988274,-0.12843797824423814,145.0,35.85867681735088,0.5049420905769456,-0.8071543408073869,146.33333333333334,0.21896276501780923,330.5291504042343,72.37357669149849,0.21896276501780923,330.5291504042343,72.37357669149849,0.09517053456024242,376.7833918664452,35.85867681735088
192,16,-1,False,0.026880341904706555,0.34123035192264917,1.0,1.0,False,False,0.0,1.506729442670148,1.506729442670148,0.5252699631758222,0.5680032493905105,-0.8696399302285892,0.5680032493905105,14.837193991043979,0.36169769217560055,-1.506729442670148,72.66666666666667,14.837193991043979,0.36169769217560055,-1.506729442670148,71.66666666666667,53.26882617219278,0.704670769445289,-0.5252699631758222,164.66666666666666,0.032914666126026934,450.777593618415,14.837193991043979,0.032914666126026934,450.777593618415,14.837193991043979,0.13810199524648106,385.7209019834933,53.26882617219278
186,17,-1,False,-0.22078819448681977,0.46507980939860855,1.0,1.0,False,False,0.0,2.439720911019446,2.439720911019446,5.615572665148054,0.7274790632033251,5.0653628239110935,0.7274790632033251,5.128213359469091,0.3257481732408498,-2.439720911019446,37.666666666666664,5.128213359469091,0.3257481732408498,-2.439720911019446,40.0,0.01797425096597134,0.006272033783608411,-5.615572665148054,10.0,0.006430996810601109,797.4212257445907,5.128213359469091,0.006430996810601109,797.4212257445907,5.128213359469091,1.3158882450104532e-05,1365.9405374373987,0.01797425096597134
72,18,-1,False,-0.09385784539145064,0.34428484566915896,1.0,1.0,False,False,0.0,1.6463604356623587,1.6463604356623587,2.9647161853880015,1.3525922020149488,3.0781205811346437,1.3525922020149488,11.622926510137184,0.2054469016045385,-1.6463604356623587,49.666666666666664,11.622926510137184,0.2054469016045385,-1.6463604356623587,49.0,1.5226990924657322,0.04401883581363086,-2.9647161853880015,36.333333333333336,0.026115029938238627,445.06655889827067,11.622926510137184,0.026115029938238627,445.06655889827067,11.622926510137184,0.0024054683579790843,633.0156401412835,1.5226990924657322
144,19,-1,False,-0.032699497272586656,0.22615281533325018,1.0,1.0,False,False,0.0,0.6103090405200893,0.6103090405200893,1.414768525813572,0.5589998986325301,1.14622412288224,0.5589998986325301,31.052636999139626,0.3637788954410641,-0.6103090405200893,118.0,31.052636999139626,0.3637788954410641,-0.6103090405200893,110.0,11.26962132062559,0.24117943807285624,-1.414768525813572,95.0,0.123896048322451,250.6346039247535,31.052636999139626,0.123896048322451,250.6346039247535,31.052636999139626,0.038213612660245914,294.9111726447553,11.26962132062559
98,20,-1,False,0.005664123585340935,0.035255037528302724,1.0,1.0,False,False,0.0,-0.0394198583292737,-0.0394198583292737,-0.13562207507427482,-0.024080594950703235,-0.14448470640918493,-0.024080594950703235,2.299955428803243,0.5060198578433714,0.0394198583292737,98.66666666666667,2.299955428803243,0.5060198578433714,0.0394198583292737,93.66666666666667,2.7001821499642213,0.5360584692095915,0.13562207507427482,121.33333333333333,0.2599507838035835,8.847657218610538,2.299955428803243,0.2599507838035835,8.847657218610538,2.299955428803243,0.28499971376255495,9.474332848677367,2.7001821499642213
249,21,-1,False,0.027851205504664214,0.29352833175208387,1.0,1.0,False,False,0.0,1.0485128699341675,1.0485128699341675,0.5721049656138903,0.3257480903176447,-0.5195493064478651,0.3257480903176447,23.891584118080246,0.4192755364929368,-1.0485128699341675,102.33333333333333,23.891584118080246,0.4192755364929368,-1.0485128699341675,97.66666666666667,44.388025057062784,0.6270423730492825,-0.5721049656138903,159.33333333333334,0.06734584122272468,354.75960629946735,23.891584118080246,0.06734584122272468,354.75960629946735,23.891584118080246,0.13014146944924965,341.0751795327812,44.388025057062784
37,22,-1,False,-0.008212589320522878,0.2502334571798031,1.0,1.0,False,False,0.0,0.5911381637550465,0.5911381637550465,1.089994907831489,-0.7240617045468354,0.24279205798928935,-0.7240617045468354,37.220074458225206,0.6735008042563577,-0.5911381637550465,148.33333333333334,37.220074458225206,0.6735008042563577,-0.5911381637550465,139.66666666666666,20.68855467190333,0.43959840707585274,-1.089994907831489,126.0,0.12700224920655367,293.0662621391161,37.220074458225206,0.12700224920655367,293.0662621391161,37.220074458225206,0.06331224057071864,326.7702182928526,20.68855467190333
28,23,-1,False,-0.014020709495744752,0.22909088354706633,1.0,1.0,False,False,0.0,0.6674413229356371,0.6674413229356371,0.5484374520539034,0.01670120503471087,-0.08433809454253469,0.01670120503471087,27.836188918813455,0.4958247957901005,-0.6674413229356371,124.0,27.836188918813455,0.4958247957901005,-0.6674413229356371,117.33333333333333,34.005498747302624,0.5210720348181322,-0.5484374520539034,151.66666666666666,0.1149684702824059,242.1201991331822,27.836188918813455,0.1149684702824059,242.1201991331822,27.836188918813455,0.1341222213740846,253.54112390113784,34.005498747302624
121,24,-1,False,0.026392654029775264,0.3501532561947061,1.0,1.0,False,False,0.0,1.1762026059534951,1.1762026059534951,0.922777688472145,-0.6657435726667348,-0.41796755819116693,-0.6657435726667348,25.386826574269246,0.6605494197290162,-1.1762026059534951,121.0,25.386826574269246,0.6605494197290162,-1.1762026059534951,116.33333333333333,35.9369085595906,0.6029968022468115,-0.922777688472145,151.0,0.055571303571766234,456.83338238564147,25.386826574269246,0.055571303571766234,456.83338238564147,25.386826574269246,0.08087895718136083,444.3295241679072,35.9369085595906
285,25,-1,False,-0.34958567458665113,0.6867412726603723,1.0,1.0,False,False,0.0,2.472675596692565,2.472675596692565,6.4039703934014955,1.1549437418937307,7.093975034459946,1.1549437418937307,7.326914567346065,0.23958724725535296,-2.472675596692565,33.0,7.326914567346065,0.23958724725535296,-2.472675596692565,33.666666666666664,0.0073776637779974594,0.0008294026780284458,-6.4039703934014955,4.666666666666667,0.0060522270434443535,1210.6146241295469,7.326914567346065,0.0060522270434443535,1210.6146241295469,7.326914567346065,2.7298933989950552e-06,2702.546473321401,0.0073776637779974594
166,26,-1,False,0.014877784925846823,0.4828657278228002,1.0,1.0,False,False,0.0,2.59447871098405,2.59447871098405,1.8877486404320287,2.1736475340988526,0.6702275302288209,2.1736475340988526,4.932323348411447,0.10214203581499492,-2.59447871098405,21.0,4.932323348411447,0.10214203581499492,-2.59447871098405,21.666666666666668,14.163528976652842,0.33844589484465537,-1.8877486404320287,99.66666666666667,0.004829500478053724,1021.2905808426714,4.932323348411447,0.004829500478053724,1021.2905808426714,4.932323348411447,0.017292613255555367,819.0508147808553,14.163528976652842
250,27,-1,False,0.006252982761362734,0.794701991495811,1.0,1.0,False,False,0.0,2.70020102582683,2.70020102582683,2.2365541884774247,0.8804130412178173,-1.1869441552630942,0.8804130412178173,7.054471026688235,0.29309219393055574,-2.70020102582683,34.666666666666664,7.054471026688235,0.29309219393055574,-2.70020102582683,36.666666666666664,13.15528402957207,0.7661940833988325,-2.2365541884774247,115.0,0.003964149855767976,1779.5671917961765,7.054471026688235,0.003964149855767976,1779.5671917961765,7.054471026688235,0.009315261075475671,1412.229235765173,13.15528402957207
259,28,21,True,0.06642584896455424,0.25606724469478603,1.0,-1.0,True,False,0.0,1.4417304935309176,-1.4417304935309176,1.4239763600245416,-0.510325688733086,1.176655807487419,0.510325688733086,11.327866700383035,0.3751171795936694,-1.4417304935309176,68.66666666666667,202.49734121856181,0.6248828204063306,1.4417304935309176,157.66666666666666,12.470063893312412,0.2356540236299629,-1.4239763600245416,96.66666666666667,0.03658708765152521,309.61378528609964,11.327866700383035,0.6540320581379911,309.61378528609964,202.49734121856181,0.03765112286538296,331.2003187234978,12.470063893312412
133,29,17,True,0.07128739841258092,0.3626856964789276,1.0,-1.0,True,False,0.0,0.6127929350003877,-0.6127929350003877,1.8963727280030054,1.0655360610998357,1.1091515802555643,-1.0655360610998357,51.47890903795511,0.7437470715775192,-0.6127929350003877,153.0,175.34545568110465,0.2562529284224808,0.6127929350003877,121.66666666666667,10.152602481079281,0.24802909405889162,-1.8963727280030054,88.33333333333333,0.1234976717611935,416.84112990809643,51.47890903795511,0.4206529612847085,416.84112990809643,175.34545568110465,0.017035355816985613,595.9724346324674,10.152602481079281
99,30,25,True,0.04684982750506541,0.600745160135832,1.0,-1.0,True,False,0.0,1.2698566290195008,-1.2698566290195008,2.1906313846688303,2.414495657597479,1.6058710787083856,-2.414495657597479,35.05281199450602,0.9179260120226633,-1.2698566290195008,137.33333333333334,444.33069616929146,0.08207398797733678,1.2698566290195008,116.0,11.347070418606215,0.16716264940983772,-2.1906313846688303,77.33333333333333,0.048084505979502624,728.9835110180454,35.05281199450602,0.6095209143328516,728.9835110180454,444.33069616929146,0.010119344819356287,1121.3246135166314,11.347070418606215
238,31,-1,False,0.028480420676570216,0.28953435742321143,1.0,1.0,False,False,0.0,1.4771715490032857,1.4771715490032857,1.245063032911732,0.8648204698157806,0.35402270022897,0.8648204698157806,12.61024865717214,0.29633319623541055,-1.4771715490032857,61.666666666666664,12.61024865717214,0.29633319623541055,-1.4771715490032857,61.0,18.64026999756713,0.4124072678502241,-1.245063032911732,119.33333333333333,0.03454208856264119,365.0690847573903,12.61024865717214,0.03454208856264119,365.0690847573903,12.61024865717214,0.049977249951368485,372.97510398642333,18.64026999756713
52,32,-1,False,-0.1266303082169315,0.5414041185355519,1.0,1.0,False,False,0.0,2.520549122193726,2.520549122193726,4.608700511446249,1.7198858808370787,4.52730611015031,1.7198858808370787,6.246230539205811,0.151885863509295,-2.520549122193726,25.333333333333332,6.246230539205811,0.151885863509295,-2.520549122193726,26.666666666666668,0.18934857475969746,0.010694155950583428,-4.608700511446249,13.666666666666666,0.005539840850429068,1127.510827088477,6.246230539205811,0.005539840850429068,1127.510827088477,6.246230539205811,9.7346683044763e-05,1945.0952907417416,0.18934857475969746
197,33,-1,False,-0.03768976644887467,0.16543483636143316,1.0,1.0,False,False,0.0,0.04565969569224657,0.04565969569224657,0.9623483423171875,-0.20942245087892106,0.6617432834301415,-0.20942245087892106,33.11962621648432,0.552165098225841,-0.04565969569224657,144.0,33.11962621648432,0.552165098225841,-0.04565969569224657,134.33333333333334,11.756702785704347,0.34034811590012437,-0.9623483423171875,110.33333333333333,0.23871731405007918,138.7399416262548,33.11962621648432,0.23871731405007918,138.7399416262548,33.11962621648432,0.07640152844290089,153.88046581412024,11.756702785704347
200,34,-1,False,-0.0685385754986256,0.3319491813936166,1.0,1.0,False,False,0.0,1.2453942840836194,1.2453942840836194,1.940268385233483,-0.29074954453969976,1.422607854793538,-0.29074954453969976,20.724399683837802,0.5721796239343726,-1.2453942840836194,105.33333333333333,20.724399683837802,0.5721796239343726,-1.2453942840836194,100.66666666666667,8.307416266524747,0.19425307974819195,-1.940268385233483,78.66666666666667,0.04995154751240864,414.8900427697376,20.724399683837802,0.04995154751240864,414.8900427697376,20.724399683837802,0.015779976024329193,526.4530347648545,8.307416266524747
46,35,-1,False,-0.17512031812066853,0.538079645485973,1.0,1.0,False,False,0.0,1.3369847951405565,1.3369847951405565,2.958214866011791,-0.007167053824073122,2.4490971427873314,-0.007167053824073122,28.931202984020675,0.5017917557863156,-1.3369847951405565,109.66666666666667,28.931202984020675,0.5017917557863156,-1.3369847951405565,105.0,3.212897390796671,0.07950459846077618,-2.958214866011791,47.0,0.04326663964485673,668.6722893549196,28.931202984020675,0.04326663964485673,668.6722893549196,28.931202984020675,0.0024353916115573315,1319.2528772578619,3.212897390796671
293,36,-1,False,-0.3114033925913572,0.7604593885394362,1.0,1.0,False,False,0.0,2.9792608225032837,2.9792608225032837,5.138850718484866,1.3672208655198874,4.044587800944216,1.3672208655198874,4.308659575347757,0.20306922852325837,-2.9792608225032837,23.0,4.308659575347757,0.20306922852325837,-2.9792608225032837,24.666666666666668,0.11902885697124252,0.017215363420984175,-5.138850718484866,12.666666666666666,0.0023398158517467112,1841.4524254681287,4.308659575347757,0.0023398158517467112,1841.4524254681287,4.308659575347757,3.399163711579737e-05,3501.7100402005854,0.11902885697124252
274,37,-1,False,-0.052266772995530265,0.8376405634746432,1.0,1.0,False,False,0.0,2.204475573974468,2.204475573974468,2.547466828090999,-1.2291891060524578,0.3888705330648721,-1.2291891060524578,13.658527083155441,0.7736766173511074,-2.204475573974468,87.0,13.658527083155441,0.7736766173511074,-2.204475573974468,86.66666666666667,9.082892067562486,0.4039892264164524,-2.547466828090999,81.0,0.00987028349824771,1383.8029156488024,13.658527083155441,0.00987028349824771,1383.8029156488024,13.658527083155441,0.005270302708062324,1723.4099388006305,9.082892067562486
60,38,-1,False,-0.09231886603465031,0.3705576881430174,1.0,1.0,False,False,0.0,1.1222790786103403,1.1222790786103403,2.475243566922431,0.4659954937153593,2.3341894430936705,0.4659954937153593,28.58155310147714,0.38556449341736265,-1.1222790786103403,103.66666666666667,28.58155310147714,0.38556449341736265,-1.1222790786103403,98.0,4.387744235880978,0.0883307117587373,-2.475243566922431,54.333333333333336,0.06031385014998978,473.88042763643705,28.58155310147714,0.06031385014998978,473.88042763643705,28.58155310147714,0.006023626299918955,728.4223850241196,4.387744235880978
152,39,-1,False,0.028265227549429523,0.36977188768335933,1.0,1.0,False,False,0.0,0.6105240234670097,0.6105240234670097,0.4288929258326581,-0.7863140102604624,-1.5536468879660856,-0.7863140102604624,51.48395195356,0.6870393296691553,-0.6105240234670097,151.33333333333334,51.48395195356,0.6870393296691553,-0.6105240234670097,141.66666666666666,64.54746649457323,0.8254398317841084,-0.4288929258326581,170.0,0.1238615315669495,415.65731750807515,51.48395195356,0.1238615315669495,415.65731750807515,51.48395195356,0.1555440412993146,414.97871570897433,64.54746649457323
204,40,-1,False,-0.02706117193387588,0.5248986250601239,1.0,1.0,False,False,0.0,2.7800854625795517,2.7800854625795517,2.3962402114674477,2.0744108227704547,1.7025680419366325,2.0744108227704547,4.217163425438007,0.11160894514589592,-2.7800854625795517,20.333333333333332,4.217163425438007,0.11160894514589592,-2.7800854625795517,21.0,7.784384176534489,0.15413016158563775,-2.3962402114674477,65.66666666666667,0.0034117111706718777,1236.0845377797643,4.217163425438007,0.0034117111706718777,1236.0845377797643,4.217163425438007,0.006965546369528775,1117.555431198875,7.784384176534489
269,41,-1,False,0.0005261537207507279,0.3658607161966215,1.0,1.0,False,False,0.0,1.079979204731029,1.079979204731029,1.0650685983527564,-0.14881238260841745,-0.5645789618800723,-0.14881238260841745,29.904043634903932,0.5371345917498804,-1.079979204731029,117.33333333333333,29.904043634903932,0.5371345917498804,-1.079979204731029,112.33333333333333,31.61705517718475,0.6375113602937317,-1.0650685983527564,146.0,0.06426729576005243,465.3073274866473,29.904043634903932,0.06426729576005243,465.3073274866473,29.904043634903932,0.06571123689140047,481.1514236056394,31.61705517718475
164,42,5,True,0.1558791033459418,0.6119133196582551,1.0,-1.0,True,False,0.0,0.520428405858987,-0.520428405858987,4.6389900741629155,3.3521613922078064,3.118744792189415,-3.3521613922078064,79.01524716637644,0.9661755421400318,-0.520428405858987,163.66666666666666,223.74290511489525,0.03382445785996835,0.520428405858987,109.33333333333333,0.20823395374361048,0.042340638666580444,-4.6389900741629155,19.333333333333332,0.13894410086333955,568.6837129133896,79.01524716637644,0.39343997381013657,568.6837129133896,223.74290511489525,9.167854286276915e-05,2271.3488591906353,0.20823395374361048
102,43,-1,False,-0.02569271483495763,0.41721548138367104,1.0,1.0,False,False,0.0,2.2325504506891956,2.2325504506891956,1.8308103328163092,0.4670315860706483,-0.046793232195303985,0.4670315860706483,6.889452940100016,0.3853190675816648,-2.2325504506891956,47.0,6.889452940100016,0.3853190675816648,-2.2325504506891956,48.666666666666664,12.846472986580174,0.5116961739584174,-1.8308103328163092,112.33333333333333,0.009382884774878758,734.2574384527746,6.889452940100016,0.009382884774878758,734.2574384527746,6.889452940100016,0.01908314800352054,673.1841614502074,12.846472986580174
243,44,-1,False,-0.034825228928801105,0.33085052152784555,1.0,1.0,False,False,0.0,0.6903879390695503,0.6903879390695503,1.2407124205697815,0.1317524411364583,0.3768990312029249,0.1317524411364583,42.26757413591375,0.467109454065722,-0.6903879390695503,130.0,42.26757413591375,0.467109454065722,-0.6903879390695503,121.66666666666667,22.23344094550499,0.40687503021385474,-1.2407124205697815,121.0,0.11152045175723116,379.0118625767946,42.26757413591375,0.11152045175723116,379.0118625767946,42.26757413591375,0.0503158746738918,441.8772621882217,22.23344094550499
50,45,-1,False,-0.17451740221237896,0.6238514438613466,1.0,1.0,False,False,0.0,1.8231181347911445,1.8231181347911445,3.9443134389474044,-0.9207735022036692,3.3958571810100904,-0.9207735022036692,18.441793452564113,0.7151996858875219,-1.8231181347911445,101.0,18.441793452564113,0.7151996858875219,-1.8231181347911445,100.33333333333333,0.7966801861009601,0.03242518918555115,-3.9443134389474044,24.666666666666668,0.019337723094688685,953.6693312993685,18.441793452564113,0.019337723094688685,953.6693312993685,18.441793452564113,0.00036087256088084793,2207.6496593599595,0.7966801861009601
138,46,-1,False,0.02091752240661919,0.8248099663543524,1.0,1.0,False,False,0.0,1.8213417434448624,1.8213417434448624,2.7277469331552107,-2.404559726232555,0.1585525387140897,-2.404559726232555,21.462351343819634,0.9171743452304528,-1.8213417434448624,108.66666666666667,21.462351343819634,0.9171743452304528,-1.8213417434448624,105.66666666666667,7.139739709456632,0.460444695385513,-2.7277469331552107,80.33333333333333,0.019396955233013487,1106.480428809304,21.462351343819634,0.019396955233013487,1106.480428809304,21.462351343819634,0.0037645331639149194,1896.58037227428,7.139739709456632
181,47,-1,False,-0.03028989312094766,0.18771179405027935,1.0,1.0,False,False,0.0,0.8767594903935614,0.8767594903935614,0.9762043651353552,0.951490091825473,0.6261265712086507,0.951490091825473,16.87993018470339,0.27858525123257494,-0.8767594903935614,87.66666666666667,16.87993018470339,0.27858525123257494,-0.8767594903935614,82.66666666666667,15.70805050528226,0.34838934399998844,-0.9762043651353552,115.66666666666667,0.0863476708031773,195.48796195301966,16.87993018470339,0.0863476708031773,195.48796195301966,16.87993018470339,0.07488189768214674,209.7709992868858,15.70805050528226
35,48,-1,False,-0.01639444583101083,0.0921925959971923,1.0,1.0,False,False,0.0,0.05730224539440526,0.05730224539440526,0.5519686111882306,0.05915502225177613,0.5268396838318808,0.05915502225177613,10.93439496542882,0.4852155554733847,-0.05730224539440526,107.66666666666667,10.93439496542882,0.4852155554733847,-0.05730224539440526,102.0,6.866458133959243,0.3712542827385036,-0.5519686111882306,108.66666666666667,0.23588346670391006,46.355071502972656,10.93439496542882,0.23588346670391006,46.355071502972656,10.93439496542882,0.13352285801180191,51.4253382245033,6.866458133959243
122,49,-1,False,-0.13032430681017826,0.4379832669043571,1.0,1.0,False,False,0.0,1.8471714177797134,1.8471714177797134,3.2536044958598676,1.3969980750231672,3.0415312059799735,1.3969980750231672,13.326591732495663,0.19829290375481778,-1.8471714177797134,48.666666666666664,13.326591732495663,0.19829290375481778,-1.8471714177797134,48.666666666666664,1.5707029072064398,0.04558450690820959,-3.2536044958598676,35.666666666666664,0.01855189659142558,718.3412039206289,13.326591732495663,0.01855189659142558,718.3412039206289,13.326591732495663,0.0013836600062112185,1135.1798130722793,1.5707029072064398
246,50,-1,False,-0.08607389256620143,0.4250545144803409,1.0,1.0,False,False,0.0,1.6089664011864195,1.6089664011864195,2.0768623474698336,0.7277209061666438,1.5214541757193802,0.7277209061666438,17.423864340388317,0.3256950579856145,-1.6089664011864195,71.66666666666667,17.423864340388317,0.3256950579856145,-1.6089664011864195,70.66666666666667,9.503709757535162,0.17924748444539762,-2.0768623474698336,77.66666666666667,0.02779961472323409,626.7663963639744,17.423864340388317,0.02779961472323409,626.7663963639744,17.423864340388317,0.012402408666052132,766.2793585852975,9.503709757535162
14,51,-1,False,-0.02547381840774048,0.489690335301228,1.0,1.0,False,False,0.0,2.305974884626149,2.305974884626149,3.2888498538783746,1.093260256883456,3.119257899394053,1.093260256883456,7.665920930207117,0.2510048480557142,-2.305974884626149,36.333333333333336,7.665920930207117,0.2510048480557142,-2.305974884626149,37.666666666666664,1.7225507912311715,0.04231983812735973,-3.2888498538783746,33.0,0.008213675648456605,933.3118640553558,7.665920930207117,0.008213675648456605,933.3118640553558,7.665920930207117,0.0012928117864066974,1332.406471957462,1.7225507912311715
280,52,-1,False,-0.05731867907269208,0.3008136539213435,1.0,1.0,False,False,0.0,0.8294434527033419,0.8294434527033419,1.9887398871340563,1.0079525431947747,1.7832708615469208,1.0079525431947747,27.439329927436795,0.26738073247452665,-0.8294434527033419,100.66666666666667,27.439329927436795,0.26738073247452665,-0.8294434527033419,94.33333333333333,5.966037505888145,0.14389971866586404,-1.9887398871340563,69.33333333333333,0.09227181559845297,297.3749866031339,27.439329927436795,0.09227181559845297,297.3749866031339,27.439329927436795,0.014493809912033584,411.62658694280253,5.966037505888145
139,53,-1,False,-0.05133747060090335,0.23314922130205581,1.0,1.0,False,False,0.0,0.03427027429145324,0.03427027429145324,0.7367671149510157,-0.3115324706277655,0.3383668893448788,-0.3115324706277655,51.67322354167435,0.5772592756876492,-0.03427027429145324,153.33333333333334,51.67322354167435,0.5772592756876492,-0.03427027429145324,142.0,25.15730395025858,0.4162062336307918,-0.7367671149510157,135.0,0.24150665871050764,213.96189992266295,51.67322354167435,0.24150665871050764,213.96189992266295,51.67322354167435,0.10478912930400554,240.0755127688321,25.15730395025858
15,54,3,True,0.18781110007806254,0.8102124937717767,1.0,-1.0,True,False,0.0,1.5579364412635095,-1.5579364412635095,3.654587128418799,3.8171097825651716,3.0761075848182866,-3.8171097825651716,29.09847001482308,0.978481940742234,-1.5579364412635095,125.33333333333333,656.2609362389554,0.021518059257765842,1.5579364412635095,116.66666666666667,1.8281107629962794,0.04410362286616765,-3.654587128418799,33.0,0.030256151143356686,961.7373299383521,29.09847001482308,0.682370243734869,961.7373299383521,656.2609362389554,0.0006360327084966056,2874.240174404546,1.8281107629962794
89,55,-1,False,-0.14888218549878734,0.47495827994665923,1.0,1.0,False,False,0.0,0.6671018903005463,0.6671018903005463,2.718602120376212,-1.9931153986472636,2.4599701178755033,-1.9931153986472636,60.24064581966635,0.8800723418660155,-0.6671018903005463,157.0,60.24064581966635,0.8800723418660155,-0.6671018903005463,146.0,4.2026939348807275,0.07871250410066999,-2.718602120376212,49.0,0.11502006321792854,523.740329593876,60.24064581966635,0.11502006321792854,523.740329593876,60.24064581966635,0.003829700041193303,1097.3950674140012,4.2026939348807275
80,56,-1,False,0.009846076467331277,0.21781893150464038,1.0,1.0,False,False,0.0,1.057381559102755,1.057381559102755,0.7140561115322892,0.3629735000959229,-0.049642162643347025,0.3629735000959229,16.263370482489275,0.41023995647280476,-1.057381559102755,91.66666666666667,16.263370482489275,0.41023995647280476,-1.057381559102755,88.0,26.679959178172297,0.5124079926349825,-0.7140561115322892,145.0,0.06646607862618639,244.68677585082946,16.263370482489275,0.06646607862618639,244.68677585082946,16.263370482489275,0.10804579899761668,246.93194391353256,26.679959178172297
142,57,-1,False,-0.010830646575198343,0.13096683011726137,1.0,1.0,False,False,0.0,0.5029317597727491,0.5029317597727491,0.5967533040973829,0.11580998170249457,0.20739413880012253,0.11580998170249457,14.622482814926144,0.4710798203562081,-0.5029317597727491,106.66666666666667,14.622482814926144,0.4710798203562081,-0.5029317597727491,101.66666666666667,13.932861776265401,0.4483365132582402,-0.5967533040973829,128.66666666666666,0.14201738628651306,102.96262448758216,14.622482814926144,0.14201738628651306,102.96262448758216,14.622482814926144,0.12608666210283032,110.50226521900008,13.932861776265401
231,58,-1,False,-0.09854617467666277,0.7716815781180436,1.0,1.0,False,False,0.0,3.4511575549177915,3.4511575549177915,4.135680551875189,2.414074663990545,3.7816116658588,2.414074663990545,2.2550875184081836,0.08210571031079616,-3.4511575549177915,12.333333333333334,2.2550875184081836,0.08210571031079616,-3.4511575549177915,13.0,0.7865309170387671,0.022278306378236135,-4.135680551875189,21.666666666666668,0.000944600721115397,2387.3446928405333,2.2550875184081836,0.000944600721115397,2387.3446928405333,2.2550875184081836,0.00024774969462849585,3174.6998446080074,0.7865309170387671
214,59,18,True,0.06833556480066426,0.5311197592942208,1.0,-1.0,True,False,0.0,1.4287168422055851,-1.4287168422055851,2.57286863631063,0.5070619321772782,1.5180539402382869,-0.5070619321772782,27.049486416390547,0.6241174706296292,-1.4287168422055851,114.0,471.114753840431,0.3758825293703708,1.4287168422055851,140.66666666666666,5.9952771742939985,0.1797482653759317,-2.57286863631063,60.333333333333336,0.03736438503116593,723.9376854142884,27.049486416390547,0.6507669973981611,723.9376854142884,471.114753840431,0.005027532149308993,1192.4890773931734,5.9952771742939985
53,60,-1,False,-0.004151813065965789,0.33808757200762973,1.0,1.0,False,False,0.0,1.8933337675541662,1.8933337675541662,1.4913324308113032,1.261300122030402,0.7902072990357976,1.261300122030402,9.07622156614205,0.22075016464552,-1.8933337675541662,42.0,9.07622156614205,0.22075016464552,-1.8933337675541662,42.0,16.592674430648767,0.3121241600276189,-1.4913324308113032,106.0,0.01712560175979401,529.9797165347152,9.07622156614205,0.01712560175979401,529.9797165347152,9.07622156614205,0.03375370753713161,491.58079634350037,16.592674430648767
198,61,-1,False,-0.12366872242886943,0.6344271870339269,1.0,1.0,False,False,0.0,1.8830266772798567,1.8830266772798567,2.5560169839303897,0.32659360996990117,1.94226535780268,0.32659360996990117,17.50217196616541,0.4190696804199062,-1.8830266772798567,76.66666666666667,17.50217196616541,0.4190696804199062,-1.8830266772798567,76.33333333333333,7.4114151604762615,0.12539919421868084,-2.5560169839303897,60.0,0.017434986718669346,1003.8534728233616,17.50217196616541,0.017434986718669346,1003.8534728233616,17.50217196616541,0.005187355386726779,1428.7463664896234,7.4114151604762615
100,62,22,True,0.05659952740709409,0.4312917508777488,1.0,-1.0,True,False,0.0,1.0422934607353629,-1.0422934607353629,2.110994429800479,0.18157667413691359,1.2585077242851719,-0.18157667413691359,36.11809140340499,0.5452698575593603,-1.0422934607353629,126.66666666666667,290.435293072837,0.4547301424406397,1.0422934607353629,144.33333333333334,9.214163000791828,0.22123088613470965,-2.110994429800479,78.33333333333333,0.06796851088394627,531.3944786148883,36.11809140340499,0.5465530876983782,531.3944786148883,290.435293072837,0.011671086835323734,789.486286136114,9.214163000791828
273,63,-1,False,0.008828776980674899,0.3309923124452721,1.0,1.0,False,False,0.0,1.4724568400023628,1.4724568400023628,1.380685836492634,1.211546371647202,0.8019929164773903,1.211546371647202,15.228530347199248,0.22942755267952541,-1.4724568400023628,63.333333333333336,15.228530347199248,0.22942755267952541,-1.4724568400023628,60.666666666666664,18.115640519064435,0.309599376193575,-1.380685836492634,110.33333333333333,0.03480816846978693,437.4987543632877,15.228530347199248,0.03480816846978693,437.4987543632877,15.228530347199248,0.0403603575709412,448.84737423900833,18.115640519064435
299,64,-1,False,-0.006774290400263543,0.4108558635663076,1.0,1.0,False,False,0.0,1.0684330776398774,1.0684330776398774,1.1590893034372842,-0.7796206088644617,-0.8852063183005683,-0.7796206088644617,34.917396001067104,0.6855983407027095,-1.0684330776398774,133.66666666666666,34.917396001067104,0.6855983407027095,-1.0684330776398774,127.66666666666667,32.145429163867675,0.707899935260852,-1.1590893034372842,147.66666666666666,0.06538309532922149,534.043177754871,34.917396001067104,0.06538309532922149,534.043177754871,34.917396001067104,0.05704110771725205,563.5484732030425,32.145429163867675
32,65,-1,False,-0.0708658122784239,0.33574667675174324,1.0,1.0,False,False,0.0,1.3506717601157245,1.3506717601157245,2.300306420287644,1.021043729257035,2.1488679183643766,1.021043729257035,16.09645967358991,0.2648241445933379,-1.3506717601157245,71.0,16.09645967358991,0.2648241445933379,-1.3506717601157245,68.0,4.261369743011363,0.10443705926326385,-2.300306420287644,56.333333333333336,0.04233741173159416,380.19470287027434,16.09645967358991,0.04233741173159416,380.19470287027434,16.09645967358991,0.008298770284094937,513.4941198671952,4.261369743011363
9,66,-1,False,8.522066508500833e-05,0.4219050869428477,1.0,1.0,False,False,0.0,2.045499771398102,2.045499771398102,1.9253252884400032,0.2890505337653871,0.46504559005913787,0.2890505337653871,10.10952383306049,0.4282363279959547,-2.045499771398102,60.0,10.10952383306049,0.4282363279959547,-2.045499771398102,61.666666666666664,12.275600759479605,0.3857895543299853,-1.9253252884400032,98.66666666666667,0.013112057955469983,771.0096971347721,10.10952383306049,0.013112057955469983,771.0096971347721,10.10952383306049,0.01619737377516734,757.8759945825095,12.275600759479605
87,67,-1,False,-0.25820212550937827,0.5595173171904849,1.0,1.0,False,False,0.0,2.3568297110037584,2.3568297110037584,6.289058865347039,0.07117186589599389,5.18240799697119,0.07117186589599389,6.766709796614597,0.4822145404822705,-2.3568297110037584,54.333333333333336,6.766709796614597,0.4822145404822705,-2.3568297110037584,56.666666666666664,0.006204040040728416,0.005583124209621482,-6.289058865347039,7.333333333333333,0.007486478619272362,903.8574930535603,6.766709796614597,0.007486478619272362,903.8574930535603,6.766709796614597,3.433854039064397e-06,1806.7279418838655,0.006204040040728416
260,68,-1,False,0.030085171241681464,0.2622125497502437,1.0,1.0,False,False,0.0,0.8249915366701437,0.8249915366701437,0.8337516924226973,0.06543577327761779,0.3631038056719606,0.06543577327761779,24.652042973758185,0.48364689138101646,-0.8249915366701437,114.0,24.652042973758185,0.48364689138101646,-0.8249915366701437,109.0,26.311776051139258,0.41020843030206633,-0.8337516924226973,133.33333333333334,0.09284521240280628,265.517653907732,24.652042973758185,0.09284521240280628,265.517653907732,24.652042973758185,0.09171956371884077,286.87201491489833,26.311776051139258
201,69,11,True,0.10440644862316531,0.5058988906240067,1.0,-1.0,True,False,0.0,0.7388198548565871,-0.7388198548565871,3.0353267855724395,2.033309072983524,2.802730344913449,-2.033309072983524,55.135907241693076,0.8842501983440157,-0.7388198548565871,154.33333333333334,241.63803606246654,0.11574980165598425,0.7388198548565871,116.33333333333333,2.5545553996964436,0.05717681141187847,-3.0353267855724395,41.666666666666664,0.10449849061356768,527.6239581831285,55.135907241693076,0.4579739648187061,527.6239581831285,241.63803606246654,0.0021026995706888503,1214.89319506522,2.5545553996964436
230,70,-1,False,-0.007285514237586815,0.20190188520086555,1.0,1.0,False,False,0.0,1.415692844712871,1.415692844712871,1.23166713568792,0.7073020728604099,0.8804359019138835,0.7073020728604099,8.957699980793507,0.3301952572945577,-1.415692844712871,60.666666666666664,8.957699980793507,0.3301952572945577,-1.415692844712871,60.0,12.287833378050811,0.29308745746454945,-1.23166713568792,102.66666666666667,0.038156816180135784,234.7601523802406,8.957699980793507,0.038156816180135784,234.7601523802406,8.957699980793507,0.05102618873245804,240.8142501584574,12.287833378050811
131,71,-1,False,0.032039027445333476,0.2171683136072975,1.0,1.0,False,False,0.0,0.3836347373756056,0.3836347373756056,-0.015348534377655432,-0.46689400316254864,-0.9190877200791261,-0.46689400316254864,37.0603345020395,0.6146483456285724,-0.3836347373756056,147.33333333333334,37.0603345020395,0.6146483456285724,-0.3836347373756056,137.66666666666666,58.85669056432735,0.7148561859183835,0.015348534377655432,170.33333333333334,0.16422800226772313,225.6639183957438,37.0603345020395,0.16422800226772313,225.6639183957438,37.0603345020395,0.2538517812838071,231.85455018936972,58.85669056432735
16,72,-1,False,-0.019825993005175353,0.18841517945506125,1.0,1.0,False,False,0.0,0.45839770418088244,0.45839770418088244,0.5993341203290575,0.24532559283462643,0.37750467684691724,0.24532559283462643,25.355058754259254,0.43897436242359,-0.45839770418088244,120.33333333333333,25.355058754259254,0.43897436242359,-0.45839770418088244,113.33333333333333,23.557446768046464,0.40672887936683,-0.5993341203290575,133.66666666666666,0.1500524192950819,168.97467480612815,25.355058754259254,0.1500524192950819,168.97467480612815,25.355058754259254,0.12566745040177021,187.45861949718224,23.557446768046464
228,73,-1,False,-0.009644981517279105,0.13377182517714173,1.0,1.0,False,False,0.0,0.31452372726577205,0.31452372726577205,0.4840495485126918,-0.11091901425320183,0.2485874011961724,-0.11091901425320183,18.511496618781845,0.5277013585034065,-0.31452372726577205,120.33333333333333,18.511496618781845,0.5277013585034065,-0.31452372726577205,114.0,16.335337486706983,0.4381712183075708,-0.4840495485126918,131.33333333333334,0.17809322854313092,103.94273140092297,18.511496618781845,0.17809322854313092,103.94273140092297,18.511496618781845,0.14538689917804373,112.35769920852634,16.335337486706983
220,74,9,True,0.1111938151241217,0.31475439304563074,1.0,-1.0,True,False,0.0,0.19224761919162292,-0.19224761919162292,3.415082061529414,1.1403898029530057,2.8020530470547866,-1.1403898029530057,66.03127751891287,0.7577512001062504,-0.19224761919162292,163.33333333333334,96.99154113969223,0.2422487998937496,0.19224761919162292,117.33333333333333,0.6118722750851155,0.05721333388248129,-3.415082061529414,30.333333333333332,0.2043813692887313,323.07875100704473,66.03127751891287,0.30021021449837576,323.07875100704473,96.99154113969223,0.0010129848846794128,604.0290278159082,0.6118722750851155
224,75,-1,False,0.01347242317163008,0.08607110812005614,1.0,1.0,False,False,0.0,0.035426204846493184,0.035426204846493184,-0.30043693652217085,-0.23512723372634714,-0.6447275552246338,-0.23512723372634714,11.154068447975387,0.5585124854917676,-0.035426204846493184,114.33333333333333,11.154068447975387,0.5585124854917676,-0.035426204846493184,108.33333333333333,16.019213693029467,0.6558213476637256,0.30043693652217085,150.66666666666666,0.24122279702694538,46.23969452907654,11.154068447975387,0.24122279702694538,46.23969452907654,11.154068447975387,0.3301069281223512,48.527347741977984,16.019213693029467
247,76,-1,False,-0.005074909003638805,0.34108713819447317,1.0,1.0,False,False,0.0,1.7056635781796001,1.7056635781796001,1.294301070977852,1.1433937197238495,0.1182454651062915,1.1433937197238495,12.097175116704571,0.2416978149794814,-1.7056635781796001,52.0,12.097175116704571,0.2416978149794814,-1.7056635781796001,51.0,22.0650108982761,0.4704730295260675,-1.294301070977852,125.0,0.023631995425054737,511.89816598724866,12.097175116704571,0.023631995425054737,511.89816598724866,12.097175116704571,0.04627906666578265,476.7816744798422,22.0650108982761
77,77,-1,False,0.007966679132472405,0.2621023782975045,1.0,1.0,False,False,0.0,1.00757007049339,1.00757007049339,0.9651684870694254,0.7290898095393795,0.1745082869351208,0.7290898095393795,21.830289353854372,0.32539449421945876,-1.00757007049339,94.0,21.830289353854372,0.32539449421945876,-1.00757007049339,89.0,24.314831732330713,0.4564833072579947,-0.9651684870694254,132.33333333333334,0.07153253063212334,305.1798833473812,21.830289353854372,0.07153253063212334,305.1798833473812,21.830289353854372,0.0760902278654953,319.5526208084439,24.314831732330713
110,78,-1,False,-0.01180288749011159,0.396713438776318,1.0,1.0,False,False,0.0,2.937872720824754,2.937872720824754,3.3258520342565974,3.1385724671208415,3.254254961075339,3.1385724671208415,2.0675893610077334,0.04154392365719706,-2.937872720824754,12.666666666666666,2.0675893610077334,0.04154392365719706,-2.937872720824754,13.0,1.1063446730906943,0.03717429195194222,-3.3258520342565974,30.0,0.0025313799040786837,816.783509135208,2.0675893610077334,0.0025313799040786837,816.783509135208,2.0675893610077334,0.00120373487948323,919.0933086242828,1.1063446730906943
113,79,6,True,0.1394573296072357,0.41603761658903105,1.0,-1.0,True,False,0.0,1.5892374359831511,-1.5892374359831511,3.665963196641172,0.4442855686874355,3.6077545263684843,-0.4442855686874355,16.754480926542325,0.6092797208644404,-1.5892374359831511,94.33333333333333,402.27688189437265,0.3907202791355596,1.5892374359831511,142.0,0.6325082308567986,0.02639696734319208,-3.665963196641172,24.0,0.028727270741137043,583.22564219615,16.754480926542325,0.6897448479452815,583.22564219615,402.27688189437265,0.0006220798655886148,1016.7637080784096,0.6325082308567986
30,80,-1,False,-0.03840261170837991,0.35513837172909346,1.0,1.0,False,False,0.0,1.0583214176635622,1.0583214176635622,1.5002250860295416,-0.30317929765475893,0.36655125755696927,-0.30317929765475893,30.82590728158238,0.575219537992772,-1.0583214176635622,122.66666666666667,30.82590728158238,0.575219537992772,-1.0583214176635622,117.0,18.047837262622874,0.40937462143434444,-1.5002250860295416,114.33333333333333,0.06637340477337149,464.4316106253073,30.82590728158238,0.06637340477337149,464.4316106253073,30.82590728158238,0.03326682540313589,542.5175694979779,18.047837262622874
190,81,-1,False,0.02152257037345559,0.1688162343610257,1.0,1.0,False,False,0.0,0.057092132981649876,0.057092132981649876,-0.5014451327381632,-0.3697471627159066,-0.9477347816855415,-0.3697471627159066,35.18901545092308,0.591397882618629,-0.057092132981649876,148.66666666666666,35.18901545092308,0.591397882618629,-0.057092132981649876,138.66666666666666,63.02959831695392,0.7206593962268562,0.5014451327381632,173.33333333333334,0.23593445127593052,149.1474231958128,35.18901545092308,0.23593445127593052,149.1474231958128,35.18901545092308,0.38787844818081835,162.4983254743023,63.02959831695392
129,82,-1,False,-0.02624827662622984,0.2434517308987629,1.0,1.0,False,False,0.0,0.9278734610459294,0.9278734610459294,0.6098182396770756,0.30569547375168316,-0.26886179914306424,0.30569547375168316,22.179193779744285,0.42416577111840137,-0.9278734610459294,107.0,22.179193779744285,0.42416577111840137,-0.9278734610459294,101.66666666666667,34.40904041652785,0.5668134570045247,-0.6098182396770756,153.33333333333334,0.08029081668949217,276.2357476760717,22.179193779744285,0.08029081668949217,276.2357476760717,22.179193779744285,0.12397487549146753,277.54849746871514,34.40904041652785
296,83,-1,False,-0.04454228575134185,0.5792827091901376,1.0,1.0,False,False,0.0,1.5842736634628622,1.5842736634628622,1.7892127595433693,-0.5250498237163839,0.12624360073846275,-0.5250498237163839,23.978320553777113,0.6283278238003804,-1.5842736634628622,105.66666666666667,23.978320553777113,0.6283278238003804,-1.5842736634628622,103.33333333333333,18.939113895510012,0.4684809497989081,-1.7892127595433693,117.66666666666667,0.028965003140539305,827.8376645579282,23.978320553777113,0.028965003140539305,827.8376645579282,23.978320553777113,0.020497439466083036,923.9746226277886,18.939113895510012
172,84,2,True,0.24440085096022945,0.6574336437548707,1.0,-1.0,True,False,0.0,1.355599561777488,-1.355599561777488,3.839428814315374,3.9500691489579767,5.026407642701267,-3.9500691489579767,31.05628992150197,0.9811103196335771,-1.355599561777488,133.0,467.31356856752274,0.0188896803664228,1.355599561777488,113.66666666666667,0.9500959016520932,0.006519558977442719,-3.839428814315374,22.333333333333332,0.04200713395302843,739.3098980813239,31.05628992150197,0.6320942946662921,739.3098980813239,467.31356856752274,0.0004432336878456118,2143.5552569799993,0.9500959016520932
262,85,-1,False,-0.08558790308825888,0.6718878980598327,1.0,1.0,False,False,0.0,2.0529248344743922,2.0529248344743922,2.290062832446808,-0.22654326835445915,-0.05155062209618544,-0.22654326835445915,13.780716714786932,0.5563948325365182,-2.0529248344743922,76.0,13.780716714786932,0.5563948325365182,-2.0529248344743922,77.0,10.585171836549009,0.5128848022394112,-2.290062832446808,99.0,0.012940695200344736,1064.9131674486714,13.780716714786932,0.012940695200344736,1064.9131674486714,13.780716714786932,0.008454674437058027,1251.9904717031695,10.585171836549009
1,86,-1,False,-0.14780753907199307,0.3970251836827944,1.0,1.0,False,False,0.0,1.2194408706106405,1.2194408706106405,3.0787566784027964,-0.748791355608563,2.709374621298232,-0.748791355608563,26.069598694910535,0.6789152845993897,-1.2194408706106405,121.33333333333333,26.069598694910535,0.6789152845993897,-1.2194408706106405,116.66666666666667,1.7024948929478805,0.06242244220508686,-3.0787566784027964,39.333333333333336,0.05199989825434057,501.33941738500295,26.069598694910535,0.05199989825434057,501.33941738500295,26.069598694910535,0.0019353027379360429,879.7046888713407,1.7024948929478805
67,87,-1,False,0.032726081567107025,0.6413138721603815,1.0,1.0,False,False,0.0,4.147278817532919,4.147278817532919,2.0984067965755506,2.75727645523515,-0.6123160021721409,2.75727645523515,0.5320203710751606,0.05967701635725897,-4.147278817532919,5.666666666666667,0.5320203710751606,0.05967701635725897,-4.147278817532919,6.666666666666667,13.43950168675904,0.6484689322963657,-2.0984067965755506,115.0,0.00024215679946675882,2197.007774494442,0.5320203710751606,0.00024215679946675882,2197.007774494442,0.5320203710751606,0.011935948941963911,1125.9684296661994,13.43950168675904
2,88,-1,False,0.020460383499528112,0.18366753415761128,1.0,1.0,False,False,0.0,-0.03862405119214893,-0.03862405119214893,-0.014416660286101474,-0.6553696582353745,-0.6525349891018486,-0.6553696582353745,42.33310179002747,0.6582194806660624,0.03862405119214893,158.33333333333334,42.33310179002747,0.6582194806660624,0.03862405119214893,147.66666666666666,43.51767152287484,0.6575814890885454,0.014416660286101474,165.0,0.2597480279653862,162.977567612828,42.33310179002747,0.2597480279653862,162.977567612828,42.33310179002747,0.2536170922045576,171.58808637303986,43.51767152287484
278,89,-1,False,-0.018090150122280373,0.5241154828466785,1.0,1.0,False,False,0.0,2.442040064969929,2.442040064969929,2.1916888862595503,2.3687604624944605,0.8145944856912203,2.3687604624944605,6.653123649054841,0.08558609720693111,-2.442040064969929,23.666666666666668,6.653123649054841,0.08558609720693111,-2.442040064969929,23.666666666666668,9.921196535481153,0.30691230376389245,-2.1916888862595503,83.66666666666667,0.00640361586008795,1038.963578456042,6.653123649054841,0.00640361586008795,1038.963578456042,6.653123649054841,0.010100112626349543,982.285733091567,9.921196535481153
12,90,19,True,0.06747997951718195,0.48784870276216674,1.0,-1.0,True,False,0.0,1.7618028440613678,-1.7618028440613678,2.5867968080261976,-0.5664145549343311,2.12255880291833,0.5664145549343311,16.082208716221796,0.36206455852214725,-1.7618028440613678,69.33333333333333,545.2908382096313,0.6379354414778526,1.7618028440613678,165.0,5.197944897279193,0.10692348234302507,-2.5867968080261976,52.666666666666664,0.0214812083749876,748.6640618852559,16.082208716221796,0.7283518282372226,748.6640618852559,545.2908382096313,0.00489902066795364,1061.0171398706134,5.197944897279193
177,91,-1,False,-0.10934564564915883,0.40583037980589143,1.0,1.0,False,False,0.0,2.3915690156229212,2.3915690156229212,2.5796981988503225,2.0909242902412593,2.6115837429288735,2.0909242902412593,5.354026879198917,0.10998206665650156,-2.3915690156229212,25.0,5.354026879198917,0.10998206665650156,-2.3915690156229212,25.333333333333332,4.249211869520773,0.06839662095822907,-2.5796981988503225,49.0,0.0070254344377690915,762.0919284956099,5.354026879198917,0.0070254344377690915,762.0919284956099,5.354026879198917,0.004964117547498014,855.9853445981424,4.249211869520773
112,92,-1,False,-0.003883884417708332,0.29331948527388263,1.0,1.0,False,False,0.0,1.6278373797605061,1.6278373797605061,1.9418614962632372,0.7048213632710297,1.7973394893307517,0.7048213632710297,11.318977601974845,0.3307441377050975,-1.6278373797605061,60.0,11.318977601974845,0.3307441377050975,-1.6278373797605061,60.666666666666664,7.398789721343971,0.14217523580705305,-1.9418614962632372,72.33333333333333,0.026937617617832442,420.192229415336,11.318977601974845,0.026937617617832442,420.192229415336,11.318977601974845,0.01573607021853603,470.18026855451467,7.398789721343971
11,93,4,True,0.17525808342176824,0.40025894160815073,1.0,-1.0,True,False,0.0,0.7833974001518884,-0.7833974001518884,3.4085558691794415,0.8595083990980337,2.5401763785775264,-0.8595083990980337,42.2023711709463,0.7025579345957207,-0.7833974001518884,146.33333333333334,202.20281101724808,0.2974420654042793,0.7833974001518884,126.66666666666667,0.872167608073306,0.07308922336980384,-3.4085558691794415,34.666666666666664,0.09833751581707194,429.1584022668563,42.2023711709463,0.4711612540945097,429.1584022668563,202.20281101724808,0.00102586581093877,850.1770882443047,0.872167608073306
203,94,-1,False,-0.13773898887546346,0.31915434293604783,1.0,1.0,False,False,0.0,1.4114888932778884,1.4114888932778884,3.4205079117020576,0.9714514110462075,2.988303344700591,0.9714514110462075,13.422400465462458,0.2745912997468005,-1.4114888932778884,64.66666666666667,13.422400465462458,0.2745912997468005,-1.4114888932778884,63.0,0.5438983443219052,0.047957095015394136,-3.4205079117020576,27.666666666666668,0.03841573540699909,349.3985035886359,13.422400465462458,0.03841573540699909,349.3985035886359,13.422400465462458,0.0010023969475877442,542.597765915778,0.5438983443219052
48,95,-1,False,-0.30755071808102546,0.7729344547291254,1.0,1.0,False,False,0.0,3.061106291922652,3.061106291922652,6.377986447351874,2.0808118714677444,6.516653820664738,2.0808118714677444,3.9056776863915568,0.11097584200438038,-3.061106291922652,18.333333333333332,3.9056776863915568,0.11097584200438038,-3.061106291922652,19.0,0.01136494691093099,0.0014764254676559174,-6.377986447351874,6.333333333333333,0.0020017031914292757,1951.1772290290382,3.9056776863915568,0.0020017031914292757,1951.1772290290382,3.9056776863915568,2.8752610375736033e-06,3952.6661274976705,0.01136494691093099
165,96,-1,False,0.003180304337585263,0.07035051871723227,1.0,1.0,False,False,0.0,-0.21545709002974117,-0.21545709002974117,-0.1135923524703421,-0.19120971732936803,-0.14884014109265392,-0.19120971732936803,9.630123441152985,0.5476573171830474,0.21545709002974117,112.33333333333333,9.630123441152985,0.5476573171830474,0.21545709002974117,107.66666666666667,9.52566616134709,0.5371414930854888,0.1135923524703421,135.66666666666666,0.30653592132459756,31.415970433544846,9.630123441152985,0.30653592132459756,31.415970433544846,9.630123441152985,0.2791723121660246,34.121099214459875,9.52566616134709
180,97,-1,False,-0.12931529330133174,0.27574410133828026,1.0,1.0,False,False,0.0,1.0177657789826486,1.0177657789826486,2.9637166520350497,0.4416617889311346,2.671179395011393,0.4416617889311346,19.823037702365532,0.3913450695313684,-1.0177657789826486,97.33333333333333,19.823037702365532,0.3913450695313684,-1.0177657789826486,92.66666666666667,1.0113934191375589,0.06469556670609311,-2.9637166520350497,39.0,0.07047051310989697,281.29549264742843,19.823037702365532,0.07047051310989697,281.29549264742843,19.823037702365532,0.0024100454416007403,419.6574063208519,1.0113934191375589
51,98,-1,False,-0.10701779871630182,0.4377952163179741,1.0,1.0,False,False,0.0,2.4282860772759056,2.4282860772759056,4.344421149097124,2.226012461760473,4.350916185211765,2.226012461760473,5.25985530852364,0.09743876035173249,-2.4282860772759056,23.333333333333332,5.25985530852364,0.09743876035173249,-2.4282860772759056,23.666666666666668,0.19917352527144255,0.012730829014389045,-4.344421149097124,15.666666666666666,0.006567646468439655,800.8736971150154,5.25985530852364,0.006567646468439655,800.8736971150154,5.25985530852364,0.0001641658558880771,1213.2457397671812,0.19917352527144255
88,99,-1,False,-0.05848741047294101,0.3114959301104233,1.0,1.0,False,False,0.0,1.8687879448722606,1.8687879448722606,2.114540888685828,1.609625064917791,1.3303644251095568,1.609625064917791,7.268661821914311,0.1666406748877053,-1.8687879448722606,37.0,7.268661821914311,0.1666406748877053,-1.8687879448722606,37.333333333333336,5.377823418079541,0.20909909141606564,-2.114540888685828,68.33333333333333,0.017870885067840823,406.73205576115976,7.268661821914311,0.017870885067840823,406.73205576115976,7.268661821914311,0.011597466995839014,463.7067232016282,5.377823418079541
135,100,13,True,0.0844338191752729,0.2915525235567162,1.0,-1.0,True,False,0.0,0.16384251675787603,-0.16384251675787603,2.5743822178674165,0.8112120076693736,1.837562078961296,-0.8112120076693736,65.92995428634904,0.6923677156363048,-0.16384251675787603,161.0,91.49441327140119,0.30763228436369516,0.16384251675787603,123.0,2.4706720486519407,0.137339876403341,-2.5743822178674165,51.333333333333336,0.2108010508231073,312.75913487582113,65.92995428634904,0.2925395394373642,312.75913487582113,91.49441327140119,0.00501341121503534,492.8125666696432,2.4706720486519407
23,101,-1,False,-0.27135935331267613,0.5992516971582253,1.0,1.0,False,False,0.0,4.478155112770416,4.478155112770416,6.571795819237149,4.048461614723835,7.043259151553429,4.048461614723835,0.22776713004595567,0.01714994481509091,-4.478155112770416,1.6666666666666667,0.22776713004595567,0.01714994481509091,-4.478155112770416,2.0,0.00456854499709998,0.0008725138358975926,-6.571795819237149,4.0,0.00012604255691307226,1807.0652930584372,0.22776713004595567,0.00012604255691307226,1807.0652930584372,0.22776713004595567,1.95252286065169e-06,2339.8163930204355,0.00456854499709998
225,102,-1,False,-0.045883809006178417,0.5755055172785943,1.0,1.0,False,False,0.0,0.7273000176807541,0.7273000176807541,2.0087162645256234,-4.371425038881984,0.2208618758829446,-4.371425038881984,63.31584368499006,0.9875243823852127,-0.7273000176807541,158.0,63.31584368499006,0.9875243823852127,-0.7273000176807541,145.66666666666666,14.182522285964719,0.4450078922721987,-2.0087162645256234,105.66666666666667,0.10613749474181305,596.5454888398328,63.31584368499006,0.10613749474181305,596.5454888398328,63.31584368499006,0.013992714162291031,1013.564782462662,14.182522285964719
38,103,-1,False,-0.059232848677677835,0.36261749258326237,1.0,1.0,False,False,0.0,1.738302776696898,1.738302776696898,2.2060235938255843,0.6655415302564449,1.404875272675532,0.6655415302564449,12.777798240594358,0.33949588447433054,-1.738302776696898,61.333333333333336,12.777798240594358,0.33949588447433054,-1.738302776696898,62.0,6.597654236029973,0.1970436188850304,-2.2060235938255843,67.66666666666667,0.022358814707864237,571.4881762538172,12.777798240594358,0.022358814707864237,571.4881762538172,12.777798240594358,0.009842796930699818,670.3027891850332,6.597654236029973
20,104,-1,False,0.011923216843446618,0.1975786171978295,1.0,1.0,False,False,0.0,0.2512659415211914,0.2512659415211914,0.3233694168040898,-0.44866930089116697,-0.039896316408222,-0.44866930089116697,37.1335073598794,0.6103228017723171,-0.2512659415211914,148.0,37.1335073598794,0.6103228017723171,-0.2512659415211914,138.33333333333334,36.286064650995804,0.5099727563207777,-0.3233694168040898,154.0,0.19141669092647645,193.99304825587262,37.1335073598794,0.19141669092647645,193.99304825587262,37.1335073598794,0.17627806597156667,205.84560223646133,36.286064650995804
137,105,-1,False,-0.22050673584449654,0.6062282135051432,1.0,1.0,False,False,0.0,1.607817952801265,1.607817952801265,3.905798095674753,-0.8076644524019708,3.855069355078577,-0.8076644524019708,22.880215580296007,0.6916115900876452,-1.607817952801265,108.0,22.880215580296007,0.6916115900876452,-1.607817952801265,106.33333333333333,0.782128498126914,0.020733169405308005,-3.905798095674753,22.0,0.027852867089540545,821.4671583625983,22.880215580296007,0.027852867089540545,821.4671583625983,22.880215580296007,0.0003891886749192893,2009.6383798657896,0.782128498126914
34,106,-1,False,0.017938889784748956,0.2940619798160625,1.0,1.0,False,False,0.0,1.016843530978948,1.016843530978948,1.0105865792639201,-0.4287131292051932,-0.5821189963955333,-0.4287131292051932,24.74378410080129,0.6055663337378702,-1.016843530978948,119.33333333333333,24.74378410080129,0.6055663337378702,-1.016843530978948,114.33333333333333,26.38993381440743,0.641554841490456,-1.0105865792639201,145.33333333333334,0.07056604314945174,350.6471809450398,24.74378410080129,0.07056604314945174,350.6471809450398,24.74378410080129,0.07121696662505385,370.5568358920184,26.38993381440743
27,107,-1,False,0.02256245925520929,0.31556090250263114,1.0,1.0,False,False,0.0,1.2102920246553341,1.2102920246553341,0.6691985959514739,0.9894808754704348,-0.8999265166282158,0.9894808754704348,21.507743657701972,0.2710146266586382,-1.2102920246553341,83.0,21.507743657701972,0.2710146266586382,-1.2102920246553341,78.0,44.014241576453145,0.7109344015354384,-0.6691985959514739,161.33333333333334,0.05273883986272753,407.81601782830046,21.507743657701972,0.05273883986272753,407.81601782830046,21.507743657701972,0.11470164416757747,383.72807901645217,44.014241576453145
114,108,-1,False,0.013463778991181737,0.27991035680328946,1.0,1.0,False,False,0.0,0.9710836436063544,0.9710836436063544,0.9076037267613739,0.6304715830874152,0.09023648890287134,0.6304715830874152,25.223639910851855,0.3474036154648704,-0.9710836436063544,100.0,25.223639910851855,0.3474036154648704,-0.9710836436063544,94.66666666666667,29.264961079026534,0.4774561728575638,-0.9076037267613739,140.33333333333334,0.07544062148304825,334.3509029352268,25.223639910851855,0.07544062148304825,334.3509029352268,25.223639910851855,0.08265075254073606,354.07978971035647,29.264961079026534
57,109,-1,False,-0.028351723570266392,0.5770021600976619,1.0,1.0,False,False,0.0,2.0069703084098602,2.0069703084098602,3.1222348208776562,1.0673286687738663,3.5784090441345615,1.0673286687738663,13.691716044269674,0.25591142935626543,-2.0069703084098602,51.666666666666664,13.691716044269674,0.25591142935626543,-2.0069703084098602,52.0,2.8366398272963447,0.027161724955090172,-3.1222348208776562,36.333333333333336,0.014035857570410079,975.481261161704,13.691716044269674,0.014035857570410079,975.481261161704,13.691716044269674,0.0017807852345376165,1592.9151771257145,2.8366398272963447
244,110,-1,False,0.041036712488470045,0.5065447468011619,1.0,1.0,False,False,0.0,1.3731054519949306,1.3731054519949306,1.114428217926633,-0.09730375309574257,-1.208664935893031,-0.09730375309574257,26.756527770290603,0.5243067632221248,-1.3731054519949306,105.66666666666667,26.756527770290603,0.5243067632221248,-1.3731054519949306,102.66666666666667,37.28244215825041,0.7700626395942423,-1.114428217926633,153.33333333333334,0.0408519192764065,654.9637873622131,26.756527770290603,0.0408519192764065,654.9637873622131,26.756527770290603,0.061031851563729714,610.8686071783343,37.28244215825041
171,111,-1,False,-0.0035091328773983153,0.3976268393717702,1.0,1.0,False,False,0.0,1.42725814095746,1.42725814095746,2.0932032140292374,0.5130570225147029,1.3227356174644833,0.5130570225147029,21.69534071416594,0.3744771619677273,-1.42725814095746,85.33333333333333,21.69534071416594,0.3744771619677273,-1.42725814095746,81.66666666666667,8.850201500114844,0.2103635180722998,-2.0932032140292374,77.66666666666667,0.0374524122086392,579.2775267266081,21.69534071416594,0.0374524122086392,579.2775267266081,21.69534071416594,0.012047079809181988,734.6345869950524,8.850201500114844
154,112,-1,False,-0.01846976482517588,0.2818668216940236,1.0,1.0,False,False,0.0,0.951121132468543,0.951121132468543,1.2422836681691098,0.3595331664090988,0.6534681795349477,0.3595331664090988,26.673827624223517,0.41107257788502194,-0.951121132468543,109.66666666666667,26.673827624223517,0.41107257788502194,-0.951121132468543,104.33333333333333,19.087092885914934,0.3422084171289622,-1.2422836681691098,115.33333333333333,0.07765106627131381,343.50883902900733,26.673827624223517,0.07765106627131381,343.50883902900733,26.673827624223517,0.05019335271760033,380.2713278250894,19.087092885914934
136,113,-1,False,-0.3947590829164225,0.9636747342972419,1.0,1.0,False,False,0.0,3.6634439334770685,3.6634439334770685,9.400955325108882,1.512018139616364,8.54227263623584,1.512018139616364,2.0163052522229146,0.18063989753274579,-3.6634439334770685,15.0,2.0163052522229146,0.18063989753274579,-3.6634439334770685,16.666666666666668,4.477372483974538e-05,0.00019500845064401862,-9.400955325108882,1.0,0.0006251434785505854,3225.347974352673,2.0163052522229146,0.0006251434785505854,3225.347974352673,2.0163052522229146,6.829079581735082e-09,6556.333734855906,4.477372483974538e-05
40,114,-1,False,-0.21980058993678483,0.64033707290003,1.0,1.0,False,False,0.0,3.325721168985499,3.325721168985499,4.778193573743178,3.6780140433680373,5.369608000976475,3.6780140433680373,2.3254944128608934,0.024650130720768715,-3.325721168985499,10.333333333333334,2.3254944128608934,0.024650130720768715,-3.325721168985499,10.666666666666666,0.19650873487627793,0.004634378619519652,-4.778193573743178,11.666666666666666,0.0012040390406289976,1931.4111373382382,2.3254944128608934,0.0012040390406289976,1931.4111373382382,2.3254944128608934,6.95726413027954e-05,2824.51163555842,0.19650873487627793
236,115,-1,False,-0.002938428354167519,0.2109571785464311,1.0,1.0,False,False,0.0,1.1858874009987734,1.1858874009987734,1.0131951099780876,1.1124996003505527,0.6302237361675469,1.1124996003505527,12.67443618346789,0.2474051795320903,-1.1858874009987734,67.0,12.67443618346789,0.2474051795320903,-1.1858874009987734,63.333333333333336,16.97644699833256,0.3474598080415249,-1.0131951099780876,116.0,0.05475378992051184,231.48052768343254,12.67443618346789,0.05475378992051184,231.48052768343254,12.67443618346789,0.0709450011122167,239.29024923800054,16.97644699833256
284,116,-1,False,-0.16745663937518976,0.6314531508377873,1.0,1.0,False,False,0.0,3.0589586657946515,3.0589586657946515,4.122409012799604,0.8419953105942968,2.849406637232024,0.8419953105942968,3.205507088292644,0.3011147150110085,-3.0589586657946515,29.333333333333332,3.205507088292644,0.3011147150110085,-3.0589586657946515,31.666666666666668,0.5763258935315152,0.05471199699722917,-4.122409012799604,26.666666666666668,0.0020099328179002058,1594.8329515020632,3.205507088292644,0.0020099328179002058,1594.8329515020632,3.205507088292644,0.00025430681942293905,2266.26204849436,0.5763258935315152
175,117,-1,False,-0.04981013844019371,0.4597626619463598,1.0,1.0,False,False,0.0,1.958022446202385,1.958022446202385,2.307500505088758,0.9043579087671542,1.689109073788754,0.9043579087671542,12.435289752220381,0.288155769721941,-1.958022446202385,51.666666666666664,12.435289752220381,0.288155769721941,-1.958022446202385,52.333333333333336,7.821293104205562,0.15589304152261685,-2.307500505088758,67.33333333333333,0.015297045083936716,812.9210369706344,12.435289752220381,0.015297045083936716,812.9210369706344,12.435289752220381,0.008190915107503763,954.8741503913785,7.821293104205562
211,118,-1,False,-0.14441647387463263,0.5539400916430341,1.0,1.0,False,False,0.0,1.2910710535171068,1.2910710535171068,2.9428188064403975,-1.4107332265411097,1.850290409651163,-1.4107332265411097,32.398467910986106,0.8038815669501668,-1.2910710535171068,132.0,32.398467910986106,0.8038815669501668,-1.2910710535171068,125.33333333333333,3.5302026188243376,0.1358388031955493,-2.9428188064403975,50.333333333333336,0.04651423002092536,696.5280925087012,32.398467910986106,0.04651423002092536,696.5280925087012,32.398467910986106,0.002507707364915937,1407.7410579135403,3.5302026188243376
22,119,23,True,0.05423045122333201,0.2529673548437598,1.0,-1.0,True,False,0.0,1.4463236797331303,-1.4463236797331303,1.2897175529935552,-1.314384721783692,0.3718596454593778,1.314384721783692,10.540810293306047,0.21175404649262364,-1.4463236797331303,52.333333333333336,190.16683722975097,0.7882459535073763,1.4463236797331303,164.66666666666666,14.125790172207447,0.40809174220542666,-1.2897175529935552,111.33333333333333,0.03631616269052638,290.25121357482453,10.540810293306047,0.6551801623414313,290.25121357482453,190.16683722975097,0.04661307847010662,303.0434941400929,14.125790172207447
19,120,-1,False,-0.030990855116333812,0.20421028824749266,1.0,1.0,False,False,0.0,0.25614779225964024,0.25614779225964024,0.925039554289782,-0.4633022073284291,0.21719874531376895,-0.4633022073284291,34.01624013779105,0.6137972585507556,-0.25614779225964024,145.33333333333334,34.01624013779105,0.6137972585507556,-0.25614779225964024,136.33333333333334,17.156949340446673,0.4459127783958069,-0.925039554289782,126.66666666666667,0.1903672022071589,178.68750364243073,34.01624013779105,0.1903672022071589,178.68750364243073,34.01624013779105,0.08061747383741659,212.81923786209862,17.156949340446673
297,121,-1,False,0.015728888118324232,0.4548572666479017,1.0,1.0,False,False,0.0,1.2321290551405326,1.2321290551405326,0.8286394719014281,0.22266751330565127,-0.7628919753228139,0.22266751330565127,28.77055801051106,0.44456198779986844,-1.2321290551405326,107.66666666666667,28.77055801051106,0.44456198779986844,-1.2321290551405326,102.33333333333333,48.154094480244076,0.6819812833635233,-0.8286394719014281,157.33333333333334,0.05098970833615751,564.2424510616283,28.77055801051106,0.05098970833615751,564.2424510616283,28.77055801051106,0.09237516121052951,521.2883403851117,48.154094480244076
134,122,-1,False,0.03533392056855417,0.6943742490804266,1.0,1.0,False,False,0.0,2.190879777410724,2.190879777410724,1.8176202370189452,0.6648629661605394,-0.7299787998695406,0.6648629661605394,12.337523029927972,0.33964806118918545,-2.190879777410724,52.0,12.337523029927972,0.33964806118918545,-2.190879777410724,53.333333333333336,20.23034181547134,0.6748006203423711,-1.8176202370189452,130.33333333333334,0.010114824334531045,1219.7466433311004,12.337523029927972,0.010114824334531045,1219.7466433311004,12.337523029927972,0.01952158639182988,1036.3062411740311,20.23034181547134
174,123,-1,False,-0.1415881862795526,0.6175964076251188,1.0,1.0,False,False,0.0,2.089540829083772,2.089540829083772,2.49741761463012,0.5126634842533146,1.1821914498616097,0.5126634842533146,13.069474674860938,0.3745693505037133,-2.089540829083772,58.666666666666664,13.069474674860938,0.3745693505037133,-2.089540829083772,59.333333333333336,7.761258047394785,0.23465839652457565,-2.49741761463012,69.66666666666667,0.012125877293300176,1077.8168340926657,13.069474674860938,0.012125877293300176,1077.8168340926657,13.069474674860938,0.005781992365399792,1342.3155128739327,7.761258047394785
108,124,-1,False,-0.08555668792156068,0.31042644350867377,1.0,1.0,False,False,0.0,2.159406107788919,2.159406107788919,3.1757207165328776,2.498738831043997,3.1180288250256796,2.498738831043997,4.923764450093044,0.07594663995902884,-2.159406107788919,23.666666666666668,4.923764450093044,0.07594663995902884,-2.159406107788919,23.666666666666668,0.9424499984392884,0.04236967915239964,-3.1757207165328776,31.666666666666668,0.010703045334638048,460.03397128089944,4.923764450093044,0.010703045334638048,460.03397128089944,4.923764450093044,0.0016071830667507337,586.3986610714197,0.9424499984392884
256,125,-1,False,-0.025982315483531002,0.41409756709097456,1.0,1.0,False,False,0.0,1.7044409214723966,1.7044409214723966,1.8223059493119804,-0.16875272770326982,0.14355357862990753,-0.16875272770326982,14.601176159277763,0.5420883484469596,-1.7044409214723966,83.0,14.601176159277763,0.5420883484469596,-1.7044409214723966,83.33333333333333,13.037456021913231,0.46417310982914106,-1.8223059493119804,108.66666666666667,0.023680945569086263,616.5791022440644,14.601176159277763,0.023680945569086263,616.5791022440644,14.601176159277763,0.019364784013142556,673.2559481719459,13.037456021913231
4,126,-1,False,-0.03932782124218283,0.32124976584826515,1.0,1.0,False,False,0.0,0.90050541019371,0.90050541019371,1.8331957712859106,-0.46427931108058673,1.1993615763583048,-0.46427931108058673,30.459337416557812,0.6140288554048587,-0.90050541019371,132.0,30.459337416557812,0.6140288554048587,-0.90050541019371,125.33333333333333,9.282034455896692,0.23158880798703962,-1.8331957712859106,85.0,0.08349016452315292,364.8254568729594,30.459337416557812,0.08349016452315292,364.8254568729594,30.459337416557812,0.019004829773271687,488.403977653665,9.282034455896692
217,127,-1,False,-0.08447194795710904,0.5178631774841681,1.0,1.0,False,False,0.0,3.6025116829028305,3.6025116829028305,4.46260368226948,2.5914705319009257,3.69439813061397,2.5914705319009257,0.976842016751057,0.06968938386479617,-3.6025116829028305,9.0,0.976842016751057,0.06968938386479617,-3.6025116829028305,10.0,0.2194794780825533,0.024259269115622373,-4.46260368226948,18.0,0.0007039493794439225,1387.6594614270464,0.976842016751057,0.0007039493794439225,1387.6594614270464,0.976842016751057,0.00012997869834518563,1688.5803664511213,0.2194794780825533
81,128,15,True,0.07572341721075604,0.2575968133777026,1.0,-1.0,True,False,0.0,0.9822615208780897,-0.9822615208780897,1.5770620284878338,-0.3345493309122811,0.5486486703906068,0.3345493309122811,20.22896758569257,0.4171341143428142,-0.9822615208780897,101.66666666666667,144.26309163047833,0.5828658856571858,0.9822615208780897,150.66666666666666,9.51538555254182,0.3661779845785246,-1.5770620284878338,97.0,0.07422534028958828,272.53452132074796,20.22896758569257,0.5293387822260285,272.53452132074796,144.26309163047833,0.029313539684746724,324.6071833997292,9.51538555254182
79,129,-1,False,-0.03554847286599481,0.4665746333373467,1.0,1.0,False,False,0.0,3.7102113217797457,3.7102113217797457,2.4961102868774008,3.884596251506739,3.059201725584113,3.884596251506739,0.6958022250737549,0.020142083375654818,-3.7102113217797457,4.666666666666667,0.6958022250737549,0.020142083375654818,-3.7102113217797457,5.333333333333333,5.675992103491109,0.04482186705086588,-2.4961102868774008,50.333333333333336,0.0005706251492915973,1219.3683119952893,0.6958022250737549,0.0005706251492915973,1219.3683119952893,0.6958022250737549,0.005795976915968358,979.2986041495988,5.675992103491109
183,130,-1,False,0.00960985783977651,0.13793049516297015,1.0,1.0,False,False,0.0,0.4740923023917656,0.4740923023917656,0.43127914304556286,0.3389420872510822,0.014409031120212357,0.3389420872510822,15.29753336408697,0.41606647958582443,-0.4740923023917656,105.0,15.29753336408697,0.41606647958582443,-0.4740923023917656,99.66666666666667,17.53224468652123,0.4963978045437697,-0.43127914304556286,139.66666666666666,0.14718587154349,103.93343602661554,15.29753336408697,0.14718587154349,103.93343602661554,15.29753336408697,0.15509492130039307,113.04202961336296,17.53224468652123
248,131,-1,False,-0.03953134254370387,0.22877382944235286,1.0,1.0,False,False,0.0,0.897855780492722,0.897855780492722,1.525691765458679,0.37073413633631486,1.2434602941823198,0.37073413633631486,20.746700507137657,0.4083636402641392,-0.897855780492722,103.0,20.746700507137657,0.4083636402641392,-0.897855780492722,97.66666666666667,9.341609752737568,0.22383424582306743,-1.525691765458679,88.66666666666667,0.08380523267771951,247.55853356938871,20.746700507137657,0.08380523267771951,247.55853356938871,20.746700507137657,0.03190685726332826,292.7774953089544,9.341609752737568
145,132,-1,False,-0.08302181176395347,0.34476725770218697,1.0,1.0,False,False,0.0,1.9832785311002568,1.9832785311002568,2.068895042079106,1.7455102049988662,1.4663227300582427,1.7455102049988662,7.671412937043058,0.148614387714462,-1.9832785311002568,35.333333333333336,7.671412937043058,0.148614387714462,-1.9832785311002568,35.666666666666664,7.05557357505534,0.18750218442647626,-2.068895042079106,73.0,0.014633687252196817,524.22966302573,7.671412937043058,0.014633687252196817,524.22966302573,7.671412937043058,0.012579197296261894,560.8921943812754,7.05557357505534
254,133,-1,False,-0.02520620691312105,0.4460197223103577,1.0,1.0,False,False,0.0,1.377400674564776,1.377400674564776,2.2173631776002836,-0.480201411517492,1.51098349632946,-0.480201411517492,24.73211610513481,0.6177954340380818,-1.377400674564776,110.0,24.73211610513481,0.6177954340380818,-1.377400674564776,106.33333333333333,8.221865538732926,0.1807930847833239,-2.2173631776002836,70.66666666666667,0.04057275062742194,609.574547514634,24.73211610513481,0.04057275062742194,609.574547514634,24.73211610513481,0.009643646524575672,852.5681149532484,8.221865538732926
3,134,1,True,0.2444345838862369,0.6259861844817652,1.0,-1.0,True,False,0.0,0.4246506743934497,-0.4246506743934497,6.882501412065183,6.202232733570983,6.573604269110446,-6.202232733570983,88.61160018523307,0.9979791874393961,-0.4246506743934497,168.0,207.175057737842,0.002020812560603935,0.4246506743934497,105.33333333333333,0.002842232020042667,0.0013948058505770522,-6.882501412065183,3.6666666666666665,0.15634465688291266,566.7708890850985,88.61160018523307,0.36553581302009225,566.7708890850985,207.175057737842,1.0496509013955277e-06,2707.787909545806,0.002842232020042667
257,135,-1,False,-0.024942691119852967,0.3032524541219251,1.0,1.0,False,False,0.0,1.0468095352935358,1.0468095352935358,1.016022677556534,0.6215528789919075,0.10369541371395918,0.6215528789919075,26.066332639883225,0.34942835578154186,-1.0468095352935358,98.66666666666667,26.066332639883225,0.34942835578154186,-1.0468095352935358,94.0,27.932491780561968,0.47409935098949685,-1.016022677556534,136.0,0.06751590477564016,386.0769210825713,26.066332639883225,0.06751590477564016,386.0769210825713,26.066332639883225,0.07065115954500711,395.35786759123255,27.932491780561968
26,136,20,True,0.06682899684758219,0.3365686934726715,1.0,-1.0,True,False,0.0,1.346994566685074,-1.346994566685074,1.7611263966745259,-0.8557658673430324,0.8641232970078045,0.8557658673430324,19.104397601739898,0.2982247357375484,-1.346994566685074,78.66666666666667,282.5647372808982,0.7017752642624516,1.346994566685074,163.66666666666666,11.239626007242826,0.2964785912318184,-1.7611263966745259,93.33333333333333,0.04258534014259873,448.6144184305691,19.104397601739898,0.629861024684453,448.6144184305691,282.5647372808982,0.021506023846604678,522.6268736337012,11.239626007242826
143,137,-1,False,-0.23923340421550293,0.5264635676833077,1.0,1.0,False,False,0.0,3.697372858258824,3.697372858258824,5.683420558083796,3.9689198282929694,5.705120986098677,3.9689198282929694,0.7472046677860752,0.0185434734501686,-3.697372858258824,5.0,0.7472046677860752,0.0185434734501686,-3.697372858258824,5.333333333333333,0.019849195687466004,0.0033178299732458116,-5.683420558083796,8.666666666666666,0.0005851055256726124,1277.0425760842381,0.7472046677860752,0.0005851055256726124,1277.0425760842381,0.7472046677860752,1.1494597982151276e-05,1726.8281777481634,0.019849195687466004
279,138,-1,False,0.02001173886751545,0.2129466417339895,1.0,1.0,False,False,0.0,0.5737371270601672,0.5737371270601672,-0.0802397036377876,-0.15028633314965673,-0.8653714393988232,-0.15028633314965673,28.16778340247139,0.5375010267169671,-0.5737371270601672,129.66666666666666,28.16778340247139,0.5375010267169671,-0.5737371270601672,122.66666666666667,60.319587957569304,0.7037816789565225,0.0802397036377876,169.66666666666666,0.12987010475724334,216.89197413926294,28.16778340247139,0.12987010475724334,216.89197413926294,28.16778340247139,0.2704511392164327,223.03321824537636,60.319587957569304
66,139,-1,False,0.039624212794115994,0.32630678914053063,1.0,1.0,False,False,0.0,0.2922563241568776,0.2922563241568776,0.2729476851979008,-1.7050580607985877,-1.6562871988597887,-1.7050580607985877,65.61059404097745,0.8461941927612867,-0.2922563241568776,163.33333333333334,65.61059404097745,0.8461941927612867,-0.2922563241568776,151.33333333333334,68.8916988184629,0.8397389738624423,-0.2729476851979008,171.66666666666666,0.18271484598647786,359.08737293209924,65.61059404097745,0.18271484598647786,359.08737293209924,65.61059404097745,0.18678265220419904,368.833497144839,68.8916988184629
163,140,24,True,0.048843417233477696,0.14953214031142473,1.0,-1.0,True,False,0.0,-0.010258524243334163,0.010258524243334163,1.2332502697631798,0.3528520933353477,1.1474333867801616,-0.3528520933353477,30.290828638165994,0.5873090328350399,0.010258524243334163,145.0,29.675682310443698,0.4126909671649601,-0.010258524243334163,122.0,7.1076904014011575,0.24095819764038617,-1.2332502697631798,89.33333333333333,0.2525711857869451,119.92986667813184,30.290828638165994,0.24744196864728774,119.92986667813184,29.675682310443698,0.050901252319756306,139.63684737560865,7.1076904014011575
237,141,-1,False,-0.03605110408948039,0.3651549873455298,1.0,1.0,False,False,0.0,1.6785787722182142,1.6785787722182142,2.163688329423834,0.4414062379852749,1.1051155718969636,0.4414062379852749,13.60351694275958,0.3914059419503819,-1.6785787722182142,69.33333333333333,13.60351694275958,0.3914059419503819,-1.6785787722182142,69.66666666666667,6.994964490260016,0.24878261793021672,-2.163688329423834,74.33333333333333,0.02473817946034887,549.8996789381257,13.60351694275958,0.02473817946034887,549.8996789381257,13.60351694275958,0.010621159689243025,658.5876396665448,6.994964490260016
156,142,-1,False,-0.05183768210789298,0.39092552323168006,1.0,1.0,False,False,0.0,1.2865717765419604,1.2865717765419604,1.9203155083696912,-0.4090952418332531,0.8266749889063837,-0.4090952418332531,25.34204943540893,0.6008709149838356,-1.2865717765419604,111.66666666666667,25.34204943540893,0.6008709149838356,-1.2865717765419604,107.33333333333333,11.144332779066254,0.30434858495165773,-1.9203155083696912,91.0,0.04684351984715406,540.9937066663142,25.34204943540893,0.04684351984715406,540.9937066663142,25.34204943540893,0.01633958525677803,682.0450215799285,11.144332779066254
146,143,-1,False,-0.019271084370877965,0.2779377041061158,1.0,1.0,False,False,0.0,0.7253949049768692,0.7253949049768692,1.319618109010107,-0.0705533263960548,0.8705170854645645,-0.0705533263960548,35.28252103769421,0.517631018606667,-0.7253949049768692,131.0,35.28252103769421,0.517631018606667,-0.7253949049768692,123.66666666666667,17.061890687282826,0.29514671866490483,-1.319618109010107,106.66666666666667,0.10641041718598264,331.5701786604963,35.28252103769421,0.10641041718598264,331.5701786604963,35.28252103769421,0.04447114926226262,383.6620139196903,17.061890687282826
193,144,-1,False,-0.1257246036617361,0.6095046146174401,1.0,1.0,False,False,0.0,5.2770216230068625,5.2770216230068625,3.4023366778536754,3.338238002748288,3.8604214253664932,3.338238002748288,0.056249110939166326,0.03428244456991136,-5.2770216230068625,3.0,0.056249110939166326,0.03428244456991136,-5.2770216230068625,4.333333333333333,1.8475729359452324,0.020624782966880528,-3.4023366778536754,30.0,2.5823322851888483e-05,2178.2290087835377,0.056249110939166326,2.5823322851888483e-05,2178.2290087835377,0.056249110939166326,0.0010382906343435186,1779.4371583765655,1.8475729359452324
245,145,-1,False,0.005244489295524543,0.21010210853516328,1.0,1.0,False,False,0.0,1.103649226895219,1.103649226895219,1.0576095644852923,0.7570274133769671,0.7310723962034604,0.7570274133769671,13.967749912295545,0.31929199456986623,-1.103649226895219,77.0,13.967749912295545,0.31929199456986623,-1.103649226895219,74.33333333333333,15.354614462434217,0.324959441581838,-1.0576095644852923,112.33333333333333,0.06202927161057373,225.17997631806068,13.967749912295545,0.06202927161057373,225.17997631806068,13.967749912295545,0.06644358655610973,231.0924990400342,15.354614462434217
281,146,-1,False,-0.15196270955131222,0.517687295975296,1.0,1.0,False,False,0.0,2.149229259524934,2.149229259524934,4.505871504195204,1.2272844078914364,4.6600390351755685,1.2272844078914364,10.009947988283148,0.22665707125084356,-2.149229259524934,39.333333333333336,10.009947988283148,0.22665707125084356,-2.149229259524934,39.666666666666664,0.20599010899495132,0.009377326242684614,-4.505871504195204,14.666666666666666,0.010900042341784608,918.3402847813406,10.009947988283148,0.010900042341784608,918.3402847813406,10.009947988283148,0.00011931901514837976,1726.3812372134591,0.20599010899495132
59,147,-1,False,-0.0605985779422373,0.3880600988331923,1.0,1.0,False,False,0.0,1.9589198847640228,1.9589198847640228,2.9125376573098323,0.40631401396805567,2.5637953247402208,0.40631401396805567,9.636415292186264,0.39979627989977884,-1.9589198847640228,57.666666666666664,9.636415292186264,0.39979627989977884,-1.9589198847640228,59.333333333333336,2.2372136076095215,0.07150515228246634,-2.9125376573098323,44.666666666666664,0.015273002177807818,630.9444063452238,9.636415292186264,0.015273002177807818,630.9444063452238,9.636415292186264,0.002656088195876878,842.2964309251524,2.2372136076095215
21,148,-1,False,0.03789369778820463,0.2764727918928821,1.0,1.0,False,False,0.0,0.9568940865359218,0.9568940865359218,0.9274338451013078,-0.12848329071522335,0.10845284044414205,-0.12848329071522335,25.756420385407143,0.5320767080742999,-0.9568940865359218,117.0,25.756420385407143,0.5320767080742999,-0.9568940865359218,112.0,27.97318373198703,0.4729133341747669,-0.9274338451013078,138.0,0.07700651708744519,334.4706572842308,25.756420385407143,0.07700651708744519,334.4706572842308,25.756420385407143,0.08034142039720715,348.1788546143185,27.97318373198703
188,149,-1,False,-0.07882376867921631,0.3976384940266984,1.0,1.0,False,False,0.0,2.019537824075666,2.019537824075666,2.1564041581739115,1.2620215537694774,1.5014904061779517,1.2620215537694774,9.053802194978521,0.22062608929879346,-2.019537824075666,39.0,9.053802194978521,0.22062608929879346,-2.019537824075666,39.0,7.8106149571483785,0.18220334021671647,-2.1564041581739115,72.33333333333333,0.013728056517118394,659.5108479986774,9.053802194978521,0.013728056517118394,659.5108479986774,9.053802194978521,0.010760803620435364,725.8393734010336,7.8106149571483785
86,150,8,True,0.12376440536408764,0.39384324076204535,1.0,-1.0,True,False,0.0,0.13679473872285666,-0.13679473872285666,3.8908396309520237,1.4166460628990178,3.1103281239467804,-1.4166460628990178,84.64856510354208,0.8048120863690331,-0.13679473872285666,166.66666666666666,111.28535128710693,0.19518791363096688,0.13679473872285666,113.0,0.3615687399259794,0.042683234610239595,-3.8908396309520237,24.333333333333332,0.2170204572313525,390.04878242102,84.64856510354208,0.2853113669432895,390.04878242102,111.28535128710693,0.0004007695748688673,902.1861004400982,0.3615687399259794
125,151,-1,False,-0.007078960321287022,0.2735064559283041,1.0,1.0,False,False,0.0,1.5539622600153717,1.5539622600153717,1.5488520660772707,1.1975195715107114,1.0891527186083105,1.1975195715107114,10.903150020818066,0.2319167648093935,-1.5539622600153717,53.0,10.903150020818066,0.2319167648093935,-1.5539622600153717,51.333333333333336,11.5542058250062,0.25177786057797835,-1.5488520660772707,95.0,0.030455391427793542,358.0039365663141,10.903150020818066,0.030455391427793542,358.0039365663141,10.903150020818066,0.03071330813335531,376.1954190945027,11.5542058250062
101,152,-1,False,-0.08955912492692661,0.25224196389187337,1.0,1.0,False,False,0.0,1.0598967393326002,1.0598967393326002,2.0702700312576834,0.7652547475232399,1.847646272464023,0.7652547475232399,18.101341478666313,0.3175064924409602,-1.0598967393326002,85.33333333333333,18.101341478666313,0.3175064924409602,-1.0598967393326002,81.33333333333333,4.25088396446387,0.13614948850545205,-2.0702700312576834,64.0,0.06621831122294734,273.35854908352695,18.101341478666313,0.06621831122294734,273.35854908352695,18.101341478666313,0.01254851967122003,338.75581150924535,4.25088396446387
240,153,7,True,0.1286845933311841,0.5360930457759109,1.0,-1.0,True,False,0.0,2.484092051051105,-2.484092051051105,2.0839048727553995,-1.3114289443540192,0.366931084772111,1.3114289443540192,6.2562226709179996,0.21224782826349586,-2.484092051051105,28.666666666666668,899.4295219877324,0.7877521717365041,2.484092051051105,172.0,11.72744420434816,0.40928278729821255,-2.0839048727553995,96.66666666666667,0.005926064844842831,1055.71282709849,6.2562226709179996,0.851964188461852,1055.71282709849,899.4295219877324,0.012248081938053382,957.4923048083422,11.72744420434816
49,154,-1,False,-0.1878164928425,0.5868122496928623,1.0,1.0,False,False,0.0,3.102050078116333,3.102050078116333,6.020295371793177,4.047284330235874,5.604790473637791,4.047284330235874,2.5387249946395882,0.017169800200000362,-3.102050078116333,10.666666666666666,2.5387249946395882,0.017169800200000362,-3.102050078116333,10.333333333333334,0.01294613184209275,0.0036666974117571804,-6.020295371793177,8.0,0.0018509587722235568,1371.5729559928652,2.5387249946395882,0.0018509587722235568,1371.5729559928652,2.5387249946395882,5.871251422019388e-06,2205.003824830242,0.01294613184209275
58,155,-1,False,-0.22924632852426655,0.692806130726292,1.0,1.0,False,False,0.0,2.015711641117569,2.015711641117569,4.212049001754478,0.34970341485911327,3.532662623925189,0.34970341485911327,15.621155901695168,0.4134543440538744,-2.015711641117569,69.66666666666667,15.621155901695168,0.4134543440538744,-2.015711641117569,70.33333333333333,0.6133361384524391,0.028397031870035394,-4.212049001754478,22.0,0.013821093043566752,1130.240267716473,15.621155901695168,0.013821093043566752,1130.240267716473,15.621155901695168,0.00021315038827407362,2877.4807468978074,0.6133361384524391
169,156,-1,False,0.002461830656064679,0.11608936167556426,1.0,1.0,False,False,0.0,0.6955392149500279,0.6955392149500279,0.2765166643642193,0.4345607074545875,-0.15286239794553988,0.4345607074545875,10.241206633695334,0.39303780423195844,-0.6955392149500279,88.0,10.241206633695334,0.39303780423195844,-0.6955392149500279,84.33333333333333,17.913772632275347,0.5381413579130971,-0.2765166643642193,144.66666666666666,0.11075715937216814,92.46541435107281,10.241206633695334,0.11075715937216814,92.46541435107281,10.241206633695334,0.1860265634899405,96.29685296661432,17.913772632275347
298,157,-1,False,0.01300931123570732,0.05535922536954316,1.0,1.0,False,False,0.0,0.21821436509071335,0.21821436509071335,-0.09200520859136618,0.120612580656668,-0.2144824780562578,0.120612580656668,3.7433247714961198,0.4698833558790375,-0.21821436509071335,92.33333333333333,3.7433247714961198,0.4698833558790375,-0.21821436509071335,88.33333333333333,5.544715092160132,0.5534160028332125,0.09200520859136618,126.66666666666667,0.19861449201360734,18.84718850847832,3.7433247714961198,0.19861449201360734,18.84718850847832,3.7433247714961198,0.2735134048316053,20.272187740026347,5.544715092160132
268,158,-1,False,-0.028764758215969095,0.4814976311235678,1.0,1.0,False,False,0.0,1.926399883669123,1.926399883669123,1.3969398851948778,1.4715598852696508,-0.32822422021871434,1.4715598852696508,12.689361112361404,0.18670563486544656,-1.926399883669123,45.666666666666664,12.689361112361404,0.18670563486544656,-1.926399883669123,45.333333333333336,26.61911593763205,0.5813272396394139,-1.3969398851948778,136.33333333333334,0.016167019323806694,784.8918132778949,12.689361112361404,0.016167019323806694,784.8918132778949,12.689361112361404,0.039323744486795105,676.9222078169778,26.61911593763205
207,159,-1,False,-0.12036616869699931,0.38707801031754197,1.0,1.0,False,False,0.0,1.5206686975249222,1.5206686975249222,2.990940166856234,2.158877077601815,2.8557865044891475,2.158877077601815,16.5842954560403,0.10350460261696903,-1.5206686975249222,58.333333333333336,16.5842954560403,0.10350460261696903,-1.5206686975249222,55.0,1.8347056998960185,0.05438297505765932,-2.990940166856234,39.666666666666664,0.03217111138329396,515.5027210111339,16.5842954560403,0.03217111138329396,515.5027210111339,16.5842954560403,0.0022883640711059846,801.7542851078284,1.8347056998960185
56,160,-1,False,-0.01364995132522314,0.14880161218581875,1.0,1.0,False,False,0.0,0.6708665934853333,0.6708665934853333,0.710362060459897,0.46802294793503446,0.22791927557307726,0.46802294793503446,14.411658429038047,0.3850842919364623,-0.6708665934853333,95.0,14.411658429038047,0.3850842919364623,-0.6708665934853333,90.0,14.587805822298566,0.4432655682871015,-0.710362060459897,126.66666666666667,0.11444880017448529,125.92231991131803,14.411658429038047,0.11444880017448529,125.92231991131803,14.411658429038047,0.1085826678927521,134.347461757958,14.587805822298566
270,161,-1,False,0.0018449921821062322,0.1979156790720693,1.0,1.0,False,False,0.0,0.4952106261921486,0.4952106261921486,0.6104711367283046,-0.45416198384437817,-0.3014111814810715,-0.45416198384437817,26.913163426040413,0.6116283260156321,-0.4952106261921486,135.0,26.913163426040413,0.6116283260156321,-0.4952106261921486,127.66666666666667,24.791982222734024,0.5747874555602961,-0.6104711367283046,148.33333333333334,0.143388581605627,187.69390926860424,26.913163426040413,0.143388581605627,187.69390926860424,26.913163426040413,0.12387002218899032,200.14513426750284,24.791982222734024
73,162,-1,False,-0.02934689402538477,0.5613872579155333,1.0,1.0,False,False,0.0,1.8585020270643153,1.8585020270643153,2.3869976238960486,-1.0923769216981638,0.8278593919298466,-1.0923769216981638,16.377202645015444,0.7488290471568301,-1.8585020270643153,97.66666666666667,16.377202645015444,0.7488290471568301,-1.8585020270643153,97.0,8.323535193586121,0.3040978806482,-2.3869976238960486,76.66666666666667,0.018192007027730262,900.2416621789727,16.377202645015444,0.018192007027730262,900.2416621789727,16.377202645015444,0.007084518448148727,1174.8907500920072,8.323535193586121
263,163,14,True,0.08440273940726786,0.4345536980828072,1.0,-1.0,True,False,0.0,1.7380708881033704,-1.7380708881033704,1.6426949812999312,-0.010209391423706637,0.8116469095572039,0.010209391423706637,14.410298460791783,0.49744767431346626,-1.7380708881033704,78.66666666666667,465.95305935970333,0.5025523256865339,1.7380708881033704,153.0,17.06549822686549,0.3075396603335885,-1.6426949812999312,104.33333333333333,0.02236763526407507,644.2477396766361,14.410298460791783,0.7232513684775622,644.2477396766361,465.95305935970333,0.02627598514439799,649.4712998611903,17.06549822686549
115,164,-1,False,0.017821913313850215,0.3184470773146591,1.0,1.0,False,False,0.0,1.2166447449124007,1.2166447449124007,0.8441055705048452,0.567016011774871,-0.18330219823461313,0.567016011774871,21.187973176308432,0.3619256492701476,-1.2166447449124007,89.66666666666667,21.187973176308432,0.3619256492701476,-1.2166447449124007,85.0,35.854086835513705,0.5456976688394173,-0.8441055705048452,148.33333333333334,0.05222479635505898,405.70714785096465,21.187973176308432,0.05222479635505898,405.70714785096465,21.187973176308432,0.09040293513739545,396.60312777480334,35.854086835513705
287,165,-1,False,0.030046666947719007,0.30185661647805423,1.0,1.0,False,False,0.0,1.743270203157139,1.743270203157139,1.1259017630683816,1.7977216595702379,0.6249178912684066,1.7977216595702379,9.534095204103568,0.14212863214865112,-1.743270203157139,41.0,9.534095204103568,0.14212863214865112,-1.743270203157139,41.0,23.196709678511787,0.3486637817775131,-1.1259017630683816,120.66666666666667,0.022170624573008953,430.03277479654787,9.534095204103568,0.022170624573008953,430.03277479654787,9.534095204103568,0.059984928988552885,386.70896289530475,23.196709678511787
191,166,-1,False,-0.05594299078957414,0.28511419234069946,1.0,1.0,False,False,0.0,0.47372421639111273,0.47372421639111273,1.5569105142581647,-0.6598619192470938,1.3424163138488479,-0.6598619192470938,43.55522176710423,0.6592293698435341,-0.47372421639111273,151.0,43.55522176710423,0.6592293698435341,-0.47372421639111273,141.66666666666666,11.29636046173415,0.20711297746045754,-1.5569105142581647,89.66666666666667,0.1472526662446913,295.785623974564,43.55522176710423,0.1472526662446913,295.785623974564,43.55522176710423,0.030307472660963123,372.72525453051645,11.29636046173415
104,167,-1,False,-0.027325247140928537,0.1682729670823011,1.0,1.0,False,False,0.0,0.0812827988647386,0.0812827988647386,0.6838626932515204,-0.32240987325249276,0.32184904852552637,-0.32240987325249276,34.51894246645371,0.5799114441946658,-0.0812827988647386,146.33333333333334,34.51894246645371,0.5799114441946658,-0.0812827988647386,136.66666666666666,18.74512894097362,0.420225186770426,-0.6838626932515204,131.66666666666666,0.23010295751881835,150.01520553524685,34.51894246645371,0.23010295751881835,150.01520553524685,34.51894246645371,0.11249298255469858,166.6337625270002,18.74512894097362
176,168,-1,False,-0.08777827894521735,0.42036376896803235,1.0,1.0,False,False,0.0,3.9436862433553808,3.9436862433553808,3.2653535428966283,3.4641513615610346,2.676884651618983,3.4641513615610346,0.3906363262908449,0.03034962633128413,-3.9436862433553808,4.333333333333333,0.3906363262908449,0.03034962633128413,-3.9436862433553808,5.333333333333333,1.3860757893637485,0.06435119752453433,-3.2653535428966283,37.0,0.0003613169076205828,1081.1459913773265,0.3906363262908449,0.0003613169076205828,1081.1459913773265,0.3906363262908449,0.0013527008440120476,1024.6728206753478,1.3860757893637485
7,169,12,True,0.10029010728145038,0.4157708601971146,1.0,-1.0,True,False,0.0,0.7128224989358468,-0.7128224989358468,3.279497050537999,1.111701702637172,2.9242266287916583,-1.111701702637172,51.245530605912435,0.7524462252789209,-0.7128224989358468,151.0,213.20910641551683,0.2475537747210791,0.7128224989358468,122.66666666666667,1.3335794641183305,0.05096886603494877,-3.279497050537999,34.333333333333336,0.10822486073746472,473.5097856140971,51.245530605912435,0.45027391807543093,473.5097856140971,213.20910641551683,0.001316332576168174,1013.1022267946614,1.3335794641183305
69,170,-1,False,-0.01647638266040857,0.5122001301639479,1.0,1.0,False,False,0.0,1.3915569839318234,1.3915569839318234,1.542443002845018,-0.7974679806059732,-0.3508153492505848,-0.7974679806059732,26.240092101940203,0.6894325972604854,-1.3915569839318234,117.66666666666667,26.240092101940203,0.6894325972604854,-1.3915569839318234,114.33333333333333,22.383063058263076,0.5868152850129658,-1.542443002845018,131.0,0.03966443058495418,661.5522198343066,26.240092101940203,0.03966443058495418,661.5522198343066,26.240092101940203,0.031039538508073825,721.1145569203912,22.383063058263076
127,171,-1,False,-0.004108901498866678,0.3309128998584362,1.0,1.0,False,False,0.0,0.9433854189501936,0.9433854189501936,1.1569898102784906,-0.5687834507408956,0.08507935981385373,-0.5687834507408956,31.214009037802956,0.6384824153951478,-0.9433854189501936,135.0,31.214009037802956,0.6384824153951478,-0.9433854189501936,128.33333333333334,24.928649856444142,0.47874298090645806,-1.1569898102784906,132.0,0.07852157338882669,397.5214414417807,31.214009037802956,0.07852157338882669,397.5214414417807,31.214009037802956,0.057223664334054396,435.6353293091866,24.928649856444142
120,172,-1,False,0.023700136854422696,0.5458037897073169,1.0,1.0,False,False,0.0,1.02420185990591,1.02420185990591,1.2529701523802603,-1.4750789071315307,-1.3994604530812513,-1.4750789071315307,44.00521841585592,0.8138281277644596,-1.02420185990591,146.0,44.00521841585592,0.8138281277644596,-1.02420185990591,137.33333333333334,34.71932997855252,0.8020982566515329,-1.2529701523802603,148.66666666666666,0.06980678547456877,630.385973465107,44.00521841585592,0.06980678547456877,630.385973465107,44.00521841585592,0.049366802887353754,703.2930622988863,34.71932997855252
29,173,10,True,0.10632569412894813,0.5818614560690917,1.0,-1.0,True,False,0.0,3.5052872299973963,-3.5052872299973963,2.0655547400447816,-3.1734596423323347,-0.19084937778355782,3.1734596423323347,1.3886182552702184,0.040176790124098916,-3.5052872299973963,8.666666666666666,1538.9931021182997,0.9598232098759012,3.5052872299973963,175.66666666666666,12.828309031607919,0.5475680491749182,-2.0655547400447816,111.66666666666667,0.0008504319767700198,1632.8387139724628,1.3886182552702184,0.942526098229353,1632.8387139724628,1538.9931021182997,0.012654016272952099,1013.7737106461899,12.828309031607919
184,174,-1,False,-0.04900020573338609,0.2997573185192133,1.0,1.0,False,False,0.0,1.2693976926532449,1.2693976926532449,2.272682077735278,0.8227645563061413,1.7836598601634854,0.8227645563061413,16.918791738731347,0.30517713664392365,-1.2693976926532449,79.33333333333333,16.918791738731347,0.30517713664392365,-1.2693976926532449,75.0,3.999528522578203,0.14385180355685112,-2.272682077735278,58.666666666666664,0.048118973947945225,351.60333545420104,16.918791738731347,0.048118973947945225,351.60333545420104,16.918791738731347,0.008725583534115537,458.3680285611537,3.999528522578203
289,175,-1,False,-0.0033376891849357117,0.2357736846219854,1.0,1.0,False,False,0.0,1.04562372165118,1.04562372165118,0.8453393935125637,0.5770476958985122,0.466609238884066,0.5770476958985122,17.26248716414707,0.3596122013453932,-1.04562372165118,89.33333333333333,17.26248716414707,0.3596122013453932,-1.04562372165118,85.33333333333333,23.600393377599577,0.38541910463177353,-0.8453393935125637,128.0,0.06763450716278499,255.23195020256657,17.26248716414707,0.06763450716278499,255.23195020256657,17.26248716414707,0.0902470327241822,261.5088016215265,23.600393377599577
